Frequency	Magnitude	Phase
0.3125	-79.45647	-41.40644
0.625	-73.63446	-74.66421
0.9375	-72.03035	-88.32429
1.25	-68.89745	-102.6723
1.5625	-67.8954	-115.3725
1.875	-69.06703	-117.3168
2.1875	-66.46937	-119.8924
2.5	-64.9761	-130.5235
2.8125	-65.78881	-133.9085
3.125	-65.23495	-130.1078
3.4375	-64.38133	-132.9899
3.75	-65.06058	-134.3394
4.0625	-64.63004	-145.9832
4.375	-63.54043	-136.4891
4.6875	-63.8555	-141.9938
5	-63.40215	-135.113
5.3125	-63.33063	-146.3381
5.625	-62.79497	-146.4352
5.9375	-62.42634	-139.7703
6.25	-62.18522	-145.2266
6.5625	-63.01464	-149.1157
6.875	-61.55308	-149.6977
7.1875	-63.16219	-149.4764
7.5	-62.76355	-154.8932
7.8125	-61.78934	-152.1853
8.125	-62.86414	-153.8472
8.4375	-62.23733	-153.1442
8.75	-61.70117	-155.2344
9.0625	-63.05159	-151.2207
9.375	-62.43335	-156.947
9.6875	-62.55929	-161.1506
10	-63.63321	-160.6758
10.3125	-61.94836	-165.5327
10.625	-62.0212	-161.2095
10.9375	-61.40787	-169.979
11.25	-61.21702	-174.8596
11.5625	-62.11847	175.5507
11.875	-62.28542	173.708
12.1875	-61.42565	162.0881
12.5	-64.4423	153.3549
12.8125	-63.60108	-175.9778
13.125	-62.57868	157.218
13.4375	-60.61543	160.3875
13.75	-60.82795	155.3992
14.0625	-59.19404	145.618
14.375	-59.8061	134.9545
14.6875	-58.52481	133.6939
15	-57.57257	121.5325
15.3125	-55.99591	109.1519
15.625	-55.1657	111.2038
15.9375	-54.18398	97.72723
16.25	-52.63866	88.08369
16.5625	-51.9593	78.49728
16.875	-54.61569	65.86448
17.1875	-56.25451	78.32213
17.5	-53.68689	94.76849
17.8125	-51.31139	91.24007
18.125	-49.07818	91.66065
18.4375	-47.21768	91.11002
18.75	-45.24812	90.20416
19.0625	-43.74971	87.60679
19.375	-42.10419	84.70527
19.6875	-40.63973	83.89404
20	-38.6547	81.48782
20.3125	-36.84126	79.30604
20.625	-34.76148	76.0636
20.9375	-32.29067	72.47701
21.25	-29.73403	68.51208
21.5625	-26.59986	62.58715
21.875	-22.55443	50.24863
22.1875	-16.98908	23.15861
22.5	-16.37276	-35.8661
22.8125	-19.18594	-68.82837
23.125	-22.57803	-88.68169
23.4375	-25.34546	-98.12288
23.75	-27.11207	-102.1725
24.0625	-28.49394	-103.9519
24.375	-29.65788	-106.0019
24.6875	-30.39487	-108.8438
25	-30.75323	-110.5164
25.3125	-31.00867	-112.2329
25.625	-31.27348	-116.4133
25.9375	-31.55925	-120.8926
26.25	-31.79746	-127.9415
26.5625	-32.03065	-134.7376
26.875	-32.96211	-141.1654
27.1875	-34.29824	-147.6702
27.5	-36.37092	-152.0545
27.8125	-38.08304	-146.5887
28.125	-38.77537	-135.7327
28.4375	-38.81475	-125.9838
28.75	-38.27238	-119.6874
29.0625	-37.19026	-117.1798
29.375	-36.15821	-117.6455
29.6875	-34.66595	-118.3112
30	-32.90885	-124.2801
30.3125	-31.29073	-136.2593
30.625	-30.19316	-153.6095
30.9375	-29.44946	175.3126
31.25	-33.83838	141.4156
31.5625	-41.48034	139.3155
31.875	-42.25376	-166.3091
32.1875	-37.99594	-172.1608
32.5	-38.07736	166.1292
32.8125	-40.25377	152.5377
33.125	-43.00108	154.5978
33.4375	-45.43698	159.1217
33.75	-47.33734	167.1649
34.0625	-48.22925	175.103
34.375	-49.78333	-176.518
34.6875	-49.56516	-167.9892
35	-48.88786	-162.8392
35.3125	-49.29527	-152.8899
35.625	-48.86703	-147.898
35.9375	-49.59514	-140.3193
36.25	-48.58758	-134.9044
36.5625	-47.81704	-131.3051
36.875	-47.88009	-126.5302
37.1875	-48.00931	-125.5809
37.5	-46.87057	-125.0078
37.8125	-46.57272	-120.6578
38.125	-46.80024	-123.9111
38.4375	-46.45253	-119.336
38.75	-46.71757	-118.456
39.0625	-46.0844	-115.2069
39.375	-45.9773	-115.3604
39.6875	-45.33957	-116.1822
40	-45.19525	-113.2441
40.3125	-44.6296	-108.4311
40.625	-42.75803	-111.0398
40.9375	-44.29218	-129.2248
41.25	-44.81237	-117.6353
41.5625	-44.31702	-115.8792
41.875	-44.01786	-114.0821
42.1875	-43.48492	-112.5616
42.5	-43.3599	-110.9378
42.8125	-43.17556	-110.4151
43.125	-42.9031	-112.2483
43.4375	-43.22069	-113.4054
43.75	-42.18804	-112.4915
44.0625	-41.75613	-116.0616
44.375	-42.04511	-119.9375
44.6875	-42.32222	-119.9277
45	-42.06223	-119.7861
45.3125	-42.19799	-122.6271
45.625	-42.61562	-124.0243
45.9375	-43.4193	-123.0458
46.25	-43.53338	-121.3049
46.5625	-43.48529	-117.9106
46.875	-44.04295	-116.0983
47.1875	-44.09384	-112.662
47.5	-43.16431	-108.2914
47.8125	-43.24528	-107.3487
48.125	-43.3518	-103.6373
48.4375	-42.99032	-105.2745
48.75	-42.5414	-105.1351
49.0625	-42.25065	-102.679
49.375	-42.12091	-102.8085
49.6875	-41.88355	-102.6283
50	-41.98487	-102.5362
50.3125	-41.73169	-104.4897
50.625	-41.65176	-101.6184
50.9375	-41.40564	-102.4219
51.25	-41.31019	-100.6682
51.5625	-40.91843	-100.9965
51.875	-40.82309	-102.5402
52.1875	-40.8867	-103.4658
52.5	-40.29052	-102.2467
52.8125	-40.39589	-101.9071
53.125	-40.53948	-100.2589
53.4375	-39.94717	-100.8784
53.75	-40.03949	-100.2113
54.0625	-40.03475	-103.4286
54.375	-39.98834	-100.944
54.6875	-39.71166	-102.286
55	-39.49989	-101.4614
55.3125	-39.24157	-102.0248
55.625	-39.22733	-102.2064
55.9375	-39.17006	-101.7585
56.25	-38.91184	-102.7097
56.5625	-38.759	-101.0103
56.875	-38.64155	-99.94122
57.1875	-38.50493	-101.1274
57.5	-38.69849	-100.8225
57.8125	-38.25156	-101.0665
58.125	-38.04753	-102.3215
58.4375	-37.77348	-102.6203
58.75	-37.83655	-103.1795
59.0625	-37.57858	-103.1326
59.375	-37.29963	-103.3059
59.6875	-37.33337	-103.5148
60	-37.13676	-106.262
60.3125	-37.23739	-108.4976
60.625	-37.1398	-107.3711
60.9375	-36.98085	-108.9334
61.25	-37.04271	-109.3014
61.5625	-36.97335	-109.66
61.875	-36.9848	-108.9142
62.1875	-37.14775	-108.0422
62.5	-37.00144	-108.9596
62.8125	-36.76419	-106.5705
63.125	-36.56753	-106.056
63.4375	-36.60004	-106.3571
63.75	-36.38862	-108.0447
64.0625	-36.2738	-107.8621
64.375	-36.2636	-108.005
64.6875	-36.45447	-106.7132
65	-36.2903	-105.2421
65.3125	-35.91436	-106.6732
65.625	-35.69637	-105.3965
65.9375	-35.58026	-104.5127
66.25	-35.33706	-104.4782
66.5625	-35.33063	-104.334
66.875	-35.18496	-104.7292
67.1875	-34.76377	-104.1241
67.5	-34.70693	-102.1871
67.8125	-34.31036	-103.8128
68.125	-34.22929	-103.3816
68.4375	-33.99381	-103.8407
68.75	-33.79582	-103.6997
69.0625	-33.52411	-104.1772
69.375	-33.31662	-103.6721
69.6875	-33.15973	-104.0881
70	-32.97009	-105.5363
70.3125	-32.85701	-104.8649
70.625	-32.71254	-104.7749
70.9375	-32.45493	-104.0553
71.25	-32.11897	-103.9781
71.5625	-32.109	-105.0682
71.875	-31.70885	-105.4697
72.1875	-31.44023	-105.955
72.5	-31.25636	-106.6469
72.8125	-30.92563	-106.7538
73.125	-30.75339	-107.053
73.4375	-30.38883	-108.3063
73.75	-30.1904	-109.0451
74.0625	-30.0006	-109.4547
74.375	-29.86554	-110.7483
74.6875	-29.71153	-112.4476
75	-29.27507	-113.2326
75.3125	-29.13986	-114.0167
75.625	-28.92216	-114.6969
75.9375	-28.79662	-116.1613
76.25	-28.57471	-118.1774
76.5625	-28.35689	-119.0337
76.875	-28.12734	-120.2466
77.1875	-27.97927	-122.6156
77.5	-27.83047	-124.9145
77.8125	-27.66868	-126.7005
78.125	-27.46104	-129.7046
78.4375	-27.47135	-132.074
78.75	-27.4419	-135.7433
79.0625	-27.5173	-139.4018
79.375	-27.7922	-141.9378
79.6875	-28.09948	-144.5049
80	-28.64472	-146.6953
80.3125	-29.17208	-146.7209
80.625	-29.54118	-146.3535
80.9375	-29.82175	-144.4691
81.25	-29.85377	-141.7033
81.5625	-29.80084	-139.9934
81.875	-29.63965	-139.4561
82.1875	-29.58301	-139.4653
82.5	-29.19931	-139.4902
82.8125	-28.97863	-140.3127
83.125	-28.78509	-141.9138
83.4375	-28.71233	-144.3381
83.75	-28.41627	-146.1427
84.0625	-28.43102	-147.7196
84.375	-28.37189	-150.5755
84.6875	-28.34271	-152.6483
85	-28.40501	-156.4239
85.3125	-28.56235	-159.4466
85.625	-28.75104	-162.2103
85.9375	-29.10012	-164.7891
86.25	-29.49864	-167.2058
86.5625	-30.08923	-169.223
86.875	-30.71575	-172.6281
87.1875	-31.44257	-172.5238
87.5	-32.28425	-171.9496
87.8125	-32.85982	-170.6354
88.125	-33.39167	-168.9571
88.4375	-34.14831	-164.3721
88.75	-34.81718	-160.0695
89.0625	-35.06752	-151.0988
89.375	-34.62848	-145.3826
89.6875	-34.25675	-142.0033
90	-33.90021	-140.4697
90.3125	-33.79773	-136.8397
90.625	-33.51941	-134.3259
90.9375	-33.06767	-134.5904
91.25	-32.62392	-134.1668
91.5625	-32.2764	-134.9646
91.875	-32.20345	-135.4115
92.1875	-31.9297	-134.916
92.5	-31.85625	-134.9068
92.8125	-31.85588	-135.0237
93.125	-31.56524	-135.7077
93.4375	-31.6644	-135.097
93.75	-31.57244	-135.117
94.0625	-31.33011	-135.3859
94.375	-31.42985	-134.7932
94.6875	-31.39171	-136.7492
95	-31.43082	-136.3553
95.3125	-31.51939	-135.0821
95.625	-31.44813	-134.5302
95.9375	-31.64261	-134.2484
96.25	-31.47299	-132.43
96.5625	-31.53908	-131.2679
96.875	-31.43644	-129.3651
97.1875	-31.23133	-127.4563
97.5	-30.62885	-127.2183
97.8125	-30.71107	-128.9268
98.125	-30.60148	-128.5592
98.4375	-30.57085	-127.8922
98.75	-30.4921	-128.0107
99.0625	-30.39443	-127.3325
99.375	-30.48045	-126.3098
99.6875	-30.34449	-125.0447
100	-30.26689	-124.3087
100.3125	-29.99207	-123.7681
100.625	-30.01373	-123.7184
100.9375	-30.01022	-123.0101
101.25	-29.9506	-121.3573
101.5625	-29.94453	-121.1302
101.875	-29.71573	-118.8583
102.1875	-29.47054	-119.8328
102.5	-29.38988	-118.6152
102.8125	-29.22303	-117.6423
103.125	-29.03943	-117.1328
103.4375	-29.00309	-116.8439
103.75	-28.90904	-116.8061
104.0625	-28.71536	-115.405
104.375	-28.635	-115.3245
104.6875	-28.40327	-114.2197
105	-28.3717	-114.4545
105.3125	-28.28881	-113.6555
105.625	-28.05527	-112.8358
105.9375	-27.98711	-112.5949
106.25	-27.77306	-111.582
106.5625	-27.67158	-112.0714
106.875	-27.47526	-111.6513
107.1875	-27.45695	-110.5704
107.5	-27.31101	-110.7877
107.8125	-27.18653	-110.3317
108.125	-27.05681	-109.7155
108.4375	-26.90003	-109.5023
108.75	-26.71875	-108.4915
109.0625	-26.68198	-109.4341
109.375	-26.55784	-108.6432
109.6875	-26.39172	-108.3378
110	-26.35702	-107.7367
110.3125	-26.30527	-107.2011
110.625	-26.22887	-107.7529
110.9375	-26.11552	-107.1818
111.25	-26.12261	-106.9877
111.5625	-26.04873	-106.7954
111.875	-25.99067	-105.812
112.1875	-26.04896	-105.4016
112.5	-26.0253	-104.5505
112.8125	-26.1759	-103.9131
113.125	-26.1832	-101.8302
113.4375	-26.24834	-99.05065
113.75	-26.09042	-95.76445
114.0625	-26.04916	-91.22874
114.375	-25.42821	-84.18778
114.6875	-23.95761	-79.7334
115	-22.33077	-84.17223
115.3125	-21.9616	-91.12473
115.625	-21.99703	-94.24811
115.9375	-22.01758	-95.81773
116.25	-21.90544	-96.798
116.5625	-21.78726	-97.44935
116.875	-21.68296	-97.61574
117.1875	-21.52507	-97.83398
117.5	-21.43084	-98.26968
117.8125	-21.27219	-98.5807
118.125	-21.11463	-99.13597
118.4375	-20.90816	-99.13366
118.75	-20.75286	-99.45327
119.0625	-20.58776	-99.6647
119.375	-20.41866	-99.93611
119.6875	-20.30903	-100.6626
120	-20.26411	-100.5384
120.3125	-20.07761	-100.5018
120.625	-19.99119	-99.64996
120.9375	-19.64552	-98.70953
121.25	-19.32789	-98.37766
121.5625	-19.09641	-98.76994
121.875	-18.7974	-99.23444
122.1875	-18.59418	-100.0013
122.5	-18.40737	-100.4016
122.8125	-18.20582	-100.8909
123.125	-18.05449	-101.4542
123.4375	-17.90943	-101.6861
123.75	-17.74253	-102.2104
124.0625	-17.60029	-102.2201
124.375	-17.49814	-101.8052
124.6875	-17.32442	-101.6962
125	-17.12112	-101.605
125.3125	-16.87028	-101.2087
125.625	-16.70282	-101.005
125.9375	-16.48005	-100.8057
126.25	-16.22899	-100.6
126.5625	-15.97902	-100.6865
126.875	-15.75263	-100.3659
127.1875	-15.53144	-100.3795
127.5	-15.30043	-100.4289
127.8125	-15.03075	-100.2242
128.125	-14.78574	-100.2616
128.4375	-14.59063	-100.1663
128.75	-14.32311	-99.91238
129.0625	-14.07006	-99.69985
129.375	-13.8115	-99.40751
129.6875	-13.53023	-99.33979
130	-13.24117	-99.01852
130.3125	-12.95803	-98.82063
130.625	-12.66311	-98.70848
130.9375	-12.34187	-98.57228
131.25	-12.03392	-98.46755
131.5625	-11.73069	-98.41502
131.875	-11.40979	-98.17611
132.1875	-11.08766	-98.11935
132.5	-10.73108	-97.98502
132.8125	-10.36822	-97.89273
133.125	-10.03047	-97.87392
133.4375	-9.670663	-97.75418
133.75	-9.281321	-97.75738
134.0625	-8.890425	-97.73122
134.375	-8.508469	-97.76088
134.6875	-8.097362	-97.80534
135	-7.695799	-97.85711
135.3125	-7.264698	-97.93256
135.625	-6.817364	-97.91416
135.9375	-6.349125	-98.01853
136.25	-5.877631	-98.24195
136.5625	-5.388721	-98.38696
136.875	-4.871531	-98.38536
137.1875	-4.341864	-98.7478
137.5	-3.770821	-99.02795
137.8125	-3.18519	-99.30242
138.125	-2.563551	-99.61849
138.4375	-1.901619	-100.0877
138.75	-1.207737	-100.645
139.0625	-0.4734239	-101.2067
139.375	0.3183311	-101.8645
139.6875	1.167361	-102.7614
140	2.08769	-103.7818
140.3125	3.090179	-104.8504
140.625	4.205328	-106.1378
140.9375	5.45626	-107.9604
141.25	6.883736	-110.0464
141.5625	8.54537	-113.0309
141.875	10.53576	-117.0757
142.1875	13.01173	-123.4144
142.5	16.19707	-134.7451
142.8125	20.37222	-158.3574
143.125	22.4278	140.2574
143.4375	16.41373	105.8512
143.75	12.46313	96.77019
144.0625	9.637677	93.28126
144.375	7.566879	91.66707
144.6875	5.926199	90.88871
145	4.558842	90.36206
145.3125	3.403398	90.25154
145.625	2.401937	90.12152
145.9375	1.523668	90.10368
146.25	0.7453046	90.02072
146.5625	0.04826207	90.06792
146.875	-0.5884385	90.24816
147.1875	-1.167927	90.24753
147.5	-1.700019	90.33376
147.8125	-2.178929	90.28888
148.125	-2.632139	90.41618
148.4375	-3.051023	90.42184
148.75	-3.448912	90.53204
149.0625	-3.809674	90.55125
149.375	-4.155115	90.42542
149.6875	-4.484712	90.62122
150	-4.784337	90.55454
150.3125	-5.077455	90.4183
150.625	-5.353213	90.50199
150.9375	-5.604387	90.50648
151.25	-5.854204	90.46194
151.5625	-6.08585	90.32121
151.875	-6.311309	90.39141
152.1875	-6.537013	90.31409
152.5	-6.743286	90.28767
152.8125	-6.943358	90.20978
153.125	-7.119183	90.13118
153.4375	-7.299962	90.10605
153.75	-7.462365	89.95677
154.0625	-7.650681	89.79023
154.375	-7.806385	89.81677
154.6875	-7.965792	89.74595
155	-8.108605	89.70377
155.3125	-8.264236	89.62392
155.625	-8.400304	89.40949
155.9375	-8.52787	89.35917
156.25	-8.674128	89.39037
156.5625	-8.806849	89.26454
156.875	-8.935438	89.23119
157.1875	-9.060316	89.18179
157.5	-9.187497	89.10385
157.8125	-9.299788	89.09354
158.125	-9.414923	89.03119
158.4375	-9.524445	88.78925
158.75	-9.624843	88.86822
159.0625	-9.735075	88.82796
159.375	-9.846132	88.73965
159.6875	-9.947584	88.57015
160	-10.05439	88.65706
160.3125	-10.14207	88.6359
160.625	-10.26391	88.69238
160.9375	-10.33695	88.74027
161.25	-10.44737	88.6718
161.5625	-10.52325	88.88131
161.875	-10.60848	88.90526
162.1875	-10.69728	88.87751
162.5	-10.77281	89.02926
162.8125	-10.86168	89.0733
163.125	-10.89678	89.00181
163.4375	-10.97133	89.2273
163.75	-11.01332	89.28539
164.0625	-11.07714	89.40307
164.375	-11.12274	89.29828
164.6875	-11.10219	89.38194
165	-11.12629	89.01798
165.3125	-11.15377	87.88351
165.625	-11.33533	87.0806
165.9375	-11.55232	87.3254
166.25	-11.66702	87.72091
166.5625	-11.76324	88.11813
166.875	-11.8053	88.38235
167.1875	-11.8851	88.63302
167.5	-11.9199	88.82387
167.8125	-11.99636	88.79305
168.125	-12.02395	89.01501
168.4375	-12.0552	89.24844
168.75	-12.17142	89.29548
169.0625	-12.207	89.38911
169.375	-12.23969	89.54877
169.6875	-12.28564	89.3754
170	-12.34119	89.4845
170.3125	-12.3615	89.49871
170.625	-12.41896	89.55035
170.9375	-12.43542	89.78859
171.25	-12.48369	89.68916
171.5625	-12.49965	89.66044
171.875	-12.55738	89.4547
172.1875	-12.6137	89.69846
172.5	-12.63994	89.78026
172.8125	-12.68067	89.55229
173.125	-12.71845	89.80445
173.4375	-12.78336	89.46009
173.75	-12.8051	89.58086
174.0625	-12.85701	89.51268
174.375	-12.85205	89.70895
174.6875	-12.86103	89.50984
175	-12.88885	89.2691
175.3125	-12.93692	89.23471
175.625	-12.92026	89.15399
175.9375	-12.95437	88.63338
176.25	-13.02028	88.32032
176.5625	-13.1239	88.08925
176.875	-13.25333	87.68729
177.1875	-13.39869	88.00516
177.5	-13.53298	88.98931
177.8125	-13.45391	89.77889
178.125	-13.43255	90.03002
178.4375	-13.40911	89.92116
178.75	-13.43114	89.97787
179.0625	-13.41342	89.88341
179.375	-13.4287	89.95924
179.6875	-13.43149	89.81243
180	-13.47035	90.03355
180.3125	-13.41878	89.88169
180.625	-13.49374	89.9088
180.9375	-13.4688	89.93635
181.25	-13.51491	89.80345
181.5625	-13.52001	89.86738
181.875	-13.49243	89.77048
182.1875	-13.48954	89.82687
182.5	-13.52559	89.5382
182.8125	-13.55196	89.47363
183.125	-13.53899	89.64856
183.4375	-13.55389	89.55129
183.75	-13.5384	89.37356
184.0625	-13.54469	89.36881
184.375	-13.60221	89.4161
184.6875	-13.58269	89.0724
185	-13.59151	89.1973
185.3125	-13.59225	89.07077
185.625	-13.60079	89.03983
185.9375	-13.57061	89.2319
186.25	-13.61462	89.32011
186.5625	-13.62115	89.13991
186.875	-13.59571	89.31612
187.1875	-13.61644	89.14996
187.5	-13.59771	89.1697
187.8125	-13.60778	88.98296
188.125	-13.60864	88.68298
188.4375	-13.6636	88.98159
188.75	-13.62535	88.75327
189.0625	-13.66323	88.85545
189.375	-13.6163	88.73098
189.6875	-13.63045	88.86606
190	-13.62792	88.60107
190.3125	-13.65523	88.80836
190.625	-13.65244	88.56853
190.9375	-13.67842	88.8222
191.25	-13.6597	88.56881
191.5625	-13.68882	88.59683
191.875	-13.66923	88.74276
192.1875	-13.68833	88.66222
192.5	-13.70016	88.71223
192.8125	-13.71787	88.8512
193.125	-13.67627	88.79169
193.4375	-13.70696	88.67112
193.75	-13.69284	88.73911
194.0625	-13.70828	88.81314
194.375	-13.66916	88.64039
194.6875	-13.67668	88.98884
195	-13.69542	88.75602
195.3125	-13.64814	88.7738
195.625	-13.638	88.76516
195.9375	-13.67633	88.93652
196.25	-13.68176	88.8832
196.5625	-13.6832	88.70904
196.875	-13.65623	88.95995
197.1875	-13.70595	88.72933
197.5	-13.67357	88.85667
197.8125	-13.67555	88.84098
198.125	-13.66749	88.82566
198.4375	-13.68036	88.70142
198.75	-13.66022	88.4144
199.0625	-13.64007	88.77572
199.375	-13.69159	88.7951
199.6875	-13.67618	88.72446
200	-13.67098	88.86742
200.3125	-13.6759	88.92661
200.625	-13.71039	88.6116
200.9375	-13.6981	88.72314
201.25	-13.66431	88.69218
201.5625	-13.66175	88.72826
201.875	-13.66459	88.50188
202.1875	-13.66033	88.58704
202.5	-13.69334	88.38141
202.8125	-13.66139	88.52614
203.125	-13.66417	88.30318
203.4375	-13.69107	88.35023
203.75	-13.71311	88.40697
204.0625	-13.70228	88.55905
204.375	-13.70133	88.4183
204.6875	-13.69274	88.42728
205	-13.69308	88.6672
205.3125	-13.65779	88.47211
205.625	-13.65469	88.30957
205.9375	-13.69779	88.36234
206.25	-13.67863	88.54815
206.5625	-13.66154	87.91447
206.875	-13.68895	88.5156
207.1875	-13.66788	88.62222
207.5	-13.62751	88.70486
207.8125	-13.60521	88.32509
208.125	-13.63291	88.31239
208.4375	-13.60528	88.45287
208.75	-13.60239	88.20119
209.0625	-13.59142	88.67229
209.375	-13.56833	88.38161
209.6875	-13.57961	88.69946
210	-13.55989	88.42616
210.3125	-13.5487	88.06879
210.625	-13.5384	88.30286
210.9375	-13.53668	88.12409
211.25	-13.5357	87.90331
211.5625	-13.50028	88.1394
211.875	-13.53024	88.02032
212.1875	-13.50134	87.99398
212.5	-13.49691	87.81804
212.8125	-13.4665	87.96284
213.125	-13.44468	87.76446
213.4375	-13.44723	87.90405
213.75	-13.44939	87.89185
214.0625	-13.44698	87.81847
214.375	-13.43631	87.57617
214.6875	-13.42059	87.79076
215	-13.40583	87.53755
215.3125	-13.40555	87.735
215.625	-13.32603	87.41063
215.9375	-13.35228	87.68446
216.25	-13.37235	87.48383
216.5625	-13.33895	87.41673
216.875	-13.30024	87.52298
217.1875	-13.33552	87.54831
217.5	-13.30942	87.36343
217.8125	-13.28605	87.34708
218.125	-13.25707	87.42156
218.4375	-13.24064	87.31044
218.75	-13.25738	87.6106
219.0625	-13.2329	87.22857
219.375	-13.25272	87.41169
219.6875	-13.26037	87.30379
220	-13.20617	87.48082
220.3125	-13.25227	87.54835
220.625	-13.2127	87.65651
220.9375	-13.20349	87.93955
221.25	-13.15352	87.97968
221.5625	-13.13644	88.04542
221.875	-13.10956	88.21243
222.1875	-13.06859	87.96407
222.5	-13.03641	88.397
222.8125	-12.99353	88.11261
223.125	-12.95843	88.35851
223.4375	-12.90843	88.43045
223.75	-12.87696	88.08942
224.0625	-12.81832	87.92093
224.375	-12.81318	87.63196
224.6875	-12.80403	87.65513
225	-12.75866	87.8381
225.3125	-12.77843	87.38626
225.625	-12.77068	87.40308
225.9375	-12.72123	87.39944
226.25	-12.73492	87.11089
226.5625	-12.72906	87.10091
226.875	-12.70302	87.22152
227.1875	-12.66604	87.30167
227.5	-12.66559	87.03056
227.8125	-12.64675	86.92197
228.125	-12.65643	86.89123
228.4375	-12.60664	86.98441
228.75	-12.62761	87.07246
229.0625	-12.61719	86.96116
229.375	-12.58942	86.93521
229.6875	-12.53913	86.80843
230	-12.55771	86.75539
230.3125	-12.52721	86.60946
230.625	-12.50998	86.67815
230.9375	-12.51238	86.34705
231.25	-12.47983	86.45364
231.5625	-12.48447	86.51514
231.875	-12.51174	86.00881
232.1875	-12.49039	86.18761
232.5	-12.46487	86.10231
232.8125	-12.4861	86.0463
233.125	-12.47783	85.7973
233.4375	-12.51452	86.18398
233.75	-12.49434	86.11053
234.0625	-12.49622	86.18733
234.375	-12.50701	86.38112
234.6875	-12.4473	86.48925
235	-12.40218	86.50516
235.3125	-12.40716	86.66972
235.625	-12.37677	86.60893
235.9375	-12.35341	86.59644
236.25	-12.36427	86.49265
236.5625	-12.32985	86.41554
236.875	-12.33397	86.48084
237.1875	-12.30101	86.50597
237.5	-12.30965	86.42939
237.8125	-12.25474	86.68385
238.125	-12.26989	86.67894
238.4375	-12.22748	86.64133
238.75	-12.19672	86.70473
239.0625	-12.2008	86.42065
239.375	-12.15405	86.68523
239.6875	-12.12836	86.78175
240	-12.08764	86.84223
240.3125	-12.04621	86.63787
240.625	-12.04133	86.62304
240.9375	-11.98916	86.79869
241.25	-11.97581	86.81028
241.5625	-11.90229	86.88091
241.875	-11.88822	86.85786
242.1875	-11.86522	86.7198
242.5	-11.82968	86.7482
242.8125	-11.80895	86.50065
243.125	-11.79147	86.57842
243.4375	-11.7238	86.7779
243.75	-11.69652	86.64622
244.0625	-11.62205	86.44519
244.375	-11.62996	86.48716
244.6875	-11.60922	86.42603
245	-11.52441	86.38448
245.3125	-11.51953	86.28642
245.625	-11.44242	86.25333
245.9375	-11.42922	86.10668
246.25	-11.38269	86.02827
246.5625	-11.31121	86.02679
246.875	-11.26973	86.15773
247.1875	-11.20199	85.93898
247.5	-11.17658	85.74075
247.8125	-11.12873	85.6373
248.125	-11.03274	85.75893
248.4375	-10.96871	85.6517
248.75	-10.8879	85.3687
249.0625	-10.82586	85.2276
249.375	-10.7015	85.09902
249.6875	-10.56967	85.1011
250	-10.42649	84.54745
250.3125	-10.32178	84.20515
250.625	-10.14526	83.60619
250.9375	-9.969586	83.05951
251.25	-9.718933	82.02096
251.5625	-9.405753	80.23547
251.875	-9.022976	77.40686
252.1875	-8.576888	72.73061
252.5	-8.2314	63.66944
252.8125	-8.935539	47.53922
253.125	-13.18074	36.95039
253.4375	-15.65208	64.10783
253.75	-14.59574	76.10806
254.0625	-13.8175	80.11689
254.375	-13.27402	81.51256
254.6875	-12.9081	82.25848
255	-12.72183	82.54119
255.3125	-12.58558	82.75556
255.625	-12.44534	83.19971
255.9375	-12.37337	83.22482
256.25	-12.33902	83.18245
256.5625	-12.31649	83.32559
256.875	-12.30514	83.68265
257.1875	-12.32248	84.1269
257.5	-12.29343	84.92815
257.8125	-12.24443	86.00571
258.125	-12.14147	86.71996
258.4375	-11.98249	86.9866
258.75	-11.91651	87.22709
259.0625	-11.82774	87.43652
259.375	-11.70683	87.33846
259.6875	-11.6543	87.6169
260	-11.57984	87.7192
260.3125	-11.52662	87.69435
260.625	-11.46862	88.02814
260.9375	-11.36694	87.95106
261.25	-11.3363	87.9259
261.5625	-11.24897	88.08043
261.875	-11.19575	87.91159
262.1875	-11.16287	87.96901
262.5	-11.14644	87.78101
262.8125	-11.06008	87.80728
263.125	-11.03831	87.89184
263.4375	-11.02622	88.02308
263.75	-10.96522	88.11622
264.0625	-10.93652	87.95713
264.375	-10.88019	88.02807
264.6875	-10.84941	88.03303
265	-10.80936	88.15741
265.3125	-10.74956	88.08714
265.625	-10.71363	88.02583
265.9375	-10.65351	88.03952
266.25	-10.61707	87.90691
266.5625	-10.57587	87.96087
266.875	-10.5528	88.06592
267.1875	-10.50618	87.82552
267.5	-10.48948	87.61183
267.8125	-10.43491	87.83196
268.125	-10.38482	87.68418
268.4375	-10.34958	87.85381
268.75	-10.31091	87.73788
269.0625	-10.30377	87.70816
269.375	-10.23034	87.51234
269.6875	-10.17944	87.77064
270	-10.19292	87.5632
270.3125	-10.14943	87.59962
270.625	-10.10923	87.48328
270.9375	-10.04431	87.49586
271.25	-10.01493	87.34067
271.5625	-9.997521	87.27157
271.875	-9.978322	87.08422
272.1875	-9.909248	87.29107
272.5	-9.888395	87.37991
272.8125	-9.880219	87.12572
273.125	-9.848863	87.14828
273.4375	-9.80379	87.2309
273.75	-9.800772	87.14868
274.0625	-9.738984	87.1025
274.375	-9.708263	87.03833
274.6875	-9.661739	87.05444
275	-9.649326	86.95461
275.3125	-9.618665	87.1279
275.625	-9.5668	86.87072
275.9375	-9.575639	86.97705
276.25	-9.531819	87.04271
276.5625	-9.497981	87.07652
276.875	-9.451312	86.80823
277.1875	-9.402528	87.05126
277.5	-9.3836	86.75229
277.8125	-9.321407	86.82742
278.125	-9.282244	86.78094
278.4375	-9.269935	86.88503
278.75	-9.225775	86.87948
279.0625	-9.197071	86.80038
279.375	-9.129578	86.63329
279.6875	-9.12093	86.39348
280	-9.102457	86.45061
280.3125	-9.132312	86.32153
280.625	-9.135476	86.54291
280.9375	-9.071227	86.88292
281.25	-9.017385	86.89864
281.5625	-8.98802	87.0399
281.875	-8.924979	87.15244
282.1875	-8.888968	87.0673
282.5	-8.834188	87.18386
282.8125	-8.771943	87.31438
283.125	-8.727738	87.33215
283.4375	-8.687654	87.26987
283.75	-8.6657	87.3726
284.0625	-8.591069	87.29072
284.375	-8.512725	87.12399
284.6875	-8.466399	87.22452
285	-8.375364	87.09537
285.3125	-8.312305	86.84525
285.625	-8.238943	86.24879
285.9375	-8.23775	85.63591
286.25	-8.323442	85.16535
286.5625	-8.380096	85.3377
286.875	-8.364443	85.5357
287.1875	-8.344417	85.62229
287.5	-8.319844	86.05315
287.8125	-8.3256	85.9898
288.125	-8.257388	86.16197
288.4375	-8.236605	86.04448
288.75	-8.180855	86.15794
289.0625	-8.14101	86.1443
289.375	-8.131028	86.21733
289.6875	-8.090125	86.19366
290	-8.047919	86.15791
290.3125	-8.012775	86.33421
290.625	-7.981069	85.99239
290.9375	-7.931804	86.43224
291.25	-7.913378	86.23812
291.5625	-7.890068	86.25215
291.875	-7.826189	86.25568
292.1875	-7.812837	86.14125
292.5	-7.7735	86.27704
292.8125	-7.763119	86.20969
293.125	-7.719074	86.24032
293.4375	-7.674527	86.06887
293.75	-7.635019	86.21232
294.0625	-7.613721	86.26438
294.375	-7.571394	86.27934
294.6875	-7.542203	86.37783
295	-7.503963	86.37022
295.3125	-7.452147	86.37709
295.625	-7.437621	86.22129
295.9375	-7.380953	86.30926
296.25	-7.342652	86.36223
296.5625	-7.31034	86.40196
296.875	-7.270444	86.45178
297.1875	-7.24175	86.38949
297.5	-7.192632	86.44224
297.8125	-7.156787	86.41184
298.125	-7.098607	86.48728
298.4375	-7.069552	86.35018
298.75	-7.046449	86.44545
299.0625	-6.982542	86.37238
299.375	-6.942842	86.31583
299.6875	-6.915259	86.37192
300	-6.865737	86.25388
300.3125	-6.852519	86.31828
300.625	-6.796978	86.33048
300.9375	-6.758956	86.11048
301.25	-6.7097	86.23127
301.5625	-6.665463	86.11086
301.875	-6.62507	86.13686
302.1875	-6.602242	86.0315
302.5	-6.54428	86.07855
302.8125	-6.511449	86.11989
303.125	-6.477479	86.06278
303.4375	-6.457246	86.02166
303.75	-6.40129	86.13058
304.0625	-6.358679	85.96223
304.375	-6.31515	86.13577
304.6875	-6.281921	85.95934
305	-6.217565	86.0582
305.3125	-6.189363	85.95123
305.625	-6.144146	85.84598
305.9375	-6.104492	86.03333
306.25	-6.06546	85.73061
306.5625	-6.017913	85.95716
306.875	-5.973988	85.92457
307.1875	-5.937274	85.92392
307.5	-5.89465	85.91765
307.8125	-5.844243	86.0447
308.125	-5.779108	85.98988
308.4375	-5.743129	85.74123
308.75	-5.676771	85.72867
309.0625	-5.653428	85.54003
309.375	-5.612174	85.47565
309.6875	-5.578908	85.44364
310	-5.539971	85.43404
310.3125	-5.513797	85.35199
310.625	-5.448279	85.43838
310.9375	-5.422365	85.35721
311.25	-5.381688	85.37333
311.5625	-5.351969	85.25564
311.875	-5.305707	85.19523
312.1875	-5.267592	85.23546
312.5	-5.236447	85.23093
312.8125	-5.201005	85.21024
313.125	-5.182566	85.32924
313.4375	-5.11648	85.28848
313.75	-5.078489	85.21735
314.0625	-5.047631	85.25438
314.375	-4.993827	85.20479
314.6875	-4.967919	85.41431
315	-4.920919	85.19836
315.3125	-4.880758	85.27156
315.625	-4.845387	85.19465
315.9375	-4.801386	85.2759
316.25	-4.762549	85.25778
316.5625	-4.72475	85.26537
316.875	-4.675534	85.2551
317.1875	-4.645276	85.23186
317.5	-4.606364	85.24033
317.8125	-4.570504	85.28306
318.125	-4.507934	85.44199
318.4375	-4.482753	85.42701
318.75	-4.425571	85.43414
319.0625	-4.366116	85.46724
319.375	-4.343013	85.45202
319.6875	-4.275431	85.45656
320	-4.247631	85.52434
320.3125	-4.172411	85.57452
320.625	-4.125957	85.52914
320.9375	-4.065729	85.50877
321.25	-4.015089	85.47237
321.5625	-3.968274	85.51506
321.875	-3.918789	85.43158
322.1875	-3.867297	85.32146
322.5	-3.830782	85.44095
322.8125	-3.779802	85.2402
323.125	-3.739471	85.24138
323.4375	-3.688662	85.36319
323.75	-3.618359	85.15225
324.0625	-3.562701	85.07729
324.375	-3.534119	85.06647
324.6875	-3.503119	85.11275
325	-3.458694	85.04948
325.3125	-3.408162	84.96484
325.625	-3.348148	84.95609
325.9375	-3.306532	85.00327
326.25	-3.255656	84.85217
326.5625	-3.214835	84.8448
326.875	-3.170548	84.76754
327.1875	-3.136351	84.86281
327.5	-3.07171	84.95552
327.8125	-3.022577	84.67833
328.125	-2.984066	84.74715
328.4375	-2.951305	84.6364
328.75	-2.900255	84.70096
329.0625	-2.856767	84.70339
329.375	-2.820261	84.72314
329.6875	-2.778888	84.82226
330	-2.728382	84.71189
330.3125	-2.6853	84.8915
330.625	-2.643169	84.86768
330.9375	-2.594809	84.93063
331.25	-2.538735	85.03271
331.5625	-2.478429	85.06192
331.875	-2.41634	84.89701
332.1875	-2.359512	85.1503
332.5	-2.298173	85.07198
332.8125	-2.231095	85.08775
333.125	-2.154927	85.26812
333.4375	-2.087191	85.20213
333.75	-2.024687	85.0812
334.0625	-1.942429	85.0181
334.375	-1.894095	84.94755
334.6875	-1.828762	84.81585
335	-1.759114	84.62351
335.3125	-1.71014	84.59646
335.625	-1.652835	84.48448
335.9375	-1.599018	84.39349
336.25	-1.562579	84.21959
336.5625	-1.511237	84.09873
336.875	-1.461554	84.0455
337.1875	-1.418287	83.98068
337.5	-1.375755	83.92318
337.8125	-1.334379	83.93824
338.125	-1.296651	83.90814
338.4375	-1.255757	83.85242
338.75	-1.200032	83.8293
339.0625	-1.152388	83.87722
339.375	-1.093468	83.93774
339.6875	-1.061307	83.93057
340	-1.005707	84.02477
340.3125	-0.9489255	83.89273
340.625	-0.9069917	84.0386
340.9375	-0.8421943	84.05423
341.25	-0.7860165	84.0665
341.5625	-0.7399957	84.07838
341.875	-0.6655576	84.16869
342.1875	-0.6266214	84.0942
342.5	-0.5607225	84.13907
342.8125	-0.4984264	84.08286
343.125	-0.4477817	84.25031
343.4375	-0.3922668	84.13546
343.75	-0.3239241	84.33673
344.0625	-0.2619395	84.4082
344.375	-0.1984833	84.43642
344.6875	-0.1188153	84.40067
345	-0.05289563	84.27389
345.3125	0.009717332	84.36141
345.625	0.06709547	84.32257
345.9375	0.1331158	84.39897
346.25	0.2078164	84.33938
346.5625	0.2742326	84.42018
346.875	0.3406943	84.37849
347.1875	0.4020714	84.3908
347.5	0.4813845	84.47043
347.8125	0.5436047	84.31178
348.125	0.6116399	84.32368
348.4375	0.6799076	84.38079
348.75	0.749786	84.37328
349.0625	0.816581	84.38087
349.375	0.8887786	84.32496
349.6875	0.9726827	84.45296
350	1.045305	84.36614
350.3125	1.121402	84.31064
350.625	1.205174	84.28783
350.9375	1.28582	84.39001
351.25	1.355723	84.24013
351.5625	1.440782	84.10392
351.875	1.515779	84.13072
352.1875	1.594663	84.04395
352.5	1.668945	83.87524
352.8125	1.751805	83.78615
353.125	1.834317	83.72445
353.4375	1.906578	83.52431
353.75	1.98466	83.446
354.0625	2.046159	83.31528
354.375	2.131586	83.32224
354.6875	2.192909	83.165
355	2.269713	82.99152
355.3125	2.336009	82.86999
355.625	2.406406	82.8442
355.9375	2.476012	82.66031
356.25	2.554553	82.54354
356.5625	2.62318	82.48277
356.875	2.690402	82.39716
357.1875	2.755686	82.19208
357.5	2.817918	82.01665
357.8125	2.89344	82.02917
358.125	2.955393	81.85139
358.4375	3.031982	81.72382
358.75	3.098469	81.74332
359.0625	3.170241	81.56965
359.375	3.226158	81.47357
359.6875	3.296218	81.29289
360	3.368755	81.3885
360.3125	3.438855	81.3103
360.625	3.499997	81.21937
360.9375	3.575978	81.00808
361.25	3.64393	80.93206
361.5625	3.707519	80.75092
361.875	3.777571	80.814
362.1875	3.836989	80.67015
362.5	3.902031	80.59187
362.8125	3.972098	80.48957
363.125	4.027753	80.36821
363.4375	4.091421	80.22776
363.75	4.151063	80.10987
364.0625	4.212667	80.14096
364.375	4.271861	80.14372
364.6875	4.323529	80.13342
365	4.372674	80.03275
365.3125	4.424396	80.11144
365.625	4.471119	80.16564
365.9375	4.515576	80.19083
366.25	4.55897	80.35464
366.5625	4.601471	80.65875
366.875	4.654363	80.95615
367.1875	4.724516	81.24566
367.5	4.790369	81.57751
367.8125	4.878337	82.00322
368.125	4.984276	82.56258
368.4375	5.087527	82.78957
368.75	5.215274	83.09482
369.0625	5.347013	83.43746
369.375	5.493443	83.80537
369.6875	5.645379	83.89716
370	5.796785	84.14658
370.3125	5.948646	84.23642
370.625	6.096392	84.12907
370.9375	6.249024	84.10914
371.25	6.399424	84.10566
371.5625	6.552715	84.06547
371.875	6.698758	83.92101
372.1875	6.848216	83.75119
372.5	6.992231	83.62976
372.8125	7.145062	83.3091
373.125	7.280014	82.98769
373.4375	7.411258	82.68588
373.75	7.531788	82.50502
374.0625	7.656459	82.17791
374.375	7.77476	81.96241
374.6875	7.895187	81.57518
375	8.011013	81.36455
375.3125	8.120462	81.01963
375.625	8.232931	80.82008
375.9375	8.344363	80.58397
376.25	8.441626	80.17567
376.5625	8.536734	79.90574
376.875	8.624468	79.6445
377.1875	8.696974	79.35778
377.5	8.759856	79.14085
377.8125	8.81125	79.24435
378.125	8.861902	79.42001
378.4375	8.950743	80.0677
378.75	9.117016	80.48197
379.0625	9.321333	80.66708
379.375	9.503561	80.57182
379.6875	9.658952	80.34141
380	9.805756	80.16589
380.3125	9.94378	80.01814
380.625	10.08408	79.755
380.9375	10.21796	79.63823
381.25	10.35394	79.47676
381.5625	10.48922	79.3167
381.875	10.62211	79.17214
382.1875	10.75811	79.175
382.5	10.89513	79.08649
382.8125	11.03892	78.90765
383.125	11.17448	79.00364
383.4375	11.3205	78.95161
383.75	11.46785	78.85339
384.0625	11.61761	78.90471
384.375	11.77569	78.98559
384.6875	11.93642	79.06646
385	12.1027	79.0788
385.3125	12.27567	79.06689
385.625	12.45258	79.23937
385.9375	12.63499	79.30391
386.25	12.82305	79.37779
386.5625	13.02245	79.47133
386.875	13.23027	79.49834
387.1875	13.44339	79.59725
387.5	13.66574	79.67774
387.8125	13.89704	79.68604
388.125	14.13459	79.74659
388.4375	14.38192	79.76861
388.75	14.63558	79.66584
389.0625	14.89689	79.7325
389.375	15.16553	79.62066
389.6875	15.44167	79.60342
390	15.7293	79.44552
390.3125	16.02393	79.31326
390.625	16.32464	79.19756
390.9375	16.63826	79.03905
391.25	16.95938	78.74104
391.5625	17.29052	78.4418
391.875	17.63269	78.0791
392.1875	17.98392	77.80135
392.5	18.34675	77.368
392.8125	18.71834	76.95016
393.125	19.10153	76.45447
393.4375	19.4964	75.96258
393.75	19.9039	75.30904
394.0625	20.32454	74.71178
394.375	20.75727	73.98033
394.6875	21.20911	73.21176
395	21.67572	72.38854
395.3125	22.16316	71.42263
395.625	22.67192	70.4351
395.9375	23.20324	69.3746
396.25	23.76002	68.15977
396.5625	24.34491	66.80486
396.875	24.9604	65.34246
397.1875	25.61192	63.67347
397.5	26.30629	61.92691
397.8125	27.04892	59.93237
398.125	27.85044	57.5847
398.4375	28.72179	54.9398
398.75	29.67798	51.95428
399.0625	30.73962	48.23853
399.375	31.93188	43.58131
399.6875	33.28525	37.70537
400	34.83275	29.68978
400.3125	36.58824	18.30431
400.625	38.44252	0.4627876
400.9375	39.65105	-28.99574
401.25	37.0886	-66.4329
401.5625	32.74851	-73.14083
401.875	30.60098	-72.74101
402.1875	29.13067	-72.88645
402.5	27.96786	-73.45766
402.8125	26.98895	-74.14427
403.125	26.13778	-74.68332
403.4375	25.38271	-75.28875
403.75	24.70048	-75.95676
404.0625	24.07839	-76.47876
404.375	23.50423	-77.09129
404.6875	22.97062	-77.59559
405	22.47233	-78.14735
405.3125	22.00368	-78.54877
405.625	21.55869	-79.08708
405.9375	21.13714	-79.54936
406.25	20.7336	-80.01694
406.5625	20.34763	-80.34727
406.875	19.98028	-80.7699
407.1875	19.62842	-81.05259
407.5	19.29019	-81.30511
407.8125	18.96708	-81.66081
408.125	18.65592	-81.8857
408.4375	18.35631	-82.03307
408.75	18.06704	-82.28687
409.0625	17.79017	-82.49442
409.375	17.52056	-82.6767
409.6875	17.2627	-82.78416
410	17.00994	-82.90005
410.3125	16.76659	-83.00637
410.625	16.53478	-83.30364
410.9375	16.30813	-83.36533
411.25	16.08929	-83.56071
411.5625	15.87648	-83.64292
411.875	15.67109	-83.82379
412.1875	15.47272	-83.82801
412.5	15.27771	-83.91727
412.8125	15.08942	-83.97734
413.125	14.90639	-84.08505
413.4375	14.72467	-84.18871
413.75	14.54959	-84.29126
414.0625	14.37356	-84.44896
414.375	14.20553	-84.52534
414.6875	14.03975	-84.63625
415	13.87697	-84.81667
415.3125	13.7128	-84.8563
415.625	13.54865	-84.89117
415.9375	13.39453	-85.05477
416.25	13.23433	-85.05466
416.5625	13.08312	-85.12495
416.875	12.92765	-85.17009
417.1875	12.77483	-85.22967
417.5	12.6278	-85.19215
417.8125	12.4808	-85.14658
418.125	12.33843	-85.11507
418.4375	12.19826	-85.03016
418.75	12.06836	-84.9134
419.0625	11.94221	-84.75301
419.375	11.82478	-84.61607
419.6875	11.71158	-84.60035
420	11.60754	-84.49455
420.3125	11.50648	-84.32004
420.625	11.42534	-84.14263
420.9375	11.34454	-84.0817
421.25	11.27596	-84.02932
421.5625	11.21497	-84.05367
421.875	11.16691	-84.14568
422.1875	11.11838	-84.26926
422.5	11.06753	-84.73615
422.8125	10.99948	-85.33768
423.125	10.87286	-86.01522
423.4375	10.6724	-86.54337
423.75	10.46141	-86.48875
424.0625	10.31303	-86.00813
424.375	10.20979	-85.65162
424.6875	10.12052	-85.4982
425	10.03909	-85.37053
425.3125	9.961177	-85.1997
425.625	9.884069	-85.11949
425.9375	9.809131	-84.9929
426.25	9.730281	-84.98409
426.5625	9.65592	-84.85447
426.875	9.585453	-84.78587
427.1875	9.516378	-84.69379
427.5	9.449788	-84.621
427.8125	9.389954	-84.62595
428.125	9.337005	-84.53449
428.4375	9.288405	-84.57253
428.75	9.242739	-84.68931
429.0625	9.187506	-84.78327
429.375	9.111959	-84.94328
429.6875	9.030769	-84.94318
430	8.961483	-84.93608
430.3125	8.889359	-84.8959
430.625	8.818402	-84.91703
430.9375	8.75389	-84.87729
431.25	8.696981	-84.79807
431.5625	8.639446	-84.76101
431.875	8.58634	-84.84336
432.1875	8.537285	-84.87002
432.5	8.485188	-84.85759
432.8125	8.425255	-84.88127
433.125	8.374766	-84.81482
433.4375	8.329307	-84.8369
433.75	8.280022	-84.95135
434.0625	8.231136	-84.93575
434.375	8.1806	-85.01093
434.6875	8.133331	-85.15067
435	8.087007	-85.18684
435.3125	8.037464	-85.2483
435.625	7.980214	-85.30341
435.9375	7.933374	-85.36937
436.25	7.876149	-85.39165
436.5625	7.827497	-85.49667
436.875	7.783709	-85.63069
437.1875	7.731807	-85.70805
437.5	7.674975	-85.80413
437.8125	7.625272	-85.8773
438.125	7.567246	-85.96019
438.4375	7.513974	-86.03989
438.75	7.458675	-86.04263
439.0625	7.402061	-86.05683
439.375	7.35377	-86.11893
439.6875	7.293232	-86.20095
440	7.238798	-86.2017
440.3125	7.185252	-86.18166
440.625	7.135004	-86.26944
440.9375	7.079053	-86.25126
441.25	7.028602	-86.15977
441.5625	6.981143	-86.20892
441.875	6.929023	-86.25039
442.1875	6.883032	-86.23168
442.5	6.837797	-86.26063
442.8125	6.790756	-86.13282
443.125	6.751907	-86.26571
443.4375	6.709373	-86.19562
443.75	6.656284	-86.12447
444.0625	6.619074	-86.10851
444.375	6.571792	-86.17014
444.6875	6.539049	-86.13648
445	6.50476	-86.14864
445.3125	6.472888	-86.1932
445.625	6.430953	-86.1692
445.9375	6.394443	-86.3833
446.25	6.349204	-86.29273
446.5625	6.311159	-86.2957
446.875	6.27359	-86.30352
447.1875	6.227104	-86.34948
447.5	6.184901	-86.36423
447.8125	6.142097	-86.41807
448.125	6.098487	-86.28988
448.4375	6.064341	-86.19482
448.75	6.030138	-86.3914
449.0625	5.986872	-86.26002
449.375	5.949428	-86.29655
449.6875	5.915876	-86.38461
450	5.885796	-86.24109
450.3125	5.848328	-86.32497
450.625	5.807742	-86.23983
450.9375	5.773321	-86.23428
451.25	5.752534	-86.35032
451.5625	5.717628	-86.32355
451.875	5.688452	-86.15506
452.1875	5.654383	-86.18433
452.5	5.620455	-86.29505
452.8125	5.592595	-86.13142
453.125	5.554802	-86.07613
453.4375	5.535011	-86.13124
453.75	5.50819	-86.11392
454.0625	5.486533	-86.12943
454.375	5.454491	-86.07585
454.6875	5.427446	-86.08888
455	5.399752	-86.09148
455.3125	5.376092	-85.99902
455.625	5.355948	-86.03624
455.9375	5.320147	-86.07497
456.25	5.30222	-86.06815
456.5625	5.281286	-86.02077
456.875	5.255875	-86.0052
457.1875	5.234466	-85.97054
457.5	5.208577	-86.04622
457.8125	5.186703	-86.02377
458.125	5.160627	-86.0027
458.4375	5.125093	-86.08426
458.75	5.101354	-86.09887
459.0625	5.076457	-86.04571
459.375	5.051284	-86.11581
459.6875	5.032392	-86.15141
460	5.008687	-86.13228
460.3125	4.985369	-86.0726
460.625	4.962016	-86.10757
460.9375	4.947736	-86.09978
461.25	4.91397	-86.2016
461.5625	4.897331	-86.06612
461.875	4.881424	-86.08769
462.1875	4.85425	-86.06145
462.5	4.833724	-86.09099
462.8125	4.814526	-86.16345
463.125	4.785772	-86.13813
463.4375	4.765774	-86.15363
463.75	4.748465	-86.15591
464.0625	4.726489	-86.10506
464.375	4.704762	-86.16784
464.6875	4.689272	-86.11574
465	4.661548	-86.09807
465.3125	4.645054	-86.1397
465.625	4.616632	-86.04244
465.9375	4.599004	-86.14329
466.25	4.579048	-86.16192
466.5625	4.56341	-86.08007
466.875	4.53757	-86.14072
467.1875	4.517391	-86.15372
467.5	4.500848	-86.04816
467.8125	4.475005	-86.14941
468.125	4.467956	-86.05833
468.4375	4.440519	-85.99914
468.75	4.43897	-86.03029
469.0625	4.40916	-86.0668
469.375	4.40679	-86.02078
469.6875	4.388181	-86.09644
470	4.375862	-86.07129
470.3125	4.356443	-85.99115
470.625	4.343133	-86.05914
470.9375	4.328017	-86.13446
471.25	4.310333	-86.09143
471.5625	4.307517	-86.08049
471.875	4.28938	-86.08919
472.1875	4.272263	-86.13557
472.5	4.253705	-86.11091
472.8125	4.246801	-86.21178
473.125	4.227757	-86.19138
473.4375	4.200222	-86.13513
473.75	4.191203	-86.241
474.0625	4.17553	-86.25452
474.375	4.157774	-86.12817
474.6875	4.139694	-86.1974
475	4.126262	-86.16309
475.3125	4.113751	-86.23996
475.625	4.098465	-86.28569
475.9375	4.078064	-86.06671
476.25	4.058262	-86.17531
476.5625	4.054127	-86.15175
476.875	4.043508	-86.15514
477.1875	4.039262	-86.13331
477.5	4.014627	-86.12373
477.8125	4.004942	-86.14853
478.125	3.99159	-86.14763
478.4375	3.98077	-86.10518
478.75	3.973468	-86.11464
479.0625	3.959787	-86.02146
479.375	3.95717	-86.09137
479.6875	3.940889	-86.05601
480	3.926734	-85.97334
480.3125	3.925153	-86.04179
480.625	3.924001	-85.92421
480.9375	3.92363	-85.84547
481.25	3.921815	-85.90569
481.5625	3.927783	-85.93942
481.875	3.919785	-86.01053
482.1875	3.926023	-86.05383
482.5	3.914842	-86.1273
482.8125	3.908886	-86.07976
483.125	3.904967	-86.1297
483.4375	3.906016	-86.29673
483.75	3.882295	-86.25886
484.0625	3.871027	-86.30393
484.375	3.872677	-86.43757
484.6875	3.862688	-86.37304
485	3.848783	-86.38593
485.3125	3.830622	-86.44538
485.625	3.82246	-86.51969
485.9375	3.818595	-86.53735
486.25	3.799128	-86.63129
486.5625	3.782716	-86.55225
486.875	3.77976	-86.60189
487.1875	3.77839	-86.70473
487.5	3.771484	-86.58471
487.8125	3.760257	-86.69768
488.125	3.753525	-86.72944
488.4375	3.747517	-86.64098
488.75	3.732837	-86.71974
489.0625	3.72433	-86.75175
489.375	3.717705	-86.71029
489.6875	3.699204	-86.83908
490	3.692509	-86.76055
490.3125	3.68544	-86.77757
490.625	3.681862	-86.78505
490.9375	3.674731	-86.83643
491.25	3.664999	-86.74306
491.5625	3.660954	-86.74313
491.875	3.653766	-86.84914
492.1875	3.645377	-86.9877
492.5	3.641875	-86.89846
492.8125	3.630183	-86.9452
493.125	3.629621	-86.92432
493.4375	3.613741	-86.979
493.75	3.603326	-87.03712
494.0625	3.593316	-87.09051
494.375	3.581725	-87.13763
494.6875	3.571746	-86.90093
495	3.566045	-87.10161
495.3125	3.561273	-86.96409
495.625	3.551087	-87.02132
495.9375	3.538166	-87.06805
496.25	3.540988	-87.00984
496.5625	3.535825	-87.10579
496.875	3.530499	-87.07129
497.1875	3.527689	-86.95702
497.5	3.513428	-87.02573
497.8125	3.518145	-86.96272
498.125	3.513299	-86.84602
498.4375	3.50764	-87.00606
498.75	3.503244	-86.85312
499.0625	3.492365	-86.90173
499.375	3.502631	-86.93771
499.6875	3.494802	-86.89435
500	3.506916	-86.94415
500.3125	3.500078	-87.09203
500.625	3.504179	-86.9745
500.9375	3.504372	-87.01772
501.25	3.502203	-87.09692
501.5625	3.484679	-87.10284
501.875	3.484649	-87.2345
502.1875	3.482775	-87.1226
502.5	3.478316	-87.15964
502.8125	3.472169	-87.15495
503.125	3.472327	-87.15656
503.4375	3.468934	-87.21587
503.75	3.47975	-87.26781
504.0625	3.473654	-87.35754
504.375	3.472491	-87.38035
504.6875	3.483958	-87.39507
505	3.481461	-87.38309
505.3125	3.460798	-87.45999
505.625	3.460828	-87.50992
505.9375	3.467042	-87.57501
506.25	3.464833	-87.67619
506.5625	3.468008	-87.71847
506.875	3.45809	-87.66565
507.1875	3.456999	-87.6497
507.5	3.443796	-87.80797
507.8125	3.441265	-87.88811
508.125	3.434908	-87.98387
508.4375	3.42974	-88.10862
508.75	3.413725	-88.06098
509.0625	3.411313	-88.15956
509.375	3.397388	-88.08897
509.6875	3.385259	-88.30988
510	3.383262	-88.24532
510.3125	3.366776	-88.3791
510.625	3.329712	-88.44807
510.9375	3.304867	-88.35832
511.25	3.284375	-88.37402
511.5625	3.278172	-88.18022
511.875	3.27664	-88.11342
512.1875	3.272724	-88.01972
512.5	3.255292	-87.98105
512.8125	3.252313	-87.92751
513.125	3.229536	-87.80531
513.4375	3.235085	-87.65234
513.75	3.237479	-87.64921
514.0625	3.228919	-87.52973
514.375	3.246134	-87.46197
514.6875	3.246163	-87.43188
515	3.257997	-87.36994
515.3125	3.246831	-87.25383
515.625	3.26456	-87.18404
515.9375	3.272399	-87.0662
516.25	3.283598	-87.05774
516.5625	3.309164	-87.11615
516.875	3.32254	-86.9549
517.1875	3.331443	-87.04858
517.5	3.33409	-87.0685
517.8125	3.353485	-87.16929
518.125	3.366715	-87.05981
518.4375	3.378251	-87.2685
518.75	3.382902	-87.22519
519.0625	3.38603	-87.306
519.375	3.399827	-87.44017
519.6875	3.391669	-87.35082
520	3.398894	-87.46159
520.3125	3.398832	-87.55634
520.625	3.390543	-87.65903
520.9375	3.373244	-87.74014
521.25	3.356427	-87.70526
521.5625	3.349018	-87.56488
521.875	3.35366	-87.22745
522.1875	3.38407	-87.20801
522.5	3.414615	-87.27667
522.8125	3.427422	-87.28201
523.125	3.440674	-87.32807
523.4375	3.450027	-87.39039
523.75	3.468269	-87.42123
524.0625	3.465195	-87.62884
524.375	3.461241	-87.70644
524.6875	3.465735	-87.8037
525	3.482054	-87.7877
525.3125	3.479384	-87.93201
525.625	3.479735	-87.95708
525.9375	3.472052	-88.04037
526.25	3.478382	-88.17859
526.5625	3.469947	-88.10079
526.875	3.479461	-88.13055
527.1875	3.479687	-88.19247
527.5	3.469974	-88.28988
527.8125	3.460067	-88.37096
528.125	3.452238	-88.35944
528.4375	3.451124	-88.49519
528.75	3.438685	-88.48223
529.0625	3.416326	-88.4474
529.375	3.408001	-88.47073
529.6875	3.40554	-88.42136
530	3.400109	-88.38364
530.3125	3.39377	-88.39655
530.625	3.377658	-88.38389
530.9375	3.369092	-88.41484
531.25	3.374033	-88.24102
531.5625	3.366879	-88.20642
531.875	3.377696	-88.13816
532.1875	3.367916	-88.05072
532.5	3.362936	-87.95522
532.8125	3.382814	-87.90101
533.125	3.38682	-87.85533
533.4375	3.387116	-87.67482
533.75	3.378131	-87.72787
534.0625	3.390751	-87.69232
534.375	3.404529	-87.51619
534.6875	3.41609	-87.46765
535	3.427732	-87.29083
535.3125	3.439554	-87.32006
535.625	3.455615	-87.2013
535.9375	3.46984	-87.06876
536.25	3.479299	-87.0602
536.5625	3.507696	-86.9669
536.875	3.526083	-86.78932
537.1875	3.530834	-86.99865
537.5	3.55407	-86.84871
537.8125	3.573621	-86.71951
538.125	3.601583	-86.77019
538.4375	3.623404	-86.7702
538.75	3.647137	-86.69505
539.0625	3.677913	-86.50512
539.375	3.72736	-86.5806
539.6875	3.777279	-86.57732
540	3.812981	-86.56728
540.3125	3.849542	-86.71889
540.625	3.885139	-86.7505
540.9375	3.93379	-87.02917
541.25	3.9843	-87.03125
541.5625	4.022476	-87.37378
541.875	4.081461	-87.56702
542.1875	4.132219	-87.91573
542.5	4.179751	-88.34125
542.8125	4.202853	-88.86909
543.125	4.223404	-89.51624
543.4375	4.194064	-90.20382
543.75	4.122712	-91.00789
544.0625	4.006893	-91.14919
544.375	3.934386	-90.89093
544.6875	3.913998	-90.81562
545	3.878611	-90.97552
545.3125	3.850073	-90.96962
545.625	3.817818	-91.01418
545.9375	3.77663	-90.70753
546.25	3.752163	-90.60677
546.5625	3.74325	-90.48632
546.875	3.724901	-90.41476
547.1875	3.722036	-90.21725
547.5	3.70769	-90.04705
547.8125	3.708248	-89.93987
548.125	3.706908	-89.76233
548.4375	3.710842	-89.65248
548.75	3.723068	-89.50481
549.0625	3.732827	-89.46461
549.375	3.74808	-89.52356
549.6875	3.759747	-89.41972
550	3.768937	-89.25594
550.3125	3.787744	-89.31009
550.625	3.781757	-89.24282
550.9375	3.797244	-89.20097
551.25	3.806993	-89.28938
551.5625	3.818544	-89.17706
551.875	3.81962	-89.19037
552.1875	3.832841	-89.11089
552.5	3.83911	-89.10926
552.8125	3.855436	-89.02914
553.125	3.859197	-89.03526
553.4375	3.87314	-88.99866
553.75	3.885186	-89.00967
554.0625	3.90444	-88.89252
554.375	3.917564	-89.0389
554.6875	3.922261	-88.9547
555	3.93872	-88.93467
555.3125	3.941376	-88.91499
555.625	3.948439	-88.80831
555.9375	3.983828	-88.79292
556.25	3.990107	-88.73359
556.5625	3.999885	-88.73785
556.875	4.003565	-88.68394
557.1875	4.026033	-88.71601
557.5	4.047002	-88.72866
557.8125	4.045433	-88.71671
558.125	4.076336	-88.63374
558.4375	4.077443	-88.66569
558.75	4.108139	-88.6223
559.0625	4.116693	-88.5881
559.375	4.127831	-88.60757
559.6875	4.14292	-88.66373
560	4.155271	-88.69006
560.3125	4.17836	-88.72124
560.625	4.195829	-88.62583
560.9375	4.220956	-88.83072
561.25	4.233775	-88.69888
561.5625	4.241592	-88.64862
561.875	4.261833	-88.72366
562.1875	4.283678	-88.82211
562.5	4.295901	-88.74837
562.8125	4.313545	-88.71375
563.125	4.3218	-88.74078
563.4375	4.340274	-88.77974
563.75	4.349202	-88.74984
564.0625	4.381364	-88.73701
564.375	4.391017	-88.75153
564.6875	4.422435	-88.66592
565	4.455195	-88.67158
565.3125	4.473735	-88.75239
565.625	4.511397	-88.76119
565.9375	4.54462	-88.9643
566.25	4.562796	-89.06628
566.5625	4.571561	-89.23106
566.875	4.576396	-89.44101
567.1875	4.579387	-89.56238
567.5	4.586879	-89.55702
567.8125	4.591616	-89.64508
568.125	4.590896	-89.61311
568.4375	4.604439	-89.54581
568.75	4.603543	-89.57187
569.0625	4.626141	-89.53809
569.375	4.640626	-89.49575
569.6875	4.664842	-89.48646
570	4.678575	-89.32933
570.3125	4.682366	-89.4174
570.625	4.711224	-89.46885
570.9375	4.732228	-89.39791
571.25	4.747243	-89.50519
571.5625	4.767473	-89.4565
571.875	4.783453	-89.45163
572.1875	4.812184	-89.43525
572.5	4.83693	-89.53986
572.8125	4.857821	-89.58453
573.125	4.877884	-89.55882
573.4375	4.897087	-89.50284
573.75	4.919653	-89.46774
574.0625	4.948752	-89.5593
574.375	4.95856	-89.54307
574.6875	4.989035	-89.56854
575	5.017069	-89.47889
575.3125	5.037452	-89.57932
575.625	5.057892	-89.6504
575.9375	5.088576	-89.66702
576.25	5.114999	-89.76124
576.5625	5.141788	-89.74056
576.875	5.169827	-89.78006
577.1875	5.192052	-89.73796
577.5	5.222276	-89.93511
577.8125	5.241366	-89.91313
578.125	5.266428	-89.85096
578.4375	5.292985	-89.96597
578.75	5.327694	-89.79639
579.0625	5.353102	-89.97523
579.375	5.374188	-89.96536
579.6875	5.411329	-90.02222
580	5.443927	-90.10448
580.3125	5.473887	-90.13145
580.625	5.495301	-90.10223
580.9375	5.531669	-90.22312
581.25	5.560388	-90.17883
581.5625	5.581893	-90.30269
581.875	5.618381	-90.34972
582.1875	5.655499	-90.29277
582.5	5.692825	-90.47205
582.8125	5.716333	-90.47668
583.125	5.755018	-90.51354
583.4375	5.794777	-90.55145
583.75	5.828683	-90.58652
584.0625	5.871915	-90.55265
584.375	5.905247	-90.78932
584.6875	5.956171	-90.72359
585	5.986166	-90.76383
585.3125	6.032783	-90.89424
585.625	6.072104	-91.00051
585.9375	6.116554	-90.94508
586.25	6.171256	-91.01719
586.5625	6.213675	-91.06911
586.875	6.263545	-91.15917
587.1875	6.317034	-91.22883
587.5	6.372194	-91.34617
587.8125	6.430372	-91.42518
588.125	6.47907	-91.54875
588.4375	6.534625	-91.63525
588.75	6.603879	-91.75304
589.0625	6.666453	-91.84487
589.375	6.734329	-91.91994
589.6875	6.789994	-92.21518
590	6.866796	-92.32165
590.3125	6.945142	-92.47854
590.625	7.019474	-92.65199
590.9375	7.102567	-92.89222
591.25	7.186074	-93.10109
591.5625	7.264478	-93.26031
591.875	7.354667	-93.46616
592.1875	7.451142	-93.89983
592.5	7.54928	-94.03346
592.8125	7.651086	-94.3699
593.125	7.770013	-94.76237
593.4375	7.888925	-95.15633
593.75	8.003856	-95.44749
594.0625	8.138541	-95.84373
594.375	8.272592	-96.50343
594.6875	8.426929	-97.08339
595	8.594937	-97.65633
595.3125	8.76791	-98.33219
595.625	8.958115	-99.12374
595.9375	9.155023	-100.1004
596.25	9.38002	-101.1584
596.5625	9.622728	-102.3956
596.875	9.879276	-103.924
597.1875	10.16369	-105.6526
597.5	10.47096	-107.6833
597.8125	10.80089	-110.232
598.125	11.16497	-113.3032
598.4375	11.55025	-117.0567
598.75	11.94972	-121.8923
599.0625	12.35063	-127.934
599.375	12.69668	-135.962
599.6875	12.89825	-146.2049
600	12.73847	-159.6518
600.3125	11.82796	-176.0568
600.625	9.654734	167.2998
600.9375	6.107091	156.4655
601.25	1.911534	156.6564
601.5625	-1.819111	169.6214
601.875	-3.999695	-166.6381
602.1875	-4.32705	-143.3654
602.5	-3.600614	-127.5885
602.8125	-2.652781	-118.077
603.125	-1.759107	-111.9742
603.4375	-0.9891409	-108.1452
603.75	-0.3505814	-105.654
604.0625	0.1808355	-103.7688
604.375	0.6233041	-102.3053
604.6875	0.9968877	-101.2247
605	1.327437	-100.4963
605.3125	1.623255	-99.71645
605.625	1.860994	-99.2797
605.9375	2.099908	-98.66762
606.25	2.29126	-98.27251
606.5625	2.478328	-98.05416
606.875	2.645802	-97.71765
607.1875	2.801357	-97.49229
607.5	2.954032	-97.33386
607.8125	3.07847	-97.14828
608.125	3.196071	-97.14949
608.4375	3.310019	-96.96754
608.75	3.412298	-96.97144
609.0625	3.508051	-96.79405
609.375	3.607224	-96.78899
609.6875	3.696146	-96.73067
610	3.780327	-96.62108
610.3125	3.873061	-96.70085
610.625	3.936907	-96.60754
610.9375	4.013215	-96.6859
611.25	4.072507	-96.81927
611.5625	4.140778	-96.71156
611.875	4.199591	-96.78722
612.1875	4.258166	-96.92561
612.5	4.31407	-97.02634
612.8125	4.362172	-96.9165
613.125	4.416585	-96.98454
613.4375	4.460255	-96.96865
613.75	4.501125	-97.06691
614.0625	4.559342	-97.17629
614.375	4.583472	-97.46329
614.6875	4.643555	-97.36315
615	4.665528	-97.55598
615.3125	4.701038	-97.60277
615.625	4.726762	-97.61493
615.9375	4.763381	-97.74601
616.25	4.785308	-97.94535
616.5625	4.807671	-97.90107
616.875	4.837031	-98.0101
617.1875	4.840214	-98.00038
617.5	4.869207	-98.07165
617.8125	4.884671	-98.17999
618.125	4.887033	-98.33246
618.4375	4.911294	-98.3177
618.75	4.925204	-98.22959
619.0625	4.94264	-98.27118
619.375	4.945726	-98.34982
619.6875	4.961498	-98.40696
620	4.979496	-98.32578
620.3125	4.995223	-98.33366
620.625	5.001629	-98.38934
620.9375	5.01089	-98.41789
621.25	5.02063	-98.36477
621.5625	5.029118	-98.26669
621.875	5.036147	-98.40134
622.1875	5.03407	-98.36942
622.5	5.040731	-98.34793
622.8125	5.045279	-98.2785
623.125	5.045934	-98.27554
623.4375	5.039153	-98.13133
623.75	5.040791	-97.78113
624.0625	5.047548	-97.58161
624.375	5.067748	-97.52866
624.6875	5.079188	-97.22466
625	5.093851	-96.9158
625.3125	5.128412	-96.74765
625.625	5.167859	-96.45932
625.9375	5.221004	-96.1814
626.25	5.274241	-96.13528
626.5625	5.328691	-96.14108
626.875	5.381651	-95.98624
627.1875	5.422788	-95.94737
627.5	5.481937	-95.98043
627.8125	5.539456	-96.01324
628.125	5.577824	-96.19019
628.4375	5.625935	-96.16884
628.75	5.659182	-96.265
629.0625	5.696105	-96.40707
629.375	5.725728	-96.34413
629.6875	5.764983	-96.57236
630	5.801312	-96.73887
630.3125	5.818018	-96.53638
630.625	5.843797	-96.75134
630.9375	5.878157	-96.87583
631.25	5.908659	-96.95406
631.5625	5.927169	-96.99144
631.875	5.951015	-97.175
632.1875	5.970201	-97.25851
632.5	5.998449	-97.35061
632.8125	6.011232	-97.45306
633.125	6.025353	-97.49125
633.4375	6.051342	-97.61546
633.75	6.073	-97.67103
634.0625	6.087159	-97.79073
634.375	6.108245	-97.81586
634.6875	6.123954	-97.69064
635	6.138146	-97.82983
635.3125	6.16233	-98.04058
635.625	6.175311	-98.03373
635.9375	6.193283	-98.12279
636.25	6.215015	-98.16896
636.5625	6.233883	-98.2881
636.875	6.256259	-98.28942
637.1875	6.26226	-98.42127
637.5	6.28804	-98.37328
637.8125	6.295269	-98.49112
638.125	6.307933	-98.64935
638.4375	6.316409	-98.70262
638.75	6.32953	-98.83942
639.0625	6.340024	-98.92877
639.375	6.341613	-99.00283
639.6875	6.356943	-98.86864
640	6.355986	-98.97943
640.3125	6.364649	-99.12312
640.625	6.370259	-99.22855
640.9375	6.369136	-99.1768
641.25	6.37706	-99.18585
641.5625	6.377083	-99.30948
641.875	6.37287	-99.17784
642.1875	6.374084	-99.13474
642.5	6.376424	-99.1141
642.8125	6.383451	-99.19003
643.125	6.382647	-99.08943
643.4375	6.398654	-98.99617
643.75	6.411185	-98.74831
644.0625	6.41556	-98.74965
644.375	6.446184	-98.77026
644.6875	6.455447	-98.61774
645	6.467	-98.6125
645.3125	6.484535	-98.5299
645.625	6.501584	-98.37326
645.9375	6.524392	-98.35006
646.25	6.561939	-98.39352
646.5625	6.575389	-98.31688
646.875	6.595995	-98.23969
647.1875	6.631303	-98.16132
647.5	6.641055	-98.16608
647.8125	6.675858	-98.15083
648.125	6.696947	-98.10681
648.4375	6.714661	-98.08608
648.75	6.739222	-98.17162
649.0625	6.76903	-98.15668
649.375	6.791125	-98.14349
649.6875	6.808532	-98.00468
650	6.836829	-98.02272
650.3125	6.86483	-98.08276
650.625	6.887994	-97.9749
650.9375	6.913968	-97.86848
651.25	6.937115	-98.07351
651.5625	6.967225	-98.22438
651.875	6.983413	-98.0882
652.1875	7.012917	-98.15207
652.5	7.033854	-98.38954
652.8125	7.055829	-98.23198
653.125	7.081941	-98.31754
653.4375	7.102616	-98.27269
653.75	7.123332	-98.2649
654.0625	7.13954	-98.48454
654.375	7.156105	-98.51639
654.6875	7.169001	-98.59721
655	7.195215	-98.60566
655.3125	7.204967	-98.70485
655.625	7.219428	-98.7405
655.9375	7.239728	-98.75965
656.25	7.248851	-98.86427
656.5625	7.263253	-98.97351
656.875	7.273554	-99.14803
657.1875	7.277884	-99.01887
657.5	7.277406	-99.09821
657.8125	7.266579	-99.24787
658.125	7.253408	-99.29649
658.4375	7.229347	-99.30675
658.75	7.190819	-99.11584
659.0625	7.196441	-98.77714
659.375	7.220843	-98.394
659.6875	7.241595	-98.24133
660	7.265982	-98.04607
660.3125	7.301049	-97.9123
660.625	7.335235	-97.82178
660.9375	7.364596	-97.64786
661.25	7.413303	-97.59755
661.5625	7.439508	-97.40508
661.875	7.483326	-97.40981
662.1875	7.511801	-97.37306
662.5	7.546248	-97.31656
662.8125	7.574629	-97.37615
663.125	7.606344	-97.25832
663.4375	7.635386	-97.18324
663.75	7.662609	-97.33957
664.0625	7.701061	-97.49168
664.375	7.725105	-97.42888
664.6875	7.744125	-97.312
665	7.764422	-97.39469
665.3125	7.802265	-97.34187
665.625	7.819047	-97.30815
665.9375	7.837267	-97.36786
666.25	7.860463	-97.35593
666.5625	7.89381	-97.31754
666.875	7.918343	-97.2709
667.1875	7.937665	-97.35442
667.5	7.960235	-97.26254
667.8125	7.986951	-97.24226
668.125	8.023896	-97.19836
668.4375	8.033932	-97.11407
668.75	8.06862	-97.15712
669.0625	8.090637	-97.06825
669.375	8.11747	-97.03741
669.6875	8.147938	-96.97078
670	8.170353	-97.01178
670.3125	8.193556	-96.94087
670.625	8.236736	-97.05099
670.9375	8.253085	-96.9424
671.25	8.282217	-96.87199
671.5625	8.303005	-96.92508
671.875	8.341606	-96.96485
672.1875	8.368178	-96.95021
672.5	8.397006	-96.84547
672.8125	8.427864	-96.91158
673.125	8.455977	-96.89079
673.4375	8.485185	-96.78905
673.75	8.513833	-96.86774
674.0625	8.542732	-96.80642
674.375	8.570184	-96.80831
674.6875	8.591637	-96.83886
675	8.620235	-96.86053
675.3125	8.651307	-96.90764
675.625	8.670599	-96.91635
675.9375	8.707694	-96.86112
676.25	8.729118	-96.76949
676.5625	8.76114	-96.64261
676.875	8.791253	-96.71879
677.1875	8.815998	-96.7544
677.5	8.843298	-96.78604
677.8125	8.869695	-96.7388
678.125	8.894924	-96.71191
678.4375	8.925764	-96.78949
678.75	8.957438	-96.63026
679.0625	8.985576	-96.62702
679.375	9.006962	-96.73911
679.6875	9.038116	-96.71925
680	9.06089	-96.65417
680.3125	9.090608	-96.53849
680.625	9.124784	-96.66837
680.9375	9.145388	-96.53121
681.25	9.170646	-96.52567
681.5625	9.19226	-96.49152
681.875	9.223698	-96.46068
682.1875	9.251888	-96.33483
682.5	9.292279	-96.23318
682.8125	9.314445	-96.12756
683.125	9.346403	-96.21097
683.4375	9.38057	-96.11621
683.75	9.416595	-95.96511
684.0625	9.449574	-95.90068
684.375	9.487832	-95.92601
684.6875	9.535156	-95.88451
685	9.574281	-95.7301
685.3125	9.613087	-95.57288
685.625	9.668633	-95.61484
685.9375	9.716793	-95.61075
686.25	9.766086	-95.54744
686.5625	9.827106	-95.57255
686.875	9.889993	-95.7129
687.1875	9.933515	-95.96725
687.5	9.961779	-96.2231
687.8125	9.980414	-96.21054
688.125	10.00727	-96.24039
688.4375	10.02935	-96.30475
688.75	10.06022	-96.33025
689.0625	10.08334	-96.37436
689.375	10.11384	-96.34061
689.6875	10.14087	-96.33775
690	10.17663	-96.36845
690.3125	10.20471	-96.353
690.625	10.24048	-96.42345
690.9375	10.27734	-96.36664
691.25	10.30662	-96.45622
691.5625	10.33424	-96.39968
691.875	10.36788	-96.41002
692.1875	10.40728	-96.35443
692.5	10.43266	-96.30821
692.8125	10.47525	-96.2932
693.125	10.5064	-96.39173
693.4375	10.54377	-96.28388
693.75	10.57234	-96.25054
694.0625	10.61002	-96.26231
694.375	10.64625	-96.38398
694.6875	10.67662	-96.29627
695	10.71252	-96.3736
695.3125	10.74942	-96.28784
695.625	10.78419	-96.22116
695.9375	10.81971	-96.262
696.25	10.85664	-96.2254
696.5625	10.88841	-96.25617
696.875	10.92634	-96.29832
697.1875	10.96367	-96.18553
697.5	11.00619	-96.13803
697.8125	11.04099	-96.31441
698.125	11.08063	-96.27293
698.4375	11.12245	-96.24036
698.75	11.1665	-96.14274
699.0625	11.20195	-96.16496
699.375	11.24829	-96.03253
699.6875	11.28222	-96.17491
700	11.32558	-96.11757
700.3125	11.36524	-96.15412
700.625	11.40901	-96.16114
700.9375	11.45336	-96.24772
701.25	11.49224	-96.31378
701.5625	11.52997	-96.37417
701.875	11.57142	-96.38726
702.1875	11.60166	-96.27595
702.5	11.64019	-96.37964
702.8125	11.67299	-96.45583
703.125	11.70762	-96.42294
703.4375	11.74036	-96.34871
703.75	11.7779	-96.28049
704.0625	11.81322	-96.41827
704.375	11.85164	-96.26332
704.6875	11.88522	-96.34042
705	11.92577	-96.23811
705.3125	11.9618	-96.28799
705.625	12.00567	-96.25966
705.9375	12.04575	-96.16988
706.25	12.09055	-96.12894
706.5625	12.1315	-96.15137
706.875	12.17431	-96.19859
707.1875	12.217	-96.0483
707.5	12.25951	-96.12898
707.8125	12.30361	-96.06235
708.125	12.34498	-96.12848
708.4375	12.3907	-96.0546
708.75	12.43842	-95.94841
709.0625	12.47688	-96.00593
709.375	12.5221	-96.01802
709.6875	12.56648	-95.99876
710	12.61019	-95.90747
710.3125	12.65004	-96.02668
710.625	12.70239	-95.90706
710.9375	12.74743	-95.91621
711.25	12.795	-95.82583
711.5625	12.8353	-95.69117
711.875	12.88442	-95.86099
712.1875	12.93112	-95.78577
712.5	12.97684	-95.82851
712.8125	13.02228	-95.66168
713.125	13.07077	-95.75408
713.4375	13.11993	-95.71982
713.75	13.17665	-95.59798
714.0625	13.22749	-95.51476
714.375	13.27605	-95.45547
714.6875	13.329	-95.49158
715	13.38484	-95.39402
715.3125	13.43875	-95.31687
715.625	13.49726	-95.36793
715.9375	13.55537	-95.34418
716.25	13.61638	-95.18986
716.5625	13.67247	-95.27701
716.875	13.73863	-95.30474
717.1875	13.79958	-95.26987
717.5	13.86593	-95.25049
717.8125	13.92684	-95.27605
718.125	13.98156	-95.2977
718.4375	14.04795	-95.12974
718.75	14.10512	-95.29742
719.0625	14.16934	-95.23939
719.375	14.22938	-95.36776
719.6875	14.29267	-95.35931
720	14.3492	-95.295
720.3125	14.41535	-95.4506
720.625	14.47534	-95.41559
720.9375	14.52909	-95.4514
721.25	14.59193	-95.3111
721.5625	14.6531	-95.50046
721.875	14.71167	-95.38754
722.1875	14.77066	-95.39771
722.5	14.83928	-95.48782
722.8125	14.90223	-95.60128
723.125	14.96462	-95.57764
723.4375	15.0342	-95.43797
723.75	15.09956	-95.48737
724.0625	15.16912	-95.66355
724.375	15.23737	-95.5564
724.6875	15.30699	-95.58247
725	15.37479	-95.74492
725.3125	15.44573	-95.75027
725.625	15.51789	-95.81568
725.9375	15.58457	-95.85635
726.25	15.65512	-95.74201
726.5625	15.72295	-95.93343
726.875	15.7893	-96.10053
727.1875	15.85621	-96.22669
727.5	15.92548	-96.27952
727.8125	15.99177	-96.1945
728.125	16.05911	-96.27756
728.4375	16.12515	-96.40699
728.75	16.19319	-96.46861
729.0625	16.25852	-96.53671
729.375	16.3271	-96.55775
729.6875	16.39738	-96.65779
730	16.46615	-96.56779
730.3125	16.53798	-96.65622
730.625	16.60756	-96.69682
730.9375	16.67978	-96.83587
731.25	16.7534	-96.91498
731.5625	16.82798	-96.96368
731.875	16.90037	-96.97511
732.1875	16.97297	-96.86449
732.5	17.05411	-97.13325
732.8125	17.12749	-97.05758
733.125	17.20509	-97.13115
733.4375	17.28209	-97.20097
733.75	17.36131	-97.26018
734.0625	17.441	-97.3476
734.375	17.52258	-97.37794
734.6875	17.60593	-97.54855
735	17.68683	-97.52966
735.3125	17.77003	-97.75605
735.625	17.85453	-97.86514
735.9375	17.9372	-97.91074
736.25	18.02154	-97.96361
736.5625	18.10515	-98.03558
736.875	18.18774	-98.15078
737.1875	18.27153	-98.2616
737.5	18.35761	-98.44225
737.8125	18.44	-98.50229
738.125	18.52924	-98.56809
738.4375	18.61126	-98.85535
738.75	18.69912	-98.96309
739.0625	18.78638	-99.09906
739.375	18.87264	-99.16131
739.6875	18.96028	-99.24046
740	19.04792	-99.41335
740.3125	19.13327	-99.56503
740.625	19.21754	-99.66383
740.9375	19.30441	-99.91109
741.25	19.38808	-100.029
741.5625	19.47486	-100.2082
741.875	19.55948	-100.2912
742.1875	19.64551	-100.4007
742.5	19.73038	-100.4478
742.8125	19.81468	-100.6948
743.125	19.89905	-100.7584
743.4375	19.9848	-101.0495
743.75	20.0729	-101.1715
744.0625	20.15461	-101.1913
744.375	20.24112	-101.1851
744.6875	20.32852	-101.269
745	20.42425	-101.2591
745.3125	20.52258	-101.2662
745.625	20.62543	-101.3159
745.9375	20.73468	-101.388
746.25	20.84582	-101.3006
746.5625	20.96205	-101.3983
746.875	21.07716	-101.4977
747.1875	21.19713	-101.6655
747.5	21.3178	-101.8462
747.8125	21.43729	-101.9628
748.125	21.55994	-101.9386
748.4375	21.68218	-102.1824
748.75	21.8055	-102.263
749.0625	21.92932	-102.4408
749.375	22.05372	-102.4558
749.6875	22.18099	-102.6544
750	22.30965	-102.8101
750.3125	22.44103	-103.1172
750.625	22.57361	-103.1564
750.9375	22.71016	-103.2845
751.25	22.84803	-103.4534
751.5625	22.99143	-103.6806
751.875	23.13807	-103.8196
752.1875	23.28553	-103.9703
752.5	23.43558	-104.1095
752.8125	23.59151	-104.3519
753.125	23.75038	-104.5554
753.4375	23.9136	-104.7707
753.75	24.08076	-104.9972
754.0625	24.25189	-105.2329
754.375	24.42403	-105.4243
754.6875	24.6025	-105.6944
755	24.78351	-106.0511
755.3125	24.96815	-106.397
755.625	25.15716	-106.743
755.9375	25.34996	-107.085
756.25	25.5472	-107.4196
756.5625	25.74792	-107.8279
756.875	25.95329	-108.2508
757.1875	26.16148	-108.7383
757.5	26.37516	-109.2252
757.8125	26.59342	-109.7995
758.125	26.8171	-110.2141
758.4375	27.04454	-110.7419
758.75	27.27762	-111.4378
759.0625	27.51319	-112.0209
759.375	27.75358	-112.742
759.6875	28.00311	-113.4436
760	28.25878	-114.1348
760.3125	28.51955	-114.881
760.625	28.79031	-115.789
760.9375	29.06866	-116.6234
761.25	29.35692	-117.6532
761.5625	29.65553	-118.6144
761.875	29.96414	-119.6295
762.1875	30.28478	-120.7895
762.5	30.61823	-122.0213
762.8125	30.96578	-123.3527
763.125	31.32654	-124.8215
763.4375	31.70391	-126.5333
763.75	32.09491	-128.22
764.0625	32.50119	-130.3418
764.375	32.92031	-132.641
764.6875	33.35082	-135.2185
765	33.78991	-138.0092
765.3125	34.2319	-141.4435
765.625	34.66914	-145.1061
765.9375	35.09065	-149.3325
766.25	35.48238	-154.0027
766.5625	35.82979	-159.1945
766.875	36.11399	-164.8845
767.1875	36.31255	-171.1784
767.5	36.40792	-177.7429
767.8125	36.38151	175.4629
768.125	36.22656	168.4022
768.4375	35.94188	161.6106
768.75	35.53516	155.0815
769.0625	35.02046	149.0873
769.375	34.41449	143.4138
769.6875	33.73449	138.3976
770	32.99861	133.9242
770.3125	32.22174	130.1914
770.625	31.41564	126.8591
770.9375	30.59145	124.2978
771.25	29.75816	122.0962
771.5625	28.92271	120.4089
771.875	28.08874	119.3515
772.1875	27.26019	118.5226
772.5	26.43981	117.9802
772.8125	25.62364	118.0481
773.125	24.81338	118.2493
773.4375	24.00719	118.9411
773.75	23.20672	120.0656
774.0625	22.41116	121.6417
774.375	21.62186	123.6198
774.6875	20.84725	126.1758
775	20.09774	129.2787
775.3125	19.37963	133.0709
775.625	18.72153	137.6225
775.9375	18.14294	142.9383
776.25	17.67665	148.7735
776.5625	17.35184	155.1893
776.875	17.19866	162.0097
777.1875	17.21384	168.8561
777.5	17.41114	175.5169
777.8125	17.75663	-178.5162
778.125	18.22308	-173.1229
778.4375	18.77052	-168.3893
778.75	19.37629	-164.3962
779.0625	20.0122	-161.2477
779.375	20.66812	-158.6119
779.6875	21.34065	-156.5903
780	22.02139	-154.9226
780.3125	22.69463	-154.0256
780.625	23.35783	-153.2872
780.9375	24.00719	-153.144
781.25	24.6439	-153.2114
781.5625	25.26626	-153.727
781.875	25.87372	-154.29
782.1875	26.46701	-155.4077
782.5	27.04167	-156.7833
782.8125	27.59937	-158.4037
783.125	28.13697	-160.1401
783.4375	28.6523	-162.3314
783.75	29.1452	-164.6462
784.0625	29.61086	-167.3054
784.375	30.04471	-170.266
784.6875	30.4445	-173.4079
785	30.80706	-176.6345
785.3125	31.12792	179.8196
785.625	31.40225	176.2737
785.9375	31.63042	172.5084
786.25	31.80935	168.507
786.5625	31.93898	164.7344
786.875	32.01824	160.9242
787.1875	32.05165	156.9599
787.5	32.03854	153.0041
787.8125	31.98279	149.3264
788.125	31.88788	145.7682
788.4375	31.75676	142.2983
788.75	31.59294	138.9733
789.0625	31.3999	135.8678
789.375	31.18138	133.0106
789.6875	30.94088	130.3282
790	30.68198	127.838
790.3125	30.40978	125.4327
790.625	30.12638	123.3561
790.9375	29.83728	121.6561
791.25	29.54567	119.7867
791.5625	29.25609	118.3173
791.875	28.97103	116.8807
792.1875	28.69252	115.7353
792.5	28.42303	114.7866
792.8125	28.16323	113.7811
793.125	27.91605	112.7911
793.4375	27.67835	112.1257
793.75	27.45082	111.4016
794.0625	27.23565	110.7199
794.375	27.03127	110.2578
794.6875	26.83672	109.6646
795	26.64972	109.0477
795.3125	26.47359	108.6878
795.625	26.30497	108.2331
795.9375	26.14526	107.7854
796.25	25.99426	107.3651
796.5625	25.85004	106.819
796.875	25.71428	106.3675
797.1875	25.58734	105.957
797.5	25.46281	105.4894
797.8125	25.34632	105.0693
798.125	25.23561	104.6001
798.4375	25.13086	104.2011
798.75	25.03166	103.7546
799.0625	24.93694	103.2423
799.375	24.8477	102.5865
799.6875	24.7644	102.119
800	24.68363	101.3789
800.3125	24.60215	100.4952
800.625	24.5208	99.64289
800.9375	24.43021	98.77314
801.25	24.31837	97.35391
801.5625	24.16416	95.95515
801.875	23.94356	94.77526
802.1875	23.66626	93.67558
802.5	23.37788	93.03165
802.8125	23.11276	92.99745
803.125	22.87167	92.84758
803.4375	22.65533	92.83475
803.75	22.46149	92.8809
804.0625	22.28289	92.9308
804.375	22.1165	93.16269
804.6875	21.96791	93.27844
805	21.8277	93.41553
805.3125	21.69611	93.42996
805.625	21.57587	93.51088
805.9375	21.45963	93.59732
806.25	21.34366	93.57783
806.5625	21.23806	93.52328
806.875	21.13288	93.59933
807.1875	21.02973	93.62473
807.5	20.93071	93.57084
807.8125	20.83053	93.56014
808.125	20.73237	93.41071
808.4375	20.63528	93.4119
808.75	20.5343	93.27975
809.0625	20.43562	93.23931
809.375	20.33475	93.05383
809.6875	20.23474	93.06776
810	20.13516	93.07972
810.3125	20.03546	92.93214
810.625	19.93608	93.00244
810.9375	19.83669	92.89045
811.25	19.74109	92.84083
811.5625	19.64897	93.04466
811.875	19.55361	93.04065
812.1875	19.46671	92.90417
812.5	19.37849	92.86593
812.8125	19.29461	93.03333
813.125	19.2097	92.96016
813.4375	19.12823	93.00823
813.75	19.0469	92.89631
814.0625	18.96464	92.94208
814.375	18.88744	92.96834
814.6875	18.80875	93.05016
815	18.73044	93.02381
815.3125	18.65674	92.99528
815.625	18.5792	93.03246
815.9375	18.50222	93.04024
816.25	18.43472	92.97166
816.5625	18.36138	93.02281
816.875	18.29064	93.07155
817.1875	18.21914	93.06953
817.5	18.14791	93.00904
817.8125	18.0808	93.0444
818.125	18.01254	92.99878
818.4375	17.94309	93.05843
818.75	17.87355	93.084
819.0625	17.80802	93.14587
819.375	17.73972	93.05931
819.6875	17.66927	93.1018
820	17.60342	93.09131
820.3125	17.52863	93.2046
820.625	17.46607	93.24502
820.9375	17.40162	93.19073
821.25	17.33288	93.33008
821.5625	17.2675	93.48621
821.875	17.20913	93.43832
822.1875	17.14771	93.46995
822.5	17.09868	93.68399
822.8125	17.04646	93.67076
823.125	16.99871	93.73412
823.4375	16.9567	93.81358
823.75	16.91099	93.7149
824.0625	16.86649	93.73039
824.375	16.81051	93.67741
824.6875	16.74585	93.62026
825	16.68166	93.59652
825.3125	16.62221	93.69165
825.625	16.56486	93.71949
825.9375	16.50869	93.77608
826.25	16.45447	93.75416
826.5625	16.4074	93.81099
826.875	16.35062	93.8993
827.1875	16.29886	93.90898
827.5	16.24549	94.02295
827.8125	16.19187	94.02512
828.125	16.14377	94.09934
828.4375	16.09551	94.09869
828.75	16.04511	94.22115
829.0625	16.0012	94.27047
829.375	15.95095	94.44798
829.6875	15.90926	94.44667
830	15.87096	94.50893
830.3125	15.82678	94.5574
830.625	15.78329	94.60178
830.9375	15.73614	94.67554
831.25	15.69244	94.65382
831.5625	15.65186	94.83401
831.875	15.60577	94.78192
832.1875	15.56466	94.84884
832.5	15.52065	94.92142
832.8125	15.47932	94.91666
833.125	15.43666	94.94691
833.4375	15.39515	95.01824
833.75	15.36071	95.21526
834.0625	15.31835	95.46121
834.375	15.28154	95.51167
834.6875	15.25213	95.63243
835	15.22397	95.73116
835.3125	15.19479	95.69687
835.625	15.17042	95.80954
835.9375	15.1516	95.91729
836.25	15.12891	95.99053
836.5625	15.11428	96.04258
836.875	15.09511	96.06384
837.1875	15.0693	96.13477
837.5	15.05346	95.9856
837.8125	15.02889	95.88358
838.125	15.00322	95.94949
838.4375	14.96884	95.95125
838.75	14.94044	95.87873
839.0625	14.90288	95.81789
839.375	14.86855	95.82951
839.6875	14.83195	95.97978
840	14.80175	95.853
840.3125	14.76416	95.87923
840.625	14.72928	95.97718
840.9375	14.69979	95.9179
841.25	14.66647	95.97131
841.5625	14.64141	96.0041
841.875	14.60531	95.96022
842.1875	14.57838	96.06598
842.5	14.55434	96.13097
842.8125	14.5273	96.08541
843.125	14.50135	96.21594
843.4375	14.48123	96.17304
843.75	14.45846	96.19473
844.0625	14.43426	96.38215
844.375	14.42037	96.36385
844.6875	14.392	96.29725
845	14.37369	96.39614
845.3125	14.34376	96.44249
845.625	14.33061	96.38056
845.9375	14.30844	96.22995
846.25	14.28694	96.31919
846.5625	14.26662	96.36352
846.875	14.24042	96.14024
847.1875	14.22291	96.19723
847.5	14.19915	96.25546
847.8125	14.17668	96.37241
848.125	14.15475	96.07668
848.4375	14.1317	96.22906
848.75	14.10484	96.33688
849.0625	14.07951	96.14693
849.375	14.05902	96.13464
849.6875	14.04114	96.12138
850	14.02066	96.17728
850.3125	14.00236	96.17648
850.625	13.97917	96.19155
850.9375	13.95739	96.07668
851.25	13.94155	96.03623
851.5625	13.92238	96.10573
851.875	13.90244	96.03996
852.1875	13.87442	96.0228
852.5	13.85016	95.91925
852.8125	13.83009	95.8434
853.125	13.80978	95.88725
853.4375	13.77944	95.90549
853.75	13.76031	95.88895
854.0625	13.74166	95.7487
854.375	13.71383	95.75121
854.6875	13.69241	95.72686
855	13.66531	95.60655
855.3125	13.63789	95.69855
855.625	13.61889	95.69556
855.9375	13.59252	95.81931
856.25	13.56775	95.59695
856.5625	13.54737	95.62234
856.875	13.52585	95.58413
857.1875	13.4965	95.6057
857.5	13.47932	95.45457
857.8125	13.4526	95.47742
858.125	13.43959	95.57576
858.4375	13.41448	95.49449
858.75	13.38832	95.5113
859.0625	13.36487	95.49934
859.375	13.34404	95.44028
859.6875	13.3241	95.30978
860	13.29913	95.47879
860.3125	13.2753	95.51826
860.625	13.24942	95.40773
860.9375	13.23214	95.37524
861.25	13.20833	95.40212
861.5625	13.18622	95.3704
861.875	13.16534	95.42038
862.1875	13.14487	95.33206
862.5	13.11917	95.44199
862.8125	13.10315	95.34093
863.125	13.0826	95.28175
863.4375	13.06157	95.41612
863.75	13.0418	95.39252
864.0625	13.02942	95.32991
864.375	13.00854	95.28693
864.6875	12.99309	95.40683
865	12.97187	95.30579
865.3125	12.95235	95.46593
865.625	12.93741	95.33067
865.9375	12.91555	95.24277
866.25	12.89927	95.33018
866.5625	12.88103	95.27923
866.875	12.86525	95.19511
867.1875	12.84711	95.17751
867.5	12.82464	95.24385
867.8125	12.81375	95.17146
868.125	12.78186	95.13445
868.4375	12.77071	95.08736
868.75	12.7517	95.07803
869.0625	12.73954	95.17153
869.375	12.71597	94.98875
869.6875	12.69319	94.99998
870	12.67411	94.94942
870.3125	12.66174	95.06695
870.625	12.63894	94.95294
870.9375	12.6213	95.05408
871.25	12.60285	95.05149
871.5625	12.58121	95.05045
871.875	12.56821	94.98512
872.1875	12.54599	95.02634
872.5	12.52597	94.90067
872.8125	12.50568	94.99076
873.125	12.48112	94.94106
873.4375	12.46109	94.94047
873.75	12.43824	94.90927
874.0625	12.41992	94.7474
874.375	12.39579	94.87933
874.6875	12.37802	94.9724
875	12.35818	95.04269
875.3125	12.33244	94.97155
875.625	12.31618	95.19219
875.9375	12.2958	95.16493
876.25	12.28131	95.20894
876.5625	12.26183	95.19875
876.875	12.25216	95.21215
877.1875	12.24045	95.21396
877.5	12.22437	95.45113
877.8125	12.21757	95.54688
878.125	12.21427	95.40318
878.4375	12.2098	95.49724
878.75	12.20436	95.55173
879.0625	12.1931	95.54402
879.375	12.19231	95.6136
879.6875	12.1904	95.53059
880	12.18363	95.51052
880.3125	12.16941	95.35794
880.625	12.15502	95.3642
880.9375	12.14412	95.35811
881.25	12.12915	95.32957
881.5625	12.11935	95.3437
881.875	12.10196	95.21576
882.1875	12.08887	95.38018
882.5	12.07625	95.4025
882.8125	12.06162	95.23679
883.125	12.05169	95.17825
883.4375	12.04077	95.27768
883.75	12.03206	95.23508
884.0625	12.01861	95.41528
884.375	12.01453	95.2148
884.6875	11.99895	95.20199
885	11.99376	95.32027
885.3125	11.98441	95.23641
885.625	11.97745	95.06268
885.9375	11.96045	95.06139
886.25	11.95111	95.08408
886.5625	11.93835	94.96999
886.875	11.9243	95.03429
887.1875	11.91049	95.05228
887.5	11.88962	95.03458
887.8125	11.88	94.92267
888.125	11.85972	94.98603
888.4375	11.8377	94.88081
888.75	11.82132	94.75065
889.0625	11.80844	94.95623
889.375	11.78962	94.84516
889.6875	11.77474	94.86346
890	11.77136	95.09148
890.3125	11.75834	95.03786
890.625	11.74586	95.04665
890.9375	11.7362	95.24828
891.25	11.72972	95.32481
891.5625	11.71601	95.17478
891.875	11.70549	95.21075
892.1875	11.69634	95.20325
892.5	11.6857	95.13604
892.8125	11.67822	95.26892
893.125	11.6668	95.22618
893.4375	11.66787	95.27593
893.75	11.65643	95.32742
894.0625	11.65742	95.42569
894.375	11.65378	95.49798
894.6875	11.64753	95.32027
895	11.64462	95.34901
895.3125	11.64052	95.37009
895.625	11.64178	95.5559
895.9375	11.64325	95.43969
896.25	11.63675	95.54591
896.5625	11.64067	95.51516
896.875	11.63979	95.44975
897.1875	11.64505	95.50891
897.5	11.63991	95.4782
897.8125	11.64782	95.54276
898.125	11.64434	95.40916
898.4375	11.64934	95.41453
898.75	11.64578	95.25076
899.0625	11.64631	95.26862
899.375	11.64068	95.32346
899.6875	11.63929	95.29799
900	11.63839	95.19478
900.3125	11.63426	95.00157
900.625	11.63874	95.10838
900.9375	11.63121	94.91965
901.25	11.63335	95.06895
901.5625	11.63063	94.95759
901.875	11.63365	94.97799
902.1875	11.63053	94.84919
902.5	11.6374	94.80619
902.8125	11.63224	94.94883
903.125	11.62841	94.77636
903.4375	11.63739	94.64193
903.75	11.6396	94.51861
904.0625	11.63827	94.63383
904.375	11.64776	94.44595
904.6875	11.65518	94.41232
905	11.65545	94.3716
905.3125	11.66685	94.37502
905.625	11.66926	94.1252
905.9375	11.67474	94.05127
906.25	11.68314	94.09214
906.5625	11.68166	93.87496
906.875	11.6903	93.66769
907.1875	11.7033	93.4959
907.5	11.70354	93.30226
907.8125	11.71459	93.14367
908.125	11.71537	93.06265
908.4375	11.72163	92.69788
908.75	11.72387	92.42786
909.0625	11.72157	92.14592
909.375	11.72162	91.71141
909.6875	11.69655	91.3953
910	11.66925	90.8855
910.3125	11.63395	90.53623
910.625	11.57538	89.99291
910.9375	11.51508	89.65728
911.25	11.42838	89.51332
911.5625	11.34841	89.36866
911.875	11.25754	89.41845
912.1875	11.16701	89.442
912.5	11.08772	89.5941
912.8125	11.03103	89.88416
913.125	10.98024	90.24168
913.4375	10.93925	90.40942
913.75	10.91379	90.68674
914.0625	10.89936	90.93829
914.375	10.88782	91.13956
914.6875	10.88441	91.28197
915	10.87886	91.50102
915.3125	10.88112	91.59937
915.625	10.87978	91.6925
915.9375	10.87095	91.83266
916.25	10.86676	91.86121
916.5625	10.85879	92.04929
916.875	10.86629	92.0447
917.1875	10.85559	92.12141
917.5	10.85668	92.28214
917.8125	10.86101	92.27359
918.125	10.85221	92.32579
918.4375	10.85136	92.34602
918.75	10.86391	92.13232
919.0625	10.85581	92.38239
919.375	10.84859	92.51468
919.6875	10.84902	92.47816
920	10.84811	92.35939
920.3125	10.85539	92.46756
920.625	10.85191	92.54256
920.9375	10.8507	92.61442
921.25	10.85542	92.57687
921.5625	10.85474	92.5936
921.875	10.84828	92.46181
922.1875	10.8543	92.41996
922.5	10.84702	92.40961
922.8125	10.84643	92.49672
923.125	10.846	92.4476
923.4375	10.85417	92.46213
923.75	10.85617	92.38873
924.0625	10.85626	92.38467
924.375	10.85484	92.41473
924.6875	10.86482	92.34844
925	10.86612	92.23524
925.3125	10.86624	92.25396
925.625	10.872	92.03308
925.9375	10.87803	92.02381
926.25	10.87938	91.8689
926.5625	10.8839	91.75877
926.875	10.86842	91.67643
927.1875	10.86563	91.65745
927.5	10.86775	91.37244
927.8125	10.85164	91.13155
928.125	10.83109	91.11171
928.4375	10.80984	90.87733
928.75	10.78413	90.73521
929.0625	10.76546	90.62177
929.375	10.72902	90.48015
929.6875	10.69599	90.42172
930	10.65509	90.43465
930.3125	10.62833	90.48414
930.625	10.5838	90.36005
930.9375	10.55772	90.41663
931.25	10.52516	90.51179
931.5625	10.49638	90.56073
931.875	10.46623	90.76886
932.1875	10.45207	90.72327
932.5	10.4318	90.92104
932.8125	10.42187	91.05357
933.125	10.40355	91.13291
933.4375	10.39487	91.21716
933.75	10.38693	91.27656
934.0625	10.3902	91.54299
934.375	10.3706	91.46193
934.6875	10.3647	91.48718
935	10.35739	91.60567
935.3125	10.34816	91.71561
935.625	10.35419	91.69398
935.9375	10.3422	91.80555
936.25	10.34068	92.00072
936.5625	10.34006	92.13036
936.875	10.33998	92.08979
937.1875	10.33321	91.90298
937.5	10.33297	92.06561
937.8125	10.32727	92.16523
938.125	10.32255	92.26268
938.4375	10.32437	92.27029
938.75	10.32008	92.26782
939.0625	10.32516	92.50616
939.375	10.32043	92.59877
939.6875	10.3131	92.50656
940	10.31516	92.55077
940.3125	10.32069	92.62006
940.625	10.32255	92.74314
940.9375	10.32801	92.73266
941.25	10.33076	92.89493
941.5625	10.33569	92.93268
941.875	10.34002	93.03902
942.1875	10.35927	93.08642
942.5	10.37601	93.10461
942.8125	10.38905	93.27435
943.125	10.41202	93.43005
943.4375	10.44184	93.35748
943.75	10.47418	93.33018
944.0625	10.50365	93.34736
944.375	10.54715	93.11805
944.6875	10.56637	92.86101
945	10.57035	92.46282
945.3125	10.54203	92.02999
945.625	10.50834	91.88911
945.9375	10.4722	91.89338
946.25	10.44106	92.0328
946.5625	10.42388	91.84495
946.875	10.40444	91.8026
947.1875	10.39313	92.02127
947.5	10.38613	91.93374
947.8125	10.38572	92.05449
948.125	10.36915	92.01986
948.4375	10.36265	92.04193
948.75	10.36111	92.06833
949.0625	10.35696	91.96115
949.375	10.35326	91.98564
949.6875	10.35497	92.17436
950	10.34172	92.22075
950.3125	10.34291	92.29082
950.625	10.35556	92.18012
950.9375	10.35198	92.24648
951.25	10.34515	92.20818
951.5625	10.36095	92.30064
951.875	10.35414	92.26606
952.1875	10.36311	92.31777
952.5	10.35908	92.42324
952.8125	10.35968	92.2871
953.125	10.36009	92.08194
953.4375	10.3589	92.20686
953.75	10.3619	92.11494
954.0625	10.36472	92.07191
954.375	10.36272	92.09621
954.6875	10.36286	92.18683
955	10.36668	92.0773
955.3125	10.36675	91.97623
955.625	10.36085	92.04115
955.9375	10.3533	92.03162
956.25	10.3601	92.06919
956.5625	10.35325	92.02797
956.875	10.35124	91.92493
957.1875	10.35032	91.83782
957.5	10.34134	91.77569
957.8125	10.33648	91.87463
958.125	10.32918	91.73192
958.4375	10.32507	91.72542
958.75	10.31483	91.82349
959.0625	10.30952	91.93414
959.375	10.3142	91.78511
959.6875	10.29685	91.83006
960	10.28935	91.81699
960.3125	10.28136	92.04055
960.625	10.28002	91.93392
960.9375	10.26675	91.92529
961.25	10.26208	91.94969
961.5625	10.25679	92.11972
961.875	10.25561	92.1953
962.1875	10.25818	92.05277
962.5	10.25729	92.42255
962.8125	10.25964	92.37309
963.125	10.26247	92.44152
963.4375	10.26875	92.35725
963.75	10.27072	92.50052
964.0625	10.28105	92.76465
964.375	10.29585	92.65746
964.6875	10.3013	92.74299
965	10.31211	92.57991
965.3125	10.3213	92.6958
965.625	10.33264	92.75208
965.9375	10.34797	92.75127
966.25	10.35553	92.6563
966.5625	10.35803	92.63116
966.875	10.3775	92.6329
967.1875	10.39229	92.55768
967.5	10.39612	92.60749
967.8125	10.41299	92.60809
968.125	10.42303	92.4398
968.4375	10.43118	92.39907
968.75	10.42418	92.44481
969.0625	10.43099	92.35715
969.375	10.42662	92.28353
969.6875	10.44003	92.18459
970	10.42877	92.30389
970.3125	10.43311	92.16637
970.625	10.42774	92.11848
970.9375	10.42533	92.08975
971.25	10.43346	92.02921
971.5625	10.43099	92.01149
971.875	10.43884	91.96873
972.1875	10.43817	92.05502
972.5	10.43963	92.01923
972.8125	10.44133	92.16511
973.125	10.43982	92.10545
973.4375	10.44607	91.96822
973.75	10.4442	91.97224
974.0625	10.44485	91.98827
974.375	10.452	92.04497
974.6875	10.44568	91.9414
975	10.46074	92.0668
975.3125	10.45777	91.85744
975.625	10.46354	91.82843
975.9375	10.46892	91.80231
976.25	10.46381	91.91558
976.5625	10.46762	91.83993
976.875	10.46857	91.85478
977.1875	10.48114	91.7568
977.5	10.48057	91.82613
977.8125	10.47585	91.86114
978.125	10.47731	91.8121
978.4375	10.48562	91.87646
978.75	10.48476	91.83072
979.0625	10.48461	91.69975
979.375	10.5035	91.5865
979.6875	10.50184	91.69035
980	10.49906	91.65401
980.3125	10.50325	91.60538
980.625	10.51344	91.54543
980.9375	10.50507	91.45171
981.25	10.50867	91.53179
981.5625	10.50859	91.46815
981.875	10.51263	91.48416
982.1875	10.51223	91.50431
982.5	10.52071	91.36356
982.8125	10.5092	91.35027
983.125	10.51707	91.441
983.4375	10.52229	91.48406
983.75	10.5107	91.31904
984.0625	10.5154	91.31557
984.375	10.51613	91.25316
984.6875	10.50472	91.4087
985	10.51332	91.27357
985.3125	10.50999	91.2804
985.625	10.50437	91.36347
985.9375	10.49856	91.33001
986.25	10.49946	91.31055
986.5625	10.49858	91.2627
986.875	10.49673	91.26225
987.1875	10.49377	91.29128
987.5	10.49103	91.40303
987.8125	10.4915	91.49747
988.125	10.48703	91.6093
988.4375	10.49307	91.50564
988.75	10.50495	91.70953
989.0625	10.51244	91.77045
989.375	10.52483	91.8646
989.6875	10.53823	91.8644
990	10.54766	91.90679
990.3125	10.56614	91.93448
990.625	10.56916	92.00044
990.9375	10.58859	92.08282
991.25	10.60474	92.05581
991.5625	10.61406	91.97901
991.875	10.62344	91.91277
992.1875	10.64025	92.06841
992.5	10.65318	91.85517
992.8125	10.66598	91.81737
993.125	10.68471	91.87418
993.4375	10.69557	91.91427
993.75	10.70895	91.88713
994.0625	10.72493	92.10165
994.375	10.73152	91.89209
994.6875	10.74729	91.87356
995	10.75909	91.83864
995.3125	10.7826	91.80712
995.625	10.7878	91.55354
995.9375	10.7971	91.62149
996.25	10.81319	91.58514
996.5625	10.82157	91.51198
996.875	10.834	91.50956
997.1875	10.83921	91.52952
997.5	10.8526	91.32372
997.8125	10.85896	91.24595
998.125	10.86347	91.38917
998.4375	10.87671	91.23382
998.75	10.88109	91.19086
999.0625	10.88396	91.0218
999.375	10.89584	91.2256
999.6875	10.9073	91.04794
1000	10.93401	91.74329
1000.3125	10.91916	91.06719
1000.625	10.93641	90.71642
1000.9375	10.95323	90.71249
1001.25	10.96851	90.7177
1001.5625	10.98213	90.67529
1001.875	10.98906	90.51667
1002.1875	10.98677	90.38684
1002.5	10.97933	90.08865
1002.8125	10.97752	90.12664
1003.125	10.97744	90.14085
1003.4375	10.97438	89.99981
1003.75	10.96934	90.14579
1004.0625	10.97042	90.1525
1004.375	10.96319	90.06715
1004.6875	10.96899	90.12415
1005	10.96629	90.01442
1005.3125	10.9705	89.86241
1005.625	10.97565	89.89969
1005.9375	10.97742	89.90211
1006.25	10.97049	89.9046
1006.5625	10.98254	89.82082
1006.875	10.98059	89.80092
1007.1875	10.97944	89.70099
1007.5	10.97804	89.69803
1007.8125	10.98097	89.81433
1008.125	10.99023	89.70454
1008.4375	10.9884	89.71876
1008.75	10.99723	89.8421
1009.0625	11.00567	89.78619
1009.375	11.00617	89.77291
1009.6875	11.01675	89.64958
1010	11.03015	89.88415
1010.3125	11.02531	89.96492
1010.625	11.04091	89.59982
1010.9375	11.0484	89.65387
1011.25	11.05622	89.88665
1011.5625	11.06325	89.93862
1011.875	11.07861	89.92942
1012.1875	11.08913	89.85939
1012.5	11.10199	89.81109
1012.8125	11.1121	89.69063
1013.125	11.1287	89.77482
1013.4375	11.14818	89.70703
1013.75	11.16019	89.56979
1014.0625	11.16586	89.47981
1014.375	11.18534	89.48566
1014.6875	11.19496	89.3672
1015	11.19777	89.30947
1015.3125	11.20338	89.50301
1015.625	11.22312	89.20765
1015.9375	11.23229	89.07699
1016.25	11.24069	89.14162
1016.5625	11.25067	89.23126
1016.875	11.25422	89.06074
1017.1875	11.26659	88.81555
1017.5	11.27311	88.80984
1017.8125	11.28037	88.78768
1018.125	11.28982	88.59293
1018.4375	11.29578	88.5341
1018.75	11.29957	88.51555
1019.0625	11.31093	88.3542
1019.375	11.31676	88.40302
1019.6875	11.32372	88.35999
1020	11.33446	88.28425
1020.3125	11.33853	87.97379
1020.625	11.34689	88.07909
1020.9375	11.35285	87.92832
1021.25	11.35045	87.89936
1021.5625	11.35285	87.76889
1021.875	11.3465	87.59975
1022.1875	11.34658	87.60906
1022.5	11.33972	87.37082
1022.8125	11.33304	87.22614
1023.125	11.3157	87.00383
1023.4375	11.29946	86.87614
1023.75	11.28271	86.83012
1024.0625	11.2601	86.71978
1024.375	11.23178	86.9517
1024.6875	11.21328	87.02765
1025	11.1899	87.03419
1025.3125	11.17376	87.09385
1025.625	11.15474	87.46881
1025.9375	11.16783	87.4819
1026.25	11.16661	87.59254
1026.5625	11.17642	87.55835
1026.875	11.19248	87.7711
1027.1875	11.20919	87.8114
1027.5	11.21468	87.86233
1027.8125	11.22017	87.82375
1028.125	11.23351	87.88206
1028.4375	11.24675	87.94995
1028.75	11.24193	87.86015
1029.0625	11.24692	87.83329
1029.375	11.24905	87.86026
1029.6875	11.25587	87.85949
1030	11.26937	87.81351
1030.3125	11.27577	87.93344
1030.625	11.27868	87.92688
1030.9375	11.28212	88.024
1031.25	11.2906	87.93372
1031.5625	11.2866	87.87074
1031.875	11.27997	88.12737
1032.1875	11.30782	88.20293
1032.5	11.32242	88.16089
1032.8125	11.34013	88.19482
1033.125	11.35774	88.30421
1033.4375	11.36697	88.27553
1033.75	11.37298	88.28915
1034.0625	11.38678	88.17109
1034.375	11.38915	88.29747
1034.6875	11.41251	88.30117
1035	11.42869	88.26511
1035.3125	11.43842	88.35763
1035.625	11.44169	88.29217
1035.9375	11.45885	88.22857
1036.25	11.47344	88.27153
1036.5625	11.49292	88.34348
1036.875	11.50598	88.23514
1037.1875	11.52337	88.28407
1037.5	11.5355	88.20181
1037.8125	11.54441	88.01427
1038.125	11.55585	88.19505
1038.4375	11.56979	88.14099
1038.75	11.58427	87.95869
1039.0625	11.59448	87.99606
1039.375	11.61037	88.04502
1039.6875	11.61288	88.08645
1040	11.62179	87.92131
1040.3125	11.63101	87.79277
1040.625	11.64137	87.92493
1040.9375	11.64256	87.8951
1041.25	11.66447	87.82814
1041.5625	11.6531	87.70918
1041.875	11.66651	87.80807
1042.1875	11.66884	87.88471
1042.5	11.67695	87.70551
1042.8125	11.68379	87.80147
1043.125	11.68203	87.79234
1043.4375	11.69135	87.87932
1043.75	11.6999	87.72142
1044.0625	11.70464	87.69308
1044.375	11.70882	87.92303
1044.6875	11.72067	87.89761
1045	11.7228	87.91616
1045.3125	11.73327	87.92644
1045.625	11.74507	87.94899
1045.9375	11.75446	87.86807
1046.25	11.75425	87.98389
1046.5625	11.76366	87.90103
1046.875	11.77518	88.05845
1047.1875	11.77696	88.18943
1047.5	11.78897	88.00643
1047.8125	11.8063	88.22293
1048.125	11.81507	88.21371
1048.4375	11.83686	88.20457
1048.75	11.8489	88.32211
1049.0625	11.86295	88.23339
1049.375	11.88213	88.49857
1049.6875	11.90534	88.51649
1050	11.92381	88.34859
1050.3125	11.93971	88.41207
1050.625	11.96478	88.45213
1050.9375	11.98092	88.56548
1051.25	12.00341	88.69713
1051.5625	12.03199	88.54888
1051.875	12.05784	88.60955
1052.1875	12.08253	88.70119
1052.5	12.10762	88.69764
1052.8125	12.13205	88.56458
1053.125	12.14708	88.50307
1053.4375	12.17768	88.46009
1053.75	12.19921	88.55704
1054.0625	12.21541	88.39855
1054.375	12.23994	88.1722
1054.6875	12.25851	88.26894
1055	12.28862	88.36504
1055.3125	12.30878	88.18465
1055.625	12.31809	88.23633
1055.9375	12.32342	88.09011
1056.25	12.34464	88.03139
1056.5625	12.36946	88.12556
1056.875	12.37556	87.90579
1057.1875	12.38728	87.93059
1057.5	12.39518	87.84212
1057.8125	12.41759	87.84159
1058.125	12.43703	87.75226
1058.4375	12.45425	87.91728
1058.75	12.46776	87.59827
1059.0625	12.48785	87.7138
1059.375	12.49927	87.50524
1059.6875	12.50436	87.54496
1060	12.51671	87.58795
1060.3125	12.53008	87.45481
1060.625	12.5456	87.08367
1060.9375	12.54775	87.30813
1061.25	12.56732	87.39076
1061.5625	12.57767	87.1154
1061.875	12.59028	87.41495
1062.1875	12.61024	87.25439
1062.5	12.616	87.29878
1062.8125	12.63508	87.25425
1063.125	12.64754	87.11581
1063.4375	12.65764	87.30207
1063.75	12.67302	87.15126
1064.0625	12.68413	87.1496
1064.375	12.69455	87.36253
1064.6875	12.71008	87.19547
1065	12.7198	87.1549
1065.3125	12.73679	87.05367
1065.625	12.7519	87.11581
1065.9375	12.77332	87.25308
1066.25	12.78543	87.01275
1066.5625	12.81125	87.15485
1066.875	12.8252	87.29481
1067.1875	12.84058	87.11549
1067.5	12.86267	87.12671
1067.8125	12.87765	87.13907
1068.125	12.89031	87.106
1068.4375	12.91508	87.06846
1068.75	12.93082	86.98327
1069.0625	12.94821	86.96273
1069.375	12.967	86.85844
1069.6875	12.97875	86.9615
1070	12.99978	86.96027
1070.3125	13.01427	87.06149
1070.625	13.03188	86.87423
1070.9375	13.04852	87.05717
1071.25	13.05625	86.94519
1071.5625	13.07959	87.08997
1071.875	13.10327	86.96754
1072.1875	13.11634	86.91577
1072.5	13.13779	86.79893
1072.8125	13.16263	86.9429
1073.125	13.18154	86.96957
1073.4375	13.1976	86.95622
1073.75	13.22436	86.80251
1074.0625	13.24923	86.84878
1074.375	13.26917	86.92269
1074.6875	13.28557	86.84253
1075	13.31021	86.90557
1075.3125	13.33617	86.85332
1075.625	13.34476	86.75988
1075.9375	13.37257	86.9106
1076.25	13.38889	86.71665
1076.5625	13.41953	86.70284
1076.875	13.43948	86.60131
1077.1875	13.46251	86.68016
1077.5	13.48252	86.71521
1077.8125	13.50953	86.47791
1078.125	13.53367	86.48033
1078.4375	13.55066	86.56696
1078.75	13.57239	86.3941
1079.0625	13.58799	86.26141
1079.375	13.61816	86.29117
1079.6875	13.63586	86.30013
1080	13.65663	86.25826
1080.3125	13.67528	86.2345
1080.625	13.69642	86.21356
1080.9375	13.71757	86.20782
1081.25	13.73811	85.8895
1081.5625	13.76133	86.04134
1081.875	13.78239	85.95999
1082.1875	13.80054	86.02515
1082.5	13.8191	85.91273
1082.8125	13.84606	86.12697
1083.125	13.86664	85.80421
1083.4375	13.88443	85.82266
1083.75	13.90445	85.75691
1084.0625	13.92589	85.84258
1084.375	13.94217	85.74216
1084.6875	13.96675	85.89317
1085	13.98441	85.9125
1085.3125	14.00913	85.63248
1085.625	14.02875	85.75083
1085.9375	14.05195	85.60555
1086.25	14.06617	85.55931
1086.5625	14.09189	85.55298
1086.875	14.10786	85.65018
1087.1875	14.13055	85.54575
1087.5	14.15675	85.54281
1087.8125	14.17348	85.44393
1088.125	14.20446	85.34227
1088.4375	14.22397	85.50767
1088.75	14.25723	85.57404
1089.0625	14.27529	85.49325
1089.375	14.29727	85.34719
1089.6875	14.32128	85.21448
1090	14.34546	85.25169
1090.3125	14.36959	85.26768
1090.625	14.39828	85.25327
1090.9375	14.42196	85.28676
1091.25	14.44489	85.26975
1091.5625	14.47048	85.07545
1091.875	14.4951	85.20782
1092.1875	14.52143	85.26754
1092.5	14.55227	85.14407
1092.8125	14.5719	85.14445
1093.125	14.6025	85.07751
1093.4375	14.63003	84.96153
1093.75	14.65903	84.88682
1094.0625	14.68339	84.80521
1094.375	14.70104	84.70831
1094.6875	14.72622	84.80604
1095	14.75194	84.50487
1095.3125	14.76764	84.61226
1095.625	14.79485	84.81137
1095.9375	14.81671	84.5751
1096.25	14.84406	84.47907
1096.5625	14.86737	84.61671
1096.875	14.89893	84.507
1097.1875	14.92815	84.6673
1097.5	14.94989	84.53873
1097.8125	14.97389	84.47295
1098.125	15.00506	84.29672
1098.4375	15.03161	84.52344
1098.75	15.0609	84.59052
1099.0625	15.08535	84.33842
1099.375	15.1153	84.35263
1099.6875	15.14647	84.23469
1100	15.17648	84.28533
1100.3125	15.20106	84.26616
1100.625	15.22654	84.1806
1100.9375	15.25534	84.32109
1101.25	15.28721	84.17708
1101.5625	15.31845	84.02843
1101.875	15.34451	84.22762
1102.1875	15.37707	84.20377
1102.5	15.40289	84.11009
1102.8125	15.43682	83.96143
1103.125	15.47309	84.02142
1103.4375	15.50226	83.90805
1103.75	15.5337	84.04709
1104.0625	15.5633	83.99036
1104.375	15.59973	83.96151
1104.6875	15.63022	83.85048
1105	15.66056	83.76579
1105.3125	15.69772	83.84612
1105.625	15.72477	83.84787
1105.9375	15.75846	83.58326
1106.25	15.79391	83.64587
1106.5625	15.82983	83.55936
1106.875	15.85906	83.42324
1107.1875	15.89648	83.52908
1107.5	15.92854	83.40581
1107.8125	15.9708	83.41062
1108.125	16.00101	83.41074
1108.4375	16.03321	83.21823
1108.75	16.07065	83.28611
1109.0625	16.1029	83.11663
1109.375	16.1356	82.94106
1109.6875	16.16716	82.93123
1110	16.19869	83.04211
1110.3125	16.23304	82.79803
1110.625	16.26804	82.95119
1110.9375	16.30069	82.68198
1111.25	16.33292	82.76066
1111.5625	16.36556	82.54604
1111.875	16.39978	82.64088
1112.1875	16.43969	82.48195
1112.5	16.47459	82.36578
1112.8125	16.51235	82.39768
1113.125	16.54699	82.37685
1113.4375	16.58399	82.23623
1113.75	16.61372	82.33995
1114.0625	16.65103	82.33106
1114.375	16.68819	82.00041
1114.6875	16.72331	81.89119
1115	16.76354	81.99694
1115.3125	16.79666	81.88784
1115.625	16.82743	81.62175
1115.9375	16.86664	81.69396
1116.25	16.89869	81.63535
1116.5625	16.93191	81.48273
1116.875	16.96967	81.4838
1117.1875	17.00304	81.6068
1117.5	17.03937	81.32886
1117.8125	17.07029	81.39248
1118.125	17.10762	81.41608
1118.4375	17.14458	81.08646
1118.75	17.17562	80.9193
1119.0625	17.20723	81.17603
1119.375	17.24609	80.82816
1119.6875	17.28572	80.92689
1120	17.32279	80.7044
1120.3125	17.36041	80.70351
1120.625	17.39525	80.66736
1120.9375	17.43357	80.64127
1121.25	17.47315	80.63509
1121.5625	17.5143	80.5987
1121.875	17.55353	80.50438
1122.1875	17.59242	80.15437
1122.5	17.6275	80.38847
1122.8125	17.66941	80.30493
1123.125	17.71066	80.27811
1123.4375	17.75244	80.22615
1123.75	17.79514	80.28053
1124.0625	17.83986	80.00503
1124.375	17.88131	80.14429
1124.6875	17.92532	80.09286
1125	17.96715	79.87332
1125.3125	18.01179	79.80302
1125.625	18.0528	79.79865
1125.9375	18.09583	79.78548
1126.25	18.1448	79.69767
1126.5625	18.18824	79.57582
1126.875	18.23252	79.57984
1127.1875	18.27666	79.48382
1127.5	18.32091	79.45007
1127.8125	18.36623	79.16018
1128.125	18.41436	79.23635
1128.4375	18.45621	79.2515
1128.75	18.49777	79.16592
1129.0625	18.54863	79.1196
1129.375	18.58945	78.90103
1129.6875	18.63699	78.95905
1130	18.68207	78.88808
1130.3125	18.73532	78.69638
1130.625	18.77976	78.74526
1130.9375	18.83009	78.77061
1131.25	18.8814	78.71246
1131.5625	18.93323	78.58183
1131.875	18.98491	78.5059
1132.1875	19.03897	78.44752
1132.5	19.09285	78.56915
1132.8125	19.14572	78.51212
1133.125	19.20603	78.40427
1133.4375	19.26653	78.26677
1133.75	19.32367	78.33548
1134.0625	19.38665	78.2753
1134.375	19.45331	78.29924
1134.6875	19.5241	78.22776
1135	19.59343	78.02987
1135.3125	19.66609	77.90548
1135.625	19.74226	77.87774
1135.9375	19.81208	77.88817
1136.25	19.89228	77.55325
1136.5625	19.96738	77.48964
1136.875	20.04213	77.30878
1137.1875	20.11183	77.17666
1137.5	20.18198	76.54995
1137.8125	20.24633	76.45729
1138.125	20.30948	76.25777
1138.4375	20.37017	76.10057
1138.75	20.42491	75.92583
1139.0625	20.48491	75.76987
1139.375	20.54213	75.38958
1139.6875	20.59876	75.27334
1140	20.6559	74.97289
1140.3125	20.71411	74.8234
1140.625	20.7751	74.63156
1140.9375	20.83504	74.41656
1141.25	20.89044	74.10739
1141.5625	20.95022	74.0731
1141.875	21.00803	73.86854
1142.1875	21.07128	73.42863
1142.5	21.12736	73.47864
1142.8125	21.19	73.15745
1143.125	21.24692	73.04783
1143.4375	21.30874	72.85165
1143.75	21.36879	72.49084
1144.0625	21.4262	72.31583
1144.375	21.4847	72.24112
1144.6875	21.53722	71.75193
1145	21.59372	71.7498
1145.3125	21.65076	71.5833
1145.625	21.70532	71.32303
1145.9375	21.75775	71.22935
1146.25	21.81443	70.89885
1146.5625	21.87035	70.91266
1146.875	21.92878	70.69456
1147.1875	21.98906	70.4183
1147.5	22.05143	70.34536
1147.8125	22.11557	70.04363
1148.125	22.18039	70.00566
1148.4375	22.25008	69.9185
1148.75	22.314	69.71178
1149.0625	22.38514	69.67548
1149.375	22.45699	69.41267
1149.6875	22.52528	69.34937
1150	22.60124	69.25459
1150.3125	22.67414	69.13152
1150.625	22.75114	68.89742
1150.9375	22.82894	68.66929
1151.25	22.90775	68.72281
1151.5625	22.98921	68.41139
1151.875	23.07164	68.16956
1152.1875	23.15769	68.07423
1152.5	23.24502	68.00505
1152.8125	23.33424	67.79513
1153.125	23.42767	67.58102
1153.4375	23.51979	67.34278
1153.75	23.61471	67.05264
1154.0625	23.71299	67.12601
1154.375	23.81067	66.88981
1154.6875	23.90984	66.50518
1155	24.01128	66.44076
1155.3125	24.11445	66.11538
1155.625	24.21777	65.84631
1155.9375	24.32089	65.46754
1156.25	24.42668	65.25263
1156.5625	24.52955	65.0554
1156.875	24.63358	64.62894
1157.1875	24.74221	64.37828
1157.5	24.84672	64.26888
1157.8125	24.95418	63.62541
1158.125	25.06263	63.38675
1158.4375	25.17405	62.95257
1158.75	25.28469	62.82885
1159.0625	25.39932	62.44305
1159.375	25.51167	61.96525
1159.6875	25.62942	61.69654
1160	25.74778	61.32029
1160.3125	25.86759	60.99313
1160.625	25.99102	60.80834
1160.9375	26.11634	60.2842
1161.25	26.24174	59.60122
1161.5625	26.37198	59.35449
1161.875	26.50352	58.83742
1162.1875	26.63626	58.49178
1162.5	26.76923	57.94873
1162.8125	26.90717	57.55279
1163.125	27.04758	57.04225
1163.4375	27.18776	56.65656
1163.75	27.33211	55.9405
1164.0625	27.4788	55.22653
1164.375	27.62895	54.71361
1164.6875	27.78246	54.23661
1165	27.9359	53.66275
1165.3125	28.09538	52.95555
1165.625	28.25705	52.15952
1165.9375	28.42094	51.43961
1166.25	28.58933	50.81577
1166.5625	28.75857	49.83433
1166.875	28.92867	49.12033
1167.1875	29.09876	48.15447
1167.5	29.26782	47.17966
1167.8125	29.43435	45.93129
1168.125	29.59596	44.87303
1168.4375	29.75327	43.75377
1168.75	29.9043	42.54147
1169.0625	30.04738	41.41903
1169.375	30.18711	40.32467
1169.6875	30.3212	38.99095
1170	30.45353	37.72025
1170.3125	30.58555	36.66214
1170.625	30.71919	35.46041
1170.9375	30.85312	34.23795
1171.25	30.98907	32.79158
1171.5625	31.13021	31.55764
1171.875	31.27194	30.37481
1172.1875	31.41683	28.92402
1172.5	31.56293	27.37654
1172.8125	31.70989	26.20964
1173.125	31.85928	24.69607
1173.4375	32.00838	22.99123
1173.75	32.15625	21.55962
1174.0625	32.30324	19.73444
1174.375	32.44749	18.0066
1174.6875	32.5891	16.27966
1175	32.72758	14.39277
1175.3125	32.86172	12.43268
1175.625	32.99117	10.35894
1175.9375	33.11408	8.204907
1176.25	33.2296	5.989599
1176.5625	33.33743	3.720858
1176.875	33.43552	1.308625
1177.1875	33.52251	-1.198735
1177.5	33.5968	-3.565986
1177.8125	33.65773	-6.371739
1178.125	33.70261	-8.772545
1178.4375	33.73189	-11.54427
1178.75	33.74142	-14.41683
1179.0625	33.73243	-17.0603
1179.375	33.70094	-20.01048
1179.6875	33.64706	-22.90706
1180	33.56888	-25.91127
1180.3125	33.46655	-28.64307
1180.625	33.33815	-31.61609
1180.9375	33.18341	-34.48834
1181.25	33.00401	-37.33789
1181.5625	32.79895	-40.09453
1181.875	32.57	-42.81904
1182.1875	32.31994	-45.56732
1182.5	32.0498	-47.8837
1182.8125	31.76235	-50.02539
1183.125	31.46109	-52.30874
1183.4375	31.14762	-54.34121
1183.75	30.82655	-56.20211
1184.0625	30.50197	-57.64379
1184.375	30.17299	-59.30648
1184.6875	29.84446	-60.43194
1185	29.5191	-61.93799
1185.3125	29.19621	-62.93441
1185.625	28.87871	-63.9013
1185.9375	28.56805	-64.79837
1186.25	28.26144	-65.68246
1186.5625	27.96112	-66.17932
1186.875	27.66994	-66.77433
1187.1875	27.38673	-67.27462
1187.5	27.11403	-67.62226
1187.8125	26.85105	-68.00428
1188.125	26.59861	-68.2273
1188.4375	26.36045	-68.44434
1188.75	26.1317	-68.58537
1189.0625	25.91444	-68.84896
1189.375	25.70822	-68.93964
1189.6875	25.51224	-69.15215
1190	25.3253	-69.21718
1190.3125	25.14817	-69.25752
1190.625	24.97549	-69.42473
1190.9375	24.80872	-69.45212
1191.25	24.6429	-69.65485
1191.5625	24.48316	-70.01066
1191.875	24.32481	-70.25671
1192.1875	24.16566	-70.66669
1192.5	24.00852	-70.72119
1192.8125	23.85257	-70.86984
1193.125	23.70208	-71.09799
1193.4375	23.54803	-71.30449
1193.75	23.39679	-71.61634
1194.0625	23.24553	-71.57976
1194.375	23.0962	-71.81143
1194.6875	22.9479	-72.07905
1195	22.79969	-72.30498
1195.3125	22.65236	-72.44053
1195.625	22.50092	-72.77093
1195.9375	22.35096	-72.883
1196.25	22.20525	-72.94518
1196.5625	22.05938	-73.26861
1196.875	21.90731	-73.19881
1197.1875	21.7574	-73.21529
1197.5	21.60732	-73.46396
1197.8125	21.46524	-73.35313
1198.125	21.31712	-73.5014
1198.4375	21.17627	-73.39059
1198.75	21.04131	-73.51018
1199.0625	20.90315	-73.49055
1199.375	20.77325	-73.39077
1199.6875	20.64924	-73.26887
1200	20.52729	-73.46646
1200.3125	20.40721	-73.26128
1200.625	20.28882	-73.37558
1200.9375	20.17084	-73.31599
1201.25	20.05295	-73.39597
1201.5625	19.92091	-73.55614
1201.875	19.78841	-73.39947
1202.1875	19.64759	-73.43726
1202.5	19.5086	-73.30815
1202.8125	19.38547	-73.0179
1203.125	19.27433	-72.84554
1203.4375	19.18218	-72.55735
1203.75	19.08694	-72.43911
1204.0625	18.98602	-72.41866
1204.375	18.87984	-72.33879
1204.6875	18.7659	-72.29984
1205	18.65749	-72.09257
1205.3125	18.55024	-72.06384
1205.625	18.44707	-71.88022
1205.9375	18.34466	-71.63302
1206.25	18.23992	-71.1344
1206.5625	18.14396	-71.23334
1206.875	18.04702	-71.06334
1207.1875	17.95295	-70.84836
1207.5	17.8641	-70.54823
1207.8125	17.77232	-70.37442
1208.125	17.68433	-70.20699
1208.4375	17.60154	-70.04578
1208.75	17.51821	-69.69975
1209.0625	17.43714	-69.64856
1209.375	17.35581	-69.37963
1209.6875	17.27837	-68.90212
1210	17.19858	-68.79138
1210.3125	17.12188	-68.22698
1210.625	17.05287	-68.24095
1210.9375	16.98026	-67.94832
1211.25	16.90976	-67.71845
1211.5625	16.84163	-67.23903
1211.875	16.78353	-67.05251
1212.1875	16.72165	-66.86214
1212.5	16.66418	-66.50527
1212.8125	16.60933	-66.24394
1213.125	16.55378	-65.82088
1213.4375	16.50301	-65.48863
1213.75	16.45616	-65.17309
1214.0625	16.41326	-65.04629
1214.375	16.37194	-64.41406
1214.6875	16.32029	-64.22517
1215	16.28439	-64.14421
1215.3125	16.25532	-63.77385
1215.625	16.21547	-63.35108
1215.9375	16.18389	-63.06359
1216.25	16.1616	-62.74342
1216.5625	16.137	-62.5324
1216.875	16.11094	-61.97567
1217.1875	16.10229	-61.85361
1217.5	16.08734	-61.63202
1217.8125	16.07591	-61.15599
1218.125	16.06215	-61.02979
1218.4375	16.0668	-60.84673
1218.75	16.05553	-60.47185
1219.0625	16.05383	-60.48568
1219.375	16.05562	-60.22797
1219.6875	16.05454	-60.0043
1220	16.05297	-59.97683
1220.3125	16.05911	-59.64754
1220.625	16.05863	-59.57537
1220.9375	16.06082	-59.33464
1221.25	16.06816	-59.29348
1221.5625	16.06936	-59.27866
1221.875	16.07711	-59.17964
1222.1875	16.08143	-58.97371
1222.5	16.09285	-58.97049
1222.8125	16.1034	-58.95742
1223.125	16.11245	-58.86949
1223.4375	16.12915	-58.81018
1223.75	16.13857	-58.72901
1224.0625	16.15153	-58.63052
1224.375	16.17245	-58.66583
1224.6875	16.19335	-58.64462
1225	16.21399	-58.64262
1225.3125	16.2369	-58.61308
1225.625	16.25521	-58.51765
1225.9375	16.28661	-58.64268
1226.25	16.30929	-58.69577
1226.5625	16.33779	-58.8222
1226.875	16.36228	-58.99899
1227.1875	16.39569	-58.95796
1227.5	16.42125	-59.07669
1227.8125	16.45086	-59.27767
1228.125	16.47393	-59.3647
1228.4375	16.50724	-59.6663
1228.75	16.53271	-59.9856
1229.0625	16.56326	-60.13498
1229.375	16.58829	-60.41653
1229.6875	16.61026	-60.65075
1230	16.63598	-61.05661
1230.3125	16.65931	-61.17312
1230.625	16.6771	-61.36783
1230.9375	16.70106	-61.89845
1231.25	16.71594	-62.27717
1231.5625	16.73004	-62.58015
1231.875	16.74721	-63.0993
1232.1875	16.77074	-63.4439
1232.5	16.78121	-63.80815
1232.8125	16.78894	-64.39426
1233.125	16.79705	-64.77606
1233.4375	16.79457	-65.30551
1233.75	16.79329	-66.05384
1234.0625	16.79348	-66.2271
1234.375	16.78853	-66.76374
1234.6875	16.78336	-67.24612
1235	16.76894	-67.65105
1235.3125	16.75519	-68.37557
1235.625	16.73993	-68.94096
1235.9375	16.72088	-69.25955
1236.25	16.69195	-70.07805
1236.5625	16.66326	-70.67328
1236.875	16.63293	-71.188
1237.1875	16.59518	-71.51515
1237.5	16.55747	-71.87218
1237.8125	16.5148	-72.25224
1238.125	16.47486	-72.76141
1238.4375	16.43591	-73.41416
1238.75	16.39231	-73.90695
1239.0625	16.35049	-74.16212
1239.375	16.30473	-74.59061
1239.6875	16.26061	-75.16636
1240	16.21343	-75.60466
1240.3125	16.16355	-75.84523
1240.625	16.11005	-76.44563
1240.9375	16.06503	-76.77863
1241.25	16.00742	-76.97318
1241.5625	15.95664	-77.64966
1241.875	15.90497	-77.97089
1242.1875	15.85062	-78.33174
1242.5	15.79129	-78.69631
1242.8125	15.73541	-79.34962
1243.125	15.66598	-79.36526
1243.4375	15.60655	-79.79147
1243.75	15.54723	-80.18777
1244.0625	15.47485	-80.60712
1244.375	15.40619	-80.86369
1244.6875	15.3409	-81.17233
1245	15.27123	-81.4075
1245.3125	15.21031	-81.63554
1245.625	15.14561	-81.99637
1245.9375	15.07283	-82.23053
1246.25	15.01256	-82.36116
1246.5625	14.95667	-82.55846
1246.875	14.89769	-82.79067
1247.1875	14.84448	-82.92386
1247.5	14.77921	-83.22929
1247.8125	14.72927	-83.34302
1248.125	14.67578	-83.63992
1248.4375	14.6206	-83.74706
1248.75	14.56065	-83.95668
1249.0625	14.49992	-84.23379
1249.375	14.45464	-84.28543
1249.6875	14.40937	-84.35314
1250	14.36785	-84.36098
1250.3125	14.30754	-84.62691
1250.625	14.26107	-84.88535
1250.9375	14.21247	-84.94215
1251.25	14.16814	-85.03755
1251.5625	14.13174	-85.42816
1251.875	14.07275	-85.56345
1252.1875	14.04159	-85.69011
1252.5	13.98992	-85.99326
1252.8125	13.94198	-86.15689
1253.125	13.8891	-86.4045
1253.4375	13.84416	-86.62611
1253.75	13.78755	-86.80797
1254.0625	13.73785	-87.06907
1254.375	13.68407	-87.25494
1254.6875	13.63346	-87.54579
1255	13.583	-87.97065
1255.3125	13.53191	-88.12411
1255.625	13.48022	-88.13905
1255.9375	13.41633	-88.42455
1256.25	13.3662	-88.81242
1256.5625	13.31553	-88.97333
1256.875	13.25098	-89.0793
1257.1875	13.19231	-89.20759
1257.5	13.13001	-89.39113
1257.8125	13.07572	-89.47322
1258.125	13.01315	-89.75612
1258.4375	12.95699	-89.92446
1258.75	12.89936	-89.91811
1259.0625	12.84148	-90.33354
1259.375	12.78149	-90.51059
1259.6875	12.72851	-90.61217
1260	12.67191	-90.59116
1260.3125	12.60799	-90.76302
1260.625	12.55645	-90.99352
1260.9375	12.49706	-90.98244
1261.25	12.45303	-91.19849
1261.5625	12.3874	-91.43371
1261.875	12.33069	-91.44518
1262.1875	12.27518	-91.55078
1262.5	12.21942	-91.6425
1262.8125	12.15684	-91.68626
1263.125	12.1118	-91.94249
1263.4375	12.05992	-91.71778
1263.75	12.00673	-92.04111
1264.0625	11.95255	-92.00088
1264.375	11.89854	-92.13106
1264.6875	11.84373	-92.27776
1265	11.80282	-92.25536
1265.3125	11.75867	-92.55755
1265.625	11.70646	-92.26741
1265.9375	11.66622	-92.75179
1266.25	11.62961	-92.75848
1266.5625	11.58078	-92.72944
1266.875	11.53085	-93.06705
1267.1875	11.48676	-93.09941
1267.5	11.44414	-93.17113
1267.8125	11.39746	-93.60261
1268.125	11.34926	-93.62435
1268.4375	11.2982	-93.61365
1268.75	11.25021	-93.87244
1269.0625	11.19247	-93.9603
1269.375	11.1466	-94.03153
1269.6875	11.09398	-94.17039
1270	11.03037	-94.30753
1270.3125	10.99314	-94.55817
1270.625	10.93019	-94.62285
1270.9375	10.8753	-94.81117
1271.25	10.82973	-94.74014
1271.5625	10.78667	-95.02263
1271.875	10.72648	-95.14497
1272.1875	10.68027	-95.19363
1272.5	10.62413	-95.29198
1272.8125	10.57545	-95.25735
1273.125	10.52809	-95.35435
1273.4375	10.46477	-95.55846
1273.75	10.42157	-95.65596
1274.0625	10.36359	-95.94475
1274.375	10.32374	-95.87222
1274.6875	10.2615	-95.87691
1275	10.22379	-95.69325
1275.3125	10.16794	-96.11689
1275.625	10.12439	-96.11925
1275.9375	10.07776	-96.04946
1276.25	10.02838	-96.09574
1276.5625	9.989761	-96.42837
1276.875	9.942731	-96.47694
1277.1875	9.898974	-96.33967
1277.5	9.85099	-96.55983
1277.8125	9.808582	-96.76494
1278.125	9.757815	-96.5947
1278.4375	9.728906	-96.71449
1278.75	9.689655	-96.70873
1279.0625	9.643298	-96.73405
1279.375	9.619749	-96.77264
1279.6875	9.575685	-96.90112
1280	9.541186	-97.31519
1280.3125	9.508326	-96.85857
1280.625	9.469046	-97.06298
1280.9375	9.452747	-97.60287
1281.25	9.399281	-97.51112
1281.5625	9.371844	-97.46803
1281.875	9.333761	-97.87358
1282.1875	9.286408	-98.12289
1282.5	9.254633	-98.04462
1282.8125	9.219582	-98.41631
1283.125	9.175142	-98.38608
1283.4375	9.114714	-98.76471
1283.75	9.081549	-98.77218
1284.0625	9.041089	-98.82569
1284.375	9.008733	-98.87254
1284.6875	8.960421	-99.20194
1285	8.90539	-99.4349
1285.3125	8.880001	-99.55417
1285.625	8.826654	-99.62768
1285.9375	8.780934	-99.72261
1286.25	8.734981	-99.94376
1286.5625	8.68365	-100.4211
1286.875	8.62423	-100.3877
1287.1875	8.583797	-100.2229
1287.5	8.545533	-100.529
1287.8125	8.508883	-100.7836
1288.125	8.464027	-100.8812
1288.4375	8.409029	-100.9689
1288.75	8.362437	-100.8918
1289.0625	8.32621	-101.2823
1289.375	8.271321	-101.5521
1289.6875	8.231771	-101.7215
1290	8.184254	-101.6981
1290.3125	8.133968	-101.9626
1290.625	8.102151	-101.8962
1290.9375	8.059927	-102.1217
1291.25	8.007902	-102.4674
1291.5625	7.962005	-102.8314
1291.875	7.906024	-102.7556
1292.1875	7.849236	-102.9878
1292.5	7.801079	-103.277
1292.8125	7.743477	-103.4471
1293.125	7.692128	-103.5882
1293.4375	7.621853	-103.9478
1293.75	7.58091	-103.9506
1294.0625	7.507819	-103.9909
1294.375	7.463242	-104.1853
1294.6875	7.416174	-104.2282
1295	7.37079	-104.4717
1295.3125	7.318053	-104.4996
1295.625	7.274003	-104.4632
1295.9375	7.234578	-104.5887
1296.25	7.183043	-104.8413
1296.5625	7.122428	-104.9928
1296.875	7.110767	-104.9412
1297.1875	7.047203	-104.91
1297.5	7.004911	-105.3544
1297.8125	6.978764	-105.5051
1298.125	6.922454	-105.6212
1298.4375	6.909598	-105.5335
1298.75	6.858759	-105.9508
1299.0625	6.82168	-106.2373
1299.375	6.800341	-106.3272
1299.6875	6.746426	-106.7375
1300	6.731025	-106.9783
1300.3125	6.672855	-106.8937
1300.625	6.635839	-107.3852
1300.9375	6.597486	-107.8231
1301.25	6.571012	-107.7908
1301.5625	6.538286	-108.1678
1301.875	6.499001	-108.6791
1302.1875	6.455096	-109.1075
1302.5	6.420494	-109.1968
1302.8125	6.396977	-109.3746
1303.125	6.35599	-109.9173
1303.4375	6.31861	-110.2057
1303.75	6.279625	-110.5933
1304.0625	6.23205	-111.0223
1304.375	6.177843	-111.5481
1304.6875	6.156587	-111.8621
1305	6.108482	-112.4905
1305.3125	6.042386	-113.0623
1305.625	6.003952	-113.4279
1305.9375	5.949207	-113.8517
1306.25	5.895524	-114.461
1306.5625	5.843197	-115.1438
1306.875	5.773057	-116.0579
1307.1875	5.699415	-116.3821
1307.5	5.628911	-116.8833
1307.8125	5.565477	-117.4455
1308.125	5.476646	-118.3557
1308.4375	5.403003	-118.6424
1308.75	5.296459	-119.2786
1309.0625	5.186774	-119.8088
1309.375	5.077227	-120.5797
1309.6875	4.966732	-120.8677
1310	4.819081	-121.4975
1310.3125	4.665882	-121.8857
1310.625	4.492283	-122.2464
1310.9375	4.311004	-122.3133
1311.25	4.135656	-122.3867
1311.5625	3.941096	-121.9053
1311.875	3.739642	-122.1041
1312.1875	3.543449	-121.6459
1312.5	3.396696	-120.8019
1312.8125	3.198168	-120.0966
1313.125	3.023777	-119.7089
1313.4375	2.868881	-118.8725
1313.75	2.745275	-118.526
1314.0625	2.664249	-118.1191
1314.375	2.558528	-117.9192
1314.6875	2.492899	-117.4517
1315	2.433144	-117.2684
1315.3125	2.329738	-117.1557
1315.625	2.285116	-117.1654
1315.9375	2.206346	-116.7712
1316.25	2.160772	-117.293
1316.5625	2.090032	-116.9602
1316.875	2.035723	-117.2335
1317.1875	1.969291	-117.3349
1317.5	1.903336	-117.3016
1317.8125	1.856508	-116.9857
1318.125	1.793043	-117.1919
1318.4375	1.744762	-117.6346
1318.75	1.630027	-117.2247
1319.0625	1.608621	-117.1383
1319.375	1.547342	-117.1091
1319.6875	1.467498	-116.9596
1320	1.377929	-117.1352
1320.3125	1.325498	-116.6794
1320.625	1.259728	-116.1881
1320.9375	1.209963	-116.1549
1321.25	1.141286	-115.7262
1321.5625	1.085453	-115.596
1321.875	1.036004	-115.1861
1322.1875	0.9997647	-115.2699
1322.5	0.9772408	-114.7387
1322.8125	0.9374423	-114.7508
1323.125	0.9412664	-114.7184
1323.4375	0.872647	-114.2242
1323.75	0.8706934	-114.1192
1324.0625	0.8687702	-114.2628
1324.375	0.8515482	-113.9811
1324.6875	0.8609033	-113.9508
1325	0.8358777	-114.928
1325.3125	0.8400062	-114.9172
1325.625	0.8767226	-115.083
1325.9375	0.9128006	-115.4238
1326.25	0.9258353	-116.4292
1326.5625	0.9241505	-116.2102
1326.875	0.9207053	-116.8204
1327.1875	0.913523	-117.7636
1327.5	0.8929539	-118.5009
1327.8125	0.8875064	-118.4
1328.125	0.8578327	-119.3659
1328.4375	0.8311666	-119.4093
1328.75	0.754042	-119.5015
1329.0625	0.7085187	-119.819
1329.375	0.6333646	-120.4194
1329.6875	0.5680443	-120.4047
1330	0.4761782	-119.9497
1330.3125	0.4365338	-120.2781
1330.625	0.3384589	-119.6715
1330.9375	0.2613241	-119.4845
1331.25	0.1372813	-118.6106
1331.5625	0.03886509	-118.5663
1331.875	-0.04461391	-118.4285
1332.1875	-0.1462447	-117.107
1332.5	-0.2188408	-116.9443
1332.8125	-0.3198441	-117.1739
1333.125	-0.4043456	-116.0841
1333.4375	-0.5092785	-115.6629
1333.75	-0.597372	-116.0066
1334.0625	-0.7057966	-115.867
1334.375	-0.7800574	-115.9942
1334.6875	-0.8162982	-115.8752
1335	-0.963831	-115.6634
1335.3125	-1.006268	-116.5723
1335.625	-1.107754	-116.7038
1335.9375	-1.107109	-117.1218
1336.25	-1.19915	-117.3176
1336.5625	-1.234156	-117.8052
1336.875	-1.315616	-118.0624
1337.1875	-1.396072	-119.0386
1337.5	-1.430448	-119.1907
1337.8125	-1.479648	-119.2742
1338.125	-1.5413	-119.8442
1338.4375	-1.571007	-120.2205
1338.75	-1.630954	-120.59
1339.0625	-1.717264	-120.5604
1339.375	-1.738308	-121.0829
1339.6875	-1.718625	-121.6878
1340	-1.743856	-122.7259
1340.3125	-1.740512	-122.908
1340.625	-1.819252	-123.3682
1340.9375	-1.780549	-124.2521
1341.25	-1.850918	-124.9389
1341.5625	-1.854361	-125.8588
1341.875	-1.887032	-126.8664
1342.1875	-1.848316	-127.5289
1342.5	-1.859382	-128.8976
1342.8125	-1.880871	-129.6766
1343.125	-1.821926	-131.5522
1343.4375	-1.849533	-132.5415
1343.75	-1.818309	-133.3682
1344.0625	-1.771717	-134.7375
1344.375	-1.733296	-136.2982
1344.6875	-1.645659	-138.4956
1345	-1.640711	-139.3273
1345.3125	-1.578791	-141.7884
1345.625	-1.556493	-143.542
1345.9375	-1.522605	-145.8877
1346.25	-1.511285	-147.4113
1346.5625	-1.52329	-149.6184
1346.875	-1.48854	-152.5327
1347.1875	-1.525695	-154.1453
1347.5	-1.5362	-155.0683
1347.8125	-1.521757	-157.4014
1348.125	-1.518963	-158.8111
1348.4375	-1.552573	-161.3996
1348.75	-1.557016	-163.6754
1349.0625	-1.528468	-165.6842
1349.375	-1.549069	-166.8404
1349.6875	-1.533543	-169.1211
1350	-1.496225	-171.5499
1350.3125	-1.476132	-172.8947
1350.625	-1.4728	-175.23
1350.9375	-1.445626	-178.1744
1351.25	-1.442423	179.4933
1351.5625	-1.417328	176.8776
1351.875	-1.415862	174.8866
1352.1875	-1.371053	171.21
1352.5	-1.295386	169.5086
1352.8125	-1.265426	166.9059
1353.125	-1.141954	164.9529
1353.4375	-1.196907	161.8655
1353.75	-1.072048	159.7211
1354.0625	-1.026131	156.8206
1354.375	-0.9251028	155.3239
1354.6875	-0.8631281	152.9767
1355	-0.8012755	150.6727
1355.3125	-0.7314866	148.0978
1355.625	-0.6640654	145.5936
1355.9375	-0.557663	143.9405
1356.25	-0.4879361	141.3288
1356.5625	-0.4011553	138.8333
1356.875	-0.3144743	136.8953
1357.1875	-0.2175162	135.5125
1357.5	-0.1561551	133.3287
1357.8125	-0.05173779	131.6275
1358.125	0.02899045	130.3477
1358.4375	0.1464096	128.7876
1358.75	0.2196043	126.7597
1359.0625	0.2934608	125.8069
1359.375	0.3951772	123.7451
1359.6875	0.5120783	122.5245
1360	0.5782978	121.4274
1360.3125	0.6662825	120.0153
1360.625	0.771192	118.2829
1360.9375	0.8738316	117.6359
1361.25	0.9620292	116.1059
1361.5625	1.105206	114.7133
1361.875	1.190065	113.85
1362.1875	1.323984	113.0041
1362.5	1.4688	111.4743
1362.8125	1.62368	110.8405
1363.125	1.719202	109.4882
1363.4375	1.904801	108.6777
1363.75	2.035852	107.035
1364.0625	2.192784	105.9982
1364.375	2.36	104.6917
1364.6875	2.545653	103.3133
1365	2.684476	101.2677
1365.3125	2.819805	99.86115
1365.625	3.034696	97.94225
1365.9375	3.159604	96.13471
1366.25	3.275673	94.2844
1366.5625	3.393804	92.03378
1366.875	3.454722	90.0414
1367.1875	3.498551	87.5344
1367.5	3.548848	85.58479
1367.8125	3.493151	83.6163
1368.125	3.449173	81.37115
1368.4375	3.374846	79.93681
1368.75	3.2884	78.84045
1369.0625	3.237242	78.48998
1369.375	3.13865	78.01324
1369.6875	3.140728	78.36179
1370	3.091077	78.51464
1370.3125	3.145885	79.06083
1370.625	3.192385	79.23368
1370.9375	3.339801	79.93707
1371.25	3.452012	80.23635
1371.5625	3.615202	80.95366
1371.875	3.794996	81.20137
1372.1875	3.994858	81.68417
1372.5	4.202791	81.70831
1372.8125	4.409352	82.11267
1373.125	4.65715	82.34318
1373.4375	4.855984	82.56995
1373.75	5.104034	82.38322
1374.0625	5.368809	82.22952
1374.375	5.585877	82.09797
1374.6875	5.884333	82.32356
1375	6.104493	81.88107
1375.3125	6.366935	81.47346
1375.625	6.629457	81.06007
1375.9375	6.895556	80.74394
1376.25	7.132636	80.74728
1376.5625	7.401006	80.11597
1376.875	7.655492	79.51601
1377.1875	7.924122	78.84719
1377.5	8.178571	78.42151
1377.8125	8.439104	77.70517
1378.125	8.70958	77.03486
1378.4375	8.973966	75.99522
1378.75	9.247013	75.90682
1379.0625	9.520721	74.71541
1379.375	9.781396	74.17462
1379.6875	10.05262	73.10002
1380	10.33359	72.12007
1380.3125	10.61503	71.18579
1380.625	10.8864	70.59116
1380.9375	11.17675	69.10175
1381.25	11.46681	68.02837
1381.5625	11.76113	67.08721
1381.875	12.05965	66.02425
1382.1875	12.3598	64.63391
1382.5	12.69788	63.50054
1382.8125	13.01681	62.15552
1383.125	13.35528	60.64778
1383.4375	13.70523	58.97038
1383.75	14.05751	57.36643
1384.0625	14.42325	55.58287
1384.375	14.80512	53.72355
1384.6875	15.18692	51.66251
1385	15.58031	49.04093
1385.3125	15.97832	46.56345
1385.625	16.38149	43.52017
1385.9375	16.78763	40.21579
1386.25	17.18227	36.46836
1386.5625	17.568	32.61411
1386.875	17.93736	28.14086
1387.1875	18.27807	23.71603
1387.5	18.58097	18.2335
1387.8125	18.83897	12.71324
1388.125	19.02549	6.240674
1388.4375	19.13047	-0.3716686
1388.75	19.1251	-7.481983
1389.0625	18.99497	-14.99785
1389.375	18.70584	-22.81523
1389.6875	18.24359	-30.53351
1390	17.58876	-38.0167
1390.3125	16.76982	-44.65194
1390.625	15.80391	-50.31837
1390.9375	14.77527	-55.0509
1391.25	13.73733	-58.28899
1391.5625	12.74144	-60.73333
1391.875	11.79389	-62.54274
1392.1875	10.90729	-63.53202
1392.5	10.07835	-64.7057
1392.8125	9.288565	-65.79712
1393.125	8.50843	-66.45258
1393.4375	7.729461	-67.46441
1393.75	6.985078	-67.99416
1394.0625	6.243889	-68.61103
1394.375	5.505428	-68.71574
1394.6875	4.827434	-68.97893
1395	4.193665	-68.79527
1395.3125	3.606731	-67.854
1395.625	3.05385	-67.45545
1395.9375	2.566943	-66.18295
1396.25	2.162965	-63.51296
1396.5625	1.819365	-60.80408
1396.875	1.634296	-54.10659
1397.1875	1.525875	-46.05879
1397.5	1.563319	-30.50539
1397.8125	1.682237	-10.11787
1398.125	1.877215	15.73401
1398.4375	2.096539	34.85097
1398.75	2.358865	45.78602
1399.0625	2.62247	53.75343
1399.375	2.900753	57.92751
1399.6875	3.173389	60.94998
1400	3.470364	62.40804
1400.3125	3.735188	63.51318
1400.625	4.018467	63.66837
1400.9375	4.331338	64.28069
1401.25	4.645555	64.28144
1401.5625	4.985816	64.33572
1401.875	5.356897	64.31016
1402.1875	5.703063	63.65239
1402.5	6.062111	63.50118
1402.8125	6.446782	62.72688
1403.125	6.852931	62.14875
1403.4375	7.208087	61.45623
1403.75	7.57299	60.96904
1404.0625	7.908146	59.88476
1404.375	8.223414	59.24825
1404.6875	8.527172	57.9572
1405	8.799259	57.058
1405.3125	9.080157	56.00702
1405.625	9.343553	55.36571
1405.9375	9.585691	54.48447
1406.25	9.827513	53.99409
1406.5625	10.04518	52.62383
1406.875	10.25245	51.83554
1407.1875	10.47091	51.45275
1407.5	10.67266	50.98092
1407.8125	10.88964	50.33064
1408.125	11.09219	49.79303
1408.4375	11.29375	48.84172
1408.75	11.4826	48.23227
1409.0625	11.66102	47.90087
1409.375	11.85461	47.47362
1409.6875	12.04797	46.66486
1410	12.23492	46.38342
1410.3125	12.42859	45.59509
1410.625	12.61685	45.24069
1410.9375	12.8082	44.66238
1411.25	12.9922	44.06567
1411.5625	13.20622	43.24452
1411.875	13.38827	42.80266
1412.1875	13.5805	42.16525
1412.5	13.77265	41.53087
1412.8125	13.98447	40.93594
1413.125	14.18669	40.09147
1413.4375	14.41848	39.43809
1413.75	14.62296	38.49674
1414.0625	14.83277	37.74947
1414.375	15.052	37.18877
1414.6875	15.27398	36.18315
1415	15.49877	35.23367
1415.3125	15.70646	33.87593
1415.625	15.91708	33.03058
1415.9375	16.11593	31.86702
1416.25	16.3172	30.16471
1416.5625	16.51219	29.0382
1416.875	16.71121	27.84198
1417.1875	16.87953	26.23447
1417.5	17.05002	24.66098
1417.8125	17.20128	22.9209
1418.125	17.35189	21.59451
1418.4375	17.487	19.87005
1418.75	17.61595	18.46884
1419.0625	17.73004	16.48058
1419.375	17.83346	15.05062
1419.6875	17.93262	13.22423
1420	18.01566	11.77394
1420.3125	18.10056	9.827375
1420.625	18.17048	8.143612
1420.9375	18.23417	6.363245
1421.25	18.29063	4.685501
1421.5625	18.33499	3.257667
1421.875	18.37147	1.260557
1422.1875	18.40036	-0.265897
1422.5	18.41742	-2.179483
1422.8125	18.41788	-3.665918
1423.125	18.40939	-5.730926
1423.4375	18.38312	-7.307172
1423.75	18.34702	-8.940338
1424.0625	18.29921	-10.35775
1424.375	18.25222	-12.19446
1424.6875	18.18351	-13.7425
1425	18.11323	-15.10725
1425.3125	18.03152	-16.30588
1425.625	17.93956	-17.87182
1425.9375	17.83851	-19.30166
1426.25	17.73789	-20.5119
1426.5625	17.64336	-21.27244
1426.875	17.53881	-22.16844
1427.1875	17.43281	-23.27493
1427.5	17.33089	-24.03005
1427.8125	17.23883	-25.16336
1428.125	17.14765	-25.92238
1428.4375	17.06644	-26.77746
1428.75	16.98361	-27.36407
1429.0625	16.9076	-28.16893
1429.375	16.83053	-29.01093
1429.6875	16.75616	-29.53596
1430	16.67728	-30.2646
1430.3125	16.58928	-31.35961
1430.625	16.50657	-31.84846
1430.9375	16.42252	-32.26135
1431.25	16.34699	-33.01003
1431.5625	16.2646	-33.36325
1431.875	16.19376	-33.87025
1432.1875	16.12227	-34.41711
1432.5	16.05166	-34.9494
1432.8125	15.9788	-35.6077
1433.125	15.91428	-35.9467
1433.4375	15.86096	-36.31903
1433.75	15.80294	-36.88815
1434.0625	15.7526	-37.45713
1434.375	15.67976	-37.85332
1434.6875	15.62742	-38.34565
1435	15.56532	-38.54219
1435.3125	15.50737	-39.20211
1435.625	15.44935	-39.46684
1435.9375	15.39111	-39.86663
1436.25	15.33779	-40.35207
1436.5625	15.27817	-40.97224
1436.875	15.22576	-41.1637
1437.1875	15.17727	-41.45976
1437.5	15.13439	-41.5663
1437.8125	15.08978	-42.16387
1438.125	15.04645	-42.49707
1438.4375	14.99443	-42.93315
1438.75	14.95757	-43.26413
1439.0625	14.91433	-43.76921
1439.375	14.88161	-44.12063
1439.6875	14.83453	-44.19592
1440	14.79574	-44.60432
1440.3125	14.75031	-45.16073
1440.625	14.70564	-45.59914
1440.9375	14.66096	-45.84286
1441.25	14.62198	-46.09126
1441.5625	14.59083	-46.49345
1441.875	14.54186	-46.73869
1442.1875	14.5001	-46.86169
1442.5	14.46416	-47.45377
1442.8125	14.42053	-47.97463
1443.125	14.36511	-48.43804
1443.4375	14.31414	-48.55593
1443.75	14.26592	-48.9411
1444.0625	14.21212	-49.61492
1444.375	14.16492	-49.71743
1444.6875	14.11108	-50.08705
1445	14.06337	-50.30524
1445.3125	14.00104	-50.63894
1445.625	13.95032	-50.96988
1445.9375	13.89601	-51.21458
1446.25	13.83333	-51.26471
1446.5625	13.78455	-51.5598
1446.875	13.72275	-51.87091
1447.1875	13.67361	-52.0486
1447.5	13.62446	-52.24339
1447.8125	13.5682	-52.04174
1448.125	13.5316	-52.44244
1448.4375	13.47727	-52.71903
1448.75	13.43257	-52.746
1449.0625	13.38629	-52.80026
1449.375	13.34408	-52.92633
1449.6875	13.31794	-52.89653
1450	13.27406	-53.23683
1450.3125	13.24984	-53.1602
1450.625	13.2111	-53.49489
1450.9375	13.19172	-53.37977
1451.25	13.15119	-53.45591
1451.5625	13.1238	-53.4244
1451.875	13.09578	-53.8614
1452.1875	13.07125	-54.07892
1452.5	13.05096	-54.04242
1452.8125	13.03459	-54.02316
1453.125	13.00052	-54.45719
1453.4375	12.98203	-54.50828
1453.75	12.95703	-54.29419
1454.0625	12.9371	-54.53384
1454.375	12.9234	-54.94238
1454.6875	12.91174	-54.87586
1455	12.89305	-54.89721
1455.3125	12.8808	-55.04927
1455.625	12.86702	-55.58686
1455.9375	12.85006	-55.54632
1456.25	12.82657	-55.71436
1456.5625	12.819	-55.68596
1456.875	12.78688	-55.81863
1457.1875	12.75741	-56.35536
1457.5	12.73228	-56.71558
1457.8125	12.71863	-56.68318
1458.125	12.68238	-56.9582
1458.4375	12.66082	-57.30583
1458.75	12.61899	-57.21909
1459.0625	12.59235	-57.45058
1459.375	12.55988	-57.75377
1459.6875	12.5222	-57.86489
1460	12.49883	-57.73457
1460.3125	12.48209	-57.86015
1460.625	12.45621	-57.72926
1460.9375	12.45669	-58.07568
1461.25	12.43284	-58.19547
1461.5625	12.42061	-58.62842
1461.875	12.38605	-58.53477
1462.1875	12.36137	-58.86616
1462.5	12.34037	-58.94748
1462.8125	12.31462	-59.245
1463.125	12.30093	-59.07335
1463.4375	12.27403	-59.17935
1463.75	12.25163	-59.4147
1464.0625	12.23246	-59.67864
1464.375	12.20341	-59.5521
1464.6875	12.18646	-59.68941
1465	12.1737	-59.62873
1465.3125	12.13605	-60.02837
1465.625	12.12287	-60.06593
1465.9375	12.11736	-60.202
1466.25	12.08779	-60.54164
1466.5625	12.07139	-60.45922
1466.875	12.05016	-60.55797
1467.1875	12.04197	-60.59562
1467.5	12.02013	-60.60494
1467.8125	12.01956	-60.76949
1468.125	11.99111	-61.03876
1468.4375	11.96466	-61.13614
1468.75	11.95387	-61.27493
1469.0625	11.93098	-61.13753
1469.375	11.91635	-61.29218
1469.6875	11.9074	-61.62062
1470	11.89371	-61.26934
1470.3125	11.88285	-61.87933
1470.625	11.85323	-61.88966
1470.9375	11.85373	-62.13726
1471.25	11.83262	-61.76585
1471.5625	11.81959	-62.25454
1471.875	11.80951	-62.36422
1472.1875	11.7923	-62.47633
1472.5	11.77207	-62.43324
1472.8125	11.77136	-62.47121
1473.125	11.74198	-62.71309
1473.4375	11.72241	-62.55689
1473.75	11.71387	-62.79908
1474.0625	11.69922	-62.83133
1474.375	11.69742	-63.36488
1474.6875	11.67055	-62.95284
1475	11.67298	-63.22818
1475.3125	11.66468	-63.21034
1475.625	11.64721	-63.33371
1475.9375	11.62998	-63.40279
1476.25	11.62959	-63.5782
1476.5625	11.60951	-63.59833
1476.875	11.6041	-64.14919
1477.1875	11.585	-64.15128
1477.5	11.57762	-63.98006
1477.8125	11.57095	-64.0535
1478.125	11.55132	-64.39704
1478.4375	11.54191	-64.39405
1478.75	11.53182	-64.21769
1479.0625	11.52228	-64.49748
1479.375	11.50217	-64.77911
1479.6875	11.50035	-64.87115
1480	11.50074	-64.80867
1480.3125	11.48308	-64.87821
1480.625	11.46555	-65.46194
1480.9375	11.45089	-65.23749
1481.25	11.44909	-65.40324
1481.5625	11.43808	-65.27565
1481.875	11.43257	-65.33363
1482.1875	11.40947	-65.76174
1482.5	11.39737	-65.76506
1482.8125	11.38518	-65.87205
1483.125	11.36156	-66.19333
1483.4375	11.35638	-66.32555
1483.75	11.32908	-66.43676
1484.0625	11.31998	-66.56416
1484.375	11.3048	-66.41462
1484.6875	11.27287	-66.86392
1485	11.256	-66.75134
1485.3125	11.239	-66.81815
1485.625	11.22538	-66.98787
1485.9375	11.20505	-67.07016
1486.25	11.20106	-66.99271
1486.5625	11.18594	-66.96366
1486.875	11.15365	-67.17762
1487.1875	11.14569	-67.14888
1487.5	11.1221	-67.34886
1487.8125	11.1036	-67.39881
1488.125	11.08551	-67.31276
1488.4375	11.05497	-67.14069
1488.75	11.04752	-67.26942
1489.0625	11.03957	-67.27318
1489.375	11.04657	-67.15048
1489.6875	11.0469	-67.39643
1490	11.04217	-67.3647
1490.3125	11.04462	-67.14338
1490.625	11.05161	-67.20007
1490.9375	11.05631	-67.09169
1491.25	11.05257	-67.3886
1491.5625	11.0563	-67.48908
1491.875	11.05122	-67.4464
1492.1875	11.05555	-67.0487
1492.5	11.05229	-67.87817
1492.8125	11.06901	-67.60226
1493.125	11.06271	-67.55605
1493.4375	11.07309	-67.7544
1493.75	11.06672	-68.16275
1494.0625	11.05072	-67.91168
1494.375	11.06279	-67.78197
1494.6875	11.07351	-67.76163
1495	11.0732	-68.21658
1495.3125	11.05857	-68.26799
1495.625	11.07133	-68.27145
1495.9375	11.06966	-68.48282
1496.25	11.06827	-68.7132
1496.5625	11.05616	-68.56184
1496.875	11.05799	-68.73991
1497.1875	11.06376	-69.04538
1497.5	11.07008	-69.25831
1497.8125	11.04578	-69.19145
1498.125	11.05413	-69.10884
1498.4375	11.05363	-69.29446
1498.75	11.03123	-69.58578
1499.0625	11.03708	-69.65617
1499.375	11.01902	-69.38726
1499.6875	11.0164	-69.64609
1500	11.01342	-69.37415
1500.3125	10.99802	-69.55766
1500.625	10.99385	-69.65108
1500.9375	10.99089	-69.60051
1501.25	10.98983	-69.48671
1501.5625	11.00219	-69.91203
1501.875	11.00341	-69.89069
1502.1875	11.02262	-69.53598
1502.5	11.03279	-69.5699
1502.8125	11.07227	-69.95054
1503.125	11.07911	-69.6021
1503.4375	11.11018	-69.71169
1503.75	11.13109	-70.05355
1504.0625	11.16303	-70.03985
1504.375	11.18192	-70.29178
1504.6875	11.20454	-70.54136
1505	11.23575	-70.57845
1505.3125	11.23956	-71.02306
1505.625	11.25175	-71.35486
1505.9375	11.25861	-71.76189
1506.25	11.26358	-72.03052
1506.5625	11.24231	-72.13339
1506.875	11.23989	-72.6553
1507.1875	11.23135	-72.79966
1507.5	11.20629	-73.08424
1507.8125	11.18132	-73.12614
1508.125	11.15986	-73.93488
1508.4375	11.13413	-73.67329
1508.75	11.11078	-73.79407
1509.0625	11.09178	-74.0974
1509.375	11.07475	-73.98339
1509.6875	11.04285	-74.26049
1510	11.02576	-74.35239
1510.3125	10.98976	-74.31442
1510.625	10.9777	-74.27282
1510.9375	10.95834	-74.52152
1511.25	10.9551	-74.48068
1511.5625	10.93017	-74.70211
1511.875	10.92268	-74.63184
1512.1875	10.90806	-74.33176
1512.5	10.89241	-74.27802
1512.8125	10.89712	-74.30467
1513.125	10.87845	-74.46107
1513.4375	10.86916	-74.2485
1513.75	10.87585	-74.38358
1514.0625	10.86165	-74.1318
1514.375	10.85908	-74.17822
1514.6875	10.86091	-74.4313
1515	10.88003	-74.39039
1515.3125	10.87977	-73.98524
1515.625	10.90055	-74.00442
1515.9375	10.89966	-74.37831
1516.25	10.91251	-74.20841
1516.5625	10.92013	-73.88892
1516.875	10.93077	-73.90208
1517.1875	10.94204	-74.19643
1517.5	10.96378	-73.82403
1517.8125	10.99062	-73.46741
1518.125	11.00142	-73.75666
1518.4375	11.03268	-73.59088
1518.75	11.05626	-73.42348
1519.0625	11.10364	-73.53677
1519.375	11.13455	-73.32143
1519.6875	11.18351	-73.14792
1520	11.23154	-73.44865
1520.3125	11.27934	-73.4027
1520.625	11.33713	-73.39216
1520.9375	11.41195	-73.57898
1521.25	11.46772	-73.87431
1521.5625	11.53753	-73.64954
1521.875	11.60052	-73.84541
1522.1875	11.67201	-74.26014
1522.5	11.75213	-74.6276
1522.8125	11.80518	-74.55123
1523.125	11.85944	-75.0043
1523.4375	11.93511	-75.61246
1523.75	11.99094	-76.16747
1524.0625	12.03815	-76.55328
1524.375	12.09538	-76.92328
1524.6875	12.13478	-77.76137
1525	12.17209	-78.32878
1525.3125	12.20397	-78.80808
1525.625	12.24429	-79.2644
1525.9375	12.25507	-79.70879
1526.25	12.28295	-80.18499
1526.5625	12.29895	-81.00697
1526.875	12.33047	-81.57854
1527.1875	12.31329	-81.91315
1527.5	12.34091	-82.33327
1527.8125	12.34312	-83.31046
1528.125	12.3534	-83.53204
1528.4375	12.35847	-84.21054
1528.75	12.36598	-84.86584
1529.0625	12.37812	-85.19894
1529.375	12.37912	-85.79668
1529.6875	12.39019	-86.40785
1530	12.38065	-87.33092
1530.3125	12.37705	-88.08704
1530.625	12.35664	-88.34521
1530.9375	12.35239	-89.35925
1531.25	12.35149	-90.29785
1531.5625	12.32258	-90.9407
1531.875	12.30501	-91.91853
1532.1875	12.2655	-92.59792
1532.5	12.20766	-93.50196
1532.8125	12.15012	-94.39973
1533.125	12.08245	-95.43932
1533.4375	12.00427	-96.43821
1533.75	11.90807	-97.10123
1534.0625	11.78825	-98.19345
1534.375	11.65102	-98.54163
1534.6875	11.49789	-99.80293
1535	11.31675	-100.5083
1535.3125	11.13064	-100.8984
1535.625	10.89839	-101.7707
1535.9375	10.67183	-102.0499
1536.25	10.41682	-102.0038
1536.5625	10.17972	-101.5372
1536.875	9.928984	-101.5901
1537.1875	9.708382	-100.8307
1537.5	9.498412	-99.32922
1537.8125	9.322842	-98.43775
1538.125	9.177004	-97.31184
1538.4375	9.103154	-95.45135
1538.75	9.050455	-94.169
1539.0625	9.050604	-92.90631
1539.375	9.063864	-92.00148
1539.6875	9.130168	-90.0282
1540	9.213445	-89.23135
1540.3125	9.320957	-88.07515
1540.625	9.440071	-87.33531
1540.9375	9.584007	-86.48571
1541.25	9.708847	-86.09311
1541.5625	9.846531	-85.93802
1541.875	9.983908	-85.93808
1542.1875	10.12699	-85.43471
1542.5	10.25781	-85.39765
1542.8125	10.3786	-85.21717
1543.125	10.5057	-85.75076
1543.4375	10.62165	-85.76697
1543.75	10.74735	-86.34586
1544.0625	10.83929	-86.54833
1544.375	10.95769	-86.95194
1544.6875	11.03296	-87.37217
1545	11.12707	-87.96945
1545.3125	11.20158	-88.23984
1545.625	11.27938	-88.91443
1545.9375	11.34143	-89.65816
1546.25	11.40108	-90.63049
1546.5625	11.44823	-90.94408
1546.875	11.49067	-91.94589
1547.1875	11.54064	-92.69678
1547.5	11.57313	-93.36337
1547.8125	11.60033	-94.06053
1548.125	11.63242	-94.74247
1548.4375	11.64734	-95.88683
1548.75	11.66868	-96.44478
1549.0625	11.68	-97.21033
1549.375	11.67947	-98.19412
1549.6875	11.69369	-98.94955
1550	11.66713	-100.1349
1550.3125	11.65824	-101.0725
1550.625	11.633	-101.7708
1550.9375	11.60365	-102.7319
1551.25	11.55183	-103.9273
1551.5625	11.50189	-105.091
1551.875	11.4371	-105.9459
1552.1875	11.34696	-106.7771
1552.5	11.25059	-107.882
1552.8125	11.12598	-109.3513
1553.125	10.99213	-110.3863
1553.4375	10.8406	-111.2425
1553.75	10.65711	-112.0721
1554.0625	10.47902	-112.6251
1554.375	10.27535	-113.5151
1554.6875	10.0482	-114.0042
1555	9.821874	-114.2418
1555.3125	9.59955	-114.4842
1555.625	9.337839	-114.5722
1555.9375	9.115098	-114.4834
1556.25	8.856195	-113.8654
1556.5625	8.648008	-113.5494
1556.875	8.439032	-112.8983
1557.1875	8.245793	-111.8896
1557.5	8.072962	-110.5674
1557.8125	7.932581	-109.2844
1558.125	7.807879	-108.0579
1558.4375	7.751616	-106.8057
1558.75	7.698292	-105.6345
1559.0625	7.685009	-104.1718
1559.375	7.686284	-102.7265
1559.6875	7.718813	-101.3562
1560	7.763191	-100.2716
1560.3125	7.842073	-99.0406
1560.625	7.946153	-98.1359
1560.9375	8.058768	-97.23801
1561.25	8.169543	-96.4497
1561.5625	8.310031	-95.98827
1561.875	8.457341	-95.20312
1562.1875	8.602028	-94.58281
1562.5	8.759852	-94.06667
1562.8125	8.895839	-94.05716
1563.125	9.045848	-94.07404
1563.4375	9.199446	-93.84673
1563.75	9.362299	-93.33807
1564.0625	9.519861	-93.55144
1564.375	9.667581	-94.01873
1564.6875	9.813295	-93.94624
1565	9.976287	-94.27757
1565.3125	10.1561	-94.70612
1565.625	10.30625	-94.68464
1565.9375	10.4566	-95.44441
1566.25	10.60736	-96.31967
1566.5625	10.75076	-96.52436
1566.875	10.90377	-97.37907
1567.1875	11.03037	-98.34778
1567.5	11.1667	-99.26523
1567.8125	11.28895	-100.532
1568.125	11.38077	-101.7196
1568.4375	11.44579	-102.6621
1568.75	11.49857	-104.7322
1569.0625	11.50552	-105.6739
1569.375	11.47495	-107.3251
1569.6875	11.42856	-108.6774
1570	11.32281	-110.4004
1570.3125	11.22635	-111.5605
1570.625	11.10652	-112.7698
1570.9375	10.9839	-113.5668
1571.25	10.852	-114.5328
1571.5625	10.72687	-115.287
1571.875	10.60047	-115.9479
1572.1875	10.48557	-116.8146
1572.5	10.38648	-117.1252
1572.8125	10.28977	-117.6953
1573.125	10.20855	-118.1506
1573.4375	10.12406	-118.5975
1573.75	10.05293	-118.9915
1574.0625	9.964047	-119.678
1574.375	9.893666	-120.2899
1574.6875	9.805715	-121.1332
1575	9.745242	-121.4591
1575.3125	9.663332	-121.9395
1575.625	9.590532	-122.7244
1575.9375	9.517824	-123.5185
1576.25	9.42271	-123.8593
1576.5625	9.326409	-124.2046
1576.875	9.251848	-125.1619
1577.1875	9.14637	-125.7042
1577.5	9.03587	-126.3351
1577.8125	8.939201	-126.8196
1578.125	8.83464	-127.3272
1578.4375	8.71104	-128.1569
1578.75	8.577374	-128.8766
1579.0625	8.440558	-129.5709
1579.375	8.312567	-130.12
1579.6875	8.154218	-130.707
1580	7.980406	-131.1596
1580.3125	7.837293	-131.7612
1580.625	7.647223	-131.9809
1580.9375	7.464033	-132.5916
1581.25	7.258368	-132.6045
1581.5625	7.070853	-132.7099
1581.875	6.873546	-132.9501
1582.1875	6.677996	-132.7203
1582.5	6.461403	-132.7547
1582.8125	6.270442	-132.1591
1583.125	6.103341	-132.0417
1583.4375	5.937488	-131.4954
1583.75	5.768168	-130.8252
1584.0625	5.649524	-130.2067
1584.375	5.535054	-129.4379
1584.6875	5.44013	-128.8536
1585	5.352805	-127.9863
1585.3125	5.309048	-126.8643
1585.625	5.273182	-126.1928
1585.9375	5.253366	-125.7819
1586.25	5.249276	-125.2817
1586.5625	5.210801	-124.9706
1586.875	5.197689	-124.4782
1587.1875	5.172916	-124.0395
1587.5	5.154963	-123.9412
1587.8125	5.111142	-123.7533
1588.125	5.078274	-123.6
1588.4375	5.007678	-123.2568
1588.75	4.936753	-123.4993
1589.0625	4.853416	-123.0656
1589.375	4.763599	-123.0684
1589.6875	4.658823	-122.741
1590	4.564299	-122.7187
1590.3125	4.454675	-122.2951
1590.625	4.344934	-121.6432
1590.9375	4.241171	-121.7652
1591.25	4.147701	-121.7093
1591.5625	4.056428	-120.785
1591.875	3.961881	-120.6073
1592.1875	3.891227	-120.4572
1592.5	3.826251	-120.1863
1592.8125	3.762	-120.1045
1593.125	3.691459	-119.2029
1593.4375	3.63029	-118.6805
1593.75	3.571988	-118.4824
1594.0625	3.537356	-117.9607
1594.375	3.462862	-117.5656
1594.6875	3.429208	-117.063
1595	3.399806	-116.4699
1595.3125	3.348514	-116.2936
1595.625	3.3123	-116.1429
1595.9375	3.278548	-115.4969
1596.25	3.234608	-115.0428
1596.5625	3.167318	-115.0213
1596.875	3.108553	-114.4466
1597.1875	3.085609	-113.9268
1597.5	3.02066	-113.6052
1597.8125	2.979965	-113.0157
1598.125	2.944736	-112.6542
1598.4375	2.867197	-112.1266
1598.75	2.87604	-111.9644
1599.0625	2.826782	-111.3024
1599.375	2.811971	-110.8651
1599.6875	2.796025	-110.3302
1600	2.740575	-110.0642
1600.3125	2.70566	-109.7471
1600.625	2.700585	-109.0179
1600.9375	2.64096	-108.5491
1601.25	2.587964	-108.5364
1601.5625	2.562974	-107.9411
1601.875	2.545434	-106.9847
1602.1875	2.529492	-106.6712
1602.5	2.495528	-106.4211
1602.8125	2.453515	-106.0214
1603.125	2.452852	-105.0575
1603.4375	2.465171	-104.6571
1603.75	2.448397	-103.607
1604.0625	2.477304	-103.6533
1604.375	2.499602	-103.0077
1604.6875	2.533694	-102.5494
1605	2.510822	-101.7668
1605.3125	2.530858	-101.7383
1605.625	2.530344	-101.5742
1605.9375	2.556487	-101.2365
1606.25	2.554357	-100.6506
1606.5625	2.552987	-100.2516
1606.875	2.565117	-100.0013
1607.1875	2.544573	-99.39909
1607.5	2.587577	-99.17209
1607.8125	2.565348	-98.6164
1608.125	2.610469	-98.37736
1608.4375	2.616333	-97.86005
1608.75	2.649619	-98.02951
1609.0625	2.648663	-97.25623
1609.375	2.680879	-97.10635
1609.6875	2.701283	-96.70867
1610	2.71712	-96.86846
1610.3125	2.712151	-95.82993
1610.625	2.747761	-95.90749
1610.9375	2.771457	-95.17974
1611.25	2.790454	-94.75587
1611.5625	2.820118	-94.56212
1611.875	2.867723	-94.31601
1612.1875	2.856222	-94.08517
1612.5	2.896928	-93.54421
1612.8125	2.944325	-93.64365
1613.125	2.973538	-93.00491
1613.4375	2.978956	-93.04431
1613.75	3.04975	-92.36479
1614.0625	3.060723	-92.44522
1614.375	3.102089	-92.08939
1614.6875	3.108376	-91.75713
1615	3.138294	-91.98087
1615.3125	3.153444	-92.00118
1615.625	3.214892	-91.43023
1615.9375	3.253311	-91.12692
1616.25	3.2846	-91.23594
1616.5625	3.322993	-90.95021
1616.875	3.355812	-90.77875
1617.1875	3.396826	-90.70338
1617.5	3.437061	-90.51128
1617.8125	3.419855	-90.67538
1618.125	3.458229	-90.1105
1618.4375	3.516818	-90.19306
1618.75	3.537011	-90.62654
1619.0625	3.572992	-90.53856
1619.375	3.558233	-90.1071
1619.6875	3.579099	-89.85648
1620	3.603553	-89.85387
1620.3125	3.632702	-89.62543
1620.625	3.677993	-89.95502
1620.9375	3.661009	-89.71032
1621.25	3.694418	-89.64216
1621.5625	3.736086	-89.51654
1621.875	3.773002	-89.72794
1622.1875	3.774692	-89.63074
1622.5	3.794394	-89.60293
1622.8125	3.819211	-89.2892
1623.125	3.85103	-89.24948
1623.4375	3.884183	-89.20756
1623.75	3.91598	-88.98548
1624.0625	3.907297	-89.44797
1624.375	3.926287	-89.33859
1624.6875	3.935024	-89.00937
1625	3.980202	-89.40466
1625.3125	4.001873	-89.4903
1625.625	3.999087	-89.41882
1625.9375	4.039654	-89.4875
1626.25	4.038216	-89.2321
1626.5625	4.063363	-88.99847
1626.875	4.073623	-89.28265
1627.1875	4.112413	-89.30491
1627.5	4.113737	-89.55901
1627.8125	4.128426	-89.45898
1628.125	4.131011	-89.26683
1628.4375	4.130297	-89.43833
1628.75	4.136315	-89.29616
1629.0625	4.159476	-89.27732
1629.375	4.176155	-89.09171
1629.6875	4.179238	-89.22993
1630	4.16023	-89.19276
1630.3125	4.185861	-89.15527
1630.625	4.190308	-89.20329
1630.9375	4.212725	-89.14624
1631.25	4.207812	-88.76382
1631.5625	4.223282	-88.99713
1631.875	4.205633	-89.01183
1632.1875	4.235193	-88.90985
1632.5	4.253668	-88.91508
1632.8125	4.231856	-88.94045
1633.125	4.261355	-89.30334
1633.4375	4.25662	-88.70441
1633.75	4.255342	-88.63419
1634.0625	4.252189	-88.49237
1634.375	4.266294	-88.83675
1634.6875	4.280388	-88.4911
1635	4.301606	-88.04047
1635.3125	4.322355	-88.41473
1635.625	4.326571	-88.71968
1635.9375	4.346239	-87.85335
1636.25	4.38691	-88.00005
1636.5625	4.376757	-88.08408
1636.875	4.393551	-88.23854
1637.1875	4.398417	-87.83821
1637.5	4.422032	-88.22527
1637.8125	4.442102	-88.07414
1638.125	4.456794	-88.17313
1638.4375	4.483027	-88.1664
1638.75	4.504248	-87.82957
1639.0625	4.509876	-88.27783
1639.375	4.501435	-88.40502
1639.6875	4.527362	-88.43761
1640	4.52911	-88.29315
1640.3125	4.523429	-88.84503
1640.625	4.525745	-88.60842
1640.9375	4.555758	-88.14866
1641.25	4.559211	-88.16708
1641.5625	4.545603	-88.88897
1641.875	4.561809	-88.71516
1642.1875	4.558197	-88.53919
1642.5	4.527551	-88.65133
1642.8125	4.521482	-88.86456
1643.125	4.571574	-88.21236
1643.4375	4.534725	-88.36987
1643.75	4.557056	-88.67175
1644.0625	4.557853	-88.94952
1644.375	4.550919	-88.89201
1644.6875	4.570298	-88.70586
1645	4.536819	-88.71374
1645.3125	4.542151	-88.92057
1645.625	4.544456	-88.73199
1645.9375	4.52037	-88.60497
1646.25	4.499357	-88.56625
1646.5625	4.469022	-88.64804
1646.875	4.453111	-88.37934
1647.1875	4.451067	-88.19485
1647.5	4.470134	-88.13069
1647.8125	4.465943	-87.96924
1648.125	4.456337	-88.08437
1648.4375	4.464583	-88.00879
1648.75	4.488329	-87.74715
1649.0625	4.500127	-87.38316
1649.375	4.523205	-87.63946
1649.6875	4.518258	-87.4641
1650	4.534359	-87.45934
1650.3125	4.545328	-87.24942
1650.625	4.565223	-87.23374
1650.9375	4.587519	-86.88063
1651.25	4.604481	-87.0276
1651.5625	4.596233	-86.63918
1651.875	4.612119	-86.73004
1652.1875	4.62391	-86.97488
1652.5	4.643528	-87.25343
1652.8125	4.658741	-87.21917
1653.125	4.6584	-86.96415
1653.4375	4.653889	-86.85107
1653.75	4.6484	-87.21429
1654.0625	4.684772	-86.81178
1654.375	4.671024	-86.98594
1654.6875	4.670948	-86.87219
1655	4.668175	-86.7448
1655.3125	4.699463	-86.3577
1655.625	4.702367	-86.8077
1655.9375	4.731717	-86.7961
1656.25	4.707262	-86.47521
1656.5625	4.726958	-86.28085
1656.875	4.722836	-86.26048
1657.1875	4.759128	-86.06693
1657.5	4.757459	-85.799
1657.8125	4.759039	-85.9112
1658.125	4.760562	-85.83186
1658.4375	4.779963	-85.67814
1658.75	4.790521	-85.69085
1659.0625	4.787051	-85.82239
1659.375	4.793306	-85.58051
1659.6875	4.799659	-85.42075
1660	4.823092	-85.43533
1660.3125	4.834645	-85.76055
1660.625	4.860675	-85.33367
1660.9375	4.870673	-85.04444
1661.25	4.895241	-85.18798
1661.5625	4.889983	-85.37904
1661.875	4.925156	-85.08808
1662.1875	4.955774	-85.3697
1662.5	4.958817	-85.33361
1662.8125	4.980394	-84.99038
1663.125	4.973046	-84.77824
1663.4375	4.995701	-84.67587
1663.75	5.003521	-85.1542
1664.0625	5.02174	-84.94143
1664.375	5.039163	-84.46939
1664.6875	5.056005	-84.67075
1665	5.073548	-84.41527
1665.3125	5.104565	-84.81686
1665.625	5.103833	-84.99673
1665.9375	5.125474	-84.50925
1666.25	5.122833	-85.07705
1666.5625	5.164818	-84.468
1666.875	5.154275	-84.72863
1667.1875	5.171154	-84.62212
1667.5	5.214618	-84.64638
1667.8125	5.217267	-84.55646
1668.125	5.232834	-84.43776
1668.4375	5.254972	-84.71275
1668.75	5.276186	-84.42337
1669.0625	5.268212	-84.48682
1669.375	5.308421	-84.65488
1669.6875	5.356245	-84.27038
1670	5.35839	-84.39263
1670.3125	5.39063	-84.51008
1670.625	5.41006	-84.35013
1670.9375	5.428946	-84.47782
1671.25	5.469199	-84.75666
1671.5625	5.447417	-84.33694
1671.875	5.48977	-84.46369
1672.1875	5.52834	-84.85951
1672.5	5.543738	-84.88951
1672.8125	5.562432	-84.98006
1673.125	5.595135	-84.55212
1673.4375	5.628841	-85.22672
1673.75	5.638716	-85.16086
1674.0625	5.647612	-85.23608
1674.375	5.681167	-84.84197
1674.6875	5.686721	-85.14712
1675	5.743914	-85.05271
1675.3125	5.773741	-85.48206
1675.625	5.772814	-85.63709
1675.9375	5.788317	-86.00222
1676.25	5.822978	-86.08919
1676.5625	5.838997	-86.43915
1676.875	5.845179	-86.43663
1677.1875	5.833897	-87.01932
1677.5	5.850832	-87.26936
1677.8125	5.848465	-87.14447
1678.125	5.829053	-87.6229
1678.4375	5.820448	-87.8848
1678.75	5.78741	-88.19968
1679.0625	5.760107	-88.36816
1679.375	5.716133	-88.37057
1679.6875	5.692677	-88.37984
1680	5.619326	-88.59676
1680.3125	5.604352	-88.57878
1680.625	5.562544	-88.57382
1680.9375	5.534892	-88.46603
1681.25	5.499046	-88.39636
1681.5625	5.458045	-88.54607
1681.875	5.419615	-88.26091
1682.1875	5.405824	-87.98035
1682.5	5.374149	-87.63556
1682.8125	5.381625	-87.40798
1683.125	5.369564	-86.94707
1683.4375	5.353195	-87.21847
1683.75	5.355093	-87.00439
1684.0625	5.358759	-86.51842
1684.375	5.367604	-86.08272
1684.6875	5.383976	-86.47019
1685	5.392977	-85.69315
1685.3125	5.388447	-85.88143
1685.625	5.430151	-85.69487
1685.9375	5.453069	-85.13099
1686.25	5.453839	-85.44093
1686.5625	5.46066	-85.11856
1686.875	5.502735	-84.62022
1687.1875	5.515404	-84.63959
1687.5	5.546178	-84.27976
1687.8125	5.55238	-84.54675
1688.125	5.601621	-84.50552
1688.4375	5.632486	-84.53858
1688.75	5.634209	-84.51911
1689.0625	5.670879	-84.22813
1689.375	5.715737	-84.36766
1689.6875	5.722298	-83.91386
1690	5.760669	-84.2244
1690.3125	5.806624	-84.03096
1690.625	5.845463	-83.8624
1690.9375	5.887188	-83.77483
1691.25	5.91731	-83.865
1691.5625	5.945293	-83.80549
1691.875	5.983387	-84.145
1692.1875	6.037285	-83.8792
1692.5	6.067805	-83.84189
1692.8125	6.086817	-83.68139
1693.125	6.119401	-84.25579
1693.4375	6.164868	-84.24345
1693.75	6.172485	-84.50062
1694.0625	6.20161	-84.86204
1694.375	6.247833	-84.93682
1694.6875	6.274158	-85.167
1695	6.30155	-84.71655
1695.3125	6.315794	-85.342
1695.625	6.337266	-85.71124
1695.9375	6.373694	-85.85028
1696.25	6.356	-85.81973
1696.5625	6.354925	-86.08379
1696.875	6.351154	-86.31748
1697.1875	6.374805	-86.29543
1697.5	6.360923	-86.47975
1697.8125	6.350286	-87.15037
1698.125	6.310988	-87.1823
1698.4375	6.313015	-87.28963
1698.75	6.287744	-87.29105
1699.0625	6.239028	-87.11324
1699.375	6.234198	-87.27185
1699.6875	6.214017	-87.30797
1700	6.196988	-87.44276
1700.3125	6.143977	-87.31397
1700.625	6.119767	-87.56516
1700.9375	6.129307	-87.19994
1701.25	6.125689	-87.22726
1701.5625	6.099587	-86.94888
1701.875	6.108744	-87.23852
1702.1875	6.083219	-86.73373
1702.5	6.073875	-86.69447
1702.8125	6.071987	-86.76131
1703.125	6.070308	-86.50725
1703.4375	6.081623	-86.37133
1703.75	6.102128	-86.08795
1704.0625	6.077566	-86.15112
1704.375	6.099198	-85.8094
1704.6875	6.112838	-86.09415
1705	6.117945	-85.56519
1705.3125	6.134601	-85.77357
1705.625	6.137316	-85.43903
1705.9375	6.150437	-85.09536
1706.25	6.17865	-84.95148
1706.5625	6.195095	-85.00082
1706.875	6.189003	-84.65691
1707.1875	6.241055	-84.74353
1707.5	6.253275	-84.91394
1707.8125	6.315029	-84.49797
1708.125	6.323335	-84.2098
1708.4375	6.352487	-83.86002
1708.75	6.375792	-83.75066
1709.0625	6.439898	-83.8509
1709.375	6.470696	-83.83001
1709.6875	6.50376	-83.39876
1710	6.550123	-83.2961
1710.3125	6.595463	-83.6563
1710.625	6.656045	-84.01277
1710.9375	6.699429	-83.59039
1711.25	6.757945	-84.00526
1711.5625	6.808942	-83.62387
1711.875	6.851178	-84.06083
1712.1875	6.897846	-83.80113
1712.5	6.954269	-83.97494
1712.8125	6.972564	-84.00722
1713.125	7.030746	-84.23122
1713.4375	7.045348	-84.21449
1713.75	7.096594	-84.69276
1714.0625	7.136524	-84.73813
1714.375	7.163838	-85.15948
1714.6875	7.18347	-85.08012
1715	7.191502	-85.80826
1715.3125	7.233592	-85.95892
1715.625	7.235843	-85.94674
1715.9375	7.241544	-85.8635
1716.25	7.280291	-86.04292
1716.5625	7.259784	-86.51712
1716.875	7.300637	-86.5135
1717.1875	7.313253	-86.55492
1717.5	7.332514	-86.5212
1717.8125	7.33175	-87.06105
1718.125	7.336579	-87.06322
1718.4375	7.355283	-87.00433
1718.75	7.36969	-87.30743
1719.0625	7.384291	-87.75892
1719.375	7.384961	-88.02283
1719.6875	7.417597	-87.84081
1720	7.407702	-88.56912
1720.3125	7.390426	-88.30842
1720.625	7.429001	-88.45876
1720.9375	7.422345	-88.71793
1721.25	7.432901	-88.87503
1721.5625	7.437253	-89.13943
1721.875	7.444922	-89.07896
1722.1875	7.463036	-89.1255
1722.5	7.449439	-89.41447
1722.8125	7.432429	-90.4014
1723.125	7.419177	-89.78558
1723.4375	7.405366	-89.95377
1723.75	7.411184	-90.05721
1724.0625	7.417355	-90.06124
1724.375	7.400032	-90.36179
1724.6875	7.366461	-90.51435
1725	7.373979	-90.40839
1725.3125	7.365348	-90.49886
1725.625	7.354284	-90.77517
1725.9375	7.338576	-90.76998
1726.25	7.316619	-90.6043
1726.5625	7.327734	-90.83472
1726.875	7.290264	-90.94488
1727.1875	7.293245	-90.7255
1727.5	7.297397	-90.88788
1727.8125	7.280097	-90.4989
1728.125	7.283221	-90.64111
1728.4375	7.2803	-90.87712
1728.75	7.269253	-90.66198
1729.0625	7.269599	-91.06985
1729.375	7.276031	-91.06739
1729.6875	7.291037	-90.82375
1730	7.283731	-91.17466
1730.3125	7.28524	-90.79468
1730.625	7.303018	-90.77386
1730.9375	7.317791	-90.70924
1731.25	7.29867	-90.95515
1731.5625	7.315317	-90.80212
1731.875	7.303434	-91.10059
1732.1875	7.305799	-91.09364
1732.5	7.32181	-91.23958
1732.8125	7.313704	-91.38766
1733.125	7.331532	-91.28083
1733.4375	7.335431	-91.35326
1733.75	7.325747	-90.9174
1734.0625	7.341395	-90.91016
1734.375	7.310419	-91.19955
1734.6875	7.31672	-91.58916
1735	7.320239	-91.21116
1735.3125	7.30033	-90.75486
1735.625	7.31339	-91.4772
1735.9375	7.322047	-91.49874
1736.25	7.307646	-91.49142
1736.5625	7.322806	-91.27184
1736.875	7.314644	-91.03745
1737.1875	7.347621	-91.21648
1737.5	7.352736	-91.65007
1737.8125	7.359857	-91.28519
1738.125	7.339749	-91.21975
1738.4375	7.351803	-91.27338
1738.75	7.350428	-91.13203
1739.0625	7.367693	-91.06747
1739.375	7.374358	-91.45036
1739.6875	7.382155	-91.39187
1740	7.370522	-91.15287
1740.3125	7.385525	-91.17922
1740.625	7.418157	-91.49667
1740.9375	7.423409	-91.59215
1741.25	7.413213	-91.30759
1741.5625	7.438572	-91.30385
1741.875	7.420525	-91.24252
1742.1875	7.456813	-91.54401
1742.5	7.459189	-91.41673
1742.8125	7.472464	-91.4574
1743.125	7.461361	-91.46804
1743.4375	7.480302	-91.27002
1743.75	7.514601	-91.30507
1744.0625	7.514785	-91.56011
1744.375	7.515899	-91.72994
1744.6875	7.540878	-91.81003
1745	7.56435	-91.7832
1745.3125	7.5709	-92.05711
1745.625	7.559934	-92.34403
1745.9375	7.528689	-92.42838
1746.25	7.537246	-92.23643
1746.5625	7.557067	-92.40865
1746.875	7.558291	-92.15989
1747.1875	7.52433	-92.2944
1747.5	7.560069	-92.2795
1747.8125	7.521829	-92.40564
1748.125	7.555648	-92.35442
1748.4375	7.554515	-92.16428
1748.75	7.530201	-92.65185
1749.0625	7.546999	-92.57446
1749.375	7.567129	-92.28781
1749.6875	7.569685	-92.38633
1750	7.54795	-92.97471
1750.3125	7.531766	-91.87742
1750.625	7.530895	-92.05873
1750.9375	7.552648	-92.48869
1751.25	7.536862	-92.68028
1751.5625	7.528719	-92.59564
1751.875	7.543501	-92.54575
1752.1875	7.543774	-92.43857
1752.5	7.542042	-92.46685
1752.8125	7.552123	-92.21558
1753.125	7.535315	-92.52052
1753.4375	7.551184	-92.12589
1753.75	7.546133	-92.13064
1754.0625	7.556515	-92.20393
1754.375	7.585941	-92.53352
1754.6875	7.56371	-92.17136
1755	7.5827	-92.39004
1755.3125	7.586103	-92.44339
1755.625	7.601633	-92.29962
1755.9375	7.614348	-92.21925
1756.25	7.615615	-91.65063
1756.5625	7.613989	-92.12762
1756.875	7.641963	-91.94312
1757.1875	7.66061	-91.93505
1757.5	7.676637	-91.84499
1757.8125	7.702326	-92.02995
1758.125	7.704282	-92.14139
1758.4375	7.696582	-92.10652
1758.75	7.732538	-92.55367
1759.0625	7.744874	-92.14096
1759.375	7.764181	-91.75707
1759.6875	7.76527	-91.77991
1760	7.789559	-92.46712
1760.3125	7.782573	-92.35139
1760.625	7.801065	-92.00576
1760.9375	7.812562	-92.42326
1761.25	7.829268	-92.27126
1761.5625	7.843784	-92.39523
1761.875	7.862141	-92.12375
1762.1875	7.875378	-92.60366
1762.5	7.879303	-92.29546
1762.8125	7.894968	-92.83566
1763.125	7.921732	-92.57388
1763.4375	7.903906	-92.76166
1763.75	7.894728	-92.85255
1764.0625	7.909763	-92.88577
1764.375	7.921709	-93.06367
1764.6875	7.919259	-92.79094
1765	7.934832	-92.9846
1765.3125	7.937372	-93.14748
1765.625	7.921784	-93.38467
1765.9375	7.940558	-93.25504
1766.25	7.945642	-92.76673
1766.5625	7.952056	-93.16287
1766.875	7.972351	-93.31284
1767.1875	7.944171	-93.16975
1767.5	7.947083	-93.29224
1767.8125	7.964214	-93.12798
1768.125	7.975366	-93.16413
1768.4375	7.958282	-93.30604
1768.75	7.972164	-93.45449
1769.0625	7.968492	-93.61389
1769.375	7.962606	-93.59441
1769.6875	7.968622	-93.51128
1770	7.966654	-93.39672
1770.3125	7.964878	-93.61444
1770.625	7.960053	-94.00441
1770.9375	7.967291	-93.57715
1771.25	7.957326	-93.48984
1771.5625	7.952402	-93.18938
1771.875	7.936407	-93.40295
1772.1875	7.957415	-93.23208
1772.5	7.942405	-93.27653
1772.8125	7.943579	-93.12411
1773.125	7.959726	-93.05387
1773.4375	7.954576	-93.18331
1773.75	7.963634	-93.21207
1774.0625	7.965243	-93.22495
1774.375	7.96883	-92.5841
1774.6875	7.951299	-93.09909
1775	7.984571	-92.77647
1775.3125	7.984828	-92.35258
1775.625	8.019355	-92.38556
1775.9375	8.029535	-92.57209
1776.25	8.051106	-92.27527
1776.5625	8.084621	-92.72632
1776.875	8.098384	-92.13165
1777.1875	8.125714	-92.01591
1777.5	8.116611	-92.33224
1777.8125	8.167068	-92.10721
1778.125	8.162399	-91.70921
1778.4375	8.1896	-91.47425
1778.75	8.220657	-92.22198
1779.0625	8.239619	-92.00641
1779.375	8.261564	-91.81686
1779.6875	8.295187	-91.6833
1780	8.335868	-92.14037
1780.3125	8.367414	-91.77078
1780.625	8.381563	-91.85044
1780.9375	8.426446	-91.56387
1781.25	8.44356	-91.70153
1781.5625	8.473313	-91.53096
1781.875	8.508742	-91.74554
1782.1875	8.526752	-91.75906
1782.5	8.587886	-91.48024
1782.8125	8.609665	-92.03329
1783.125	8.629149	-92.02811
1783.4375	8.688471	-92.33802
1783.75	8.716985	-92.28228
1784.0625	8.772099	-92.55486
1784.375	8.795929	-92.34245
1784.6875	8.836479	-92.75023
1785	8.873098	-93.04694
1785.3125	8.900939	-93.20634
1785.625	8.932169	-93.21356
1785.9375	8.941462	-93.58273
1786.25	8.984276	-94.02097
1786.5625	8.998021	-94.27558
1786.875	9.027422	-94.46778
1787.1875	9.042122	-94.81455
1787.5	9.040504	-95.0667
1787.8125	9.042989	-95.18379
1788.125	9.035107	-95.83289
1788.4375	9.036373	-96.10326
1788.75	9.007531	-96.29604
1789.0625	8.961743	-96.55628
1789.375	8.92851	-97.22306
1789.6875	8.878214	-97.73457
1790	8.825097	-97.55392
1790.3125	8.772382	-97.79115
1790.625	8.733347	-97.8951
1790.9375	8.660961	-97.47914
1791.25	8.63093	-97.40865
1791.5625	8.596878	-97.16183
1791.875	8.57415	-96.94228
1792.1875	8.565958	-96.77402
1792.5	8.564594	-96.72221
1792.8125	8.556524	-96.65627
1793.125	8.557217	-96.9809
1793.4375	8.542303	-96.81472
1793.75	8.535481	-96.36518
1794.0625	8.531676	-96.67332
1794.375	8.527445	-96.1836
1794.6875	8.507493	-96.05121
1795	8.524203	-96.53178
1795.3125	8.503381	-96.16225
1795.625	8.492468	-95.93532
1795.9375	8.484839	-95.98596
1796.25	8.486012	-95.74853
1796.5625	8.504501	-95.86516
1796.875	8.496205	-95.79682
1797.1875	8.492764	-95.58036
1797.5	8.493559	-95.34669
1797.8125	8.492781	-95.30375
1798.125	8.506474	-95.33444
1798.4375	8.503627	-95.05874
1798.75	8.521427	-94.89388
1799.0625	8.526075	-94.58647
1799.375	8.536842	-94.27078
1799.6875	8.565065	-94.87856
1800	8.576005	-94.57173
1800.3125	8.577433	-94.66946
1800.625	8.607019	-94.55912
1800.9375	8.619141	-94.38462
1801.25	8.643947	-93.97712
1801.5625	8.64576	-94.03054
1801.875	8.676378	-93.75146
1802.1875	8.717283	-93.61719
1802.5	8.739061	-93.75838
1802.8125	8.757001	-93.59708
1803.125	8.784566	-93.57167
1803.4375	8.781339	-93.69816
1803.75	8.8139	-93.64259
1804.0625	8.828886	-93.60242
1804.375	8.857311	-93.38828
1804.6875	8.889266	-93.73202
1805	8.912556	-93.42493
1805.3125	8.932822	-93.54467
1805.625	8.958048	-93.31393
1805.9375	8.964585	-93.66482
1806.25	8.995095	-93.64525
1806.5625	9.011756	-93.59525
1806.875	9.026515	-93.88171
1807.1875	9.05377	-93.87308
1807.5	9.082346	-93.67863
1807.8125	9.101944	-93.66994
1808.125	9.124123	-93.28082
1808.4375	9.140513	-93.40199
1808.75	9.181088	-93.78365
1809.0625	9.207749	-93.7061
1809.375	9.234608	-93.56656
1809.6875	9.241799	-94.00527
1810	9.265443	-93.80508
1810.3125	9.274827	-93.78818
1810.625	9.307802	-94.1374
1810.9375	9.316181	-94.35075
1811.25	9.344234	-94.42245
1811.5625	9.35573	-94.13525
1811.875	9.357715	-94.67104
1812.1875	9.360302	-94.71986
1812.5	9.383512	-94.68909
1812.8125	9.388809	-94.85835
1813.125	9.417512	-94.68166
1813.4375	9.406132	-94.68376
1813.75	9.416992	-95.20364
1814.0625	9.410125	-94.92237
1814.375	9.434389	-95.07587
1814.6875	9.425472	-94.84119
1815	9.419654	-95.34921
1815.3125	9.445338	-95.11613
1815.625	9.436914	-95.22833
1815.9375	9.470304	-95.27412
1816.25	9.469244	-95.62048
1816.5625	9.476214	-95.14925
1816.875	9.476628	-95.55613
1817.1875	9.497263	-95.52232
1817.5	9.479864	-95.22851
1817.8125	9.508036	-94.96154
1818.125	9.520548	-95.71102
1818.4375	9.530472	-95.83443
1818.75	9.545774	-95.51068
1819.0625	9.556554	-95.72025
1819.375	9.549841	-95.68252
1819.6875	9.54959	-96.01575
1820	9.572395	-96.32668
1820.3125	9.550096	-96.05279
1820.625	9.560107	-96.24171
1820.9375	9.55989	-96.29957
1821.25	9.560195	-95.99158
1821.5625	9.559727	-95.91843
1821.875	9.553067	-96.32043
1822.1875	9.541609	-96.06536
1822.5	9.542736	-96.20692
1822.8125	9.573453	-96.03051
1823.125	9.55279	-95.84135
1823.4375	9.552526	-96.28234
1823.75	9.549802	-96.10007
1824.0625	9.552859	-96.49575
1824.375	9.556045	-96.20572
1824.6875	9.550158	-96.11099
1825	9.575428	-96.18706
1825.3125	9.550222	-96.0038
1825.625	9.555778	-96.23754
1825.9375	9.54886	-95.91101
1826.25	9.549312	-95.84913
1826.5625	9.54714	-95.96294
1826.875	9.540821	-95.9192
1827.1875	9.54622	-96.07065
1827.5	9.549188	-95.90649
1827.8125	9.544518	-95.65993
1828.125	9.556601	-95.61305
1828.4375	9.550792	-96.02135
1828.75	9.550944	-95.75554
1829.0625	9.563984	-95.30601
1829.375	9.577663	-95.11971
1829.6875	9.563206	-95.63046
1830	9.570977	-95.4314
1830.3125	9.566957	-95.30745
1830.625	9.583813	-94.94051
1830.9375	9.588503	-95.07128
1831.25	9.593945	-94.94131
1831.5625	9.606758	-94.35677
1831.875	9.584387	-94.506
1832.1875	9.609262	-94.46917
1832.5	9.619303	-94.4708
1832.8125	9.634019	-94.24274
1833.125	9.668574	-93.92074
1833.4375	9.660048	-93.89798
1833.75	9.691037	-93.76792
1834.0625	9.679743	-94.13199
1834.375	9.719572	-93.73742
1834.6875	9.746878	-93.47961
1835	9.766548	-93.55238
1835.3125	9.79467	-93.28867
1835.625	9.81762	-93.30769
1835.9375	9.828821	-92.92086
1836.25	9.858787	-92.77692
1836.5625	9.886571	-92.71235
1836.875	9.908079	-92.97918
1837.1875	9.914989	-92.90046
1837.5	9.929782	-92.87056
1837.8125	9.973399	-93.24583
1838.125	9.98904	-92.76041
1838.4375	10.01651	-92.67568
1838.75	10.03691	-92.47124
1839.0625	10.06169	-92.85257
1839.375	10.08751	-92.40674
1839.6875	10.10139	-92.03867
1840	10.12806	-92.39043
1840.3125	10.15031	-92.0332
1840.625	10.19911	-92.24011
1840.9375	10.20503	-92.19711
1841.25	10.23173	-92.12971
1841.5625	10.25143	-91.8518
1841.875	10.2773	-92.15975
1842.1875	10.30336	-92.04159
1842.5	10.3273	-91.85004
1842.8125	10.34638	-91.98161
1843.125	10.38719	-91.65854
1843.4375	10.41065	-91.32342
1843.75	10.4395	-92.01305
1844.0625	10.46947	-92.09804
1844.375	10.51367	-91.67122
1844.6875	10.51355	-91.48917
1845	10.56027	-91.69638
1845.3125	10.58027	-91.50406
1845.625	10.60819	-91.80148
1845.9375	10.63478	-91.73
1846.25	10.6776	-91.59581
1846.5625	10.69423	-91.58987
1846.875	10.72801	-91.81293
1847.1875	10.77067	-91.93901
1847.5	10.78451	-91.57616
1847.8125	10.80364	-91.3727
1848.125	10.84372	-91.4147
1848.4375	10.86518	-91.45155
1848.75	10.89294	-91.38495
1849.0625	10.90201	-91.50183
1849.375	10.94902	-91.57098
1849.6875	10.96699	-91.82368
1850	10.99149	-91.75821
1850.3125	11.02778	-91.87821
1850.625	11.04662	-91.74144
1850.9375	11.08642	-91.85431
1851.25	11.10846	-91.65965
1851.5625	11.13473	-91.79794
1851.875	11.15356	-91.71304
1852.1875	11.17911	-91.5695
1852.5	11.21935	-91.63834
1852.8125	11.24165	-91.64123
1853.125	11.26393	-91.62268
1853.4375	11.30126	-91.78997
1853.75	11.31877	-91.51517
1854.0625	11.3537	-91.84581
1854.375	11.35731	-92.30376
1854.6875	11.37344	-91.72213
1855	11.40509	-92.18957
1855.3125	11.44184	-91.83849
1855.625	11.449	-91.75923
1855.9375	11.47384	-91.53389
1856.25	11.50475	-91.98793
1856.5625	11.52889	-92.00131
1856.875	11.5663	-91.74843
1857.1875	11.59194	-91.54631
1857.5	11.62594	-91.46049
1857.8125	11.65793	-91.61874
1858.125	11.69623	-91.6221
1858.4375	11.72497	-92.0083
1858.75	11.75574	-91.92788
1859.0625	11.78058	-91.97885
1859.375	11.8081	-91.71569
1859.6875	11.84194	-91.87154
1860	11.87119	-92.11541
1860.3125	11.90662	-91.79052
1860.625	11.93014	-91.71457
1860.9375	11.95348	-92.248
1861.25	11.98787	-92.21675
1861.5625	12.01643	-92.09912
1861.875	12.05093	-92.25047
1862.1875	12.08592	-92.08804
1862.5	12.11956	-92.29102
1862.8125	12.15372	-91.90777
1863.125	12.17246	-92.19039
1863.4375	12.20234	-92.22545
1863.75	12.23063	-91.79135
1864.0625	12.27576	-92.0771
1864.375	12.30237	-92.36802
1864.6875	12.32851	-92.28043
1865	12.37026	-92.43664
1865.3125	12.41323	-92.5883
1865.625	12.44523	-92.57939
1865.9375	12.49017	-92.28931
1866.25	12.52063	-93.03118
1866.5625	12.55284	-92.70861
1866.875	12.58828	-93.22707
1867.1875	12.62311	-93.06416
1867.5	12.64432	-92.84425
1867.8125	12.68452	-93.16908
1868.125	12.71705	-93.1692
1868.4375	12.7345	-93.60201
1868.75	12.7779	-93.56108
1869.0625	12.79689	-93.32137
1869.375	12.83885	-93.66228
1869.6875	12.86924	-94.38136
1870	12.8829	-94.22502
1870.3125	12.91804	-94.10115
1870.625	12.9428	-94.50059
1870.9375	12.97057	-94.80692
1871.25	12.99265	-94.38316
1871.5625	13.02294	-94.6844
1871.875	13.04636	-95.15497
1872.1875	13.06601	-95.30286
1872.5	13.08864	-94.89503
1872.8125	13.11081	-95.39128
1873.125	13.12773	-95.3907
1873.4375	13.13145	-95.32559
1873.75	13.14888	-96.05588
1874.0625	13.17044	-95.87252
1874.375	13.18412	-96.11943
1874.6875	13.19849	-96.33572
1875	13.22063	-96.35822
1875.3125	13.22573	-96.41526
1875.625	13.24118	-96.61296
1875.9375	13.25872	-96.56506
1876.25	13.26403	-96.98611
1876.5625	13.28038	-96.97208
1876.875	13.30399	-97.18512
1877.1875	13.3001	-96.92844
1877.5	13.31699	-97.12025
1877.8125	13.33545	-96.92606
1878.125	13.33737	-97.17439
1878.4375	13.34893	-97.36189
1878.75	13.35666	-97.28605
1879.0625	13.36551	-97.98112
1879.375	13.36863	-97.78444
1879.6875	13.37833	-97.98373
1880	13.38894	-98.03337
1880.3125	13.39458	-98.08437
1880.625	13.3973	-97.83608
1880.9375	13.41133	-97.7504
1881.25	13.40931	-97.87111
1881.5625	13.41917	-98.32009
1881.875	13.41622	-98.02357
1882.1875	13.4309	-98.20026
1882.5	13.43344	-98.33519
1882.8125	13.43884	-97.97909
1883.125	13.44477	-98.11704
1883.4375	13.44255	-98.28986
1883.75	13.45352	-98.00171
1884.0625	13.46392	-98.01195
1884.375	13.4668	-98.249
1884.6875	13.47346	-97.96506
1885	13.4829	-97.58479
1885.3125	13.48113	-98.41674
1885.625	13.49885	-98.07612
1885.9375	13.50352	-97.89169
1886.25	13.51048	-97.79549
1886.5625	13.51616	-97.94025
1886.875	13.53473	-97.7407
1887.1875	13.54452	-97.8074
1887.5	13.54961	-97.56308
1887.8125	13.5768	-97.74435
1888.125	13.59505	-97.61481
1888.4375	13.61978	-97.37029
1888.75	13.63922	-97.60735
1889.0625	13.65235	-97.40956
1889.375	13.67019	-97.11525
1889.6875	13.68011	-96.78874
1890	13.71194	-96.54352
1890.3125	13.73413	-96.83141
1890.625	13.75631	-96.75403
1890.9375	13.77665	-96.59634
1891.25	13.80529	-96.35832
1891.5625	13.83004	-96.59974
1891.875	13.86081	-96.39529
1892.1875	13.87966	-96.17122
1892.5	13.90976	-96.19117
1892.8125	13.93685	-95.72745
1893.125	13.97132	-96.04697
1893.4375	14.0046	-95.56347
1893.75	14.03486	-95.96978
1894.0625	14.07512	-95.7016
1894.375	14.10849	-95.34184
1894.6875	14.14453	-95.30375
1895	14.18708	-95.31439
1895.3125	14.22412	-94.88976
1895.625	14.27469	-94.89154
1895.9375	14.32609	-94.75091
1896.25	14.36947	-94.79799
1896.5625	14.4129	-95.23485
1896.875	14.45795	-95.17223
1897.1875	14.51166	-94.65519
1897.5	14.55478	-94.59861
1897.8125	14.61001	-94.32859
1898.125	14.67264	-94.60906
1898.4375	14.72054	-94.24399
1898.75	14.76835	-94.39151
1899.0625	14.82795	-94.30328
1899.375	14.87744	-94.38766
1899.6875	14.92702	-94.57973
1900	14.97188	-95.06403
1900.3125	15.02501	-94.69871
1900.625	15.07029	-94.52156
1900.9375	15.10894	-94.59767
1901.25	15.17229	-94.90874
1901.5625	15.2181	-94.86823
1901.875	15.26121	-94.97207
1902.1875	15.32223	-94.7651
1902.5	15.37127	-95.17824
1902.8125	15.41602	-95.01993
1903.125	15.46307	-95.17663
1903.4375	15.50738	-95.55862
1903.75	15.56366	-95.30289
1904.0625	15.61389	-95.43299
1904.375	15.67104	-95.12654
1904.6875	15.71428	-95.34887
1905	15.75122	-95.82832
1905.3125	15.80651	-95.65508
1905.625	15.8486	-95.92588
1905.9375	15.88696	-96.11976
1906.25	15.92033	-96.25878
1906.5625	15.96518	-96.31934
1906.875	15.98694	-96.82153
1907.1875	16.04504	-96.62128
1907.5	16.0806	-96.20844
1907.8125	16.11402	-96.74884
1908.125	16.14768	-97.11558
1908.4375	16.18416	-97.09768
1908.75	16.22055	-96.89536
1909.0625	16.2596	-96.95391
1909.375	16.28935	-97.16949
1909.6875	16.3286	-97.70512
1910	16.35881	-97.72474
1910.3125	16.39579	-97.32738
1910.625	16.43317	-97.91797
1910.9375	16.45166	-97.60197
1911.25	16.49243	-98.38741
1911.5625	16.52498	-98.1953
1911.875	16.55378	-98.0994
1912.1875	16.59233	-98.36076
1912.5	16.63789	-98.11747
1912.8125	16.67768	-98.22732
1913.125	16.71295	-98.32872
1913.4375	16.75543	-98.31759
1913.75	16.79077	-98.40544
1914.0625	16.82694	-98.63129
1914.375	16.86633	-98.61908
1914.6875	16.89989	-98.48313
1915	16.93742	-99.05663
1915.3125	16.97442	-99.00716
1915.625	17.01432	-98.67112
1915.9375	17.04302	-98.91989
1916.25	17.08015	-99.11379
1916.5625	17.11226	-98.91647
1916.875	17.14771	-98.79412
1917.1875	17.19114	-99.44679
1917.5	17.22808	-99.23956
1917.8125	17.25835	-99.20586
1918.125	17.2947	-99.82558
1918.4375	17.32884	-100.1451
1918.75	17.36871	-99.81684
1919.0625	17.40293	-99.79776
1919.375	17.44381	-99.47277
1919.6875	17.49345	-99.85475
1920	17.5291	-99.77467
1920.3125	17.5701	-99.59094
1920.625	17.60896	-99.75562
1920.9375	17.66037	-99.81668
1921.25	17.6965	-99.55344
1921.5625	17.74964	-99.61176
1921.875	17.78923	-99.87621
1922.1875	17.82962	-100.3095
1922.5	17.8798	-99.8041
1922.8125	17.91523	-100.1422
1923.125	17.96243	-100.2601
1923.4375	18.0032	-100.4605
1923.75	18.05202	-100.1814
1924.0625	18.09603	-100.4449
1924.375	18.14527	-100.292
1924.6875	18.18938	-100.4733
1925	18.23557	-100.6729
1925.3125	18.27972	-100.8875
1925.625	18.33037	-100.449
1925.9375	18.3819	-100.4656
1926.25	18.43732	-100.4443
1926.5625	18.49062	-100.0104
1926.875	18.54576	-100.2057
1927.1875	18.60076	-100.4425
1927.5	18.6659	-100.8893
1927.8125	18.72549	-100.4386
1928.125	18.79538	-100.5419
1928.4375	18.86613	-100.5442
1928.75	18.93648	-100.8677
1929.0625	19.00931	-101.1323
1929.375	19.09624	-100.4283
1929.6875	19.1727	-100.5916
1930	19.25539	-101.0896
1930.3125	19.33956	-100.9457
1930.625	19.43108	-101.0613
1930.9375	19.51536	-101.555
1931.25	19.59859	-101.1199
1931.5625	19.68985	-101.8057
1931.875	19.77066	-101.8524
1932.1875	19.85254	-102.2552
1932.5	19.93783	-102.6931
1932.8125	20.01551	-102.7986
1933.125	20.09283	-103.1558
1933.4375	20.16302	-103.8218
1933.75	20.24442	-103.9081
1934.0625	20.31378	-104.249
1934.375	20.38614	-104.7757
1934.6875	20.45854	-105.3049
1935	20.52949	-105.3729
1935.3125	20.59858	-105.464
1935.625	20.67037	-105.8114
1935.9375	20.74106	-106.5169
1936.25	20.80274	-106.461
1936.5625	20.87313	-106.8074
1936.875	20.94112	-107.3289
1937.1875	20.99638	-107.7894
1937.5	21.04935	-108.2023
1937.8125	21.09982	-108.5504
1938.125	21.13999	-108.7141
1938.4375	21.18216	-109.4141
1938.75	21.2143	-109.9243
1939.0625	21.2483	-110.7319
1939.375	21.27898	-110.6906
1939.6875	21.31355	-111.1936
1940	21.3486	-111.0186
1940.3125	21.38021	-111.7502
1940.625	21.4121	-111.7286
1940.9375	21.4434	-112.0588
1941.25	21.4821	-112.1471
1941.5625	21.51689	-112.3725
1941.875	21.55297	-112.784
1942.1875	21.59401	-113.5583
1942.5	21.63419	-113.4157
1942.8125	21.67059	-113.7371
1943.125	21.70961	-114.6026
1943.4375	21.75263	-114.5998
1943.75	21.78718	-114.5388
1944.0625	21.82588	-115.0833
1944.375	21.86697	-115.2907
1944.6875	21.91287	-115.2306
1945	21.95017	-115.8254
1945.3125	21.99059	-115.6902
1945.625	22.03098	-116.6323
1945.9375	22.06761	-116.8864
1946.25	22.10875	-117.1657
1946.5625	22.14022	-117.4154
1946.875	22.17172	-118.3556
1947.1875	22.20934	-118.3482
1947.5	22.23607	-118.5385
1947.8125	22.27057	-118.4012
1948.125	22.30329	-118.9589
1948.4375	22.33442	-119.4881
1948.75	22.36474	-119.5101
1949.0625	22.40137	-120.0051
1949.375	22.43791	-120.1035
1949.6875	22.47446	-120.5271
1950	22.5155	-120.2624
1950.3125	22.5569	-120.9029
1950.625	22.60588	-121.3006
1950.9375	22.64941	-121.7043
1951.25	22.69633	-121.2729
1951.5625	22.74888	-121.5156
1951.875	22.79914	-122.1724
1952.1875	22.85362	-122.2398
1952.5	22.90731	-122.7755
1952.8125	22.96734	-123.2207
1953.125	23.02717	-123.3639
1953.4375	23.08537	-123.6065
1953.75	23.14108	-123.8691
1954.0625	23.19727	-124.7428
1954.375	23.25141	-124.8741
1954.6875	23.31215	-125.3217
1955	23.36802	-126.1031
1955.3125	23.41641	-126.4885
1955.625	23.46729	-126.8187
1955.9375	23.51902	-127.0503
1956.25	23.5562	-127.8629
1956.5625	23.59478	-128.3244
1956.875	23.62763	-128.6641
1957.1875	23.65992	-129.1784
1957.5	23.69024	-129.8052
1957.8125	23.7121	-130.3867
1958.125	23.7379	-130.7337
1958.4375	23.75842	-130.6455
1958.75	23.77608	-131.4005
1959.0625	23.79323	-131.3551
1959.375	23.81165	-131.96
1959.6875	23.8313	-132.2841
1960	23.85184	-132.8859
1960.3125	23.8665	-133.2521
1960.625	23.88348	-133.2638
1960.9375	23.90361	-133.5154
1961.25	23.92124	-134.0813
1961.5625	23.94154	-134.4401
1961.875	23.95972	-134.784
1962.1875	23.9822	-135.1424
1962.5	24.00469	-135.2966
1962.8125	24.01926	-136.1789
1963.125	24.04594	-136.4288
1963.4375	24.06304	-136.5849
1963.75	24.08772	-136.6796
1964.0625	24.1132	-137.3287
1964.375	24.13476	-137.6915
1964.6875	24.15683	-137.7907
1965	24.18182	-138.3148
1965.3125	24.20369	-137.9846
1965.625	24.22851	-138.5838
1965.9375	24.25334	-139.1149
1966.25	24.27467	-139.5474
1966.5625	24.30193	-139.554
1966.875	24.32141	-139.531
1967.1875	24.33907	-140.0097
1967.5	24.36403	-140.6027
1967.8125	24.3851	-140.5528
1968.125	24.40703	-141.251
1968.4375	24.42807	-141.5997
1968.75	24.45464	-141.3589
1969.0625	24.47758	-141.4856
1969.375	24.50792	-142.1453
1969.6875	24.53715	-142.2301
1970	24.57032	-142.317
1970.3125	24.60216	-142.1765
1970.625	24.63741	-143.1405
1970.9375	24.67915	-143.0952
1971.25	24.71894	-143.3927
1971.5625	24.75997	-143.827
1971.875	24.80264	-143.8616
1972.1875	24.84948	-144.1075
1972.5	24.89061	-143.9831
1972.8125	24.93666	-144.7458
1973.125	24.98269	-145.2395
1973.4375	25.02824	-145.2254
1973.75	25.07307	-145.5287
1974.0625	25.12025	-146.1977
1974.375	25.16762	-146.545
1974.6875	25.21597	-146.5711
1975	25.2597	-146.8843
1975.3125	25.31015	-147.0071
1975.625	25.35944	-147.2456
1975.9375	25.40508	-148.0714
1976.25	25.45315	-148.3916
1976.5625	25.50197	-148.4732
1976.875	25.54986	-149.0747
1977.1875	25.59707	-149.7949
1977.5	25.64469	-149.8828
1977.8125	25.68933	-150.1721
1978.125	25.73975	-150.7951
1978.4375	25.78626	-150.6186
1978.75	25.8341	-151.1491
1979.0625	25.87949	-151.7231
1979.375	25.92549	-151.9218
1979.6875	25.97464	-152.1715
1980	26.02119	-153.2528
1980.3125	26.06664	-153.3115
1980.625	26.11723	-153.8033
1980.9375	26.15793	-153.8339
1981.25	26.20631	-154.4592
1981.5625	26.24972	-154.5553
1981.875	26.29524	-155.4951
1982.1875	26.34054	-155.7744
1982.5	26.38304	-156.0074
1982.8125	26.42829	-156.3278
1983.125	26.4723	-157.1351
1983.4375	26.5138	-157.4316
1983.75	26.55853	-158.0205
1984.0625	26.5997	-158.6098
1984.375	26.64025	-158.6561
1984.6875	26.68639	-159.3706
1985	26.7268	-159.6911
1985.3125	26.76755	-160.1033
1985.625	26.81158	-160.8368
1985.9375	26.85403	-161.0176
1986.25	26.89911	-161.3856
1986.5625	26.94017	-162.1748
1986.875	26.98422	-162.3701
1987.1875	27.0304	-162.7342
1987.5	27.07712	-163.3335
1987.8125	27.12279	-164.0973
1988.125	27.1693	-164.4739
1988.4375	27.21847	-164.301
1988.75	27.2665	-165.5521
1989.0625	27.31581	-165.7789
1989.375	27.36744	-166.4116
1989.6875	27.4149	-167.0411
1990	27.46688	-167.0875
1990.3125	27.51661	-167.8404
1990.625	27.5663	-168.1591
1990.9375	27.61605	-169.0837
1991.25	27.66357	-169.6825
1991.5625	27.71576	-169.3621
1991.875	27.76762	-170.6063
1992.1875	27.81332	-171.0561
1992.5	27.86312	-171.3978
1992.8125	27.91034	-172.4055
1993.125	27.95973	-172.6851
1993.4375	28.00962	-173.4521
1993.75	28.05709	-174.0344
1994.0625	28.10156	-174.8072
1994.375	28.15128	-175.0553
1994.6875	28.20036	-176.1741
1995	28.24533	-176.3854
1995.3125	28.29371	-177.0956
1995.625	28.34005	-177.5477
1995.9375	28.38511	-178.7386
1996.25	28.43055	-179.0999
1996.5625	28.47727	-179.5093
1996.875	28.52311	179.738
1997.1875	28.56699	178.8578
1997.5	28.61003	177.9765
1997.8125	28.65437	177.5112
1998.125	28.69903	176.6917
1998.4375	28.7415	176.167
1998.75	28.78201	174.913
1999.0625	28.8206	174.3261
1999.375	28.86355	173.5787
1999.6875	28.90195	172.7398
2000	28.944	171.0826
