Frequency	Magnitude	Phase
0.3125	-75.34036	-29.00498
0.625	-71.69624	-75.8744
0.9375	-69.64031	-81.91553
1.25	-69.34825	-97.84004
1.5625	-67.89739	-107.1068
1.875	-66.94337	-115.3203
2.1875	-65.65988	-114.0932
2.5	-65.68172	-119.7694
2.8125	-66.13971	-125.5588
3.125	-65.83703	-126.9164
3.4375	-64.75676	-131.5411
3.75	-63.75132	-131.5327
4.0625	-63.2626	-130.3522
4.375	-63.58397	-130.1758
4.6875	-62.82128	-132.2593
5	-63.80226	-134.997
5.3125	-63.34503	-134.7618
5.625	-63.10179	-136.3475
5.9375	-62.73441	-138.8704
6.25	-62.86686	-138.2738
6.5625	-62.93456	-144.7447
6.875	-63.09369	-145.4737
7.1875	-61.89379	-147.8469
7.5	-62.45772	-148.2452
7.8125	-61.83601	-149.9317
8.125	-62.42753	-151.6413
8.4375	-62.20604	-155.2942
8.75	-62.43366	-152.6086
9.0625	-62.02175	-151.4225
9.375	-61.53315	-158.716
9.6875	-63.22233	-168.4323
10	-61.60362	-159.8688
10.3125	-63.2057	-154.1524
10.625	-63.4036	-162.1392
10.9375	-64.38712	-169.8363
11.25	-63.05048	-172.0126
11.5625	-63.8558	-175.2275
11.875	-64.73801	173.3479
12.1875	-66.19542	159.4747
12.5	-65.12766	150.324
12.8125	-67.87898	-175.705
13.125	-64.32728	167.6565
13.4375	-62.49779	149.554
13.75	-61.71852	154.9572
14.0625	-61.81739	142.2316
14.375	-63.41973	137.278
14.6875	-60.47179	124.5064
15	-60.38559	114.8794
15.3125	-58.46114	111.9098
15.625	-56.95771	95.1817
15.9375	-55.97243	86.4998
16.25	-54.51398	76.04485
16.5625	-54.04749	61.03511
16.875	-57.75652	47.40647
17.1875	-58.60641	80.46103
17.5	-55.3111	89.52624
17.8125	-52.87396	98.12005
18.125	-50.81356	93.24865
18.4375	-48.74335	94.05987
18.75	-47.27634	92.37825
19.0625	-45.09806	89.75723
19.375	-43.61249	87.01891
19.6875	-41.53627	83.51457
20	-39.75907	80.62328
20.3125	-37.90368	78.34549
20.625	-35.74419	75.27741
20.9375	-33.50108	72.12709
21.25	-30.84152	67.53261
21.5625	-27.83391	60.71134
21.875	-23.80812	49.57413
22.1875	-19.01335	21.53601
22.5	-17.36952	-27.85888
22.8125	-20.29189	-64.72774
23.125	-22.94571	-83.00704
23.4375	-25.51604	-94.03968
23.75	-27.30336	-99.23644
24.0625	-28.66542	-102.9536
24.375	-29.70927	-105.275
24.6875	-30.52707	-107.7039
25	-30.96796	-110.5853
25.3125	-31.28372	-112.6718
25.625	-31.48696	-116.0197
25.9375	-31.56072	-120.6439
26.25	-31.83259	-126.6013
26.5625	-32.13447	-133.9781
26.875	-32.79417	-141.5997
27.1875	-34.16183	-149.8869
27.5	-35.96474	-153.2688
27.8125	-37.60131	-149.7589
28.125	-38.80106	-141.5082
28.4375	-38.88819	-133.2003
28.75	-38.50214	-128.2523
29.0625	-37.49997	-122.6382
29.375	-36.67296	-121.008
29.6875	-35.3642	-121.7839
30	-33.86885	-125.4457
30.3125	-32.13446	-134.8705
30.625	-30.53399	-152.0638
30.9375	-29.83548	172.4179
31.25	-36.08836	145.0203
31.5625	-41.17761	156.893
31.875	-41.46273	-168.121
32.1875	-38.16303	-170.3158
32.5	-37.84804	167.1339
32.8125	-40.8213	150.8716
33.125	-44.02798	151.7803
33.4375	-45.81461	156.4026
33.75	-48.14995	165.5725
34.0625	-48.77663	176.081
34.375	-50.13955	-169.2619
34.6875	-49.67051	-160.3331
35	-49.78382	-147.19
35.3125	-49.49877	-147.5704
35.625	-49.06924	-137.1649
35.9375	-48.92496	-134.9915
36.25	-48.416	-131.2261
36.5625	-48.25541	-128.2808
36.875	-47.89873	-128.8043
37.1875	-47.49954	-125.9148
37.5	-46.82156	-126.4413
37.8125	-46.89545	-124.045
38.125	-46.95912	-122.6088
38.4375	-46.61802	-121.8458
38.75	-46.01033	-120.8779
39.0625	-46.60412	-113.4104
39.375	-46.0221	-117.6017
39.6875	-45.95395	-115.7208
40	-45.44163	-113.4732
40.3125	-44.87292	-110.4714
40.625	-43.15249	-111.8933
40.9375	-44.21757	-128.6364
41.25	-44.91638	-119.5178
41.5625	-45.39527	-115.5303
41.875	-44.72285	-115.3113
42.1875	-44.37542	-115.1459
42.5	-44.22603	-113.2088
42.8125	-43.66156	-109.5696
43.125	-43.02834	-112.4163
43.4375	-43.23529	-115.653
43.75	-42.88826	-115.894
44.0625	-42.67614	-115.4373
44.375	-42.78168	-119.0525
44.6875	-42.9116	-117.4632
45	-42.6105	-119.1482
45.3125	-42.5284	-121.2623
45.625	-42.99465	-122.8165
45.9375	-44.02788	-126.1642
46.25	-43.89509	-118.6174
46.5625	-44.1728	-118.2671
46.875	-44.3037	-115.7764
47.1875	-43.95187	-111.563
47.5	-43.94303	-110.2425
47.8125	-43.52547	-109.1734
48.125	-43.36966	-110.628
48.4375	-43.07948	-106.1654
48.75	-42.61895	-105.4098
49.0625	-42.62571	-107.2138
49.375	-42.37013	-106.6237
49.6875	-42.03268	-106.1528
50	-42.16246	-106.5375
50.3125	-41.97552	-105.7525
50.625	-41.80296	-105.8618
50.9375	-41.78448	-105.279
51.25	-41.30408	-104.5398
51.5625	-41.11841	-105.7576
51.875	-41.2211	-106.5812
52.1875	-41.30507	-104.3752
52.5	-40.94688	-102.8107
52.8125	-40.77699	-106.4585
53.125	-40.54401	-104.0991
53.4375	-40.52069	-104.4277
53.75	-40.4707	-105.6867
54.0625	-40.19951	-103.2215
54.375	-40.07118	-103.4557
54.6875	-39.90948	-103.4548
55	-40.15961	-102.1089
55.3125	-39.69813	-103.7597
55.625	-39.3634	-102.9868
55.9375	-39.41304	-102.7128
56.25	-39.1853	-102.9821
56.5625	-39.07933	-106.5111
56.875	-39.09278	-102.9467
57.1875	-38.9574	-104.5312
57.5	-38.67743	-102.8038
57.8125	-38.53258	-102.0099
58.125	-38.24531	-102.8774
58.4375	-38.1882	-105.9324
58.75	-38.01123	-103.6406
59.0625	-37.93989	-104.4123
59.375	-37.89859	-104.8281
59.6875	-37.62969	-106.6835
60	-37.28175	-104.5229
60.3125	-37.42447	-107.5936
60.625	-37.29866	-108.6606
60.9375	-37.51789	-107.5364
61.25	-37.36311	-108.2167
61.5625	-37.21055	-108.3813
61.875	-37.23301	-108.0607
62.1875	-37.23503	-108.3382
62.5	-37.22208	-106.5144
62.8125	-37.02238	-105.4865
63.125	-36.84137	-106.2506
63.4375	-36.68281	-105.2672
63.75	-36.62154	-106.32
64.0625	-36.37476	-106.9068
64.375	-36.7305	-107.1551
64.6875	-36.62644	-106.6206
65	-36.55579	-106.2584
65.3125	-36.17534	-104.6051
65.625	-36.34753	-104.7014
65.9375	-35.98672	-103.9094
66.25	-35.86911	-102.1968
66.5625	-35.67518	-103.1936
66.875	-35.49296	-101.4599
67.1875	-35.075	-102.4365
67.5	-35.05979	-103.1937
67.8125	-34.76864	-103.3919
68.125	-34.77048	-101.7521
68.4375	-34.59366	-102.0473
68.75	-34.52427	-102.4756
69.0625	-34.10928	-101.4798
69.375	-33.77297	-103.1266
69.6875	-33.62042	-102.8864
70	-33.49957	-103.4346
70.3125	-33.16682	-104.4497
70.625	-33.19571	-104.8253
70.9375	-32.98554	-104.6012
71.25	-32.78722	-104.0442
71.5625	-32.60227	-103.4663
71.875	-32.24723	-104.5008
72.1875	-32.03326	-104.8944
72.5	-31.80144	-105.3538
72.8125	-31.68718	-106.3017
73.125	-31.39374	-107.0221
73.4375	-31.16178	-107.7941
73.75	-30.98621	-108.0402
74.0625	-30.68177	-108.2437
74.375	-30.51351	-109.55
74.6875	-30.34941	-110.361
75	-30.0791	-111.984
75.3125	-29.89821	-112.9034
75.625	-29.57285	-114.4241
75.9375	-29.32231	-115.2489
76.25	-29.13847	-116.7415
76.5625	-28.96274	-118.8277
76.875	-28.72234	-120.511
77.1875	-28.57682	-121.8652
77.5	-28.3516	-124.2742
77.8125	-28.19915	-126.8685
78.125	-28.10758	-129.4185
78.4375	-27.99258	-132.6373
78.75	-28.02814	-135.0385
79.0625	-28.10435	-137.7701
79.375	-28.28786	-141.5852
79.6875	-28.73478	-144.767
80	-29.2015	-146.1419
80.3125	-29.72449	-146.6013
80.625	-30.20416	-145.0667
80.9375	-30.33463	-143.1476
81.25	-30.42209	-141.4781
81.5625	-30.21251	-139.5573
81.875	-30.0896	-138.2884
82.1875	-29.82155	-138.7457
82.5	-29.549	-139.2781
82.8125	-29.27541	-140.1473
83.125	-29.14536	-141.1464
83.4375	-28.98983	-142.5353
83.75	-28.89808	-145.0002
84.0625	-28.69178	-146.7159
84.375	-28.65236	-148.7004
84.6875	-28.59762	-151.5459
85	-28.54327	-154.8481
85.3125	-28.64989	-158.4858
85.625	-29.05308	-161.2527
85.9375	-29.44327	-164.7368
86.25	-29.84097	-167.8007
86.5625	-30.478	-170.293
86.875	-31.09049	-171.8596
87.1875	-31.93341	-173.2584
87.5	-32.86462	-173.1165
87.8125	-33.91698	-170.764
88.125	-35.1477	-166.1373
88.4375	-35.93867	-157.4477
88.75	-35.98284	-148.5079
89.0625	-35.65748	-142.2179
89.375	-35.39058	-138.4239
89.6875	-34.5145	-135.4087
90	-34.18291	-131.6919
90.3125	-33.57286	-131.1113
90.625	-33.12654	-129.7374
90.9375	-32.59367	-129.8741
91.25	-32.18175	-129.8322
91.5625	-31.89893	-131.5578
91.875	-31.85525	-131.6613
92.1875	-31.54246	-132.8784
92.5	-31.51721	-132.1998
92.8125	-31.44263	-134.267
93.125	-31.30202	-134.2478
93.4375	-31.28493	-134.7122
93.75	-31.30728	-137.151
94.0625	-31.18633	-137.6843
94.375	-31.44148	-139.0084
94.6875	-31.51838	-138.2949
95	-31.74722	-138.0218
95.3125	-31.78824	-137.8429
95.625	-31.87107	-137.1665
95.9375	-32.06342	-136.6788
96.25	-32.13606	-134.9785
96.5625	-32.17027	-132.2025
96.875	-32.2783	-129.7183
97.1875	-32.16635	-126.792
97.5	-31.44047	-125.0296
97.8125	-31.35032	-129.2161
98.125	-31.66103	-128.391
98.4375	-31.60576	-127.3897
98.75	-31.41107	-125.8485
99.0625	-31.13377	-125.6289
99.375	-31.26256	-124.0459
99.6875	-31.09894	-123.6581
100	-31.08558	-124.2801
100.3125	-31.01187	-122.8943
100.625	-30.8089	-122.8746
100.9375	-30.85082	-123.3436
101.25	-30.73448	-120.9103
101.5625	-30.62053	-120.286
101.875	-30.50254	-118.8654
102.1875	-30.33831	-118.1685
102.5	-30.1916	-117.6495
102.8125	-30.13297	-116.3785
103.125	-29.92646	-115.3429
103.4375	-29.71698	-116.1768
103.75	-29.70268	-115.1393
104.0625	-29.5244	-115.2432
104.375	-29.20708	-114.6711
104.6875	-29.26094	-114.6498
105	-29.11787	-113.796
105.3125	-28.87641	-113.3939
105.625	-28.69422	-113.3672
105.9375	-28.62531	-112.0788
106.25	-28.59713	-111.9511
106.5625	-28.39173	-111.7101
106.875	-28.24285	-111.333
107.1875	-28.09998	-111.7637
107.5	-27.91037	-110.7977
107.8125	-27.83515	-110.6424
108.125	-27.68029	-110.2216
108.4375	-27.55636	-109.8816
108.75	-27.29383	-109.0844
109.0625	-27.16913	-109.1586
109.375	-27.00273	-109.0339
109.6875	-26.96663	-108.4588
110	-26.69091	-108.9692
110.3125	-26.60864	-108.5744
110.625	-26.51944	-108.3637
110.9375	-26.46212	-108.8949
111.25	-26.38718	-107.9384
111.5625	-26.35149	-108.3617
111.875	-26.29827	-108.3348
112.1875	-26.26956	-107.6809
112.5	-26.19681	-106.3692
112.8125	-26.05567	-106.7216
113.125	-26.10589	-105.4634
113.4375	-26.25904	-104.1534
113.75	-26.26001	-102.3542
114.0625	-26.25237	-99.14828
114.375	-25.97758	-94.64545
114.6875	-25.38785	-88.25005
115	-23.95157	-86.61351
115.3125	-22.8651	-91.87057
115.625	-22.88129	-97.08219
115.9375	-22.82242	-98.31718
116.25	-22.76505	-98.32668
116.5625	-22.65398	-98.67524
116.875	-22.52733	-99.08888
117.1875	-22.34897	-98.91663
117.5	-22.22394	-99.02538
117.8125	-22.0517	-99.21336
118.125	-21.93235	-99.31847
118.4375	-21.72994	-99.41936
118.75	-21.45245	-99.37924
119.0625	-21.31081	-99.62134
119.375	-21.10952	-99.57667
119.6875	-20.93179	-99.91232
120	-20.78654	-100.2502
120.3125	-20.67979	-100.1659
120.625	-20.5467	-100.4973
120.9375	-20.43015	-100.1597
121.25	-20.21219	-98.95412
121.5625	-20.00028	-98.52446
121.875	-19.6849	-98.45975
122.1875	-19.38288	-98.9175
122.5	-19.17715	-99.20635
122.8125	-18.97601	-99.70181
123.125	-18.74967	-100.2309
123.4375	-18.62107	-100.6017
123.75	-18.45448	-100.7485
124.0625	-18.33071	-100.8886
124.375	-18.22182	-101.172
124.6875	-18.04077	-100.7919
125	-17.87	-100.5174
125.3125	-17.67163	-100.2721
125.625	-17.47565	-100.2218
125.9375	-17.26939	-100.4009
126.25	-17.03838	-100.0849
126.5625	-16.87085	-99.76067
126.875	-16.59168	-99.90907
127.1875	-16.40181	-99.68574
127.5	-16.17471	-99.58971
127.8125	-15.94189	-99.79403
128.125	-15.72574	-99.66393
128.4375	-15.51404	-99.54129
128.75	-15.29817	-99.27525
129.0625	-15.05813	-99.08642
129.375	-14.83538	-99.12752
129.6875	-14.56776	-98.91278
130	-14.32687	-98.3638
130.3125	-14.04822	-98.43678
130.625	-13.76962	-98.30092
130.9375	-13.4909	-98.27393
131.25	-13.22581	-98.05994
131.5625	-12.92975	-97.70931
131.875	-12.61076	-97.78413
132.1875	-12.30287	-97.72888
132.5	-12.0032	-97.63457
132.8125	-11.67958	-97.26844
133.125	-11.31942	-97.23109
133.4375	-11.00929	-97.14559
133.75	-10.64966	-97.26118
134.0625	-10.29443	-97.11732
134.375	-9.91637	-97.14054
134.6875	-9.552302	-97.13674
135	-9.158217	-97.2196
135.3125	-8.78036	-97.20734
135.625	-8.346449	-97.30518
135.9375	-7.918	-97.20631
136.25	-7.477908	-97.29536
136.5625	-7.013741	-97.46367
136.875	-6.553503	-97.58849
137.1875	-6.047601	-97.61417
137.5	-5.520255	-97.85441
137.8125	-4.98183	-98.08629
138.125	-4.419348	-98.40092
138.4375	-3.838829	-98.62486
138.75	-3.198235	-99.04099
139.0625	-2.539989	-99.36888
139.375	-1.840667	-99.95831
139.6875	-1.082676	-100.5521
140	-0.286969	-101.1471
140.3125	0.5805227	-101.9661
140.625	1.513152	-103.0045
140.9375	2.53774	-104.2026
141.25	3.67121	-105.7837
141.5625	4.934495	-107.6547
141.875	6.364856	-110.0861
142.1875	7.99936	-113.5804
142.5	9.929537	-118.2426
142.8125	12.24431	-125.3736
143.125	15.06102	-136.983
143.4375	18.65376	-158.1127
143.75	20.65089	153.2709
144.0625	16.69557	112.5899
144.375	12.52689	99.34624
144.6875	9.391366	94.28531
145	7.193584	93.39697
145.3125	5.609612	92.80786
145.625	4.259404	92.22297
145.9375	3.120406	91.97232
146.25	2.147629	91.76532
146.5625	1.284782	91.71696
146.875	0.5276985	91.50583
147.1875	-0.1642247	91.55161
147.5	-0.7879493	91.59169
147.8125	-1.35051	91.3165
148.125	-1.8746	91.35254
148.4375	-2.361146	91.32104
148.75	-2.818994	91.3392
149.0625	-3.238139	91.21917
149.375	-3.634662	91.2339
149.6875	-3.997561	91.32388
150	-4.3475	91.18162
150.3125	-4.671406	91.20155
150.625	-4.978013	91.16652
150.9375	-5.287116	91.18839
151.25	-5.560565	90.96011
151.5625	-5.826218	91.01196
151.875	-6.088995	91.02928
152.1875	-6.312566	90.87675
152.5	-6.563896	90.93899
152.8125	-6.794562	90.79829
153.125	-6.988988	90.79816
153.4375	-7.195449	90.74704
153.75	-7.380471	90.5444
154.0625	-7.585256	90.50569
154.375	-7.779955	90.60213
154.6875	-7.960489	90.48135
155	-8.11271	90.46319
155.3125	-8.296293	90.27953
155.625	-8.462711	90.12856
155.9375	-8.614486	90.03998
156.25	-8.779333	90.06162
156.5625	-8.938354	89.95181
156.875	-9.07878	89.85397
157.1875	-9.21177	89.93764
157.5	-9.360462	89.75117
157.8125	-9.497955	89.89412
158.125	-9.633087	89.8373
158.4375	-9.743783	89.74883
158.75	-9.875813	89.66393
159.0625	-9.998902	89.62953
159.375	-10.10879	89.56729
159.6875	-10.23544	89.60846
160	-10.33692	89.49127
160.3125	-10.45622	89.64027
160.625	-10.55569	89.63195
160.9375	-10.6661	89.50214
161.25	-10.78368	89.61983
161.5625	-10.88201	89.75984
161.875	-10.96647	89.77755
162.1875	-11.04749	89.92194
162.5	-11.1331	89.84563
162.8125	-11.20895	90.03973
163.125	-11.28356	89.9689
163.4375	-11.35948	90.19241
163.75	-11.42166	90.24274
164.0625	-11.47508	90.20478
164.375	-11.5024	90.31017
164.6875	-11.56268	90.30714
165	-11.61987	90.17422
165.3125	-11.59825	90.12793
165.625	-11.60956	89.77789
165.9375	-11.64725	88.97952
166.25	-11.8261	88.20072
166.5625	-11.9684	88.3232
166.875	-12.10306	88.6301
167.1875	-12.18183	88.59377
167.5	-12.25375	88.66549
167.8125	-12.32929	88.92545
168.125	-12.39015	89.1191
168.4375	-12.45051	89.08741
168.75	-12.49296	89.2304
169.0625	-12.53278	89.16156
169.375	-12.615	89.23719
169.6875	-12.64512	89.34051
170	-12.68243	89.27596
170.3125	-12.7516	89.19247
170.625	-12.77185	89.33086
170.9375	-12.80331	89.37883
171.25	-12.82964	89.25327
171.5625	-12.89757	89.06361
171.875	-12.91452	88.99209
172.1875	-12.98848	88.99812
172.5	-13.02822	88.96875
172.8125	-13.07142	88.8996
173.125	-13.13102	88.90794
173.4375	-13.17893	88.67833
173.75	-13.20026	88.67549
174.0625	-13.26516	88.72006
174.375	-13.30127	88.96002
174.6875	-13.33364	88.83633
175	-13.38348	88.65744
175.3125	-13.42073	88.56966
175.625	-13.44789	88.57806
175.9375	-13.49802	88.52835
176.25	-13.52386	88.02966
176.5625	-13.57223	87.94076
176.875	-13.67151	87.78735
177.1875	-13.85048	87.80333
177.5	-13.9314	88.66354
177.8125	-13.89604	89.45473
178.125	-13.86943	89.62969
178.4375	-13.88963	89.72287
178.75	-13.88359	89.57028
179.0625	-13.90007	89.5583
179.375	-13.92915	89.71252
179.6875	-13.937	89.58702
180	-13.9662	89.59701
180.3125	-13.95838	89.87139
180.625	-14.00367	89.67275
180.9375	-13.98442	89.48333
181.25	-14.02415	89.69551
181.5625	-14.03218	89.61835
181.875	-14.04165	89.81443
182.1875	-14.04476	89.81449
182.5	-14.10737	89.78506
182.8125	-14.11989	89.6849
183.125	-14.11625	89.72835
183.4375	-14.1108	89.73885
183.75	-14.14718	89.85744
184.0625	-14.16701	89.77903
184.375	-14.18844	89.57214
184.6875	-14.19874	89.85735
185	-14.23173	89.87657
185.3125	-14.20192	89.75968
185.625	-14.24008	89.68056
185.9375	-14.25179	90.05359
186.25	-14.26686	89.98714
186.5625	-14.24531	89.66219
186.875	-14.2873	89.91776
187.1875	-14.27405	89.83215
187.5	-14.28479	90.11606
187.8125	-14.31007	90.07407
188.125	-14.30085	89.83057
188.4375	-14.3096	90.18901
188.75	-14.32839	89.97614
189.0625	-14.32848	90.22227
189.375	-14.28389	90.29491
189.6875	-14.28706	89.76528
190	-14.32957	89.57849
190.3125	-14.35209	89.8485
190.625	-14.3787	89.47545
190.9375	-14.35995	90.02909
191.25	-14.38441	89.86703
191.5625	-14.36665	89.92341
191.875	-14.38002	89.64801
192.1875	-14.37557	89.67783
192.5	-14.37456	89.78403
192.8125	-14.37476	90.02048
193.125	-14.38621	89.9313
193.4375	-14.37155	89.98257
193.75	-14.40337	90.09018
194.0625	-14.39364	90.10999
194.375	-14.34906	89.91102
194.6875	-14.38453	89.94505
195	-14.35221	89.83694
195.3125	-14.38454	89.96884
195.625	-14.38297	89.78355
195.9375	-14.38422	89.98692
196.25	-14.36948	89.69974
196.5625	-14.37978	89.56011
196.875	-14.43076	89.66544
197.1875	-14.4251	90.01885
197.5	-14.42408	89.90726
197.8125	-14.39236	89.91067
198.125	-14.3646	89.64752
198.4375	-14.38163	89.74335
198.75	-14.38421	89.70242
199.0625	-14.37662	89.79601
199.375	-14.38404	89.86655
199.6875	-14.33969	89.80482
200	-14.40659	89.76606
200.3125	-14.39791	89.77753
200.625	-14.37959	89.80627
200.9375	-14.38684	89.6815
201.25	-14.3958	89.79823
201.5625	-14.36917	89.59516
201.875	-14.38125	89.39357
202.1875	-14.3603	89.56486
202.5	-14.34009	89.79562
202.8125	-14.38181	89.70632
203.125	-14.40745	89.80135
203.4375	-14.35741	89.77971
203.75	-14.38043	89.80358
204.0625	-14.32149	89.67503
204.375	-14.32681	89.70628
204.6875	-14.35047	89.78232
205	-14.33901	89.70082
205.3125	-14.31026	89.61892
205.625	-14.30325	89.77729
205.9375	-14.30577	89.62188
206.25	-14.32195	89.61723
206.5625	-14.26964	89.88493
206.875	-14.26465	89.59299
207.1875	-14.28516	89.65124
207.5	-14.29833	89.72377
207.8125	-14.29088	89.65585
208.125	-14.27195	89.68513
208.4375	-14.25007	89.39317
208.75	-14.29341	89.61581
209.0625	-14.26218	89.55952
209.375	-14.27463	89.9931
209.6875	-14.27935	89.6612
210	-14.22383	89.67207
210.3125	-14.26231	89.94177
210.625	-14.23765	89.66559
210.9375	-14.19936	89.73627
211.25	-14.22618	89.76195
211.5625	-14.264	89.63747
211.875	-14.2133	89.69608
212.1875	-14.19829	89.78673
212.5	-14.25695	89.76138
212.8125	-14.16833	89.51046
213.125	-14.1747	89.57771
213.4375	-14.18279	89.7039
213.75	-14.1473	89.75848
214.0625	-14.13497	89.85474
214.375	-14.13768	89.68459
214.6875	-14.10804	89.47938
215	-14.08386	89.76102
215.3125	-14.08051	89.86158
215.625	-14.09526	89.84188
215.9375	-14.0742	89.59885
216.25	-14.09145	89.88422
216.5625	-14.04301	89.97353
216.875	-14.03591	89.70658
217.1875	-14.02909	89.93077
217.5	-14.01221	89.85046
217.8125	-14.01334	89.94539
218.125	-14.00266	90.141
218.4375	-13.99569	89.96436
218.75	-13.92347	90.01363
219.0625	-13.96334	90.07173
219.375	-13.93982	89.9133
219.6875	-13.90973	90.09366
220	-13.92205	89.79736
220.3125	-13.86307	89.89758
220.625	-13.8901	89.80456
220.9375	-13.86375	89.81882
221.25	-13.86716	90.14824
221.5625	-13.86842	90.02255
221.875	-13.86751	90.25066
222.1875	-13.84421	90.35085
222.5	-13.81536	90.22331
222.8125	-13.82012	90.25212
223.125	-13.77516	90.65253
223.4375	-13.74059	90.76665
223.75	-13.74702	90.9499
224.0625	-13.70141	90.80485
224.375	-13.64991	91.01309
224.6875	-13.60315	91.32543
225	-13.50801	91.25012
225.3125	-13.45781	90.93297
225.625	-13.42001	90.94598
225.9375	-13.37297	90.76266
226.25	-13.34504	90.57329
226.5625	-13.32682	90.36049
226.875	-13.2814	90.21942
227.1875	-13.28609	90.06544
227.5	-13.28497	89.97131
227.8125	-13.25031	89.7683
228.125	-13.2685	89.6377
228.4375	-13.23941	89.61339
228.75	-13.22231	89.29234
229.0625	-13.22412	89.28213
229.375	-13.24938	89.48548
229.6875	-13.21076	89.50748
230	-13.21794	89.54759
230.3125	-13.20538	89.78548
230.625	-13.16407	89.32907
230.9375	-13.13136	89.61497
231.25	-13.11995	89.98486
231.5625	-13.0491	89.61842
231.875	-12.97485	89.28374
232.1875	-12.96563	89.19318
232.5	-12.97658	88.99855
232.8125	-12.99368	88.91041
233.125	-12.98112	89.03422
233.4375	-12.98169	88.79712
233.75	-12.95962	89.0773
234.0625	-12.9425	88.96803
234.375	-12.96732	89.00907
234.6875	-12.95156	88.72245
235	-12.93318	88.80039
235.3125	-12.92999	88.86439
235.625	-12.87156	88.87418
235.9375	-12.88739	89.0255
236.25	-12.85986	88.95408
236.5625	-12.83754	88.90824
236.875	-12.81215	88.7313
237.1875	-12.7985	89.00195
237.5	-12.79115	88.82323
237.8125	-12.74909	88.90812
238.125	-12.73222	88.95941
238.4375	-12.72114	89.00574
238.75	-12.70179	88.84669
239.0625	-12.6888	88.9557
239.375	-12.68373	89.09283
239.6875	-12.65564	88.97504
240	-12.60268	89.03465
240.3125	-12.57679	89.40456
240.625	-12.52188	89.32682
240.9375	-12.52396	89.05344
241.25	-12.49416	89.22215
241.5625	-12.45467	89.14527
241.875	-12.43695	89.3157
242.1875	-12.39297	89.22182
242.5	-12.31863	89.1567
242.8125	-12.30365	89.1442
243.125	-12.26796	88.91548
243.4375	-12.23015	88.91664
243.75	-12.20369	88.80921
244.0625	-12.15909	88.8686
244.375	-12.13906	88.7686
244.6875	-12.12291	88.79719
245	-12.09412	88.65317
245.3125	-12.0407	88.36599
245.625	-12.03199	88.40147
245.9375	-12.0072	88.27962
246.25	-11.93701	88.55561
246.5625	-11.88015	88.30918
246.875	-11.83325	88.28838
247.1875	-11.8138	88.06454
247.5	-11.74973	88.09641
247.8125	-11.74191	88.02251
248.125	-11.6584	88.08196
248.4375	-11.63319	87.80424
248.75	-11.55636	87.75417
249.0625	-11.51063	87.7042
249.375	-11.40697	87.43581
249.6875	-11.30931	87.33863
250	-11.18839	87.25679
250.3125	-11.06122	86.90685
250.625	-10.9101	86.33409
250.9375	-10.69038	85.60785
251.25	-10.45594	84.64619
251.5625	-10.12895	82.63127
251.875	-9.754061	79.62205
252.1875	-9.294438	74.3746
252.5	-9.070602	64.17062
252.8125	-10.04127	46.63247
253.125	-15.47463	35.03888
253.4375	-17.65533	75.65721
253.75	-15.63939	87.14563
254.0625	-14.45543	90.16254
254.375	-13.75579	90.64143
254.6875	-13.3909	90.53113
255	-13.09988	90.4957
255.3125	-12.90908	90.30054
255.625	-12.75579	90.52045
255.9375	-12.5849	90.30318
256.25	-12.47981	90.12109
256.5625	-12.37625	90.24188
256.875	-12.27953	89.95718
257.1875	-12.18513	89.8542
257.5	-12.13752	90.18587
257.8125	-12.06601	89.87198
258.125	-11.99078	89.91769
258.4375	-11.95437	89.96216
258.75	-11.85844	89.89525
259.0625	-11.80265	90.06458
259.375	-11.75167	90.15437
259.6875	-11.70671	90.27708
260	-11.65792	90.047
260.3125	-11.61055	89.86036
260.625	-11.57587	89.84061
260.9375	-11.52884	89.83308
261.25	-11.47758	89.65119
261.5625	-11.42036	89.75071
261.875	-11.401	89.81951
262.1875	-11.36883	89.63975
262.5	-11.33039	89.91505
262.8125	-11.27856	89.66608
263.125	-11.24226	89.67077
263.4375	-11.23322	89.54552
263.75	-11.16673	89.4528
264.0625	-11.16147	89.52831
264.375	-11.10828	89.42735
264.6875	-11.10977	89.36918
265	-11.07416	89.5409
265.3125	-11.00022	89.64
265.625	-10.9985	89.68367
265.9375	-10.9751	89.10938
266.25	-10.96462	89.23402
266.5625	-10.92242	89.52624
266.875	-10.87217	89.52372
267.1875	-10.84515	89.44275
267.5	-10.81124	89.32912
267.8125	-10.76674	89.42558
268.125	-10.74053	89.53863
268.4375	-10.70179	89.32543
268.75	-10.66978	89.4386
269.0625	-10.64972	89.51583
269.375	-10.63134	89.46521
269.6875	-10.58764	89.27305
270	-10.56415	89.43745
270.3125	-10.51145	89.62524
270.625	-10.50686	89.33624
270.9375	-10.43546	89.37395
271.25	-10.42528	89.48675
271.5625	-10.40195	89.28906
271.875	-10.33249	89.26452
272.1875	-10.32829	89.20853
272.5	-10.28	89.41924
272.8125	-10.24128	89.26781
273.125	-10.20657	89.17632
273.4375	-10.16934	89.303
273.75	-10.13078	89.18227
274.0625	-10.09825	88.9966
274.375	-10.05987	88.94635
274.6875	-10.04086	88.93219
275	-10.02597	88.8876
275.3125	-10.00844	88.66673
275.625	-9.997675	88.63861
275.9375	-9.976629	88.51568
276.25	-9.996544	88.79043
276.5625	-10.01562	88.84996
276.875	-9.976122	89.07014
277.1875	-9.967214	89.36659
277.5	-9.860729	89.52346
277.8125	-9.819325	89.51615
278.125	-9.791461	89.62936
278.4375	-9.731367	89.86252
278.75	-9.670746	89.74956
279.0625	-9.647536	89.89368
279.375	-9.60565	89.88914
279.6875	-9.562024	89.9903
280	-9.49691	89.97412
280.3125	-9.447477	89.95539
280.625	-9.42639	89.70919
280.9375	-9.411574	89.86199
281.25	-9.343503	90.01446
281.5625	-9.282979	89.77596
281.875	-9.244604	89.81638
282.1875	-9.203815	89.76926
282.5	-9.169141	89.59892
282.8125	-9.121223	89.56325
283.125	-9.089323	89.65642
283.4375	-9.03781	89.61255
283.75	-8.987129	89.71212
284.0625	-8.962503	89.80636
284.375	-8.898168	89.71528
284.6875	-8.870797	89.94398
285	-8.799274	89.69698
285.3125	-8.749488	89.41934
285.625	-8.710641	89.49891
285.9375	-8.64935	89.46957
286.25	-8.600984	89.21815
286.5625	-8.543943	88.95245
286.875	-8.459412	88.65623
287.1875	-8.430101	88.1113
287.5	-8.434099	87.86287
287.8125	-8.489126	87.62916
288.125	-8.477391	87.81252
288.4375	-8.476889	88.08571
288.75	-8.450327	87.99641
289.0625	-8.448905	87.86909
289.375	-8.430489	88.10178
289.6875	-8.372705	88.1177
290	-8.347038	88.01014
290.3125	-8.294006	88.00954
290.625	-8.234858	88.29456
290.9375	-8.224843	88.21603
291.25	-8.192898	88.34026
291.5625	-8.171823	88.32159
291.875	-8.125998	88.2449
292.1875	-8.106423	88.27734
292.5	-8.05722	88.41844
292.8125	-8.03277	88.40004
293.125	-7.980657	88.32227
293.4375	-7.955164	88.27918
293.75	-7.930842	88.25267
294.0625	-7.882947	88.362
294.375	-7.86205	88.38552
294.6875	-7.812787	88.4198
295	-7.784256	88.39532
295.3125	-7.745524	88.27589
295.625	-7.703708	88.53868
295.9375	-7.678983	88.44198
296.25	-7.60768	88.47316
296.5625	-7.580933	88.44711
296.875	-7.552486	88.4698
297.1875	-7.510152	88.37574
297.5	-7.489032	88.36833
297.8125	-7.441211	88.3992
298.125	-7.405396	88.50903
298.4375	-7.339931	88.33423
298.75	-7.316417	88.33543
299.0625	-7.263602	88.23927
299.375	-7.237757	88.21367
299.6875	-7.197562	88.31612
300	-7.152831	88.40273
300.3125	-7.102798	88.50748
300.625	-7.079926	88.3656
300.9375	-7.05054	88.33743
301.25	-7.01411	88.22778
301.5625	-6.976885	88.39689
301.875	-6.94689	88.29258
302.1875	-6.897771	88.3634
302.5	-6.845088	88.22974
302.8125	-6.810889	88.33208
303.125	-6.799317	88.37003
303.4375	-6.720696	88.21272
303.75	-6.705346	88.19534
304.0625	-6.658856	88.23456
304.375	-6.625028	88.23363
304.6875	-6.582684	88.29898
305	-6.547542	88.23835
305.3125	-6.49909	88.30434
305.625	-6.448116	88.12848
305.9375	-6.427562	88.25808
306.25	-6.397475	88.1844
306.5625	-6.345121	88.17794
306.875	-6.324404	88.24694
307.1875	-6.272609	88.3184
307.5	-6.22682	88.17673
307.8125	-6.194322	88.37991
308.125	-6.142767	88.37012
308.4375	-6.090037	88.30253
308.75	-6.050783	88.35643
309.0625	-5.997721	88.23524
309.375	-5.944833	88.2859
309.6875	-5.878633	88.24701
310	-5.848907	88.32161
310.3125	-5.79469	88.30848
310.625	-5.773488	88.09274
310.9375	-5.76143	88.22588
311.25	-5.6813	88.29355
311.5625	-5.655403	88.03796
311.875	-5.609584	88.08012
312.1875	-5.545256	88.00032
312.5	-5.511835	88.10856
312.8125	-5.485128	88.20234
313.125	-5.422788	88.26941
313.4375	-5.406554	87.93846
313.75	-5.35317	88.00604
314.0625	-5.308552	88.05994
314.375	-5.257529	88.19394
314.6875	-5.219235	88.15972
315	-5.155981	88.27165
315.3125	-5.12081	88.17301
315.625	-5.062917	88.00101
315.9375	-5.023452	88.07026
316.25	-4.97271	88.28856
316.5625	-4.911804	88.23768
316.875	-4.861381	88.11779
317.1875	-4.836126	88.2116
317.5	-4.787816	88.15025
317.8125	-4.740239	88.07147
318.125	-4.672882	88.16304
318.4375	-4.616823	88.11912
318.75	-4.560716	88.08797
319.0625	-4.535614	88.0133
319.375	-4.493656	87.99769
319.6875	-4.428934	88.03399
320	-4.384273	88.10773
320.3125	-4.333558	88.10414
320.625	-4.28261	88.01909
320.9375	-4.239704	88.0475
321.25	-4.16644	88.14041
321.5625	-4.124729	88.14068
321.875	-4.088482	88.05612
322.1875	-4.029542	88.08031
322.5	-3.96154	87.8933
322.8125	-3.930422	88.0044
323.125	-3.87089	88.09764
323.4375	-3.825971	88.03538
323.75	-3.785396	88.02539
324.0625	-3.714139	87.95189
324.375	-3.671423	87.7462
324.6875	-3.619141	87.83736
325	-3.567159	87.76698
325.3125	-3.509817	87.8373
325.625	-3.46898	87.8833
325.9375	-3.417159	87.67416
326.25	-3.357376	87.63696
326.5625	-3.310386	87.68329
326.875	-3.250208	87.61706
327.1875	-3.204605	87.61962
327.5	-3.148712	87.53071
327.8125	-3.09581	87.59318
328.125	-3.056485	87.47443
328.4375	-2.98487	87.54726
328.75	-2.948784	87.5309
329.0625	-2.899585	87.45673
329.375	-2.846503	87.51292
329.6875	-2.788293	87.57874
330	-2.73674	87.38243
330.3125	-2.688931	87.4547
330.625	-2.632028	87.42657
330.9375	-2.572959	87.26786
331.25	-2.527361	87.24368
331.5625	-2.47514	87.26311
331.875	-2.417906	87.3486
332.1875	-2.359999	87.31837
332.5	-2.300771	87.29921
332.8125	-2.257961	87.22427
333.125	-2.193362	87.30186
333.4375	-2.13247	87.14626
333.75	-2.082375	87.22837
334.0625	-2.018327	87.18673
334.375	-1.966477	87.04501
334.6875	-1.914886	87.08739
335	-1.850548	87.15438
335.3125	-1.801698	87.04185
335.625	-1.740083	86.93117
335.9375	-1.691482	86.85305
336.25	-1.63352	86.91816
336.5625	-1.597923	86.83335
336.875	-1.534796	86.78942
337.1875	-1.483209	86.7139
337.5	-1.424719	86.79892
337.8125	-1.370769	86.66084
338.125	-1.3018	86.66858
338.4375	-1.258242	86.67752
338.75	-1.204448	86.5907
339.0625	-1.149996	86.48422
339.375	-1.096382	86.54419
339.6875	-1.041531	86.53288
340	-0.9861577	86.39918
340.3125	-0.9255779	86.40042
340.625	-0.8765674	86.56248
340.9375	-0.8251551	86.49666
341.25	-0.7629258	86.43846
341.5625	-0.7050273	86.44731
341.875	-0.648446	86.65006
342.1875	-0.5887277	86.58231
342.5	-0.5157831	86.5423
342.8125	-0.4481475	86.65578
343.125	-0.3865171	86.59422
343.4375	-0.3224604	86.67926
343.75	-0.249221	86.55312
344.0625	-0.1877786	86.61655
344.375	-0.1258475	86.58831
344.6875	-0.06009877	86.5061
345	0.004741015	86.71674
345.3125	0.07025129	86.62045
345.625	0.148299	86.72746
345.9375	0.2186118	86.74339
346.25	0.2964734	86.63629
346.5625	0.3707178	86.67061
346.875	0.4514371	86.66349
347.1875	0.5335264	86.56525
347.5	0.6113417	86.3635
347.8125	0.6667687	86.51569
348.125	0.7471175	86.23513
348.4375	0.8128252	86.23895
348.75	0.8838484	86.20401
349.0625	0.9643563	86.13605
349.375	1.026355	86.04836
349.6875	1.091752	85.99348
350	1.161273	86.01508
350.3125	1.214625	85.99935
350.625	1.292808	85.83683
350.9375	1.351714	85.91987
351.25	1.43016	85.91451
351.5625	1.501604	85.72369
351.875	1.573593	85.80812
352.1875	1.658521	85.74814
352.5	1.732352	85.78348
352.8125	1.814233	85.68684
353.125	1.87654	85.57722
353.4375	1.953158	85.6157
353.75	2.032904	85.57463
354.0625	2.104759	85.42257
354.375	2.169304	85.41846
354.6875	2.248149	85.38292
355	2.326995	85.41534
355.3125	2.394503	85.22291
355.625	2.474815	85.26365
355.9375	2.543067	85.07903
356.25	2.614737	85.09921
356.5625	2.702677	85.13758
356.875	2.766278	85.02674
357.1875	2.848534	84.93359
357.5	2.924835	84.97549
357.8125	3.002253	85.03851
358.125	3.085183	84.9562
358.4375	3.157981	84.85294
358.75	3.232097	84.85209
359.0625	3.317145	84.93376
359.375	3.396206	84.83836
359.6875	3.483498	84.89539
360	3.56952	84.89629
360.3125	3.660518	84.73842
360.625	3.733682	84.68156
360.9375	3.827387	84.52679
361.25	3.911044	84.6388
361.5625	3.99539	84.56979
361.875	4.077421	84.53002
362.1875	4.166784	84.38155
362.5	4.250182	84.42889
362.8125	4.341304	84.3918
363.125	4.434049	84.30674
363.4375	4.527939	84.09105
363.75	4.627666	84.09114
364.0625	4.709991	83.90159
364.375	4.801314	83.81128
364.6875	4.883148	83.52868
365	4.956226	83.43864
365.3125	5.027439	83.21926
365.625	5.100563	83.15415
365.9375	5.164763	83.15541
366.25	5.23596	82.89583
366.5625	5.286116	82.79546
366.875	5.33311	82.69435
367.1875	5.367117	82.70442
367.5	5.400775	82.83257
367.8125	5.433478	83.07439
368.125	5.484159	83.46726
368.4375	5.532259	83.9286
368.75	5.612111	84.53766
369.0625	5.71457	85.20048
369.375	5.847845	85.85413
369.6875	6.02097	86.32446
370	6.212732	86.7426
370.3125	6.400282	86.90984
370.625	6.58856	86.8331
370.9375	6.767585	86.66462
371.25	6.927328	86.55515
371.5625	7.08283	86.3091
371.875	7.226161	86.23032
372.1875	7.364995	85.93777
372.5	7.497288	85.74976
372.8125	7.616775	85.45428
373.125	7.723695	85.14036
373.4375	7.81992	85.06617
373.75	7.894919	84.86847
374.0625	7.953873	84.9376
374.375	8.010315	85.26597
374.6875	8.106861	86.08527
375	8.301094	87.05291
375.3125	8.576231	87.48708
375.625	8.834298	87.45361
375.9375	9.063656	87.01746
376.25	9.249537	86.61439
376.5625	9.428308	86.37243
376.875	9.592529	86.0225
377.1875	9.754189	85.75835
377.5	9.911938	85.44678
377.8125	10.07015	85.17768
378.125	10.21792	84.9649
378.4375	10.36827	84.69753
378.75	10.51468	84.40771
379.0625	10.66171	84.35291
379.375	10.81042	84.06806
379.6875	10.95831	84.09965
380	11.112	83.92606
380.3125	11.26217	83.89025
380.625	11.42576	83.84772
380.9375	11.59941	83.84638
381.25	11.77082	83.80347
381.5625	11.95127	83.81279
381.875	12.13907	83.74689
382.1875	12.32994	83.77537
382.5	12.52472	83.79147
382.8125	12.72512	83.65128
383.125	12.93038	83.65955
383.4375	13.14036	83.54792
383.75	13.35309	83.57043
384.0625	13.56711	83.51892
384.375	13.79078	83.36103
384.6875	14.01856	83.34725
385	14.25257	83.42645
385.3125	14.4927	83.32809
385.625	14.74288	83.29749
385.9375	15.00326	83.31726
386.25	15.27329	83.36185
386.5625	15.55749	83.25626
386.875	15.8517	83.30196
387.1875	16.16368	83.22708
387.5	16.48325	83.05395
387.8125	16.81309	82.96808
388.125	17.15325	82.75713
388.4375	17.50299	82.44637
388.75	17.8633	82.17483
389.0625	18.23321	81.89291
389.375	18.61485	81.44392
389.6875	19.00529	81.06394
390	19.41094	80.63319
390.3125	19.82733	80.08904
390.625	20.25904	79.64095
390.9375	20.70781	79.07217
391.25	21.173	78.55936
391.5625	21.66294	77.99443
391.875	22.17825	77.41637
392.1875	22.72535	76.58178
392.5	23.30737	75.71426
392.8125	23.9265	75.00354
393.125	24.58842	73.93591
393.4375	25.29464	72.72184
393.75	26.05395	71.27132
394.0625	26.87113	69.63882
394.375	27.75604	67.61945
394.6875	28.7216	65.42736
395	29.78102	62.57724
395.3125	30.95378	59.10188
395.625	32.26027	54.70794
395.9375	33.72719	49.0645
396.25	35.38274	41.31325
396.5625	37.24254	30.574
396.875	39.261	14.65691
397.1875	41.0844	-10.62059
397.5	40.7571	-49.58663
397.8125	36.40987	-73.29839
398.125	33.31948	-78.04034
398.4375	31.20135	-79.90807
398.75	29.59007	-80.8937
399.0625	28.286	-81.71787
399.375	27.1838	-82.31854
399.6875	26.22348	-82.74402
400	25.37361	-83.08336
400.3125	24.61189	-83.47989
400.625	23.91961	-83.64491
400.9375	23.28656	-83.93884
401.25	22.70172	-84.16623
401.5625	22.15879	-84.27378
401.875	21.6525	-84.44144
402.1875	21.17825	-84.67928
402.5	20.73177	-84.83791
402.8125	20.30857	-84.88284
403.125	19.90949	-85.03367
403.4375	19.53146	-85.1673
403.75	19.17057	-85.2875
404.0625	18.82852	-85.44356
404.375	18.50246	-85.52051
404.6875	18.19058	-85.62556
405	17.8899	-85.63219
405.3125	17.60482	-85.79984
405.625	17.32782	-85.89562
405.9375	17.05936	-85.96279
406.25	16.80076	-86.07804
406.5625	16.5479	-86.26235
406.875	16.30428	-86.31461
407.1875	16.06751	-86.3719
407.5	15.83647	-86.50192
407.8125	15.61129	-86.63663
408.125	15.39083	-86.77157
408.4375	15.1746	-86.8128
408.75	14.96373	-86.83103
409.0625	14.76037	-87.03084
409.375	14.56385	-87.02138
409.6875	14.37151	-87.07671
410	14.18496	-87.04729
410.3125	14.00339	-87.11919
410.625	13.82246	-87.19318
410.9375	13.65182	-87.21778
411.25	13.48309	-87.18443
411.5625	13.31501	-87.19303
411.875	13.15431	-87.32268
412.1875	12.99727	-87.22047
412.5	12.84116	-87.30949
412.8125	12.69157	-87.34554
413.125	12.54117	-87.27167
413.4375	12.399	-87.33211
413.75	12.25314	-87.30007
414.0625	12.10889	-87.28848
414.375	11.96977	-87.21358
414.6875	11.83528	-87.14014
415	11.70763	-87.02008
415.3125	11.58791	-86.96809
415.625	11.46932	-86.87513
415.9375	11.3603	-86.802
416.25	11.25594	-86.76548
416.5625	11.15804	-86.7124
416.875	11.07091	-86.59319
417.1875	10.98807	-86.60523
417.5	10.91191	-86.61873
417.8125	10.8453	-86.6818
418.125	10.78722	-86.74711
418.4375	10.74305	-86.98263
418.75	10.69993	-87.41135
419.0625	10.64596	-88.15327
419.375	10.54874	-89.15694
419.6875	10.35687	-90.15189
420	10.08262	-90.66979
420.3125	9.815092	-90.38956
420.625	9.629771	-89.84863
420.9375	9.503192	-89.30977
421.25	9.407267	-88.95171
421.5625	9.31232	-88.67507
421.875	9.22299	-88.5165
422.1875	9.133187	-88.16733
422.5	9.044926	-88.06153
422.8125	8.961411	-88.04251
423.125	8.88694	-87.86111
423.4375	8.808871	-87.69084
423.75	8.735989	-87.50574
424.0625	8.673274	-87.58658
424.375	8.607239	-87.47887
424.6875	8.545811	-87.36917
425	8.473674	-87.47478
425.3125	8.405815	-87.56462
425.625	8.326366	-87.55351
425.9375	8.245184	-87.66476
426.25	8.159477	-87.66013
426.5625	8.072213	-87.59731
426.875	7.98755	-87.5356
427.1875	7.912846	-87.60857
427.5	7.835083	-87.32097
427.8125	7.765777	-87.17747
428.125	7.701587	-87.10702
428.4375	7.644352	-86.9922
428.75	7.587576	-86.85899
429.0625	7.523007	-86.88554
429.375	7.468157	-86.73176
429.6875	7.42123	-86.61213
430	7.376104	-86.61317
430.3125	7.336877	-86.53034
430.625	7.292809	-86.6137
430.9375	7.246381	-86.76772
431.25	7.183398	-86.74374
431.5625	7.130423	-86.73938
431.875	7.079418	-86.84711
432.1875	7.01268	-86.90079
432.5	6.947698	-86.95172
432.8125	6.890934	-86.828
433.125	6.844094	-86.91866
433.4375	6.78524	-86.87987
433.75	6.728059	-86.78276
434.0625	6.683455	-86.7774
434.375	6.638249	-86.82461
434.6875	6.583397	-86.84966
435	6.539938	-86.80057
435.3125	6.486226	-86.78432
435.625	6.437287	-86.76366
435.9375	6.385363	-86.67049
436.25	6.336334	-86.84497
436.5625	6.294982	-86.77363
436.875	6.247546	-86.7149
437.1875	6.20416	-86.81348
437.5	6.156871	-86.71887
437.8125	6.116767	-86.67586
438.125	6.067237	-86.78009
438.4375	6.024766	-86.68992
438.75	5.982283	-86.67995
439.0625	5.934271	-86.72421
439.375	5.889367	-86.72199
439.6875	5.846512	-86.53349
440	5.815935	-86.69543
440.3125	5.777921	-86.66723
440.625	5.731754	-86.56841
440.9375	5.705876	-86.55782
441.25	5.672488	-86.46015
441.5625	5.637075	-86.54555
441.875	5.60965	-86.63065
442.1875	5.587935	-86.68398
442.5	5.553698	-86.75304
442.8125	5.503788	-86.83989
443.125	5.448832	-86.87684
443.4375	5.397141	-86.9062
443.75	5.366102	-86.84789
444.0625	5.322126	-86.88048
444.375	5.28304	-86.77512
444.6875	5.249625	-86.76464
445	5.208117	-86.91887
445.3125	5.172997	-86.65685
445.625	5.143483	-86.65228
445.9375	5.103349	-86.77776
446.25	5.070451	-86.66271
446.5625	5.044387	-86.69736
446.875	5.010367	-86.74239
447.1875	4.977765	-86.7505
447.5	4.941443	-86.60723
447.8125	4.916875	-86.59164
448.125	4.882687	-86.70076
448.4375	4.847728	-86.75532
448.75	4.822606	-86.69324
449.0625	4.79078	-86.63698
449.375	4.758	-86.61526
449.6875	4.729577	-86.7093
450	4.698219	-86.68108
450.3125	4.659619	-86.6745
450.625	4.621222	-86.74706
450.9375	4.594483	-86.69919
451.25	4.56776	-86.54145
451.5625	4.527255	-86.66102
451.875	4.507783	-86.72981
452.1875	4.481679	-86.62465
452.5	4.439016	-86.60307
452.8125	4.414119	-86.61418
453.125	4.386474	-86.4916
453.4375	4.354877	-86.55442
453.75	4.335825	-86.45829
454.0625	4.305192	-86.43643
454.375	4.29514	-86.42355
454.6875	4.266051	-86.39055
455	4.246471	-86.40495
455.3125	4.223935	-86.34855
455.625	4.198062	-86.42982
455.9375	4.165191	-86.47208
456.25	4.139528	-86.35758
456.5625	4.119109	-86.45828
456.875	4.104316	-86.32778
457.1875	4.075322	-86.41274
457.5	4.054181	-86.38101
457.8125	4.032321	-86.31375
458.125	4.012779	-86.37869
458.4375	3.986275	-86.43106
458.75	3.969317	-86.31427
459.0625	3.941056	-86.28067
459.375	3.926845	-86.42296
459.6875	3.909785	-86.3396
460	3.88286	-86.43175
460.3125	3.862427	-86.34846
460.625	3.83791	-86.29655
460.9375	3.814415	-86.36821
461.25	3.787521	-86.3648
461.5625	3.770079	-86.34777
461.875	3.745134	-86.3582
462.1875	3.733071	-86.39458
462.5	3.723124	-86.31673
462.8125	3.695515	-86.38919
463.125	3.671794	-86.35606
463.4375	3.652459	-86.41563
463.75	3.637809	-86.35478
464.0625	3.618483	-86.28719
464.375	3.596748	-86.25483
464.6875	3.581028	-86.30718
465	3.571247	-86.28468
465.3125	3.553061	-86.29156
465.625	3.529676	-86.26617
465.9375	3.510914	-86.1142
466.25	3.494282	-86.20881
466.5625	3.484498	-86.24574
466.875	3.474439	-86.25005
467.1875	3.448819	-86.25277
467.5	3.437109	-86.25807
467.8125	3.417853	-86.12057
468.125	3.408547	-86.24805
468.4375	3.396891	-86.27365
468.75	3.380909	-86.22387
469.0625	3.362227	-86.25991
469.375	3.3585	-86.23801
469.6875	3.342482	-86.32022
470	3.338923	-86.32202
470.3125	3.313349	-86.17316
470.625	3.304021	-86.20151
470.9375	3.289631	-86.13732
471.25	3.262187	-86.26455
471.5625	3.258109	-86.22626
471.875	3.248693	-86.26434
472.1875	3.229056	-86.25859
472.5	3.224413	-86.28496
472.8125	3.214845	-86.36771
473.125	3.194382	-86.21895
473.4375	3.191725	-86.19296
473.75	3.181196	-86.36867
474.0625	3.168204	-86.47825
474.375	3.154063	-86.39005
474.6875	3.138149	-86.21371
475	3.127607	-86.38256
475.3125	3.119025	-86.17712
475.625	3.111513	-86.2697
475.9375	3.096622	-86.37444
476.25	3.089709	-86.21526
476.5625	3.091675	-86.30581
476.875	3.07058	-86.24596
477.1875	3.065418	-86.3361
477.5	3.056894	-86.30746
477.8125	3.04508	-86.24191
478.125	3.038037	-86.26598
478.4375	3.037322	-86.33965
478.75	3.024793	-86.39803
479.0625	3.023539	-86.4279
479.375	3.017583	-86.4858
479.6875	3.009934	-86.46693
480	2.996842	-86.44923
480.3125	2.986434	-86.70304
480.625	2.977626	-86.56135
480.9375	2.962394	-86.55211
481.25	2.950077	-86.69861
481.5625	2.942716	-86.65206
481.875	2.932042	-86.64099
482.1875	2.929879	-86.70961
482.5	2.918293	-86.66154
482.8125	2.903307	-86.75607
483.125	2.904685	-86.8062
483.4375	2.890526	-86.77676
483.75	2.879746	-86.8508
484.0625	2.877306	-86.81007
484.375	2.868538	-86.94698
484.6875	2.856335	-86.91302
485	2.852089	-86.99942
485.3125	2.81483	-86.96729
485.625	2.820136	-86.98627
485.9375	2.80378	-87.07137
486.25	2.792431	-86.92013
486.5625	2.776173	-87.06925
486.875	2.772048	-86.99506
487.1875	2.759232	-87.04338
487.5	2.746647	-87.1375
487.8125	2.734554	-87.06334
488.125	2.732832	-87.03979
488.4375	2.724042	-87.16743
488.75	2.707877	-87.08108
489.0625	2.70029	-87.23421
489.375	2.684127	-87.14146
489.6875	2.684208	-87.05975
490	2.67612	-87.16044
490.3125	2.676404	-87.10638
490.625	2.666968	-87.07492
490.9375	2.654187	-87.12245
491.25	2.652725	-87.09164
491.5625	2.642737	-87.22016
491.875	2.645193	-87.16035
492.1875	2.632296	-87.13811
492.5	2.621999	-87.28196
492.8125	2.623906	-87.21032
493.125	2.615431	-87.13515
493.4375	2.608347	-87.24466
493.75	2.598225	-87.18328
494.0625	2.603699	-87.20128
494.375	2.59479	-87.21077
494.6875	2.5824	-87.20158
495	2.576121	-87.35133
495.3125	2.565111	-87.31802
495.625	2.56202	-87.28414
495.9375	2.552044	-87.26569
496.25	2.557364	-87.21446
496.5625	2.562902	-87.19968
496.875	2.553699	-87.39201
497.1875	2.551655	-87.37979
497.5	2.551623	-87.32245
497.8125	2.552938	-87.38147
498.125	2.546452	-87.4714
498.4375	2.525323	-87.51211
498.75	2.517032	-87.51364
499.0625	2.52759	-87.54123
499.375	2.514159	-87.54561
499.6875	2.50277	-87.49546
500	2.500449	-87.79866
500.3125	2.50502	-87.59711
500.625	2.5024	-87.53742
500.9375	2.489921	-87.53873
501.25	2.502422	-87.53297
501.5625	2.500347	-87.62852
501.875	2.501052	-87.65586
502.1875	2.496553	-87.76476
502.5	2.484877	-87.65009
502.8125	2.488261	-87.69737
503.125	2.493399	-87.67588
503.4375	2.485358	-87.7758
503.75	2.479426	-87.78004
504.0625	2.468529	-87.89762
504.375	2.462435	-87.86624
504.6875	2.467454	-87.8047
505	2.453238	-87.89654
505.3125	2.453346	-87.7412
505.625	2.456101	-87.70577
505.9375	2.456831	-87.827
506.25	2.460505	-87.87644
506.5625	2.4525	-87.84553
506.875	2.456324	-87.82887
507.1875	2.46484	-87.91602
507.5	2.454078	-87.88122
507.8125	2.458136	-87.88724
508.125	2.477885	-88.0573
508.4375	2.460971	-88.02597
508.75	2.472656	-88.10938
509.0625	2.485432	-88.18652
509.375	2.500485	-88.24346
509.6875	2.477844	-88.47504
510	2.465496	-88.48882
510.3125	2.461031	-88.52486
510.625	2.448928	-88.69119
510.9375	2.43663	-88.79826
511.25	2.419703	-89.12601
511.5625	2.394824	-89.11771
511.875	2.366001	-89.21278
512.1875	2.346182	-89.3308
512.5	2.309598	-89.19182
512.8125	2.265886	-89.15311
513.125	2.241915	-89.0532
513.4375	2.242809	-88.79388
513.75	2.23444	-88.60826
514.0625	2.216816	-88.51699
514.375	2.2028	-88.37917
514.6875	2.208882	-88.36569
515	2.22171	-88.25017
515.3125	2.231497	-88.05649
515.625	2.245131	-88.12405
515.9375	2.243226	-88.11315
516.25	2.247501	-88.12008
516.5625	2.256387	-87.93552
516.875	2.2685	-88.08878
517.1875	2.262035	-88.24116
517.5	2.256776	-88.23511
517.8125	2.248228	-88.29972
518.125	2.217766	-88.26527
518.4375	2.19483	-87.98563
518.75	2.191011	-88.08092
519.0625	2.168478	-87.66792
519.375	2.199369	-87.50787
519.6875	2.220759	-87.23318
520	2.26597	-87.23627
520.3125	2.282738	-87.3776
520.625	2.289778	-87.29521
520.9375	2.310539	-87.31575
521.25	2.331069	-87.50488
521.5625	2.329542	-87.40582
521.875	2.329225	-87.46902
522.1875	2.344099	-87.50376
522.5	2.353329	-87.591
522.8125	2.354481	-87.58131
523.125	2.353252	-87.61772
523.4375	2.36067	-87.74307
523.75	2.36731	-87.8896
524.0625	2.372077	-87.75433
524.375	2.358196	-87.7183
524.6875	2.369734	-87.74508
525	2.373099	-87.83182
525.3125	2.375318	-87.81293
525.625	2.379824	-87.77692
525.9375	2.390003	-87.81224
526.25	2.389832	-87.89192
526.5625	2.389825	-87.85735
526.875	2.387327	-87.84754
527.1875	2.402493	-87.94984
527.5	2.39361	-87.92833
527.8125	2.403456	-87.94285
528.125	2.393277	-88.00873
528.4375	2.396813	-87.99245
528.75	2.401055	-88.0604
529.0625	2.402668	-88.05922
529.375	2.406524	-87.89817
529.6875	2.403367	-87.94746
530	2.404885	-88.06281
530.3125	2.402157	-87.98138
530.625	2.395672	-87.92944
530.9375	2.391896	-87.90236
531.25	2.391009	-87.83014
531.5625	2.395069	-87.76743
531.875	2.401738	-87.74451
532.1875	2.409726	-87.68726
532.5	2.429706	-87.72009
532.8125	2.431314	-87.68658
533.125	2.445462	-87.45115
533.4375	2.461207	-87.41689
533.75	2.462626	-87.48613
534.0625	2.478869	-87.52657
534.375	2.487572	-87.31406
534.6875	2.510248	-87.28267
535	2.524096	-87.25234
535.3125	2.545427	-87.21167
535.625	2.561047	-87.15697
535.9375	2.594136	-87.16946
536.25	2.622827	-87.01857
536.5625	2.645858	-87.14289
536.875	2.678949	-87.02512
537.1875	2.718908	-86.99102
537.5	2.767969	-87.08058
537.8125	2.809824	-87.09138
538.125	2.854562	-87.21796
538.4375	2.916138	-87.2403
538.75	2.989988	-87.29585
539.0625	3.056965	-87.69444
539.375	3.140138	-88.01923
539.6875	3.200648	-88.7077
540	3.270649	-89.65588
540.3125	3.30224	-90.92665
540.625	3.242035	-92.38381
540.9375	3.054703	-93.77098
541.25	2.752554	-94.12466
541.5625	2.536399	-93.45804
541.875	2.427864	-92.63573
542.1875	2.37867	-91.72536
542.5	2.386109	-91.1497
542.8125	2.400269	-90.73726
543.125	2.41246	-90.42535
543.4375	2.426182	-90.22916
543.75	2.427911	-90.0407
544.0625	2.436008	-89.88535
544.375	2.443964	-89.75753
544.6875	2.46457	-89.5435
545	2.466303	-89.39252
545.3125	2.481611	-89.28271
545.625	2.490811	-89.22298
545.9375	2.499739	-89.05618
546.25	2.501115	-89.15099
546.5625	2.518688	-89.01602
546.875	2.527547	-89.07166
547.1875	2.5334	-89.00902
547.5	2.551648	-88.82294
547.8125	2.551645	-88.89598
548.125	2.574831	-88.8431
548.4375	2.576806	-88.62523
548.75	2.600641	-88.62292
549.0625	2.601118	-88.59194
549.375	2.612324	-88.54978
549.6875	2.625281	-88.66145
550	2.637817	-88.50327
550.3125	2.663501	-88.45467
550.625	2.671266	-88.43713
550.9375	2.69969	-88.46239
551.25	2.704903	-88.51775
551.5625	2.717256	-88.45692
551.875	2.727354	-88.3898
552.1875	2.740934	-88.46554
552.5	2.751317	-88.63068
552.8125	2.7614	-88.39009
553.125	2.777045	-88.52653
553.4375	2.782544	-88.47826
553.75	2.793567	-88.37055
554.0625	2.801089	-88.36954
554.375	2.815237	-88.37816
554.6875	2.829825	-88.36745
555	2.839851	-88.2851
555.3125	2.86118	-88.37759
555.625	2.869038	-88.27326
555.9375	2.883766	-88.41341
556.25	2.901263	-88.23232
556.5625	2.899963	-88.3058
556.875	2.914068	-88.3704
557.1875	2.930021	-88.18399
557.5	2.944797	-88.33262
557.8125	2.958519	-88.31515
558.125	2.961051	-88.36656
558.4375	2.991385	-88.40549
558.75	2.989361	-88.3281
559.0625	2.99348	-88.26984
559.375	3.008327	-88.27255
559.6875	3.025848	-88.24437
560	3.037793	-88.23296
560.3125	3.052838	-88.14917
560.625	3.061705	-88.12815
560.9375	3.094852	-87.99619
561.25	3.102943	-88.07195
561.5625	3.11563	-88.05332
561.875	3.138735	-87.98817
562.1875	3.169434	-87.79982
562.5	3.203475	-87.85374
562.8125	3.242049	-87.8997
563.125	3.30288	-87.95914
563.4375	3.323884	-88.20427
563.75	3.315265	-88.35104
564.0625	3.315045	-88.59923
564.375	3.336852	-88.46304
564.6875	3.353932	-88.52211
565	3.364419	-88.83051
565.3125	3.34532	-88.82862
565.625	3.3482	-88.69102
565.9375	3.366508	-88.78423
566.25	3.374	-88.72385
566.5625	3.381207	-88.72131
566.875	3.400415	-88.84384
567.1875	3.425424	-88.69817
567.5	3.425329	-88.73925
567.8125	3.430957	-88.80099
568.125	3.449569	-88.96945
568.4375	3.475708	-88.7056
568.75	3.486498	-88.6869
569.0625	3.50528	-88.79018
569.375	3.526878	-88.8645
569.6875	3.542737	-88.90128
570	3.551291	-88.84242
570.3125	3.566912	-88.84771
570.625	3.583879	-88.92765
570.9375	3.601782	-89.07185
571.25	3.607761	-89.00448
571.5625	3.625532	-88.88639
571.875	3.630437	-88.88314
572.1875	3.653054	-88.81164
572.5	3.672153	-88.79062
572.8125	3.683197	-88.82185
573.125	3.713001	-88.75023
573.4375	3.727952	-88.78064
573.75	3.747596	-88.78407
574.0625	3.762508	-88.75423
574.375	3.788159	-88.80607
574.6875	3.82339	-88.69125
575	3.852184	-88.75338
575.3125	3.858714	-88.94419
575.625	3.888368	-88.78941
575.9375	3.891282	-88.85773
576.25	3.939693	-88.95002
576.5625	3.946099	-88.88783
576.875	3.973025	-88.88856
577.1875	3.995976	-88.94125
577.5	4.011428	-88.93771
577.8125	4.040257	-89.00614
578.125	4.071874	-88.99184
578.4375	4.107165	-88.89133
578.75	4.125129	-89.00689
579.0625	4.145704	-88.85169
579.375	4.167201	-88.88648
579.6875	4.21039	-89.03628
580	4.226602	-89.0436
580.3125	4.261242	-89.19836
580.625	4.277428	-89.0768
580.9375	4.325661	-89.04011
581.25	4.34865	-89.04705
581.5625	4.376909	-89.16422
581.875	4.425799	-89.16801
582.1875	4.439175	-89.17316
582.5	4.483749	-89.1337
582.8125	4.514075	-89.24795
583.125	4.552722	-89.2869
583.4375	4.579434	-89.2761
583.75	4.611908	-89.34464
584.0625	4.653773	-89.38799
584.375	4.690237	-89.48154
584.6875	4.731466	-89.48637
585	4.767396	-89.70856
585.3125	4.790934	-89.57983
585.625	4.840583	-89.56392
585.9375	4.886596	-89.74682
586.25	4.923769	-89.7384
586.5625	4.966946	-89.8558
586.875	5.0166	-89.91918
587.1875	5.059791	-89.96916
587.5	5.11166	-90.1266
587.8125	5.159322	-90.23775
588.125	5.211036	-90.1888
588.4375	5.266615	-90.33295
588.75	5.31224	-90.44548
589.0625	5.365897	-90.50316
589.375	5.413374	-90.53413
589.6875	5.489511	-90.62674
590	5.55235	-90.73775
590.3125	5.62402	-90.92822
590.625	5.683355	-91.08504
590.9375	5.75165	-91.13473
591.25	5.82863	-91.24261
591.5625	5.903936	-91.46825
591.875	5.99813	-91.69008
592.1875	6.078072	-91.82871
592.5	6.171903	-91.95914
592.8125	6.268425	-92.31424
593.125	6.375242	-92.33913
593.4375	6.490344	-92.80488
593.75	6.609083	-93.08228
594.0625	6.736973	-93.372
594.375	6.885128	-93.72017
594.6875	7.017487	-94.16497
595	7.180406	-94.65374
595.3125	7.350323	-95.39704
595.625	7.531515	-95.93706
595.9375	7.738904	-96.71959
596.25	7.956005	-97.70984
596.5625	8.200017	-98.67407
596.875	8.459671	-99.97337
597.1875	8.743139	-101.4396
597.5	9.057945	-103.3633
597.8125	9.400706	-105.6079
598.125	9.776323	-108.3827
598.4375	10.17875	-111.9775
598.75	10.5913	-116.4621
599.0625	11.00756	-122.2606
599.375	11.3799	-129.8453
599.6875	11.60882	-139.5943
600	11.50212	-152.3244
600.3125	10.70882	-168.02
600.625	8.734685	175.9052
600.9375	5.390798	165.0133
601.25	1.398848	165.0454
601.5625	-2.118035	177.6156
601.875	-4.153328	-162.1388
602.1875	-4.594123	-142.0246
602.5	-4.136034	-127.3435
602.8125	-3.353095	-117.5153
603.125	-2.596059	-111.2835
603.4375	-1.884432	-107.1129
603.75	-1.318464	-104.0146
604.0625	-0.8039217	-101.8232
604.375	-0.3684815	-100.3489
604.6875	-0.005970838	-99.11189
605	0.315357	-98.29567
605.3125	0.5842303	-97.41824
605.625	0.8369149	-96.75481
605.9375	1.06076	-96.38528
606.25	1.25528	-95.86301
606.5625	1.45219	-95.49722
606.875	1.613276	-95.18353
607.1875	1.752705	-94.91832
607.5	1.908058	-94.74579
607.8125	2.026534	-94.41518
608.125	2.141932	-94.4458
608.4375	2.268849	-94.27679
608.75	2.373199	-94.21008
609.0625	2.454155	-93.97181
609.375	2.546546	-93.98137
609.6875	2.649009	-93.98003
610	2.719475	-93.88493
610.3125	2.7943	-93.77733
610.625	2.867768	-93.77868
610.9375	2.939411	-93.87801
611.25	3.00478	-93.77311
611.5625	3.074291	-93.66729
611.875	3.132883	-93.6804
612.1875	3.180895	-93.78493
612.5	3.235149	-93.75094
612.8125	3.297849	-93.69313
613.125	3.345055	-93.7667
613.4375	3.392603	-93.78945
613.75	3.436418	-93.74098
614.0625	3.489256	-93.97356
614.375	3.52711	-93.92358
614.6875	3.569669	-93.86217
615	3.598617	-94.01521
615.3125	3.629386	-94.13916
615.625	3.657438	-94.21489
615.9375	3.695495	-94.16859
616.25	3.718253	-94.33657
616.5625	3.744488	-94.40543
616.875	3.775158	-94.27821
617.1875	3.789307	-94.40533
617.5	3.821437	-94.37711
617.8125	3.83545	-94.3372
618.125	3.857833	-94.31397
618.4375	3.876157	-94.27427
618.75	3.900902	-94.38858
619.0625	3.888143	-94.41219
619.375	3.921597	-94.37816
619.6875	3.916075	-94.34047
620	3.94629	-94.2439
620.3125	3.943884	-94.28869
620.625	3.951476	-94.23711
620.9375	3.953012	-94.05193
621.25	3.958544	-94.0706
621.5625	3.96238	-93.76916
621.875	3.974271	-93.43732
622.1875	3.987275	-93.22264
622.5	4.02427	-92.98721
622.8125	4.071306	-92.62179
623.125	4.128094	-92.42979
623.4375	4.191843	-92.14093
623.75	4.245558	-92.04018
624.0625	4.304889	-92.09251
624.375	4.374084	-92.03025
624.6875	4.419774	-92.05887
625	4.462293	-92.06091
625.3125	4.517056	-92.14229
625.625	4.550473	-92.22724
625.9375	4.583397	-92.19018
626.25	4.62009	-92.27885
626.5625	4.668408	-92.53696
626.875	4.702521	-92.39163
627.1875	4.729951	-92.42523
627.5	4.766564	-92.4362
627.8125	4.79388	-92.66971
628.125	4.824595	-92.5537
628.4375	4.867626	-92.60535
628.75	4.89183	-92.79292
629.0625	4.92174	-92.84188
629.375	4.959262	-92.80487
629.6875	4.984143	-92.89302
630	5.01771	-92.97293
630.3125	5.042784	-93.06114
630.625	5.075732	-93.12052
630.9375	5.088495	-93.27746
631.25	5.126594	-93.35999
631.5625	5.143968	-93.43708
631.875	5.173517	-93.54336
632.1875	5.191792	-93.67272
632.5	5.220206	-93.61018
632.8125	5.238061	-93.63221
633.125	5.266068	-93.6385
633.4375	5.271618	-93.80729
633.75	5.302307	-93.96189
634.0625	5.317399	-93.89068
634.375	5.338706	-94.02905
634.6875	5.360949	-94.02489
635	5.370406	-94.10344
635.3125	5.393064	-94.12479
635.625	5.411041	-94.22195
635.9375	5.429493	-94.13416
636.25	5.44065	-94.13823
636.5625	5.455627	-94.26254
636.875	5.475534	-94.31308
637.1875	5.478535	-94.45129
637.5	5.500737	-94.38168
637.8125	5.50789	-94.40642
638.125	5.52226	-94.46246
638.4375	5.543603	-94.38118
638.75	5.562388	-94.34841
639.0625	5.560588	-94.31392
639.375	5.581053	-94.3131
639.6875	5.597535	-94.20755
640	5.634209	-94.19251
640.3125	5.652836	-94.15894
640.625	5.673456	-94.02525
640.9375	5.694757	-93.94781
641.25	5.740794	-94.15098
641.5625	5.759673	-93.97285
641.875	5.795095	-94.04462
642.1875	5.818756	-93.98438
642.5	5.85495	-94.13094
642.8125	5.878651	-94.1272
643.125	5.905009	-94.1502
643.4375	5.938946	-94.1409
643.75	5.96269	-94.28915
644.0625	5.982707	-94.3607
644.375	6.004996	-94.28394
644.6875	6.033891	-94.40182
645	6.058934	-94.49963
645.3125	6.074887	-94.4612
645.625	6.101578	-94.56709
645.9375	6.128664	-94.57336
646.25	6.150467	-94.58899
646.5625	6.172567	-94.60603
646.875	6.205804	-94.65701
647.1875	6.233317	-94.84079
647.5	6.260273	-94.93891
647.8125	6.275967	-95.12119
648.125	6.30662	-95.21307
648.4375	6.321835	-95.42785
648.75	6.332766	-95.54202
649.0625	6.343555	-95.7568
649.375	6.338133	-95.99002
649.6875	6.320359	-96.11124
650	6.281013	-96.20625
650.3125	6.219798	-96.31306
650.625	6.149044	-96.09158
650.9375	6.107284	-95.52608
651.25	6.146068	-94.76437
651.5625	6.204417	-94.25992
651.875	6.266615	-94.16745
652.1875	6.321086	-93.9272
652.5	6.379249	-93.85977
652.8125	6.43053	-93.8885
653.125	6.474265	-93.88182
653.4375	6.51526	-93.91691
653.75	6.543265	-93.88904
654.0625	6.589036	-94.07424
654.375	6.61797	-94.01058
654.6875	6.662834	-94.05633
655	6.68741	-94.22237
655.3125	6.717064	-94.22717
655.625	6.743708	-94.27788
655.9375	6.775949	-94.30753
656.25	6.803313	-94.40914
656.5625	6.824312	-94.48478
656.875	6.860464	-94.32963
657.1875	6.884496	-94.31671
657.5	6.908629	-94.43316
657.8125	6.929374	-94.38579
658.125	6.956556	-94.44479
658.4375	6.983934	-94.46777
658.75	7.018289	-94.52099
659.0625	7.037107	-94.51129
659.375	7.073098	-94.45634
659.6875	7.089141	-94.57517
660	7.126026	-94.6043
660.3125	7.141509	-94.53108
660.625	7.177226	-94.6056
660.9375	7.201024	-94.74902
661.25	7.219827	-94.6813
661.5625	7.248751	-94.70688
661.875	7.269949	-94.68017
662.1875	7.290775	-94.76093
662.5	7.314095	-94.73965
662.8125	7.338056	-94.76957
663.125	7.361346	-94.75456
663.4375	7.390704	-94.74693
663.75	7.41767	-94.93271
664.0625	7.441234	-94.73162
664.375	7.459995	-94.66591
664.6875	7.499251	-94.74006
665	7.528498	-94.82014
665.3125	7.549903	-94.81705
665.625	7.579832	-94.70786
665.9375	7.608507	-94.8083
666.25	7.640131	-94.77473
666.5625	7.66206	-94.71459
666.875	7.688579	-94.84901
667.1875	7.714985	-94.83438
667.5	7.757091	-94.87387
667.8125	7.769749	-94.75275
668.125	7.806191	-94.84541
668.4375	7.829489	-94.8647
668.75	7.864492	-94.7737
669.0625	7.888548	-94.87109
669.375	7.921162	-94.88138
669.6875	7.947311	-94.86971
670	7.972172	-94.94896
670.3125	8.002817	-94.91895
670.625	8.033455	-94.94283
670.9375	8.067548	-95.05756
671.25	8.088351	-95.00024
671.5625	8.113182	-94.99379
671.875	8.145565	-95.04473
672.1875	8.175197	-95.18732
672.5	8.200495	-95.25184
672.8125	8.226833	-95.24979
673.125	8.248977	-95.18253
673.4375	8.270649	-95.30451
673.75	8.298639	-95.37064
674.0625	8.316871	-95.30546
674.375	8.339966	-95.24228
674.6875	8.371918	-95.20771
675	8.393303	-95.33611
675.3125	8.419524	-95.37299
675.625	8.445699	-95.24313
675.9375	8.483247	-95.32525
676.25	8.503883	-95.28754
676.5625	8.535221	-95.31514
676.875	8.559754	-95.24033
677.1875	8.583782	-95.31216
677.5	8.607265	-95.38988
677.8125	8.639213	-95.16006
678.125	8.676141	-95.19983
678.4375	8.706202	-95.28651
678.75	8.727664	-95.22485
679.0625	8.749143	-95.23985
679.375	8.779991	-95.17412
679.6875	8.813248	-95.33606
680	8.846084	-95.13461
680.3125	8.872628	-95.09683
680.625	8.897449	-95.12407
680.9375	8.927213	-95.06101
681.25	8.959154	-94.86415
681.5625	8.989384	-94.93037
681.875	9.023998	-94.97677
682.1875	9.060102	-94.83144
682.5	9.104907	-94.65202
682.8125	9.151905	-94.75735
683.125	9.200963	-94.67078
683.4375	9.255915	-94.41754
683.75	9.308593	-94.54946
684.0625	9.379264	-94.47002
684.375	9.443745	-94.676
684.6875	9.505507	-95.00669
685	9.530301	-95.18208
685.3125	9.549781	-95.30757
685.625	9.560364	-95.51275
685.9375	9.584638	-95.4742
686.25	9.60827	-95.55334
686.5625	9.632223	-95.67371
686.875	9.662727	-95.68305
687.1875	9.689955	-95.6106
687.5	9.720016	-95.59339
687.8125	9.744781	-95.65839
688.125	9.78124	-95.69176
688.4375	9.818974	-95.73488
688.75	9.851057	-95.74331
689.0625	9.880169	-95.584
689.375	9.917618	-95.75084
689.6875	9.949968	-95.70702
690	9.985073	-95.75896
690.3125	10.02131	-95.78455
690.625	10.05617	-95.691
690.9375	10.08851	-95.74948
691.25	10.12386	-95.79033
691.5625	10.1592	-95.75604
691.875	10.19704	-95.69705
692.1875	10.22806	-95.7422
692.5	10.2639	-95.77246
692.8125	10.30054	-95.81154
693.125	10.3391	-95.74546
693.4375	10.37255	-95.8877
693.75	10.41388	-95.82751
694.0625	10.44957	-95.87166
694.375	10.48989	-95.86359
694.6875	10.52691	-95.89758
695	10.56523	-95.87717
695.3125	10.60269	-95.85965
695.625	10.64166	-96.00991
695.9375	10.67819	-95.94888
696.25	10.71996	-96.10789
696.5625	10.75587	-95.98766
696.875	10.79369	-96.06415
697.1875	10.83305	-96.05079
697.5	10.87401	-96.01709
697.8125	10.91438	-96.10915
698.125	10.95405	-96.14633
698.4375	10.99161	-96.03226
698.75	11.0374	-95.94976
699.0625	11.08019	-96.15779
699.375	11.11627	-96.18465
699.6875	11.16157	-96.09854
700	11.2013	-96.28995
700.3125	11.24107	-96.19322
700.625	11.28341	-96.21236
700.9375	11.32782	-96.26293
701.25	11.36511	-96.22226
701.5625	11.41098	-96.26569
701.875	11.45707	-96.37771
702.1875	11.49923	-96.28565
702.5	11.54025	-96.36154
702.8125	11.58085	-96.45554
703.125	11.62314	-96.47205
703.4375	11.6625	-96.58719
703.75	11.70838	-96.45218
704.0625	11.74514	-96.6334
704.375	11.78915	-96.55161
704.6875	11.83565	-96.65296
705	11.87783	-96.58949
705.3125	11.92484	-96.70078
705.625	11.96718	-96.72881
705.9375	12.01485	-96.85114
706.25	12.05487	-96.77196
706.5625	12.10748	-96.80364
706.875	12.1518	-96.76418
707.1875	12.19742	-96.88606
707.5	12.23839	-96.99491
707.8125	12.28541	-96.93597
708.125	12.33069	-97.00418
708.4375	12.3738	-97.01609
708.75	12.41897	-97.07862
709.0625	12.46304	-97.2333
709.375	12.50703	-97.29925
709.6875	12.55052	-97.31814
710	12.59766	-97.43874
710.3125	12.63694	-97.3633
710.625	12.6754	-97.4193
710.9375	12.71391	-97.49825
711.25	12.75839	-97.45107
711.5625	12.80151	-97.58652
711.875	12.84332	-97.55669
712.1875	12.88894	-97.56648
712.5	12.93051	-97.63026
712.8125	12.97691	-97.62168
713.125	13.02527	-97.67289
713.4375	13.06845	-97.67579
713.75	13.11426	-97.78143
714.0625	13.16156	-97.61086
714.375	13.20127	-97.69497
714.6875	13.2549	-97.77228
715	13.29955	-97.71434
715.3125	13.34377	-97.6967
715.625	13.39018	-97.8299
715.9375	13.43845	-97.90923
716.25	13.48626	-97.82104
716.5625	13.53415	-97.80176
716.875	13.58481	-97.82243
717.1875	13.63358	-97.86376
717.5	13.67829	-97.75736
717.8125	13.73054	-97.66294
718.125	13.78259	-97.72301
718.4375	13.83734	-97.8139
718.75	13.89099	-97.7497
719.0625	13.94448	-97.53825
719.375	13.99634	-97.73843
719.6875	14.05235	-97.64809
720	14.11599	-97.59328
720.3125	14.17497	-97.56915
720.625	14.2333	-97.53716
720.9375	14.29874	-97.50443
721.25	14.35624	-97.45868
721.5625	14.42674	-97.44977
721.875	14.49456	-97.57877
722.1875	14.55924	-97.53852
722.5	14.6267	-97.54079
722.8125	14.69755	-97.54904
723.125	14.76429	-97.61366
723.4375	14.83011	-97.56776
723.75	14.90114	-97.65128
724.0625	14.96622	-97.71326
724.375	15.03878	-97.71149
724.6875	15.11014	-97.83213
725	15.17809	-97.90391
725.3125	15.25007	-98.00695
725.625	15.31673	-98.11362
725.9375	15.38141	-98.16129
726.25	15.44653	-98.22348
726.5625	15.51069	-98.2427
726.875	15.57911	-98.31423
727.1875	15.6494	-98.38711
727.5	15.71183	-98.51844
727.8125	15.78242	-98.40127
728.125	15.85309	-98.51548
728.4375	15.92435	-98.59953
728.75	15.99491	-98.74971
729.0625	16.06604	-98.76504
729.375	16.13974	-98.7673
729.6875	16.21123	-98.86722
730	16.28517	-98.89516
730.3125	16.36223	-98.87428
730.625	16.43463	-98.87595
730.9375	16.51307	-99.13222
731.25	16.5889	-99.11725
731.5625	16.66988	-99.17653
731.875	16.74955	-99.34318
732.1875	16.82851	-99.45257
732.5	16.90749	-99.55145
732.8125	16.9843	-99.70521
733.125	17.06284	-99.91868
733.4375	17.13843	-100.0617
733.75	17.21708	-100.0151
734.0625	17.29613	-100.1207
734.375	17.36787	-100.3316
734.6875	17.44642	-100.3829
735	17.52139	-100.4719
735.3125	17.5966	-100.7032
735.625	17.67151	-100.6954
735.9375	17.74909	-100.8197
736.25	17.82951	-100.8972
736.5625	17.9089	-101.0546
736.875	17.98669	-101.2058
737.1875	18.06503	-101.2692
737.5	18.1443	-101.2455
737.8125	18.22804	-101.3681
738.125	18.31106	-101.5832
738.4375	18.39269	-101.6584
738.75	18.47636	-101.7952
739.0625	18.56347	-101.8539
739.375	18.64615	-101.9761
739.6875	18.72936	-102.161
740	18.81071	-102.1865
740.3125	18.89334	-102.3966
740.625	18.97486	-102.5749
740.9375	19.05234	-102.6474
741.25	19.13236	-102.745
741.5625	19.2139	-102.7294
741.875	19.29202	-102.9067
742.1875	19.36823	-102.9685
742.5	19.44595	-102.7943
742.8125	19.52637	-102.9031
743.125	19.61238	-102.8425
743.4375	19.70366	-102.7377
743.75	19.80429	-102.5504
744.0625	19.91746	-102.5317
744.375	20.04834	-102.2684
744.6875	20.18259	-102.3001
745	20.32132	-102.3236
745.3125	20.45614	-102.472
745.625	20.58801	-102.5853
745.9375	20.71853	-102.6368
746.25	20.84686	-102.8471
746.5625	20.97166	-102.8816
746.875	21.09802	-103.0375
747.1875	21.22582	-103.1903
747.5	21.35567	-103.1768
747.8125	21.48884	-103.3049
748.125	21.62445	-103.3604
748.4375	21.76371	-103.5522
748.75	21.90895	-103.6171
749.0625	22.05571	-103.6725
749.375	22.21062	-103.8031
749.6875	22.36856	-104.0067
750	22.53147	-104.079
750.3125	22.6995	-104.0928
750.625	22.87231	-104.3799
750.9375	23.04445	-104.6021
751.25	23.221	-104.7708
751.5625	23.39894	-104.9696
751.875	23.5812	-105.3687
752.1875	23.76507	-105.603
752.5	23.94848	-105.9376
752.8125	24.13587	-106.1855
753.125	24.32597	-106.5007
753.4375	24.51603	-106.9859
753.75	24.71138	-107.3135
754.0625	24.90833	-107.6781
754.375	25.10866	-108.0607
754.6875	25.31427	-108.5859
755	25.52386	-108.9855
755.3125	25.73481	-109.4015
755.625	25.95299	-109.8621
755.9375	26.17678	-110.4201
756.25	26.4039	-110.8213
756.5625	26.63635	-111.4357
756.875	26.87575	-111.9657
757.1875	27.12128	-112.378
757.5	27.37266	-113.127
757.8125	27.63062	-113.6907
758.125	27.89905	-114.3952
758.4375	28.17362	-115.0737
758.75	28.45709	-115.826
759.0625	28.74879	-116.656
759.375	29.05264	-117.49
759.6875	29.36871	-118.3029
760	29.69669	-119.2464
760.3125	30.03991	-120.2725
760.625	30.39756	-121.3142
760.9375	30.77335	-122.5383
761.25	31.16846	-123.8051
761.5625	31.583	-125.0606
761.875	32.01811	-126.6151
762.1875	32.47589	-128.3904
762.5	32.9551	-130.4589
762.8125	33.45858	-132.6094
763.125	33.98517	-135.0475
763.4375	34.53651	-137.8957
763.75	35.11254	-141.1037
764.0625	35.71021	-144.8521
764.375	36.32518	-149.1499
764.6875	36.9507	-154.2003
765	37.57241	-160.0301
765.3125	38.1669	-166.9538
765.625	38.69675	-175.0066
765.9375	39.10064	175.4428
766.25	39.28819	164.4613
766.5625	39.13185	152.3803
766.875	38.48465	139.9549
767.1875	37.28252	129.0529
767.5	35.75348	121.9622
767.8125	34.33541	118.4813
768.125	33.18599	116.725
768.4375	32.22151	115.4291
768.75	31.3703	114.2007
769.0625	30.59415	113.2562
769.375	29.87014	112.462
769.6875	29.1825	111.5676
770	28.52254	110.8499
770.3125	27.88295	110.3605
770.625	27.25629	109.8204
770.9375	26.63452	109.3381
771.25	26.0132	109.0683
771.5625	25.38823	109.0538
771.875	24.76517	109.1536
772.1875	24.15243	109.6634
772.5	23.5602	110.0545
772.8125	22.98097	110.8364
773.125	22.39495	111.6902
773.4375	21.79844	112.6566
773.75	21.19076	113.7289
774.0625	20.57104	115.343
774.375	19.94215	117.2473
774.6875	19.30419	119.5165
775	18.67264	122.3107
775.3125	18.0514	125.7933
775.625	17.46794	129.8862
775.9375	16.92772	134.7239
776.25	16.48307	140.4756
776.5625	16.17012	147.0453
776.875	16.03305	154.0781
777.1875	16.11148	161.2514
777.5	16.38659	168.1895
777.8125	16.86769	174.7232
778.125	17.49852	-179.5275
778.4375	18.24189	-174.9972
778.75	19.05594	-171.2132
779.0625	19.90933	-168.5723
779.375	20.78115	-166.6718
779.6875	21.65377	-165.4606
780	22.52222	-164.9599
780.3125	23.37755	-165.2117
780.625	24.21378	-166.039
780.9375	25.02779	-167.5402
781.25	25.81195	-169.5655
781.5625	26.56331	-172.2537
781.875	27.27116	-175.4276
782.1875	27.92526	-179.0764
782.5	28.5112	176.4861
782.8125	29.00929	171.3763
783.125	29.39817	166.0029
783.4375	29.6517	160.1292
783.75	29.74789	154.1202
784.0625	29.67162	148.1576
784.375	29.44177	142.8944
784.6875	29.09935	138.2295
785	28.70796	134.6113
785.3125	28.31889	131.774
785.625	27.95835	129.608
785.9375	27.63192	127.7344
786.25	27.33295	125.9513
786.5625	27.05597	124.3206
786.875	26.79707	123.1733
787.1875	26.55244	121.7761
787.5	26.31834	120.591
787.8125	26.08985	119.3939
788.125	25.86334	118.2721
788.4375	25.63275	117.3274
788.75	25.39947	116.241
789.0625	25.16734	115.4416
789.375	24.94568	114.9973
789.6875	24.74599	114.5835
790	24.57122	114.1455
790.3125	24.42158	113.8535
790.625	24.29303	113.4511
790.9375	24.18048	113.1214
791.25	24.08178	112.5863
791.5625	24.00057	112.2382
791.875	23.93008	111.6742
792.1875	23.87252	110.993
792.5	23.82638	109.9364
792.8125	23.78226	109.0239
793.125	23.73741	107.6739
793.4375	23.6674	105.9065
793.75	23.5451	103.9008
794.0625	23.32222	101.6555
794.375	22.95563	99.49636
794.6875	22.45588	98.22483
795	21.96429	98.41534
795.3125	21.63245	99.43545
795.625	21.41376	100.1362
795.9375	21.24544	100.852
796.25	21.09775	101.2488
796.5625	20.96487	101.4837
796.875	20.83617	101.855
797.1875	20.71851	101.9745
797.5	20.60113	102.056
797.8125	20.4924	102.2364
798.125	20.38808	102.3421
798.4375	20.28403	102.4057
798.75	20.18335	102.5333
799.0625	20.0882	102.4323
799.375	19.99316	102.4449
799.6875	19.89974	102.5437
800	19.80596	102.4776
800.3125	19.71802	102.471
800.625	19.63044	102.4623
800.9375	19.5416	102.5613
801.25	19.45875	102.4255
801.5625	19.37544	102.3692
801.875	19.29713	102.5633
802.1875	19.22038	102.6196
802.5	19.14351	102.3971
802.8125	19.07287	102.4597
803.125	19.00004	102.3905
803.4375	18.93108	102.3233
803.75	18.8625	102.372
804.0625	18.79628	102.2303
804.375	18.72633	102.0891
804.6875	18.6619	102.0371
805	18.59178	101.9778
805.3125	18.52575	101.8292
805.625	18.4533	101.7309
805.9375	18.3816	101.642
806.25	18.30766	101.3845
806.5625	18.23738	101.37
806.875	18.16566	101.2908
807.1875	18.08681	101.1439
807.5	18.00901	101.1473
807.8125	17.93239	100.9996
808.125	17.8564	100.9083
808.4375	17.78376	100.9907
808.75	17.71564	100.8814
809.0625	17.64667	100.8149
809.375	17.58213	100.9883
809.6875	17.51671	100.962
810	17.45385	100.813
810.3125	17.39371	100.7883
810.625	17.32911	100.8317
810.9375	17.27011	100.751
811.25	17.20837	100.8031
811.5625	17.1487	100.6556
811.875	17.08339	100.5613
812.1875	17.02252	100.6603
812.5	16.96251	100.6242
812.8125	16.90214	100.6118
813.125	16.84033	100.6317
813.4375	16.78409	100.596
813.75	16.73054	100.7015
814.0625	16.68018	100.7411
814.375	16.63177	100.8877
814.6875	16.58745	100.6953
815	16.5466	100.8451
815.3125	16.50832	101.0023
815.625	16.48332	100.8271
815.9375	16.45889	100.8104
816.25	16.43596	100.7275
816.5625	16.41492	100.4988
816.875	16.37974	100.2842
817.1875	16.32481	99.94317
817.5	16.2544	99.75506
817.8125	16.17603	99.50583
818.125	16.10507	99.45235
818.4375	16.03772	99.56123
818.75	15.98183	99.47847
819.0625	15.92484	99.40882
819.375	15.86722	99.46828
819.6875	15.81397	99.46764
820	15.7611	99.51246
820.3125	15.71495	99.36806
820.625	15.66837	99.40749
820.9375	15.62251	99.47521
821.25	15.57554	99.50456
821.5625	15.53267	99.504
821.875	15.48862	99.28216
822.1875	15.43873	99.23969
822.5	15.38594	99.24467
822.8125	15.33693	99.30424
823.125	15.28016	99.26445
823.4375	15.22853	99.25977
823.75	15.18612	99.21151
824.0625	15.14184	99.38187
824.375	15.09777	99.32443
824.6875	15.05395	99.25993
825	15.01311	99.30865
825.3125	14.97221	99.32871
825.625	14.93465	99.49182
825.9375	14.90059	99.434
826.25	14.85682	99.42072
826.5625	14.82107	99.5094
826.875	14.78527	99.63007
827.1875	14.75152	99.50982
827.5	14.7163	99.53475
827.8125	14.6866	99.37803
828.125	14.65403	99.38017
828.4375	14.62176	99.46156
828.75	14.58787	99.46471
829.0625	14.55559	99.45206
829.375	14.52396	99.26485
829.6875	14.48701	99.449
830	14.45564	99.44701
830.3125	14.42104	99.31463
830.625	14.38648	99.40462
830.9375	14.35732	99.25677
831.25	14.32427	99.26107
831.5625	14.294	99.2494
831.875	14.2587	99.17164
832.1875	14.22195	99.22295
832.5	14.18843	99.19262
832.8125	14.15879	99.18826
833.125	14.12289	99.09029
833.4375	14.09554	99.07734
833.75	14.0631	99.11959
834.0625	14.03495	98.95021
834.375	14.00303	99.10789
834.6875	13.97141	99.06699
835	13.94001	98.91142
835.3125	13.91299	98.92015
835.625	13.88142	98.81979
835.9375	13.85042	98.98927
836.25	13.81874	98.85392
836.5625	13.7923	98.8269
836.875	13.76269	98.90629
837.1875	13.7356	98.89706
837.5	13.6994	98.79511
837.8125	13.67097	98.81126
838.125	13.64822	98.80624
838.4375	13.61464	98.67506
838.75	13.5907	98.67521
839.0625	13.55836	98.7285
839.375	13.5333	98.57418
839.6875	13.5085	98.7162
840	13.48118	98.59982
840.3125	13.45168	98.53532
840.625	13.42352	98.55383
840.9375	13.39688	98.54948
841.25	13.37164	98.40251
841.5625	13.34473	98.49468
841.875	13.32192	98.37124
842.1875	13.29367	98.36463
842.5	13.26447	98.37767
842.8125	13.23937	98.27998
843.125	13.20912	98.30839
843.4375	13.18194	98.26637
843.75	13.15908	98.32738
844.0625	13.13086	98.26725
844.375	13.10708	98.18073
844.6875	13.08367	98.17039
845	13.05396	98.18945
845.3125	13.02714	98.1069
845.625	13.00769	98.17847
845.9375	12.9808	98.07809
846.25	12.95293	98.09754
846.5625	12.92708	97.98529
846.875	12.90878	98.06548
847.1875	12.88043	97.96117
847.5	12.85441	98.01295
847.8125	12.82819	98.04678
848.125	12.80502	97.8827
848.4375	12.78563	97.84581
848.75	12.76363	97.95919
849.0625	12.74036	97.77088
849.375	12.71868	97.72186
849.6875	12.68349	97.80308
850	12.6673	97.83491
850.3125	12.64824	97.77592
850.625	12.62035	97.54084
850.9375	12.60028	97.6145
851.25	12.57765	97.7426
851.5625	12.54923	97.58378
851.875	12.52577	97.57821
852.1875	12.50275	97.69671
852.5	12.48823	97.52398
852.8125	12.46952	97.33378
853.125	12.44765	97.55214
853.4375	12.42501	97.51665
853.75	12.40163	97.21568
854.0625	12.37715	97.34879
854.375	12.35555	97.37569
854.6875	12.33378	97.21062
855	12.30742	97.26315
855.3125	12.28277	97.21776
855.625	12.26299	97.12198
855.9375	12.24055	97.10295
856.25	12.22182	97.08661
856.5625	12.19794	96.99172
856.875	12.16935	96.96421
857.1875	12.15123	97.04636
857.5	12.12886	96.9598
857.8125	12.10836	96.89063
858.125	12.08721	96.84203
858.4375	12.06719	96.97694
858.75	12.0453	96.72901
859.0625	12.0208	96.87842
859.375	11.99982	96.87012
859.6875	11.98169	96.67519
860	11.955	96.79235
860.3125	11.93979	96.69136
860.625	11.91684	96.66801
860.9375	11.88947	96.61385
861.25	11.87584	96.70544
861.5625	11.84996	96.57749
861.875	11.83006	96.51482
862.1875	11.80489	96.50175
862.5	11.78409	96.49808
862.8125	11.76722	96.57365
863.125	11.74989	96.48438
863.4375	11.72724	96.27658
863.75	11.70411	96.49722
864.0625	11.68144	96.492
864.375	11.66799	96.40384
864.6875	11.6529	96.33621
865	11.62725	96.28047
865.3125	11.61008	96.26109
865.625	11.59214	96.40187
865.9375	11.57133	96.23116
866.25	11.55425	96.21854
866.5625	11.53418	96.23905
866.875	11.51338	96.16917
867.1875	11.49317	96.15615
867.5	11.48223	96.08902
867.8125	11.45778	96.09932
868.125	11.43052	96.00026
868.4375	11.40836	95.92279
868.75	11.38328	95.92908
869.0625	11.3633	96.02174
869.375	11.35102	95.95422
869.6875	11.3217	95.89059
870	11.2991	95.9567
870.3125	11.27552	95.93788
870.625	11.25993	95.86098
870.9375	11.23405	95.88693
871.25	11.22311	95.81602
871.5625	11.19886	95.86593
871.875	11.17551	95.86379
872.1875	11.15415	95.78765
872.5	11.12869	95.7457
872.8125	11.10879	95.92736
873.125	11.09072	95.81451
873.4375	11.0717	95.88881
873.75	11.04831	95.87441
874.0625	11.03217	95.80797
874.375	11.01266	95.8407
874.6875	10.9928	95.98644
875	10.9794	95.94297
875.3125	10.96329	95.98248
875.625	10.94336	96.01215
875.9375	10.9309	96.0183
876.25	10.91944	96.04517
876.5625	10.90421	96.01646
876.875	10.89287	96.13353
877.1875	10.89197	96.14888
877.5	10.87051	96.08978
877.8125	10.85936	96.07411
878.125	10.84915	96.16694
878.4375	10.83409	96.03033
878.75	10.8175	96.19552
879.0625	10.80366	96.05267
879.375	10.79498	96.02584
879.6875	10.77983	95.97861
880	10.7694	95.8572
880.3125	10.75405	95.94319
880.625	10.74366	95.96207
880.9375	10.73094	95.83506
881.25	10.71435	95.98777
881.5625	10.70116	95.91016
881.875	10.69068	95.97546
882.1875	10.67582	95.97808
882.5	10.6609	95.91623
882.8125	10.65073	95.8569
883.125	10.63912	95.96793
883.4375	10.62492	95.88917
883.75	10.61563	95.61655
884.0625	10.59949	95.76658
884.375	10.58625	95.87126
884.6875	10.57144	95.72173
885	10.56259	95.76853
885.3125	10.5517	95.83271
885.625	10.53316	95.63762
885.9375	10.52741	95.62482
886.25	10.50899	95.63161
886.5625	10.48697	95.59225
886.875	10.46896	95.55965
887.1875	10.44918	95.59005
887.5	10.42644	95.52313
887.8125	10.41355	95.55883
888.125	10.39959	95.63531
888.4375	10.39107	95.61427
888.75	10.3831	95.6751
889.0625	10.36653	95.64642
889.375	10.35506	95.64493
889.6875	10.35092	95.71799
890	10.34193	95.67926
890.3125	10.32536	95.66024
890.625	10.31475	95.69006
890.9375	10.30658	95.72217
891.25	10.29266	95.66414
891.5625	10.2839	95.76802
891.875	10.27686	95.79121
892.1875	10.27363	95.74557
892.5	10.25938	95.67001
892.8125	10.25239	95.88664
893.125	10.23723	95.65113
893.4375	10.22994	95.63586
893.75	10.22738	95.73828
894.0625	10.21726	95.63834
894.375	10.20222	95.73005
894.6875	10.20021	95.68024
895	10.18974	95.63132
895.3125	10.18971	95.82611
895.625	10.17522	95.6558
895.9375	10.16755	95.49799
896.25	10.15778	95.64462
896.5625	10.15229	95.60767
896.875	10.14325	95.74534
897.1875	10.13555	95.69253
897.5	10.13503	95.76183
897.8125	10.11995	95.548
898.125	10.12024	95.65409
898.4375	10.11119	95.81494
898.75	10.10641	95.73692
899.0625	10.10214	95.60554
899.375	10.09715	95.68845
899.6875	10.09144	95.82679
900	10.08587	95.77659
900.3125	10.0847	95.72796
900.625	10.07698	95.78964
900.9375	10.07954	95.73283
901.25	10.07103	95.771
901.5625	10.07521	95.76995
901.875	10.08009	95.66916
902.1875	10.07509	95.66685
902.5	10.07459	95.81971
902.8125	10.07337	95.77419
903.125	10.0762	95.67171
903.4375	10.08321	95.8328
903.75	10.08682	95.71434
904.0625	10.10587	95.63995
904.375	10.11083	95.66961
904.6875	10.11245	95.5233
905	10.11619	95.33448
905.3125	10.11797	95.59721
905.625	10.13022	95.44877
905.9375	10.1375	95.29555
906.25	10.16123	95.17419
906.5625	10.17298	95.22545
906.875	10.1914	94.94128
907.1875	10.20763	94.79478
907.5	10.22234	94.63013
907.8125	10.23301	94.48584
908.125	10.24725	94.02303
908.4375	10.25572	93.86174
908.75	10.25894	93.39724
909.0625	10.24873	92.95413
909.375	10.21923	92.55605
909.6875	10.18098	92.02801
910	10.12094	91.54947
910.3125	10.03642	91.23549
910.625	9.941862	91.04958
910.9375	9.873747	91.08238
911.25	9.811734	91.35177
911.5625	9.766128	91.42868
911.875	9.7395	91.7121
912.1875	9.699329	91.85619
912.5	9.68305	91.70687
912.8125	9.655141	92.0292
913.125	9.642025	92.0261
913.4375	9.622475	92.02578
913.75	9.606165	92.22349
914.0625	9.589995	92.1355
914.375	9.579176	92.29275
914.6875	9.563754	92.36219
915	9.549293	92.36714
915.3125	9.525718	92.31741
915.625	9.51689	92.36324
915.9375	9.507616	92.44006
916.25	9.490419	92.33176
916.5625	9.479422	92.45755
916.875	9.470689	92.60864
917.1875	9.474216	92.77415
917.5	9.447526	92.66592
917.8125	9.445075	92.71378
918.125	9.43251	92.85071
918.4375	9.433469	92.78332
918.75	9.423803	92.68831
919.0625	9.421023	93.00581
919.375	9.420256	92.81192
919.6875	9.411562	92.8744
920	9.409098	92.94724
920.3125	9.401483	92.86134
920.625	9.394517	92.91438
920.9375	9.400691	92.95513
921.25	9.388122	92.88662
921.5625	9.390745	92.94106
921.875	9.392146	92.91756
922.1875	9.390277	92.8569
922.5	9.384022	92.89653
922.8125	9.390005	92.83633
923.125	9.380899	92.88442
923.4375	9.393319	92.83458
923.75	9.389941	92.75676
924.0625	9.390857	92.62893
924.375	9.394995	92.60519
924.6875	9.393943	92.6022
925	9.385353	92.34047
925.3125	9.391614	92.33646
925.625	9.38377	92.40427
925.9375	9.373666	92.09834
926.25	9.365495	91.84013
926.5625	9.357795	91.85403
926.875	9.322889	91.68072
927.1875	9.317723	91.60432
927.5	9.283473	91.46175
927.8125	9.253649	91.45727
928.125	9.214427	91.38644
928.4375	9.201287	91.45065
928.75	9.16452	91.64338
929.0625	9.142605	91.51005
929.375	9.119929	91.52444
929.6875	9.100068	91.71224
930	9.092415	91.60162
930.3125	9.071716	91.81435
930.625	9.06422	91.84686
930.9375	9.050591	91.85192
931.25	9.038131	92.10004
931.5625	9.026978	92.08433
931.875	9.021317	91.97028
932.1875	9.007462	92.1074
932.5	8.993486	92.18698
932.8125	8.997638	92.18753
933.125	8.979015	92.20759
933.4375	8.969177	92.36852
933.75	8.95555	92.39958
934.0625	8.950253	92.54689
934.375	8.942225	92.63313
934.6875	8.941586	92.72018
935	8.936297	92.99686
935.3125	8.943117	93.04845
935.625	8.950946	93.19189
935.9375	8.968286	93.43017
936.25	8.991381	93.67693
936.5625	9.030807	93.8465
936.875	9.080629	93.87036
937.1875	9.141808	93.80179
937.5	9.20544	93.66021
937.8125	9.266051	93.16277
938.125	9.286054	92.47308
938.4375	9.26403	91.97446
938.75	9.197713	91.60124
939.0625	9.156281	91.28318
939.375	9.11454	91.22424
939.6875	9.078735	91.35633
940	9.046458	91.46685
940.3125	9.026865	91.27795
940.625	9.00293	91.17996
940.9375	8.991555	91.27818
941.25	8.976666	91.37138
941.5625	8.96804	91.35477
941.875	8.954738	91.36481
942.1875	8.939259	91.3665
942.5	8.935266	91.34013
942.8125	8.922563	91.32888
943.125	8.922274	91.37611
943.4375	8.915296	91.39024
943.75	8.89924	91.36272
944.0625	8.888264	91.45875
944.375	8.883188	91.29973
944.6875	8.868703	91.14874
945	8.866477	91.40011
945.3125	8.847715	91.3707
945.625	8.853982	91.34767
945.9375	8.839647	91.42084
946.25	8.827039	91.23064
946.5625	8.819145	91.33377
946.875	8.812635	91.44743
947.1875	8.807158	91.29212
947.5	8.804132	91.32969
947.8125	8.789508	91.38724
948.125	8.795342	91.36253
948.4375	8.777989	91.42882
948.75	8.780148	91.44492
949.0625	8.778646	91.42494
949.375	8.767111	91.4966
949.6875	8.767361	91.36278
950	8.759006	91.27325
950.3125	8.761193	91.29104
950.625	8.74847	91.64655
950.9375	8.737432	91.34876
951.25	8.729555	91.29403
951.5625	8.728451	91.28665
951.875	8.73049	91.33405
952.1875	8.730234	91.30639
952.5	8.718847	91.434
952.8125	8.713266	91.39544
953.125	8.709002	91.40635
953.4375	8.703498	91.43046
953.75	8.699802	91.40314
954.0625	8.695742	91.39845
954.375	8.68739	91.3376
954.6875	8.703493	91.34905
955	8.688212	91.41224
955.3125	8.682582	91.3881
955.625	8.681308	91.35826
955.9375	8.665936	91.39105
956.25	8.660677	91.25084
956.5625	8.662747	91.34739
956.875	8.647617	91.37038
957.1875	8.646896	91.1896
957.5	8.648187	91.30888
957.8125	8.63164	91.2539
958.125	8.620763	91.18179
958.4375	8.618337	91.21243
958.75	8.618127	91.28129
959.0625	8.607534	91.366
959.375	8.603647	91.23363
959.6875	8.59841	91.2793
960	8.594114	91.2649
960.3125	8.584378	91.31495
960.625	8.586071	91.2689
960.9375	8.579666	91.31805
961.25	8.574053	91.50503
961.5625	8.56401	91.37991
961.875	8.570898	91.31208
962.1875	8.554987	91.35895
962.5	8.562852	91.39378
962.8125	8.556498	91.3395
963.125	8.56152	91.37394
963.4375	8.552509	91.30711
963.75	8.547518	91.39227
964.0625	8.546615	91.38253
964.375	8.547255	91.3435
964.6875	8.539417	91.42118
965	8.54041	91.35947
965.3125	8.541924	91.4346
965.625	8.542201	91.43957
965.9375	8.544684	91.25233
966.25	8.552988	91.29073
966.5625	8.545773	91.49056
966.875	8.543033	91.30396
967.1875	8.551147	91.27229
967.5	8.53207	91.33112
967.8125	8.543	91.46229
968.125	8.535529	91.37888
968.4375	8.528784	91.29567
968.75	8.517233	91.20844
969.0625	8.521595	91.46313
969.375	8.511184	91.23845
969.6875	8.514115	91.32059
970	8.510662	91.22318
970.3125	8.509208	91.27975
970.625	8.495758	91.26701
970.9375	8.502305	91.2246
971.25	8.491002	91.18246
971.5625	8.482178	91.30447
971.875	8.481606	91.22025
972.1875	8.467654	91.37867
972.5	8.465915	91.26208
972.8125	8.468696	91.36462
973.125	8.466676	91.27763
973.4375	8.463142	91.33409
973.75	8.459967	91.48595
974.0625	8.462089	91.43925
974.375	8.464475	91.41998
974.6875	8.456552	91.49147
975	8.457943	91.48182
975.3125	8.466159	91.47462
975.625	8.463735	91.42069
975.9375	8.462275	91.53744
976.25	8.459809	91.61413
976.5625	8.462953	91.52592
976.875	8.458714	91.47933
977.1875	8.456611	91.53657
977.5	8.451515	91.56541
977.8125	8.463671	91.66362
978.125	8.455626	91.56089
978.4375	8.461208	91.5592
978.75	8.452998	91.57114
979.0625	8.458533	91.61723
979.375	8.450374	91.528
979.6875	8.450852	91.5586
980	8.457353	91.63099
980.3125	8.456477	91.63438
980.625	8.461691	91.61107
980.9375	8.459892	91.62152
981.25	8.456839	91.74844
981.5625	8.466676	91.78773
981.875	8.464106	91.61205
982.1875	8.468181	91.68822
982.5	8.461575	91.72988
982.8125	8.469936	91.53473
983.125	8.472524	91.6148
983.4375	8.464542	91.53576
983.75	8.470131	91.71433
984.0625	8.463539	91.59686
984.375	8.470091	91.70035
984.6875	8.473581	91.75294
985	8.473977	91.63924
985.3125	8.476328	91.76472
985.625	8.467868	91.65102
985.9375	8.471629	91.68778
986.25	8.47029	91.61829
986.5625	8.476372	91.65405
986.875	8.458691	91.5599
987.1875	8.468019	91.64192
987.5	8.470675	91.7538
987.8125	8.457809	91.54887
988.125	8.462134	91.71879
988.4375	8.458516	91.71964
988.75	8.463696	91.66029
989.0625	8.458957	91.5865
989.375	8.448934	91.6103
989.6875	8.447913	91.67366
990	8.451264	91.76972
990.3125	8.459809	91.68282
990.625	8.462576	91.75739
990.9375	8.4505	91.73372
991.25	8.447361	91.72542
991.5625	8.456123	91.82215
991.875	8.460583	91.94109
992.1875	8.449893	92.10738
992.5	8.461165	92.01421
992.8125	8.470933	92.06488
993.125	8.469073	92.14346
993.4375	8.463366	91.97275
993.75	8.472655	92.06094
994.0625	8.478726	92.1862
994.375	8.46929	92.23494
994.6875	8.479024	92.11777
995	8.492104	92.04532
995.3125	8.492731	92.1647
995.625	8.49658	92.34898
995.9375	8.507071	92.38555
996.25	8.503794	92.30731
996.5625	8.509682	92.32351
996.875	8.52799	92.56461
997.1875	8.544299	92.332
997.5	8.559509	92.58275
997.8125	8.564511	92.56931
998.125	8.586803	92.48579
998.4375	8.606124	92.44065
998.75	8.614434	92.39931
999.0625	8.621725	92.4121
999.375	8.63491	92.38139
999.6875	8.640175	92.14847
1000	8.691375	92.52725
1000.3125	8.642664	92.41822
1000.625	8.659563	91.95985
1000.9375	8.657228	92.03018
1001.25	8.665952	92.21622
1001.5625	8.667045	92.19427
1001.875	8.683741	92.06644
1002.1875	8.684546	92.07132
1002.5	8.682983	91.9137
1002.8125	8.695439	92.06403
1003.125	8.692934	92.15046
1003.4375	8.690588	91.91061
1003.75	8.703777	91.81962
1004.0625	8.693963	92.01054
1004.375	8.706969	91.69847
1004.6875	8.714705	91.72709
1005	8.714745	91.81744
1005.3125	8.724673	91.81797
1005.625	8.720177	91.67091
1005.9375	8.712448	91.66451
1006.25	8.719837	91.5665
1006.5625	8.743841	91.53609
1006.875	8.734791	91.63573
1007.1875	8.731871	91.76508
1007.5	8.745457	91.39723
1007.8125	8.752852	91.54575
1008.125	8.743729	91.56188
1008.4375	8.738829	91.52921
1008.75	8.742408	91.38889
1009.0625	8.751879	91.42601
1009.375	8.747704	91.47028
1009.6875	8.751728	91.38828
1010	8.759647	91.39505
1010.3125	8.761877	91.42049
1010.625	8.771393	91.27191
1010.9375	8.763138	91.33773
1011.25	8.766599	91.16761
1011.5625	8.775157	91.1742
1011.875	8.778889	91.33611
1012.1875	8.786609	91.16079
1012.5	8.786188	91.03824
1012.8125	8.776268	91.25003
1013.125	8.78648	91.16803
1013.4375	8.789333	90.99818
1013.75	8.79884	90.90449
1014.0625	8.79491	90.97601
1014.375	8.796676	90.92943
1014.6875	8.799614	90.74163
1015	8.799984	90.81564
1015.3125	8.797009	90.71719
1015.625	8.799823	90.49277
1015.9375	8.790036	90.55608
1016.25	8.779938	90.52443
1016.5625	8.770887	90.42101
1016.875	8.771748	90.41209
1017.1875	8.748097	90.18263
1017.5	8.735553	90.2759
1017.8125	8.705441	90.14131
1018.125	8.689613	89.96258
1018.4375	8.663382	90.04355
1018.75	8.635511	90.14009
1019.0625	8.587762	90.35325
1019.375	8.551667	90.24736
1019.6875	8.519677	90.36205
1020	8.485831	90.68976
1020.3125	8.469263	91.17834
1020.625	8.453943	91.52544
1020.9375	8.47693	91.79252
1021.25	8.495184	92.1789
1021.5625	8.52496	92.38258
1021.875	8.547993	92.46169
1022.1875	8.578592	92.66339
1022.5	8.60078	92.84993
1022.8125	8.633047	92.94528
1023.125	8.64997	92.9374
1023.4375	8.678077	93.08949
1023.75	8.703394	92.92758
1024.0625	8.737287	93.26723
1024.375	8.763137	93.1926
1024.6875	8.785031	93.22392
1025	8.806692	93.12896
1025.3125	8.836013	93.03965
1025.625	8.844429	93.01486
1025.9375	8.869293	93.06198
1026.25	8.878736	93.20691
1026.5625	8.892143	93.19809
1026.875	8.908881	93.06128
1027.1875	8.913133	92.93175
1027.5	8.93609	93.17141
1027.8125	8.953938	93.01541
1028.125	8.964435	93.02238
1028.4375	8.981742	93.1104
1028.75	8.989456	92.91159
1029.0625	9.001814	92.91049
1029.375	9.019464	92.9296
1029.6875	9.028605	92.84191
1030	9.03216	92.81892
1030.3125	9.042365	92.86729
1030.625	9.053864	92.91617
1030.9375	9.066586	92.67794
1031.25	9.072164	92.68329
1031.5625	9.084484	92.55303
1031.875	9.065822	92.63183
1032.1875	9.070598	92.75699
1032.5	9.081654	92.70736
1032.8125	9.093406	92.61044
1033.125	9.103979	92.65199
1033.4375	9.105219	92.61743
1033.75	9.096074	92.55819
1034.0625	9.107903	92.66335
1034.375	9.121053	92.6174
1034.6875	9.118525	92.62644
1035	9.129249	92.54494
1035.3125	9.127769	92.50646
1035.625	9.116948	92.60225
1035.9375	9.118899	92.56895
1036.25	9.118415	92.88625
1036.5625	9.120209	92.76637
1036.875	9.124805	92.82178
1037.1875	9.126254	92.95064
1037.5	9.129379	92.98013
1037.8125	9.138153	93.04377
1038.125	9.1464	93.1879
1038.4375	9.15135	93.19449
1038.75	9.165195	93.2477
1039.0625	9.189041	93.0723
1039.375	9.211377	93.29806
1039.6875	9.221743	93.55314
1040	9.231619	93.50187
1040.3125	9.241983	93.51183
1040.625	9.255827	93.45964
1040.9375	9.274256	93.48735
1041.25	9.283854	93.58334
1041.5625	9.302993	93.59673
1041.875	9.310733	93.84539
1042.1875	9.332934	93.84594
1042.5	9.348794	93.682
1042.8125	9.362804	93.82359
1043.125	9.388668	93.87501
1043.4375	9.407351	93.86948
1043.75	9.415599	93.84654
1044.0625	9.435151	93.87459
1044.375	9.446775	93.69028
1044.6875	9.459286	93.87
1045	9.484421	93.82089
1045.3125	9.492241	94.07975
1045.625	9.50951	93.74997
1045.9375	9.527015	93.88633
1046.25	9.541384	93.91695
1046.5625	9.565741	93.88185
1046.875	9.569249	94.02578
1047.1875	9.591854	94.00467
1047.5	9.603456	93.83083
1047.8125	9.618275	93.86004
1048.125	9.628918	93.8354
1048.4375	9.636103	93.98589
1048.75	9.629683	94.09863
1049.0625	9.65002	94.12129
1049.375	9.678783	93.99037
1049.6875	9.687271	94.26998
1050	9.707993	94.42907
1050.3125	9.732972	94.20218
1050.625	9.749898	94.32655
1050.9375	9.762887	94.37093
1051.25	9.785668	94.15618
1051.5625	9.819711	94.36756
1051.875	9.841556	94.44872
1052.1875	9.876752	94.21282
1052.5	9.891859	94.23761
1052.8125	9.918839	94.27071
1053.125	9.936985	94.03609
1053.4375	9.956135	94.15739
1053.75	9.974245	93.97904
1054.0625	9.987301	93.95986
1054.375	10	94.0985
1054.6875	10.02247	94.14783
1055	10.03645	94.01455
1055.3125	10.04874	94.0262
1055.625	10.08004	93.9267
1055.9375	10.08572	93.90434
1056.25	10.09281	94.01266
1056.5625	10.11414	93.90987
1056.875	10.11864	93.94017
1057.1875	10.13419	94.07838
1057.5	10.16131	94.03851
1057.8125	10.17658	93.89724
1058.125	10.17974	93.92735
1058.4375	10.19844	93.7336
1058.75	10.21761	93.82008
1059.0625	10.2251	93.81857
1059.375	10.24222	93.71214
1059.6875	10.25545	93.79712
1060	10.27002	93.85361
1060.3125	10.29633	93.83694
1060.625	10.30861	93.74855
1060.9375	10.32437	93.69362
1061.25	10.33689	93.90825
1061.5625	10.35913	93.78606
1061.875	10.38233	93.76655
1062.1875	10.38769	93.78069
1062.5	10.40169	93.75079
1062.8125	10.41993	93.78444
1063.125	10.44349	93.73208
1063.4375	10.45717	93.85569
1063.75	10.47553	93.74557
1064.0625	10.49571	93.71354
1064.375	10.49887	93.87586
1064.6875	10.52106	93.80428
1065	10.54555	93.73299
1065.3125	10.57074	93.75469
1065.625	10.58828	93.7299
1065.9375	10.60786	93.74998
1066.25	10.62906	93.80386
1066.5625	10.6521	93.69287
1066.875	10.66611	93.57217
1067.1875	10.67856	93.59401
1067.5	10.70063	93.78497
1067.8125	10.7145	93.79794
1068.125	10.73098	93.51302
1068.4375	10.75558	93.74059
1068.75	10.77519	93.66845
1069.0625	10.79787	93.57877
1069.375	10.82186	93.65916
1069.6875	10.84077	93.5508
1070	10.86798	93.5521
1070.3125	10.89308	93.54234
1070.625	10.90455	93.34311
1070.9375	10.91618	93.35792
1071.25	10.93675	93.31508
1071.5625	10.95235	93.25881
1071.875	10.96949	93.31145
1072.1875	10.99244	93.19338
1072.5	11.00727	93.23457
1072.8125	11.03077	93.22116
1073.125	11.04366	93.19781
1073.4375	11.06558	93.01746
1073.75	11.0836	93.22848
1074.0625	11.09176	93.15697
1074.375	11.10527	93.17623
1074.6875	11.13584	93.14275
1075	11.14927	93.28163
1075.3125	11.16442	93.0752
1075.625	11.19022	93.24701
1075.9375	11.2127	93.23901
1076.25	11.23717	93.1395
1076.5625	11.26353	92.99844
1076.875	11.27738	93.12519
1077.1875	11.29857	93.06792
1077.5	11.32799	93.03336
1077.8125	11.33708	92.90059
1078.125	11.36491	93.00755
1078.4375	11.3742	93.01151
1078.75	11.39543	92.87855
1079.0625	11.42027	92.95039
1079.375	11.43009	92.85735
1079.6875	11.44856	92.79156
1080	11.47096	92.83127
1080.3125	11.48486	92.75741
1080.625	11.50309	92.66891
1080.9375	11.52681	92.64542
1081.25	11.55243	92.62617
1081.5625	11.57074	92.77852
1081.875	11.59966	92.85127
1082.1875	11.62813	92.60778
1082.5	11.63791	92.62762
1082.8125	11.6668	92.81534
1083.125	11.69031	92.61549
1083.4375	11.71112	92.61168
1083.75	11.72656	92.54264
1084.0625	11.75658	92.75004
1084.375	11.77513	92.58682
1084.6875	11.79954	92.68288
1085	11.82301	92.51872
1085.3125	11.85001	92.57462
1085.625	11.88048	92.42542
1085.9375	11.90151	92.57758
1086.25	11.92015	92.45627
1086.5625	11.94987	92.41306
1086.875	11.97246	92.34419
1087.1875	11.98813	92.197
1087.5	12.01164	92.36808
1087.8125	12.03432	92.49118
1088.125	12.06552	92.16048
1088.4375	12.08704	92.16502
1088.75	12.10257	92.08789
1089.0625	12.12262	92.23242
1089.375	12.14713	92.16186
1089.6875	12.16953	92.14893
1090	12.18658	92.15437
1090.3125	12.21456	92.16651
1090.625	12.23891	92.00303
1090.9375	12.2583	91.97901
1091.25	12.28426	92.01407
1091.5625	12.30675	92.05733
1091.875	12.33591	92.02686
1092.1875	12.3508	92.08357
1092.5	12.37953	91.96974
1092.8125	12.40597	91.83591
1093.125	12.42761	91.87004
1093.4375	12.44965	91.88048
1093.75	12.47156	91.83725
1094.0625	12.50249	91.91459
1094.375	12.52645	91.70328
1094.6875	12.55289	91.68993
1095	12.582	91.68356
1095.3125	12.60664	91.67339
1095.625	12.63148	91.64479
1095.9375	12.65511	91.69133
1096.25	12.6853	91.55785
1096.5625	12.71307	91.59138
1096.875	12.73046	91.48795
1097.1875	12.75635	91.26615
1097.5	12.77953	91.29518
1097.8125	12.81231	91.36552
1098.125	12.83739	91.38973
1098.4375	12.86264	91.18942
1098.75	12.88908	91.26429
1099.0625	12.91645	91.18129
1099.375	12.9426	91.36743
1099.6875	12.97949	91.40159
1100	13.00454	91.2374
1100.3125	13.02924	91.1869
1100.625	13.06086	91.09819
1100.9375	13.08683	91.16958
1101.25	13.11316	91.08685
1101.5625	13.14674	90.90503
1101.875	13.16469	90.95026
1102.1875	13.20076	90.95722
1102.5	13.22789	90.90336
1102.8125	13.26095	90.89715
1103.125	13.2861	90.63292
1103.4375	13.31374	90.61437
1103.75	13.34205	90.65591
1104.0625	13.36891	90.59206
1104.375	13.39193	90.59317
1104.6875	13.41882	90.43803
1105	13.45618	90.38074
1105.3125	13.47744	90.47986
1105.625	13.50365	90.25439
1105.9375	13.52883	90.37017
1106.25	13.56162	90.15607
1106.5625	13.58891	90.16414
1106.875	13.6142	90.10432
1107.1875	13.641	90.06761
1107.5	13.67251	90.00619
1107.8125	13.69747	90.12475
1108.125	13.72655	90.00599
1108.4375	13.75645	90.0815
1108.75	13.7829	90.03461
1109.0625	13.81518	90.15456
1109.375	13.84457	89.9525
1109.6875	13.87902	90.04681
1110	13.90654	89.87046
1110.3125	13.94396	89.92932
1110.625	13.97321	89.81669
1110.9375	13.99887	89.7148
1111.25	14.03359	89.80348
1111.5625	14.0618	89.7131
1111.875	14.09353	89.64835
1112.1875	14.12663	89.76688
1112.5	14.16064	89.6978
1112.8125	14.19345	89.59334
1113.125	14.22746	89.60918
1113.4375	14.26378	89.55098
1113.75	14.3007	89.39999
1114.0625	14.32408	89.31672
1114.375	14.35797	89.49306
1114.6875	14.40129	89.34262
1115	14.43342	89.42057
1115.3125	14.46739	89.35995
1115.625	14.5097	89.27577
1115.9375	14.54074	89.37942
1116.25	14.58701	89.22971
1116.5625	14.62008	89.29939
1116.875	14.65962	89.20654
1117.1875	14.69638	88.98376
1117.5	14.73689	89.14262
1117.8125	14.78345	89.17101
1118.125	14.81953	89.0783
1118.4375	14.86633	88.98
1118.75	14.90273	88.93378
1119.0625	14.94558	88.75867
1119.375	14.9859	88.83483
1119.6875	15.03322	88.55852
1120	15.07408	88.74696
1120.3125	15.12235	88.52658
1120.625	15.16068	88.49245
1120.9375	15.20276	88.35284
1121.25	15.24284	88.15907
1121.5625	15.28721	88.11491
1121.875	15.32873	88.1814
1122.1875	15.36617	87.98547
1122.5	15.40702	87.87667
1122.8125	15.44661	87.66944
1123.125	15.48658	87.25269
1123.4375	15.5266	87.55333
1123.75	15.56558	87.50614
1124.0625	15.59904	87.286
1124.375	15.63975	87.28389
1124.6875	15.6758	87.04081
1125	15.7162	86.98038
1125.3125	15.75369	86.90077
1125.625	15.78859	86.78133
1125.9375	15.83134	86.82479
1126.25	15.87093	86.7485
1126.5625	15.90614	86.68379
1126.875	15.94443	86.51291
1127.1875	15.98294	86.40998
1127.5	16.02573	86.42596
1127.8125	16.07006	86.32726
1128.125	16.11042	86.11229
1128.4375	16.15168	86.07989
1128.75	16.1916	85.9986
1129.0625	16.23676	85.84848
1129.375	16.28385	85.71307
1129.6875	16.32483	85.76743
1130	16.36933	85.60068
1130.3125	16.41964	85.27729
1130.625	16.46206	85.48824
1130.9375	16.51163	85.12933
1131.25	16.55668	85.09309
1131.5625	16.60241	85.01319
1131.875	16.64755	84.88889
1132.1875	16.69397	84.54818
1132.5	16.73459	84.27106
1132.8125	16.77896	84.35276
1133.125	16.82041	84.19948
1133.4375	16.85631	83.90047
1133.75	16.88943	83.72604
1134.0625	16.92284	83.73283
1134.375	16.95193	83.46527
1134.6875	16.97498	83.34391
1135	16.99458	83.25198
1135.3125	17.02442	83.19627
1135.625	17.04687	83.06782
1135.9375	17.07023	83.16095
1136.25	17.09204	83.17078
1136.5625	17.12656	82.94334
1136.875	17.16457	83.16484
1137.1875	17.20169	83.25124
1137.5	17.25187	83.43047
1137.8125	17.30876	83.23785
1138.125	17.36267	83.45845
1138.4375	17.42094	83.336
1138.75	17.4864	83.27406
1139.0625	17.54714	83.34913
1139.375	17.60906	83.25805
1139.6875	17.67391	83.44573
1140	17.7348	83.24022
1140.3125	17.7923	83.03151
1140.625	17.85235	83.11615
1140.9375	17.91746	83.03355
1141.25	17.98075	82.96484
1141.5625	18.04723	83.00989
1141.875	18.11909	82.84262
1142.1875	18.18836	82.5604
1142.5	18.26514	82.76068
1142.8125	18.33599	82.45938
1143.125	18.40694	82.27631
1143.4375	18.47617	82.08717
1143.75	18.54716	81.93753
1144.0625	18.61359	81.62563
1144.375	18.68072	81.49202
1144.6875	18.74917	81.37476
1145	18.8127	81.29845
1145.3125	18.87808	81.01351
1145.625	18.94543	80.85372
1145.9375	19.0118	80.55834
1146.25	19.07747	80.47389
1146.5625	19.14448	80.31618
1146.875	19.20933	79.97367
1147.1875	19.27348	79.86674
1147.5	19.34096	79.62502
1147.8125	19.40773	79.30911
1148.125	19.47636	79.2571
1148.4375	19.54125	79.0043
1148.75	19.6105	78.82162
1149.0625	19.679	78.67086
1149.375	19.7437	78.35707
1149.6875	19.80805	77.9621
1150	19.87818	77.94736
1150.3125	19.94361	77.70214
1150.625	20.00899	77.52085
1150.9375	20.07729	77.15374
1151.25	20.13993	76.93852
1151.5625	20.2058	76.79997
1151.875	20.27046	76.33697
1152.1875	20.33743	76.29442
1152.5	20.39954	75.97186
1152.8125	20.46971	75.81
1153.125	20.53515	75.59547
1153.4375	20.60097	75.39801
1153.75	20.66907	75.26266
1154.0625	20.73981	75.11521
1154.375	20.81315	74.82955
1154.6875	20.88802	74.62702
1155	20.96899	74.63145
1155.3125	21.0497	74.29277
1155.625	21.13786	73.98759
1155.9375	21.22474	74.00771
1156.25	21.31347	73.92251
1156.5625	21.40319	73.49072
1156.875	21.49831	73.45048
1157.1875	21.5914	72.81648
1157.5	21.68814	72.73869
1157.8125	21.79011	72.51889
1158.125	21.89301	72.26979
1158.4375	21.99623	71.92337
1158.75	22.10429	71.53624
1159.0625	22.21641	71.15324
1159.375	22.32834	70.92246
1159.6875	22.44409	70.49683
1160	22.55857	70.14391
1160.3125	22.67604	69.44854
1160.625	22.79702	69.04887
1160.9375	22.91363	68.38377
1161.25	23.02915	67.8415
1161.5625	23.14142	67.18158
1161.875	23.25119	66.38432
1162.1875	23.3516	65.52872
1162.5	23.44221	64.57194
1162.8125	23.51739	63.77697
1163.125	23.57305	62.89372
1163.4375	23.61279	62.01804
1163.75	23.63169	61.23109
1164.0625	23.64281	60.45694
1164.375	23.65335	60.02535
1164.6875	23.67284	59.83598
1165	23.71231	59.37064
1165.3125	23.7639	59.04679
1165.625	23.82889	58.83773
1165.9375	23.90525	58.56671
1166.25	23.98374	58.12346
1166.5625	24.06554	57.7706
1166.875	24.1538	57.50533
1167.1875	24.24143	57.10515
1167.5	24.33521	56.50938
1167.8125	24.42721	56.02308
1168.125	24.52464	55.68477
1168.4375	24.62308	55.17734
1168.75	24.72285	54.6338
1169.0625	24.82533	54.01917
1169.375	24.92762	53.49963
1169.6875	25.03042	53.15953
1170	25.13684	52.41716
1170.3125	25.24268	51.69034
1170.625	25.35495	51.05452
1170.9375	25.46284	50.58029
1171.25	25.5736	49.87315
1171.5625	25.68593	49.02628
1171.875	25.79885	48.37877
1172.1875	25.91281	47.55212
1172.5	26.02369	46.66772
1172.8125	26.13768	45.90347
1173.125	26.25128	45.19257
1173.4375	26.36733	44.17386
1173.75	26.48172	43.27428
1174.0625	26.59355	42.43016
1174.375	26.70669	41.31802
1174.6875	26.81878	40.3863
1175	26.93024	39.44572
1175.3125	27.04094	38.2859
1175.625	27.14999	37.12605
1175.9375	27.25647	35.98257
1176.25	27.36133	34.75005
1176.5625	27.4631	33.51434
1176.875	27.56173	32.36469
1177.1875	27.65749	31.0074
1177.5	27.74948	29.68092
1177.8125	27.83612	28.36222
1178.125	27.91952	26.73907
1178.4375	27.996	25.5833
1178.75	28.06574	24.03569
1179.0625	28.12851	22.31881
1179.375	28.18328	20.58232
1179.6875	28.22822	19.08274
1180	28.26362	17.58386
1180.3125	28.28846	15.93044
1180.625	28.30204	14.11832
1180.9375	28.3094	12.59049
1181.25	28.30682	11.01645
1181.5625	28.29834	9.377731
1181.875	28.28389	7.947931
1182.1875	28.26432	6.545628
1182.5	28.2417	4.933078
1182.8125	28.21379	3.307069
1183.125	28.18447	1.916428
1183.4375	28.14857	0.4996262
1183.75	28.10842	-1.011583
1184.0625	28.06605	-2.369707
1184.375	28.01741	-3.875623
1184.6875	27.96487	-5.435222
1185	27.90693	-6.837578
1185.3125	27.84439	-7.968011
1185.625	27.77627	-9.624309
1185.9375	27.70146	-10.90968
1186.25	27.62134	-12.28953
1186.5625	27.53761	-13.76662
1186.875	27.44904	-15.07226
1187.1875	27.35754	-16.42643
1187.5	27.26353	-17.63643
1187.8125	27.16622	-18.89057
1188.125	27.06731	-20.1925
1188.4375	26.96536	-21.42549
1188.75	26.86275	-22.44889
1189.0625	26.75639	-23.7416
1189.375	26.65119	-24.82856
1189.6875	26.54174	-25.93809
1190	26.4335	-27.06178
1190.3125	26.3211	-28.1105
1190.625	26.20693	-29.29901
1190.9375	26.08691	-30.38218
1191.25	25.96207	-31.37779
1191.5625	25.83934	-32.34985
1191.875	25.71261	-33.43413
1192.1875	25.58231	-34.22225
1192.5	25.44978	-35.17033
1192.8125	25.31546	-36.11745
1193.125	25.1862	-36.83561
1193.4375	25.0563	-37.59751
1193.75	24.92672	-38.56383
1194.0625	24.79609	-39.36228
1194.375	24.66451	-40.00591
1194.6875	24.53338	-40.87723
1195	24.39739	-41.71699
1195.3125	24.26316	-42.43388
1195.625	24.12834	-43.22555
1195.9375	23.9921	-43.63566
1196.25	23.85789	-44.44999
1196.5625	23.7238	-45.16298
1196.875	23.58786	-45.61324
1197.1875	23.45118	-46.43065
1197.5	23.31537	-46.8998
1197.8125	23.18097	-47.48906
1198.125	23.04636	-48.06242
1198.4375	22.90934	-48.46062
1198.75	22.77689	-49.04504
1199.0625	22.63966	-49.72293
1199.375	22.50566	-50.11541
1199.6875	22.37067	-50.49591
1200	22.23632	-51.04235
1200.3125	22.09828	-51.35975
1200.625	21.96371	-52.05806
1200.9375	21.83051	-52.32719
1201.25	21.69534	-52.78286
1201.5625	21.56278	-52.99143
1201.875	21.43154	-53.24703
1202.1875	21.29859	-53.56795
1202.5	21.16624	-54.2714
1202.8125	21.03409	-54.60301
1203.125	20.903	-54.72449
1203.4375	20.7729	-55.14661
1203.75	20.63671	-55.46793
1204.0625	20.50245	-55.60765
1204.375	20.37048	-55.79382
1204.6875	20.23941	-56.28667
1205	20.11212	-56.2864
1205.3125	19.98208	-56.44426
1205.625	19.85229	-56.67077
1205.9375	19.72295	-56.81629
1206.25	19.59678	-57.02278
1206.5625	19.47044	-57.32445
1206.875	19.34467	-57.14561
1207.1875	19.21891	-57.39827
1207.5	19.09236	-57.52106
1207.8125	18.96927	-57.34493
1208.125	18.84648	-57.58182
1208.4375	18.72633	-57.6018
1208.75	18.61259	-57.57652
1209.0625	18.4962	-57.48338
1209.375	18.38107	-57.38946
1209.6875	18.26823	-57.43444
1210	18.15558	-57.49437
1210.3125	18.04847	-57.31585
1210.625	17.94002	-57.24728
1210.9375	17.83312	-57.27959
1211.25	17.72954	-57.18644
1211.5625	17.62279	-56.98717
1211.875	17.52479	-56.79268
1212.1875	17.42421	-56.64654
1212.5	17.33083	-56.53542
1212.8125	17.24006	-56.53865
1213.125	17.15332	-56.23488
1213.4375	17.05773	-55.95308
1213.75	16.97514	-55.80931
1214.0625	16.89488	-55.70005
1214.375	16.82001	-55.26183
1214.6875	16.73917	-55.30733
1215	16.66448	-54.92686
1215.3125	16.59431	-54.68366
1215.625	16.53064	-54.4549
1215.9375	16.47096	-54.15048
1216.25	16.40873	-53.83488
1216.5625	16.35451	-53.58146
1216.875	16.30004	-53.4682
1217.1875	16.24302	-53.28929
1217.5	16.19677	-52.94102
1217.8125	16.14429	-52.59649
1218.125	16.10407	-52.44696
1218.4375	16.05923	-52.24667
1218.75	16.02506	-51.81772
1219.0625	15.9804	-51.5621
1219.375	15.9576	-51.46537
1219.6875	15.92857	-51.1809
1220	15.90218	-50.82895
1220.3125	15.87612	-50.65962
1220.625	15.85442	-50.72642
1220.9375	15.83083	-50.45628
1221.25	15.82057	-50.1068
1221.5625	15.80533	-49.82932
1221.875	15.79704	-49.73895
1222.1875	15.78702	-49.46734
1222.5	15.77946	-49.59185
1222.8125	15.77111	-49.22805
1223.125	15.757	-49.02945
1223.4375	15.75834	-49.05167
1223.75	15.75819	-48.89189
1224.0625	15.76053	-48.75294
1224.375	15.76536	-48.60948
1224.6875	15.77257	-48.82031
1225	15.77777	-48.4093
1225.3125	15.78697	-48.26999
1225.625	15.79859	-48.45634
1225.9375	15.81182	-48.42657
1226.25	15.82837	-48.36049
1226.5625	15.83712	-48.40164
1226.875	15.84697	-48.42102
1227.1875	15.86391	-48.53032
1227.5	15.87698	-48.49249
1227.8125	15.89364	-48.66865
1228.125	15.91014	-48.64828
1228.4375	15.92967	-48.83349
1228.75	15.94541	-48.82039
1229.0625	15.97293	-48.8142
1229.375	16.00046	-49.03229
1229.6875	16.0185	-49.35009
1230	16.03955	-49.26849
1230.3125	16.05722	-49.67009
1230.625	16.08313	-49.7974
1230.9375	16.09891	-49.9337
1231.25	16.11431	-50.41476
1231.5625	16.13186	-50.57056
1231.875	16.16158	-50.72915
1232.1875	16.17898	-51.02461
1232.5	16.20057	-51.27372
1232.8125	16.21947	-51.70684
1233.125	16.23923	-51.89253
1233.4375	16.25448	-52.29652
1233.75	16.27006	-52.79181
1234.0625	16.27854	-53.32855
1234.375	16.28098	-53.69138
1234.6875	16.2886	-53.91784
1235	16.2937	-54.24812
1235.3125	16.30323	-54.94228
1235.625	16.30833	-55.25
1235.9375	16.31732	-55.9034
1236.25	16.31864	-56.40301
1236.5625	16.31794	-56.70264
1236.875	16.31618	-57.23779
1237.1875	16.31906	-57.65389
1237.5	16.30731	-58.35124
1237.8125	16.29625	-58.93271
1238.125	16.28327	-59.48104
1238.4375	16.26781	-59.77298
1238.75	16.25297	-60.2384
1239.0625	16.23792	-61.05014
1239.375	16.22187	-61.63855
1239.6875	16.19485	-62.08487
1240	16.16605	-62.68958
1240.3125	16.14061	-63.28394
1240.625	16.10108	-63.80784
1240.9375	16.06344	-64.20731
1241.25	16.03167	-64.86469
1241.5625	15.98911	-65.67189
1241.875	15.94943	-65.9669
1242.1875	15.90337	-66.46947
1242.5	15.85805	-67.14072
1242.8125	15.81161	-67.58018
1243.125	15.76157	-68.15681
1243.4375	15.71041	-68.53904
1243.75	15.64389	-69.19544
1244.0625	15.60114	-69.66912
1244.375	15.53964	-70.21572
1244.6875	15.47828	-70.70989
1245	15.4095	-71.11565
1245.3125	15.34713	-71.6956
1245.625	15.28372	-72.08625
1245.9375	15.21134	-72.71565
1246.25	15.14767	-73.01893
1246.5625	15.07555	-73.51022
1246.875	15.00725	-73.86401
1247.1875	14.93189	-74.09472
1247.5	14.85944	-74.47499
1247.8125	14.78777	-74.94814
1248.125	14.72208	-75.25001
1248.4375	14.64806	-75.60381
1248.75	14.5771	-76.03302
1249.0625	14.50659	-76.41644
1249.375	14.43974	-76.77466
1249.6875	14.36257	-76.86159
1250	14.30193	-77.13938
1250.3125	14.2108	-77.69123
1250.625	14.1391	-77.70565
1250.9375	14.06878	-78.07458
1251.25	13.99495	-78.47163
1251.5625	13.9268	-78.7284
1251.875	13.85778	-79.019
1252.1875	13.7832	-79.0405
1252.5	13.70611	-79.36752
1252.8125	13.64322	-79.7231
1253.125	13.57407	-79.88245
1253.4375	13.49927	-80.1258
1253.75	13.43055	-80.28207
1254.0625	13.3583	-80.52537
1254.375	13.2855	-80.74899
1254.6875	13.21471	-81.01322
1255	13.14889	-81.10626
1255.3125	13.07689	-81.28233
1255.625	13.00427	-81.61996
1255.9375	12.93528	-81.84505
1256.25	12.86498	-81.9568
1256.5625	12.80227	-82.10174
1256.875	12.73283	-82.29192
1257.1875	12.66608	-82.38294
1257.5	12.5947	-82.75367
1257.8125	12.52388	-82.76414
1258.125	12.4621	-83.01444
1258.4375	12.39082	-83.11517
1258.75	12.33131	-83.33775
1259.0625	12.27312	-83.35217
1259.375	12.20632	-83.55714
1259.6875	12.15165	-83.70264
1260	12.08983	-83.80342
1260.3125	12.03103	-83.89101
1260.625	11.97325	-84.03262
1260.9375	11.89889	-83.99737
1261.25	11.84169	-84.31825
1261.5625	11.78389	-84.41445
1261.875	11.72991	-84.55374
1262.1875	11.66266	-84.73728
1262.5	11.60298	-84.85339
1262.8125	11.54325	-85.08715
1263.125	11.47975	-85.46602
1263.4375	11.42058	-85.30769
1263.75	11.35396	-85.46285
1264.0625	11.29085	-85.82941
1264.375	11.23522	-85.90813
1264.6875	11.17583	-85.80307
1265	11.119	-86.05428
1265.3125	11.05512	-86.46602
1265.625	11.00099	-86.37297
1265.9375	10.93694	-86.39435
1266.25	10.87418	-86.76842
1266.5625	10.81793	-86.71078
1266.875	10.74693	-86.89018
1267.1875	10.69261	-86.76308
1267.5	10.6364	-87.12916
1267.8125	10.56905	-87.07281
1268.125	10.51913	-87.40927
1268.4375	10.45207	-87.50275
1268.75	10.38523	-87.28447
1269.0625	10.32817	-87.70108
1269.375	10.27351	-87.85849
1269.6875	10.21368	-87.74172
1270	10.14832	-87.73988
1270.3125	10.10403	-87.98925
1270.625	10.03476	-87.93904
1270.9375	9.989473	-88.10924
1271.25	9.930285	-88.37946
1271.5625	9.884161	-88.42621
1271.875	9.825946	-88.44492
1272.1875	9.760234	-88.5151
1272.5	9.712915	-88.59282
1272.8125	9.666201	-88.82446
1273.125	9.598181	-88.80322
1273.4375	9.5453	-88.88939
1273.75	9.47799	-89.34926
1274.0625	9.428022	-89.23315
1274.375	9.364853	-89.492
1274.6875	9.305125	-89.35149
1275	9.244884	-89.71798
1275.3125	9.192386	-89.65239
1275.625	9.124808	-89.69923
1275.9375	9.071774	-89.62563
1276.25	9.008264	-89.78134
1276.5625	8.948944	-89.78886
1276.875	8.894702	-89.74386
1277.1875	8.844617	-89.84803
1277.5	8.796017	-89.81956
1277.8125	8.740127	-89.87011
1278.125	8.69488	-89.96734
1278.4375	8.644651	-90.19492
1278.75	8.58419	-90.35374
1279.0625	8.542349	-90.36826
1279.375	8.478474	-90.27901
1279.6875	8.441154	-90.58926
1280	8.381069	-90.5872
1280.3125	8.324939	-90.55612
1280.625	8.280626	-90.65497
1280.9375	8.215644	-90.99786
1281.25	8.156618	-90.90739
1281.5625	8.101724	-90.78178
1281.875	8.071037	-90.91522
1282.1875	8.02519	-90.92052
1282.5	7.968216	-91.05764
1282.8125	7.913375	-91.0662
1283.125	7.877757	-91.20102
1283.4375	7.844651	-91.24975
1283.75	7.787432	-91.55149
1284.0625	7.740151	-91.49036
1284.375	7.692745	-91.31487
1284.6875	7.666841	-91.56029
1285	7.60941	-91.68147
1285.3125	7.555928	-91.71914
1285.625	7.507877	-91.91225
1285.9375	7.477614	-91.92738
1286.25	7.401599	-92.25724
1286.5625	7.367795	-92.2291
1286.875	7.312629	-92.18003
1287.1875	7.262873	-92.42419
1287.5	7.230558	-92.41538
1287.8125	7.183414	-92.60609
1288.125	7.120783	-92.73341
1288.4375	7.092348	-92.76688
1288.75	7.041333	-93.19691
1289.0625	6.999984	-93.06677
1289.375	6.960321	-92.94775
1289.6875	6.907427	-93.11954
1290	6.876367	-93.33752
1290.3125	6.832295	-93.43781
1290.625	6.783069	-93.5172
1290.9375	6.734357	-94.02775
1291.25	6.689959	-93.71296
1291.5625	6.643863	-93.81971
1291.875	6.603499	-94.06984
1292.1875	6.547242	-94.3428
1292.5	6.497293	-94.33314
1292.8125	6.462999	-94.7126
1293.125	6.417348	-94.57571
1293.4375	6.345174	-94.63948
1293.75	6.337734	-94.94365
1294.0625	6.274136	-95.0975
1294.375	6.239603	-95.33393
1294.6875	6.195103	-95.32054
1295	6.159675	-95.42243
1295.3125	6.093356	-95.76089
1295.625	6.060047	-95.72405
1295.9375	6.033345	-95.86473
1296.25	5.978499	-96.34888
1296.5625	5.932827	-96.47246
1296.875	5.893648	-96.57362
1297.1875	5.844623	-96.86178
1297.5	5.800598	-97.37026
1297.8125	5.766949	-97.31144
1298.125	5.71687	-97.30573
1298.4375	5.678899	-97.83454
1298.75	5.626869	-98.03372
1299.0625	5.589951	-98.30152
1299.375	5.54392	-98.77488
1299.6875	5.501977	-98.97311
1300	5.462733	-99.24952
1300.3125	5.393699	-99.46784
1300.625	5.340396	-99.9499
1300.9375	5.289062	-100.3565
1301.25	5.217515	-100.5684
1301.5625	5.155024	-101.2228
1301.875	5.098154	-101.4241
1302.1875	5.02914	-101.7019
1302.5	4.968262	-102.2399
1302.8125	4.918908	-103.0277
1303.125	4.829553	-103.1628
1303.4375	4.757053	-103.7554
1303.75	4.659264	-104.2207
1304.0625	4.582456	-104.6791
1304.375	4.4652	-105.2919
1304.6875	4.337955	-105.686
1305	4.226116	-106.4634
1305.3125	4.066417	-106.727
1305.625	3.886063	-107.0065
1305.9375	3.726628	-107.4511
1306.25	3.534232	-107.5337
1306.5625	3.341938	-107.4228
1306.875	3.175763	-107.3709
1307.1875	3.009417	-106.8216
1307.5	2.882761	-105.7592
1307.8125	2.799733	-105.4358
1308.125	2.77584	-104.9961
1308.4375	2.709088	-104.5671
1308.75	2.694092	-104.2456
1309.0625	2.639361	-104.1614
1309.375	2.641313	-104.2069
1309.6875	2.572036	-104.262
1310	2.516338	-103.9841
1310.3125	2.472347	-104.2077
1310.625	2.451588	-104.5135
1310.9375	2.387342	-104.594
1311.25	2.327498	-104.3093
1311.5625	2.27564	-104.3934
1311.875	2.228375	-104.8951
1312.1875	2.194828	-105.2422
1312.5	2.107805	-104.9259
1312.8125	2.068243	-105.3515
1313.125	2.032039	-105.6977
1313.4375	1.96018	-105.8378
1313.75	1.853332	-106.1311
1314.0625	1.835217	-106.6796
1314.375	1.733564	-106.4621
1314.6875	1.652851	-106.4957
1315	1.605176	-106.8869
1315.3125	1.532691	-107.1196
1315.625	1.466355	-107.4428
1315.9375	1.377514	-107.9049
1316.25	1.285957	-107.9786
1316.5625	1.239138	-108.5298
1316.875	1.14688	-108.5791
1317.1875	1.071847	-108.9738
1317.5	0.9757149	-109.5359
1317.8125	0.9013146	-109.7757
1318.125	0.7781493	-110.2593
1318.4375	0.6594222	-110.224
1318.75	0.5904848	-110.6812
1319.0625	0.4647808	-110.9785
1319.375	0.392256	-111.5555
1319.6875	0.2967806	-111.8308
1320	0.1961654	-112.2215
1320.3125	0.06985996	-112.4938
1320.625	-0.09070109	-113.3821
1320.9375	-0.1899786	-114.0598
1321.25	-0.3103988	-113.8005
1321.5625	-0.4993931	-114.5302
1321.875	-0.6290874	-114.9009
1322.1875	-0.7926285	-115.5187
1322.5	-0.9849172	-115.4636
1322.8125	-1.194711	-116.2286
1323.125	-1.379483	-115.9285
1323.4375	-1.557421	-115.6993
1323.75	-1.786177	-116.1221
1324.0625	-2.001387	-115.7022
1324.375	-2.141059	-115.1999
1324.6875	-2.311023	-115.3512
1325	-2.509772	-114.9625
1325.3125	-2.627613	-114.7185
1325.625	-2.82479	-114.1423
1325.9375	-2.937069	-113.6808
1326.25	-3.0447	-112.7688
1326.5625	-3.162076	-113.1691
1326.875	-3.289463	-112.9433
1327.1875	-3.365333	-112.145
1327.5	-3.474308	-111.9437
1327.8125	-3.597928	-112.2655
1328.125	-3.662329	-111.6257
1328.4375	-3.79752	-111.2967
1328.75	-3.926943	-111.6185
1329.0625	-3.99782	-111.5606
1329.375	-4.113096	-110.6606
1329.6875	-4.186358	-110.4428
1330	-4.275476	-110.7623
1330.3125	-4.385715	-110.1859
1330.625	-4.506867	-110.4959
1330.9375	-4.518485	-110.8259
1331.25	-4.707244	-109.8965
1331.5625	-4.703053	-110.2734
1331.875	-4.812028	-110.3829
1332.1875	-4.846653	-110.1263
1332.5	-4.910077	-110.2709
1332.8125	-5.01607	-110.7509
1333.125	-5.119611	-110.6544
1333.4375	-5.173705	-110.5354
1333.75	-5.315674	-110.7417
1334.0625	-5.457365	-111.3369
1334.375	-5.482416	-111.3721
1334.6875	-5.57781	-112.1681
1335	-5.818392	-112.956
1335.3125	-5.829698	-113.4603
1335.625	-6.006777	-113.5967
1335.9375	-6.162102	-114.4293
1336.25	-6.273522	-113.8086
1336.5625	-6.350832	-114.0823
1336.875	-6.530718	-114.6515
1337.1875	-6.641596	-114.8922
1337.5	-6.748117	-114.9867
1337.8125	-6.747182	-114.3643
1338.125	-6.882498	-115.0438
1338.4375	-7.071014	-115.3819
1338.75	-7.09582	-115.1635
1339.0625	-7.24196	-116.7607
1339.375	-7.318231	-117.4704
1339.6875	-7.467032	-117.2452
1340	-7.656211	-117.6633
1340.3125	-7.685074	-119.2127
1340.625	-7.971839	-119.3743
1340.9375	-7.909257	-120.2878
1341.25	-8.093041	-120.9969
1341.5625	-8.239069	-121.9607
1341.875	-8.281939	-122.8372
1342.1875	-8.522851	-123.2514
1342.5	-8.45557	-125.2771
1342.8125	-8.702032	-126.0201
1343.125	-8.816516	-126.4477
1343.4375	-8.924396	-127.0059
1343.75	-9.041586	-128.6396
1344.0625	-9.072139	-129.8917
1344.375	-9.241594	-131.6817
1344.6875	-9.322978	-133.2443
1345	-9.534979	-134.5071
1345.3125	-9.465014	-136.2319
1345.625	-9.486871	-138.1669
1345.9375	-9.638469	-140.3046
1346.25	-9.796399	-142.5818
1346.5625	-9.82531	-144.8319
1346.875	-9.961098	-146.9182
1347.1875	-10.04052	-148.5117
1347.5	-10.09765	-150.9403
1347.8125	-10.34483	-154.6235
1348.125	-10.40971	-155.4583
1348.4375	-10.47595	-158.1522
1348.75	-10.54829	-161.4977
1349.0625	-10.78276	-165.1642
1349.375	-10.78749	-167.2054
1349.6875	-10.84999	-171.7051
1350	-10.93974	-174.5575
1350.3125	-10.94274	-177.3978
1350.625	-11.22616	178.7195
1350.9375	-11.18887	176.174
1351.25	-11.26663	171.6608
1351.5625	-11.37091	169.4567
1351.875	-11.39755	168.2593
1352.1875	-11.30724	164.9176
1352.5	-11.11334	161.3779
1352.8125	-11.29105	158.2074
1353.125	-11.16034	155.4129
1353.4375	-11.05821	152.8791
1353.75	-10.83589	150.9721
1354.0625	-10.80725	148.0736
1354.375	-10.68862	145.0438
1354.6875	-10.40116	142.7615
1355	-10.11435	140.7449
1355.3125	-9.980072	138.6195
1355.625	-9.852802	135.8408
1355.9375	-9.512457	133.1784
1356.25	-9.289094	131.6806
1356.5625	-9.179956	129.0661
1356.875	-9.037442	126.2033
1357.1875	-8.847302	124.2546
1357.5	-8.723687	123.505
1357.8125	-8.488133	121.8809
1358.125	-8.43387	120.9074
1358.4375	-8.173445	120.2195
1358.75	-7.965851	118.8343
1359.0625	-7.554287	118.4632
1359.375	-7.407655	117.1797
1359.6875	-7.129283	115.9473
1360	-6.978956	114.6556
1360.3125	-6.689363	114.0466
1360.625	-6.436481	112.5789
1360.9375	-6.108088	112.3331
1361.25	-5.843282	111.3468
1361.5625	-5.659168	110.2695
1361.875	-5.315213	109.6475
1362.1875	-5.028574	108.8305
1362.5	-4.730046	107.3281
1362.8125	-4.394017	105.9384
1363.125	-4.172424	104.8283
1363.4375	-3.938451	103.1542
1363.75	-3.715624	101.9383
1364.0625	-3.402804	100.6162
1364.375	-3.226351	98.81746
1364.6875	-3.063698	97.01632
1365	-2.826346	95.4302
1365.3125	-2.735355	93.80029
1365.625	-2.649035	92.55176
1365.9375	-2.607653	90.82438
1366.25	-2.617073	89.21392
1366.5625	-2.604221	88.38454
1366.875	-2.617614	88.2084
1367.1875	-2.655344	88.60198
1367.5	-2.604964	88.82998
1367.8125	-2.503135	89.00534
1368.125	-2.277158	89.40945
1368.4375	-2.160833	89.71254
1368.75	-1.978352	90.03967
1369.0625	-1.761224	90.1059
1369.375	-1.576554	90.08099
1369.6875	-1.38287	90.07706
1370	-1.203001	89.54855
1370.3125	-0.9365726	89.58862
1370.625	-0.7390188	89.15005
1370.9375	-0.5486141	89.19247
1371.25	-0.3299799	88.65752
1371.5625	-0.1179767	88.24973
1371.875	0.03751977	87.5972
1372.1875	0.2670864	87.42487
1372.5	0.4092141	87.28748
1372.8125	0.6179952	86.85152
1373.125	0.7951213	86.43596
1373.4375	1.02755	85.93726
1373.75	1.224953	85.10938
1374.0625	1.418762	84.98764
1374.375	1.58015	84.43529
1374.6875	1.796381	84.06663
1375	1.987299	83.4821
1375.3125	2.161588	83.18851
1375.625	2.304227	82.47437
1375.9375	2.485364	81.73391
1376.25	2.638214	81.271
1376.5625	2.823758	80.99564
1376.875	2.980499	80.39112
1377.1875	3.165926	79.95716
1377.5	3.312251	79.54779
1377.8125	3.489913	79.00617
1378.125	3.693564	78.22862
1378.4375	3.838825	78.04243
1378.75	4.03308	77.53654
1379.0625	4.209362	77.00063
1379.375	4.37457	76.51035
1379.6875	4.572671	75.92103
1380	4.735144	75.67539
1380.3125	4.931541	75.39762
1380.625	5.1506	74.55848
1380.9375	5.325532	74.27083
1381.25	5.523212	73.83228
1381.5625	5.763766	73.58411
1381.875	5.970533	72.87944
1382.1875	6.235312	72.39594
1382.5	6.495333	71.84334
1382.8125	6.747825	71.32957
1383.125	7.049867	70.88699
1383.4375	7.339967	70.0415
1383.75	7.676997	69.06454
1384.0625	7.987896	67.83026
1384.375	8.336882	66.51731
1384.6875	8.652836	65.20367
1385	8.988491	63.80515
1385.3125	9.308873	61.81829
1385.625	9.632658	59.64076
1385.9375	9.954136	57.61495
1386.25	10.2898	55.30432
1386.5625	10.58375	52.93751
1386.875	10.90118	50.58158
1387.1875	11.21001	47.6166
1387.5	11.51037	44.3261
1387.8125	11.80076	41.0309
1388.125	12.0751	37.28024
1388.4375	12.31936	33.61547
1388.75	12.55639	29.03053
1389.0625	12.75167	24.46136
1389.375	12.8825	19.32627
1389.6875	12.98007	14.19261
1390	12.99975	8.429295
1390.3125	12.92344	2.241608
1390.625	12.76236	-4.053415
1390.9375	12.47235	-10.44855
1391.25	12.05696	-17.23525
1391.5625	11.50659	-23.65296
1391.875	10.8259	-29.94708
1392.1875	9.982664	-35.75723
1392.5	9.031074	-40.78955
1392.8125	7.961114	-45.3783
1393.125	6.823576	-48.81582
1393.4375	5.636246	-51.52233
1393.75	4.41899	-53.58517
1394.0625	3.209176	-54.02697
1394.375	1.95196	-54.06491
1394.6875	0.7040676	-53.99382
1395	-0.5291667	-52.64733
1395.3125	-1.709971	-51.04777
1395.625	-2.986592	-48.59577
1395.9375	-4.306062	-44.43462
1396.25	-5.506122	-38.89963
1396.5625	-6.648662	-31.78522
1396.875	-7.656009	-22.00776
1397.1875	-8.211658	-11.40799
1397.5	-8.500172	0.1599154
1397.8125	-8.683244	11.19249
1398.125	-8.57992	21.17746
1398.4375	-8.338951	29.29024
1398.75	-7.686166	36.4379
1399.0625	-7.200036	41.96709
1399.375	-6.5956	46.73535
1399.6875	-6.031439	50.08353
1400	-5.570616	52.79893
1400.3125	-5.030305	55.69004
1400.625	-4.483303	58.50441
1400.9375	-4.01358	60.46166
1401.25	-3.622316	61.81446
1401.5625	-3.204742	63.60122
1401.875	-2.8258	64.72013
1402.1875	-2.472325	65.68671
1402.5	-2.133227	66.83372
1402.8125	-1.764295	67.80496
1403.125	-1.518028	68.96201
1403.4375	-1.229365	70.172
1403.75	-0.9641162	70.50842
1404.0625	-0.7164416	71.75134
1404.375	-0.4265191	72.63878
1404.6875	-0.1805841	73.6039
1405	0.1150853	74.86935
1405.3125	0.3490783	75.40661
1405.625	0.6340644	76.40142
1405.9375	0.9330763	77.55622
1406.25	1.2231	77.84795
1406.5625	1.511978	78.27638
1406.875	1.780694	79.15369
1407.1875	2.064965	79.67189
1407.5	2.367483	79.93429
1407.8125	2.653831	80.81571
1408.125	2.941155	81.04807
1408.4375	3.240262	81.58167
1408.75	3.515048	81.50917
1409.0625	3.808097	81.4399
1409.375	4.077923	81.71158
1409.6875	4.338832	81.81139
1410	4.654441	81.38082
1410.3125	4.872781	81.02392
1410.625	5.116738	80.8083
1410.9375	5.350202	80.62028
1411.25	5.597116	80.89288
1411.5625	5.831643	80.43595
1411.875	6.042034	79.70897
1412.1875	6.285568	79.98399
1412.5	6.491501	79.18286
1412.8125	6.727512	78.64114
1413.125	6.89639	78.53378
1413.4375	7.105353	77.91943
1413.75	7.286273	77.52914
1414.0625	7.4656	77.10488
1414.375	7.646603	76.47897
1414.6875	7.818752	75.8037
1415	7.984858	75.6077
1415.3125	8.119317	75.00436
1415.625	8.273361	74.44971
1415.9375	8.406618	73.92685
1416.25	8.537498	73.4339
1416.5625	8.659249	73.07645
1416.875	8.780156	73.00658
1417.1875	8.898088	72.72869
1417.5	9.026687	72.4878
1417.8125	9.180106	72.64233
1418.125	9.322683	72.11295
1418.4375	9.474462	71.94534
1418.75	9.644154	71.96624
1419.0625	9.800524	71.78673
1419.375	9.952019	71.26027
1419.6875	10.11036	71.14024
1420	10.27418	70.57542
1420.3125	10.44453	70.25175
1420.625	10.59262	69.94816
1420.9375	10.76553	69.54526
1421.25	10.93053	69.21658
1421.5625	11.08488	68.83566
1421.875	11.25507	68.37209
1422.1875	11.39892	68.02708
1422.5	11.57331	67.74213
1422.8125	11.72344	67.07513
1423.125	11.8861	66.5116
1423.4375	12.04653	66.13
1423.75	12.21002	65.56304
1424.0625	12.363	65.05951
1424.375	12.52318	64.31039
1424.6875	12.68122	64.04566
1425	12.84594	63.43229
1425.3125	12.99709	62.79853
1425.625	13.15289	62.0762
1425.9375	13.30229	61.06152
1426.25	13.4478	60.57939
1426.5625	13.59774	59.9166
1426.875	13.73287	59.02272
1427.1875	13.85715	58.44391
1427.5	13.99095	57.64354
1427.8125	14.11998	56.84053
1428.125	14.2456	56.05323
1428.4375	14.37396	55.3555
1428.75	14.50455	54.69109
1429.0625	14.62899	53.60355
1429.375	14.74992	52.72799
1429.6875	14.85985	52.0383
1430	14.97281	51.35238
1430.3125	15.08557	50.22034
1430.625	15.19825	49.45026
1430.9375	15.30775	48.97213
1431.25	15.41339	47.82782
1431.5625	15.52374	46.91683
1431.875	15.62029	45.87283
1432.1875	15.71946	45.17801
1432.5	15.8154	44.2129
1432.8125	15.90758	43.24916
1433.125	15.996	42.52748
1433.4375	16.07963	41.54099
1433.75	16.16426	40.51451
1434.0625	16.23708	39.8104
1434.375	16.31339	38.89424
1434.6875	16.39517	38.09907
1435	16.47503	37.02503
1435.3125	16.5505	36.09278
1435.625	16.62531	35.39031
1435.9375	16.69524	34.53981
1436.25	16.76832	33.75581
1436.5625	16.83559	32.56144
1436.875	16.90869	31.72748
1437.1875	16.97426	31.16135
1437.5	17.03871	29.94184
1437.8125	17.10146	29.1599
1438.125	17.16075	28.36074
1438.4375	17.22051	27.09727
1438.75	17.27796	26.1816
1439.0625	17.33464	25.50644
1439.375	17.38165	24.36477
1439.6875	17.44277	23.69014
1440	17.49446	22.60875
1440.3125	17.54764	21.70434
1440.625	17.59697	20.61603
1440.9375	17.6443	19.93115
1441.25	17.69266	18.94639
1441.5625	17.72584	17.82027
1441.875	17.76675	16.90275
1442.1875	17.80448	16.17754
1442.5	17.8377	14.84615
1442.8125	17.86668	13.799
1443.125	17.88857	12.88295
1443.4375	17.91296	12.16668
1443.75	17.92906	11.04307
1444.0625	17.94706	9.78719
1444.375	17.96035	9.173081
1444.6875	17.97122	8.061069
1445	17.97695	7.14473
1445.3125	17.98028	6.013548
1445.625	17.99148	5.454778
1445.9375	18.00428	4.688871
1446.25	18.01	3.335371
1446.5625	18.01277	2.672572
1446.875	18.01706	1.624331
1447.1875	18.01203	0.9342586
1447.5	18.00392	0.06034421
1447.8125	18.00024	-1.035008
1448.125	17.99289	-1.950262
1448.4375	17.98887	-2.602792
1448.75	17.97461	-3.564118
1449.0625	17.96927	-4.70928
1449.375	17.95384	-5.33039
1449.6875	17.94779	-6.166921
1450	17.9349	-6.951794
1450.3125	17.92337	-7.558381
1450.625	17.90778	-8.536273
1450.9375	17.89235	-9.382153
1451.25	17.87382	-10.15719
1451.5625	17.855	-10.97488
1451.875	17.82348	-11.99653
1452.1875	17.79368	-12.73992
1452.5	17.76164	-13.51814
1452.8125	17.72894	-14.71949
1453.125	17.69132	-15.39939
1453.4375	17.64431	-16.27269
1453.75	17.60287	-16.91583
1454.0625	17.55474	-17.66505
1454.375	17.50984	-18.47013
1454.6875	17.45712	-19.50023
1455	17.41032	-19.83478
1455.3125	17.36702	-20.70178
1455.625	17.32006	-21.47114
1455.9375	17.26204	-22.10982
1456.25	17.20965	-22.78019
1456.5625	17.15841	-23.35146
1456.875	17.09824	-23.90368
1457.1875	17.03788	-24.68788
1457.5	16.97519	-25.18522
1457.8125	16.91577	-25.85562
1458.125	16.8511	-26.58293
1458.4375	16.78498	-27.12948
1458.75	16.72359	-27.42625
1459.0625	16.65742	-27.86896
1459.375	16.59196	-28.49264
1459.6875	16.53249	-29.01948
1460	16.46258	-29.38977
1460.3125	16.40761	-29.83475
1460.625	16.34497	-30.04108
1460.9375	16.28542	-30.62189
1461.25	16.23021	-31.14628
1461.5625	16.16524	-31.38557
1461.875	16.11767	-31.87861
1462.1875	16.05446	-32.29782
1462.5	15.99761	-32.49165
1462.8125	15.94141	-32.65923
1463.125	15.88956	-33.26976
1463.4375	15.8274	-33.62555
1463.75	15.77856	-33.99522
1464.0625	15.71732	-34.38349
1464.375	15.6683	-34.71363
1464.6875	15.61423	-34.9115
1465	15.56824	-35.21578
1465.3125	15.51879	-35.25574
1465.625	15.46792	-35.3965
1465.9375	15.43161	-35.60677
1466.25	15.38279	-36.17269
1466.5625	15.35219	-36.55429
1466.875	15.30821	-36.4629
1467.1875	15.27224	-36.65565
1467.5	15.23657	-37.2435
1467.8125	15.1991	-37.3564
1468.125	15.16264	-37.3992
1468.4375	15.12732	-37.856
1468.75	15.08681	-38.12284
1469.0625	15.05032	-38.31947
1469.375	15.01227	-38.36787
1469.6875	14.97521	-38.6357
1470	14.93443	-39.22943
1470.3125	14.90012	-39.41949
1470.625	14.85953	-39.61344
1470.9375	14.82542	-39.76633
1471.25	14.78933	-40.01497
1471.5625	14.75424	-40.37761
1471.875	14.72225	-40.51491
1472.1875	14.68426	-40.50063
1472.5	14.63944	-40.8992
1472.8125	14.61143	-41.14236
1473.125	14.57125	-41.2424
1473.4375	14.54112	-41.5877
1473.75	14.50383	-41.56442
1474.0625	14.46825	-41.7897
1474.375	14.43827	-42.09317
1474.6875	14.40716	-42.34367
1475	14.37217	-42.35344
1475.3125	14.34068	-42.55248
1475.625	14.31675	-42.80854
1475.9375	14.28062	-42.85056
1476.25	14.2504	-42.73301
1476.5625	14.22097	-43.08243
1476.875	14.19011	-43.31879
1477.1875	14.16127	-43.53136
1477.5	14.13366	-43.60875
1477.8125	14.11815	-43.73215
1478.125	14.10134	-44.06351
1478.4375	14.06872	-43.94802
1478.75	14.03775	-44.45598
1479.0625	13.99581	-44.92406
1479.375	13.95487	-44.80664
1479.6875	13.92387	-44.52847
1480	13.90104	-45.07252
1480.3125	13.87145	-44.89297
1480.625	13.8545	-45.11237
1480.9375	13.8382	-45.0584
1481.25	13.82937	-45.36543
1481.5625	13.80341	-45.31752
1481.875	13.78195	-45.56656
1482.1875	13.76395	-45.34346
1482.5	13.74963	-45.62092
1482.8125	13.72878	-46.12597
1483.125	13.72064	-46.23334
1483.4375	13.70168	-45.88886
1483.75	13.69705	-46.1334
1484.0625	13.67662	-46.52369
1484.375	13.66985	-46.5127
1484.6875	13.64727	-46.55248
1485	13.63749	-46.91481
1485.3125	13.61874	-46.96432
1485.625	13.61286	-46.86395
1485.9375	13.60355	-47.24877
1486.25	13.58386	-47.41756
1486.5625	13.58294	-47.48678
1486.875	13.57199	-47.54486
1487.1875	13.55779	-47.82393
1487.5	13.55659	-47.8979
1487.8125	13.54972	-48.43349
1488.125	13.53301	-48.37086
1488.4375	13.53214	-48.39651
1488.75	13.53023	-48.77703
1489.0625	13.51387	-48.81466
1489.375	13.4952	-49.15137
1489.6875	13.48949	-48.91718
1490	13.48997	-49.35089
1490.3125	13.46619	-49.59653
1490.625	13.45996	-49.70078
1490.9375	13.45133	-49.70278
1491.25	13.43535	-49.88301
1491.5625	13.4153	-50.36429
1491.875	13.41746	-50.20149
1492.1875	13.39819	-50.39785
1492.5	13.38542	-50.38797
1492.8125	13.36844	-51.28527
1493.125	13.36473	-50.93309
1493.4375	13.3518	-51.11314
1493.75	13.335	-51.55917
1494.0625	13.31975	-51.55188
1494.375	13.31302	-51.70254
1494.6875	13.3069	-51.90778
1495	13.28957	-52.08648
1495.3125	13.27351	-52.24052
1495.625	13.26894	-52.18021
1495.9375	13.25955	-52.49859
1496.25	13.25806	-52.85361
1496.5625	13.23859	-52.92952
1496.875	13.22958	-52.97719
1497.1875	13.22515	-52.91113
1497.5	13.2087	-53.20978
1497.8125	13.20718	-53.43716
1498.125	13.18942	-53.50378
1498.4375	13.19213	-53.77316
1498.75	13.19041	-53.855
1499.0625	13.17144	-54.10275
1499.375	13.16828	-54.18635
1499.6875	13.16718	-54.52153
1500	13.16087	-54.62971
1500.3125	13.15907	-54.69881
1500.625	13.15339	-55.2557
1500.9375	13.14211	-55.35743
1501.25	13.13287	-55.45778
1501.5625	13.12435	-55.9244
1501.875	13.11469	-55.69939
1502.1875	13.10302	-56.08124
1502.5	13.07983	-56.37007
1502.8125	13.06454	-56.59068
1503.125	13.05042	-56.91985
1503.4375	13.03005	-56.86056
1503.75	13.00411	-57.16266
1504.0625	12.98015	-57.52792
1504.375	12.95162	-57.72263
1504.6875	12.92258	-57.66573
1505	12.88959	-57.9577
1505.3125	12.87423	-57.93782
1505.625	12.84992	-58.24015
1505.9375	12.8323	-58.22503
1506.25	12.82972	-58.19242
1506.5625	12.81265	-58.35668
1506.875	12.8052	-58.4188
1507.1875	12.78938	-58.49873
1507.5	12.77336	-58.98131
1507.8125	12.76374	-58.80688
1508.125	12.75319	-58.76247
1508.4375	12.7304	-58.98642
1508.75	12.71679	-58.83724
1509.0625	12.70367	-59.10865
1509.375	12.6917	-59.44648
1509.6875	12.67841	-59.17315
1510	12.66687	-59.10453
1510.3125	12.66433	-59.17822
1510.625	12.66181	-59.43098
1510.9375	12.6561	-59.47153
1511.25	12.65739	-59.27579
1511.5625	12.66161	-59.41368
1511.875	12.67065	-59.58382
1512.1875	12.67127	-59.65928
1512.5	12.67527	-59.77398
1512.8125	12.68956	-60.26806
1513.125	12.68154	-60.06074
1513.4375	12.697	-60.1927
1513.75	12.69796	-60.3843
1514.0625	12.71384	-60.52724
1514.375	12.71881	-60.46548
1514.6875	12.71559	-60.93787
1515	12.7246	-60.75463
1515.3125	12.73723	-61.13123
1515.625	12.73641	-61.3118
1515.9375	12.7526	-61.2108
1516.25	12.75547	-61.26849
1516.5625	12.76285	-61.86875
1516.875	12.76372	-61.87205
1517.1875	12.77186	-62.09594
1517.5	12.78045	-62.19647
1517.8125	12.79647	-62.05319
1518.125	12.80313	-62.55152
1518.4375	12.80949	-62.62641
1518.75	12.81992	-62.92064
1519.0625	12.82981	-63.37793
1519.375	12.84703	-63.17676
1519.6875	12.85745	-63.40088
1520	12.85719	-63.73581
1520.3125	12.86938	-63.95609
1520.625	12.87365	-64.34501
1520.9375	12.87877	-64.61418
1521.25	12.89209	-64.76688
1521.5625	12.89695	-64.7242
1521.875	12.915	-65.12237
1522.1875	12.91421	-65.16371
1522.5	12.93268	-65.62768
1522.8125	12.94082	-65.92403
1523.125	12.95002	-65.95723
1523.4375	12.97023	-66.02338
1523.75	12.98117	-66.5676
1524.0625	12.9911	-66.86276
1524.375	13.00694	-67.34002
1524.6875	13.02617	-67.42543
1525	13.04472	-67.54063
1525.3125	13.06945	-68.05775
1525.625	13.08581	-68.41157
1525.9375	13.10117	-69.00228
1526.25	13.12033	-69.0255
1526.5625	13.14515	-69.59216
1526.875	13.16174	-70.2621
1527.1875	13.17912	-70.23083
1527.5	13.21354	-70.92757
1527.8125	13.23035	-71.62329
1528.125	13.25605	-71.96341
1528.4375	13.27831	-72.35001
1528.75	13.28797	-73.11863
1529.0625	13.30898	-73.99414
1529.375	13.30783	-74.72994
1529.6875	13.31005	-75.1231
1530	13.29669	-76.10352
1530.3125	13.28177	-77.14235
1530.625	13.24463	-78.04256
1530.9375	13.18984	-79.11552
1531.25	13.13617	-80.09666
1531.5625	13.05837	-80.8829
1531.875	12.94462	-81.8876
1532.1875	12.8178	-82.73193
1532.5	12.68165	-83.66718
1532.8125	12.52159	-84.15908
1533.125	12.35485	-84.83839
1533.4375	12.18991	-85.04671
1533.75	12.01725	-85.43877
1534.0625	11.87003	-85.23844
1534.375	11.72492	-84.98095
1534.6875	11.58234	-84.95619
1535	11.45851	-84.92371
1535.3125	11.35175	-84.56192
1535.625	11.24314	-84.53844
1535.9375	11.14132	-84.30663
1536.25	11.05387	-83.76539
1536.5625	10.9717	-83.28947
1536.875	10.89462	-83.19507
1537.1875	10.8297	-83.10906
1537.5	10.78254	-82.23872
1537.8125	10.73315	-82.29232
1538.125	10.68908	-81.83794
1538.4375	10.6658	-81.1328
1538.75	10.63628	-80.75883
1539.0625	10.59354	-80.78751
1539.375	10.57831	-80.59615
1539.6875	10.56013	-79.97832
1540	10.55867	-79.79775
1540.3125	10.54834	-79.62144
1540.625	10.54828	-79.10661
1540.9375	10.54132	-78.7138
1541.25	10.5641	-78.87254
1541.5625	10.5704	-78.77788
1541.875	10.58929	-78.16956
1542.1875	10.59412	-78.45708
1542.5	10.616	-78.22624
1542.8125	10.63384	-78.12572
1543.125	10.65614	-78.0702
1543.4375	10.67801	-78.1873
1543.75	10.70348	-77.90972
1544.0625	10.72342	-77.89066
1544.375	10.76013	-77.87355
1544.6875	10.79435	-77.90255
1545	10.8268	-78.3617
1545.3125	10.86971	-78.37346
1545.625	10.89236	-78.01921
1545.9375	10.92928	-78.84303
1546.25	10.96086	-79.30424
1546.5625	10.97084	-79.52174
1546.875	10.99862	-79.52657
1547.1875	10.99994	-80.26405
1547.5	11.00351	-80.53031
1547.8125	10.99278	-80.99036
1548.125	10.97626	-81.45911
1548.4375	10.95122	-82.0042
1548.75	10.92091	-82.51638
1549.0625	10.87301	-82.79163
1549.375	10.81127	-83.52189
1549.6875	10.73769	-83.85986
1550	10.6606	-83.71519
1550.3125	10.58732	-84.32144
1550.625	10.50903	-84.29008
1550.9375	10.4438	-84.66867
1551.25	10.34925	-84.59994
1551.5625	10.28942	-84.34856
1551.875	10.20235	-84.53201
1552.1875	10.14703	-84.04778
1552.5	10.08951	-84.1896
1552.8125	10.02275	-83.57922
1553.125	9.96973	-83.3891
1553.4375	9.932423	-83.45737
1553.75	9.900215	-82.91701
1554.0625	9.85557	-82.69331
1554.375	9.83797	-82.1729
1554.6875	9.8188	-81.9861
1555	9.801484	-81.51433
1555.3125	9.806446	-81.34991
1555.625	9.778492	-80.80762
1555.9375	9.777946	-80.42822
1556.25	9.79757	-80.07399
1556.5625	9.824611	-79.59039
1556.875	9.878703	-79.00548
1557.1875	9.93505	-78.98748
1557.5	9.990569	-78.36704
1557.8125	10.07088	-78.311
1558.125	10.18818	-78.02962
1558.4375	10.28637	-78.13776
1558.75	10.41862	-77.76478
1559.0625	10.54718	-77.99245
1559.375	10.68454	-78.46535
1559.6875	10.83804	-79.41762
1560	10.98306	-79.95209
1560.3125	11.06818	-81.03888
1560.625	11.13722	-82.31065
1560.9375	11.15077	-83.99107
1561.25	11.08831	-85.40733
1561.5625	10.97875	-86.33151
1561.875	10.83682	-87.54854
1562.1875	10.6943	-87.76907
1562.5	10.54344	-87.85574
1562.8125	10.44448	-88.49527
1563.125	10.3543	-88.28772
1563.4375	10.26884	-88.28058
1563.75	10.21137	-88.54809
1564.0625	10.14214	-88.49535
1564.375	10.08637	-88.356
1564.6875	10.04862	-88.343
1565	9.999755	-88.51698
1565.3125	9.958733	-88.76639
1565.625	9.920939	-88.27031
1565.9375	9.863023	-88.30486
1566.25	9.830425	-88.53989
1566.5625	9.801128	-88.50842
1566.875	9.76537	-88.41973
1567.1875	9.730776	-88.34977
1567.5	9.708441	-88.41244
1567.8125	9.66384	-88.41089
1568.125	9.639198	-88.31544
1568.4375	9.606999	-88.03224
1568.75	9.599215	-88.46035
1569.0625	9.57962	-88.36598
1569.375	9.557992	-87.97112
1569.6875	9.540232	-87.82109
1570	9.521976	-87.78506
1570.3125	9.515018	-87.50521
1570.625	9.504195	-87.96608
1570.9375	9.491404	-87.89749
1571.25	9.49641	-87.74992
1571.5625	9.507448	-87.60313
1571.875	9.505903	-87.77547
1572.1875	9.508702	-87.40737
1572.5	9.513149	-87.60417
1572.8125	9.527879	-87.40019
1573.125	9.519694	-87.49741
1573.4375	9.535758	-87.37406
1573.75	9.565804	-87.35885
1574.0625	9.573963	-87.76569
1574.375	9.594793	-87.92115
1574.6875	9.629021	-88.03458
1575	9.653782	-87.82748
1575.3125	9.668723	-87.91538
1575.625	9.708164	-88.4617
1575.9375	9.744651	-88.9715
1576.25	9.779573	-88.88999
1576.5625	9.812124	-89.41182
1576.875	9.83864	-89.71264
1577.1875	9.854397	-89.95383
1577.5	9.864752	-90.43233
1577.8125	9.881573	-90.9764
1578.125	9.876946	-91.61408
1578.4375	9.850994	-92.43376
1578.75	9.834057	-92.58643
1579.0625	9.789275	-93.21288
1579.375	9.739591	-94.02792
1579.6875	9.685374	-94.46095
1580	9.63951	-94.70717
1580.3125	9.592783	-94.81755
1580.625	9.554759	-95.02946
1580.9375	9.49684	-95.89034
1581.25	9.428769	-95.59942
1581.5625	9.386071	-95.97369
1581.875	9.332092	-96.88771
1582.1875	9.281775	-96.93608
1582.5	9.211208	-96.7881
1582.8125	9.170891	-97.26551
1583.125	9.11399	-97.58102
1583.4375	9.059166	-98.07866
1583.75	8.991209	-97.70882
1584.0625	8.924579	-97.93259
1584.375	8.876225	-98.56335
1584.6875	8.810264	-98.38466
1585	8.762076	-98.35911
1585.3125	8.685936	-98.83829
1585.625	8.633836	-98.89002
1585.9375	8.562763	-98.91868
1586.25	8.518823	-99.4188
1586.5625	8.452669	-99.48824
1586.875	8.386795	-99.40155
1587.1875	8.329515	-99.24537
1587.5	8.275923	-99.31789
1587.8125	8.214449	-100.1478
1588.125	8.120317	-99.49531
1588.4375	8.064087	-99.46658
1588.75	7.983935	-99.75622
1589.0625	7.927331	-99.47047
1589.375	7.892272	-99.11781
1589.6875	7.828446	-99.33918
1590	7.792513	-99.22768
1590.3125	7.748991	-99.30503
1590.625	7.690799	-99.25909
1590.9375	7.619216	-99.18475
1591.25	7.567618	-99.5719
1591.5625	7.508084	-99.43059
1591.875	7.438082	-99.24459
1592.1875	7.404201	-99.31301
1592.5	7.3356	-98.98686
1592.8125	7.27751	-98.77729
1593.125	7.234148	-98.93499
1593.4375	7.158778	-98.61623
1593.75	7.105508	-98.48721
1594.0625	7.07305	-98.2974
1594.375	7.004311	-98.03202
1594.6875	6.975679	-97.79684
1595	6.935686	-98.01099
1595.3125	6.88889	-97.74917
1595.625	6.857909	-97.40444
1595.9375	6.815295	-97.22529
1596.25	6.765814	-97.18459
1596.5625	6.741948	-96.85013
1596.875	6.699059	-96.6394
1597.1875	6.654286	-96.23447
1597.5	6.596709	-96.48714
1597.8125	6.569064	-95.94205
1598.125	6.5484	-95.74857
1598.4375	6.517845	-96.01422
1598.75	6.489217	-95.5284
1599.0625	6.468442	-95.22532
1599.375	6.456856	-95.03055
1599.6875	6.427006	-94.72648
1600	6.403329	-94.70627
1600.3125	6.400054	-94.33709
1600.625	6.385281	-94.39616
1600.9375	6.355361	-93.91838
1601.25	6.33744	-93.93375
1601.5625	6.322513	-93.87092
1601.875	6.304948	-93.58325
1602.1875	6.295404	-93.41277
1602.5	6.279927	-93.10707
1602.8125	6.259754	-93.82243
1603.125	6.255485	-93.25164
1603.4375	6.245193	-92.86724
1603.75	6.23079	-92.46081
1604.0625	6.20169	-92.68654
1604.375	6.194928	-92.19328
1604.6875	6.202209	-92.33896
1605	6.180899	-92.51862
1605.3125	6.17663	-92.12231
1605.625	6.17533	-92.03918
1605.9375	6.155372	-91.91062
1606.25	6.116108	-91.84183
1606.5625	6.116085	-91.69226
1606.875	6.100114	-91.88911
1607.1875	6.088271	-91.43871
1607.5	6.088378	-91.62
1607.8125	6.058433	-91.62734
1608.125	6.06988	-91.44366
1608.4375	6.044447	-91.17763
1608.75	6.036482	-91.23949
1609.0625	6.021233	-91.17866
1609.375	6.021951	-90.81458
1609.6875	6.020577	-90.6091
1610	5.990581	-91.21769
1610.3125	6.005924	-90.57675
1610.625	5.985318	-90.75645
1610.9375	5.953503	-90.9006
1611.25	5.941634	-90.62739
1611.5625	5.902538	-90.71666
1611.875	5.868562	-90.59319
1612.1875	5.839483	-89.97082
1612.5	5.85152	-90.54652
1612.8125	5.796681	-90.09723
1613.125	5.785965	-90.25684
1613.4375	5.754638	-90.30218
1613.75	5.724601	-89.96045
1614.0625	5.691963	-89.6296
1614.375	5.64039	-89.56178
1614.6875	5.632483	-89.54752
1615	5.611689	-89.64322
1615.3125	5.588665	-88.82139
1615.625	5.584052	-89.13233
1615.9375	5.553034	-88.66149
1616.25	5.560124	-88.38522
1616.5625	5.569063	-87.57883
1616.875	5.567997	-87.75377
1617.1875	5.556643	-87.64328
1617.5	5.54584	-87.31739
1617.8125	5.545776	-87.05209
1618.125	5.534753	-86.88104
1618.4375	5.545359	-86.98991
1618.75	5.540951	-86.83956
1619.0625	5.531897	-86.53557
1619.375	5.543282	-86.5672
1619.6875	5.508957	-86.25677
1620	5.527296	-85.81931
1620.3125	5.519526	-85.82227
1620.625	5.528956	-85.61188
1620.9375	5.566133	-85.43076
1621.25	5.54562	-85.56372
1621.5625	5.570912	-85.22713
1621.875	5.59015	-85.17813
1622.1875	5.57583	-85.09888
1622.5	5.587334	-85.03397
1622.8125	5.583476	-84.98849
1623.125	5.599568	-84.58833
1623.4375	5.598766	-84.60872
1623.75	5.603874	-84.69965
1624.0625	5.621988	-84.41172
1624.375	5.612865	-84.01538
1624.6875	5.61965	-84.28307
1625	5.632856	-84.04593
1625.3125	5.625507	-84.06376
1625.625	5.658935	-83.92987
1625.9375	5.654023	-84.00388
1626.25	5.635814	-83.59266
1626.5625	5.629044	-83.65446
1626.875	5.645964	-83.58531
1627.1875	5.681226	-83.64862
1627.5	5.660695	-83.34196
1627.8125	5.676408	-83.30244
1628.125	5.679982	-83.39869
1628.4375	5.679117	-83.25893
1628.75	5.678305	-82.83446
1629.0625	5.699574	-83.27895
1629.375	5.697837	-83.09879
1629.6875	5.679766	-82.47039
1630	5.700898	-82.84127
1630.3125	5.703456	-83.09113
1630.625	5.705697	-82.88809
1630.9375	5.704808	-82.65623
1631.25	5.702591	-82.71938
1631.5625	5.699679	-82.09647
1631.875	5.712076	-82.22955
1632.1875	5.703406	-82.28802
1632.5	5.713649	-81.92154
1632.8125	5.731106	-82.0378
1633.125	5.732327	-82.11089
1633.4375	5.749128	-81.88528
1633.75	5.742958	-81.63208
1634.0625	5.720519	-81.81065
1634.375	5.737452	-81.85532
1634.6875	5.734746	-81.61554
1635	5.711669	-81.46488
1635.3125	5.750325	-81.18452
1635.625	5.752226	-81.46083
1635.9375	5.743229	-81.37593
1636.25	5.767165	-81.18575
1636.5625	5.759825	-80.86998
1636.875	5.780035	-80.91978
1637.1875	5.777104	-81.05169
1637.5	5.769678	-80.94872
1637.8125	5.775704	-81.01218
1638.125	5.7855	-80.62305
1638.4375	5.813112	-80.68366
1638.75	5.809341	-80.53433
1639.0625	5.812346	-80.36725
1639.375	5.816255	-80.49734
1639.6875	5.817138	-80.36834
1640	5.815043	-80.37153
1640.3125	5.83574	-80.32523
1640.625	5.858312	-80.18499
1640.9375	5.841112	-80.2262
1641.25	5.839698	-79.98766
1641.5625	5.86261	-79.8096
1641.875	5.873585	-79.48716
1642.1875	5.890002	-79.49823
1642.5	5.89251	-79.50487
1642.8125	5.8845	-79.31032
1643.125	5.919979	-79.42955
1643.4375	5.916831	-79.44656
1643.75	5.924078	-78.88901
1644.0625	5.965251	-79.33395
1644.375	5.967324	-79.44906
1644.6875	5.970938	-79.11319
1645	5.964272	-79.22961
1645.3125	5.983773	-79.25826
1645.625	6.002012	-78.73489
1645.9375	5.998294	-78.88564
1646.25	6.047481	-79.02375
1646.5625	6.024709	-79.13156
1646.875	6.066192	-78.54507
1647.1875	6.058245	-78.58925
1647.5	6.059568	-78.9731
1647.8125	6.080072	-78.38176
1648.125	6.093546	-78.23678
1648.4375	6.132305	-78.3356
1648.75	6.138672	-78.50099
1649.0625	6.163982	-78.18581
1649.375	6.179771	-77.95337
1649.6875	6.198693	-78.53033
1650	6.221121	-78.31824
1650.3125	6.213561	-77.62123
1650.625	6.239386	-78.04464
1650.9375	6.266474	-78.45034
1651.25	6.25953	-78.35423
1651.5625	6.275457	-78.39455
1651.875	6.285269	-78.23071
1652.1875	6.295332	-78.35033
1652.5	6.306108	-78.61081
1652.8125	6.304626	-78.51646
1653.125	6.315248	-78.5057
1653.4375	6.334236	-78.89109
1653.75	6.322739	-78.08352
1654.0625	6.362429	-78.49319
1654.375	6.374735	-78.42645
1654.6875	6.34538	-78.15013
1655	6.380854	-78.25366
1655.3125	6.364121	-78.46784
1655.625	6.368828	-78.03077
1655.9375	6.385817	-78.17651
1656.25	6.404324	-77.97321
1656.5625	6.398547	-78.11582
1656.875	6.405078	-78.03219
1657.1875	6.433442	-78.02998
1657.5	6.429094	-77.70739
1657.8125	6.457191	-78.01131
1658.125	6.445258	-77.94254
1658.4375	6.446095	-77.49648
1658.75	6.457352	-77.70974
1659.0625	6.455543	-77.9323
1659.375	6.4905	-77.87624
1659.6875	6.470572	-77.76956
1660	6.494763	-77.80605
1660.3125	6.503345	-77.68842
1660.625	6.542133	-77.51945
1660.9375	6.538696	-77.93831
1661.25	6.550579	-77.53944
1661.5625	6.563134	-77.30626
1661.875	6.574252	-77.5416
1662.1875	6.579904	-77.6284
1662.5	6.591583	-77.29164
1662.8125	6.642585	-77.10069
1663.125	6.641083	-77.03257
1663.4375	6.645377	-77.31326
1663.75	6.654267	-77.53994
1664.0625	6.674867	-77.15349
1664.375	6.701175	-76.76929
1664.6875	6.718435	-77.07397
1665	6.718765	-77.24761
1665.3125	6.757448	-76.8952
1665.625	6.77188	-77.16788
1665.9375	6.774583	-77.06342
1666.25	6.822381	-77.13731
1666.5625	6.849772	-76.88692
1666.875	6.867566	-77.04351
1667.1875	6.867481	-77.00888
1667.5	6.898512	-77.24477
1667.8125	6.919741	-77.03398
1668.125	6.926178	-76.97038
1668.4375	6.936119	-76.89117
1668.75	6.976003	-77.11787
1669.0625	6.999757	-77.01397
1669.375	6.984485	-77.32026
1669.6875	7.003137	-76.7927
1670	7.054549	-76.89839
1670.3125	7.063763	-76.80965
1670.625	7.08256	-76.96568
1670.9375	7.114899	-77.03274
1671.25	7.122051	-77.30624
1671.5625	7.173781	-76.85545
1671.875	7.19173	-76.83404
1672.1875	7.21456	-76.81904
1672.5	7.248607	-77.23341
1672.8125	7.271471	-77.2092
1673.125	7.333336	-76.90144
1673.4375	7.366833	-77.58088
1673.75	7.383697	-77.68402
1674.0625	7.430324	-77.56429
1674.375	7.460809	-78.01177
1674.6875	7.468154	-78.46434
1675	7.498902	-78.66455
1675.3125	7.518179	-78.77883
1675.625	7.544937	-78.82258
1675.9375	7.535029	-79.18179
1676.25	7.545135	-79.42866
1676.5625	7.52795	-79.50841
1676.875	7.524424	-79.93409
1677.1875	7.521322	-79.78462
1677.5	7.48464	-80.04864
1677.8125	7.483456	-80.54687
1678.125	7.451476	-80.74612
1678.4375	7.460951	-80.551
1678.75	7.435312	-80.57805
1679.0625	7.437879	-81.02507
1679.375	7.4091	-80.88294
1679.6875	7.390674	-80.96944
1680	7.375664	-80.73898
1680.3125	7.366962	-80.72071
1680.625	7.35472	-80.72147
1680.9375	7.335937	-80.73602
1681.25	7.329085	-80.87445
1681.5625	7.34086	-80.84294
1681.875	7.350168	-80.70576
1682.1875	7.329316	-80.1685
1682.5	7.343768	-79.96432
1682.8125	7.344565	-80.39716
1683.125	7.367092	-80.46003
1683.4375	7.370071	-80.44343
1683.75	7.365201	-80.27245
1684.0625	7.387857	-80.43502
1684.375	7.389846	-80.12292
1684.6875	7.405309	-79.96526
1685	7.411053	-80.06727
1685.3125	7.440687	-79.92968
1685.625	7.424859	-80.12799
1685.9375	7.455778	-79.83371
1686.25	7.466088	-80.01504
1686.5625	7.514566	-80.1235
1686.875	7.504909	-79.79378
1687.1875	7.51731	-80.22086
1687.5	7.531199	-79.8707
1687.8125	7.546785	-80.27048
1688.125	7.567729	-80.35773
1688.4375	7.596637	-80.11271
1688.75	7.595696	-80.08698
1689.0625	7.618038	-80.17849
1689.375	7.638149	-80.29353
1689.6875	7.678083	-79.95584
1690	7.694924	-79.96231
1690.3125	7.717664	-80.36947
1690.625	7.748652	-80.42532
1690.9375	7.770384	-80.59868
1691.25	7.800282	-80.49279
1691.5625	7.823605	-80.99728
1691.875	7.83075	-81.61117
1692.1875	7.842987	-81.35509
1692.5	7.841431	-81.33816
1692.8125	7.860901	-81.46195
1693.125	7.852732	-81.63698
1693.4375	7.8429	-82.04092
1693.75	7.840933	-82.05394
1694.0625	7.845211	-81.95182
1694.375	7.834891	-82.15469
1694.6875	7.829826	-82.79531
1695	7.81733	-82.83219
1695.3125	7.786456	-82.71935
1695.625	7.776851	-82.88427
1695.9375	7.770681	-83.09997
1696.25	7.755074	-83.13145
1696.5625	7.756705	-82.83202
1696.875	7.734251	-83.01934
1697.1875	7.711718	-83.01994
1697.5	7.731245	-82.82703
1697.8125	7.728716	-82.98172
1698.125	7.712171	-82.91254
1698.4375	7.707847	-82.98129
1698.75	7.706338	-82.89027
1699.0625	7.677874	-82.60094
1699.375	7.662556	-82.83829
1699.6875	7.662967	-82.71445
1700	7.639053	-82.56441
1700.3125	7.645522	-82.29279
1700.625	7.662994	-81.87942
1700.9375	7.666326	-82.11461
1701.25	7.685433	-82.22746
1701.5625	7.718532	-82.00106
1701.875	7.716203	-81.7482
1702.1875	7.746301	-81.93256
1702.5	7.749772	-82.15639
1702.8125	7.770967	-81.60762
1703.125	7.755371	-81.59558
1703.4375	7.805787	-81.83345
1703.75	7.813143	-81.83122
1704.0625	7.85919	-82.05853
1704.375	7.86405	-81.48952
1704.6875	7.89906	-82.0138
1705	7.927892	-81.72942
1705.3125	7.930607	-82.25077
1705.625	7.953928	-82.18656
1705.9375	7.968596	-82.21349
1706.25	8.003567	-81.91784
1706.5625	8.010282	-82.46851
1706.875	8.0085	-82.81143
1707.1875	8.020929	-82.45357
1707.5	8.051757	-82.48731
1707.8125	8.050073	-82.58448
1708.125	8.066474	-82.59787
1708.4375	8.082172	-82.59347
1708.75	8.071259	-82.90064
1709.0625	8.066288	-83.21184
1709.375	8.087008	-82.84109
1709.6875	8.084061	-83.17986
1710	8.104694	-82.92397
1710.3125	8.093511	-83.12319
1710.625	8.105575	-83.08449
1710.9375	8.108464	-83.50374
1711.25	8.106071	-83.38403
1711.5625	8.118711	-83.40524
1711.875	8.12435	-83.22095
1712.1875	8.122213	-83.81459
1712.5	8.128361	-83.64268
1712.8125	8.120565	-83.54922
1713.125	8.138459	-83.45733
1713.4375	8.147072	-83.8904
1713.75	8.155602	-83.27761
1714.0625	8.153899	-83.19137
1714.375	8.161436	-83.16148
1714.6875	8.174868	-83.71965
1715	8.193918	-83.76615
1715.3125	8.206626	-83.33611
1715.625	8.21274	-83.34911
1715.9375	8.229963	-83.71602
1716.25	8.226119	-83.86868
1716.5625	8.256346	-83.28049
1716.875	8.253744	-84.04087
1717.1875	8.271742	-83.76814
1717.5	8.288431	-83.08154
1717.8125	8.295165	-83.70383
1718.125	8.329559	-84.10986
1718.4375	8.332759	-83.72315
1718.75	8.328402	-83.78169
1719.0625	8.34844	-83.31841
1719.375	8.366746	-83.96181
1719.6875	8.378235	-84.08875
1720	8.426723	-83.68977
1720.3125	8.439653	-83.68688
1720.625	8.447575	-84.20882
1720.9375	8.464191	-84.0929
1721.25	8.478042	-83.83506
1721.5625	8.504265	-83.97245
1721.875	8.520235	-84.43703
1722.1875	8.522222	-84.43169
1722.5	8.533154	-84.68546
1722.8125	8.548086	-84.65763
1723.125	8.581541	-84.79203
1723.4375	8.59104	-85.13892
1723.75	8.573799	-84.83337
1724.0625	8.593425	-85.46199
1724.375	8.615186	-85.05751
1724.6875	8.6221	-85.34058
1725	8.621788	-85.80646
1725.3125	8.640997	-85.66657
1725.625	8.659324	-85.5085
1725.9375	8.65475	-85.74182
1726.25	8.629571	-86.01736
1726.5625	8.634042	-86.35899
1726.875	8.630148	-86.21452
1727.1875	8.625039	-86.27158
1727.5	8.632671	-86.31292
1727.8125	8.623787	-86.32674
1728.125	8.624436	-86.24469
1728.4375	8.64263	-86.41327
1728.75	8.631351	-86.7201
1729.0625	8.634205	-86.84377
1729.375	8.65423	-86.43272
1729.6875	8.6775	-86.75313
1730	8.680389	-87.04205
1730.3125	8.679437	-87.01926
1730.625	8.678021	-87.22314
1730.9375	8.67615	-87.23572
1731.25	8.695778	-87.15206
1731.5625	8.689801	-87.27539
1731.875	8.677541	-87.60151
1732.1875	8.650932	-87.76371
1732.5	8.643823	-87.65518
1732.8125	8.627989	-87.80463
1733.125	8.627989	-87.5332
1733.4375	8.652512	-87.63809
1733.75	8.663422	-87.66486
1734.0625	8.659042	-87.56602
1734.375	8.649188	-87.77959
1734.6875	8.671098	-87.80629
1735	8.675224	-87.75497
1735.3125	8.67089	-87.72447
1735.625	8.669403	-87.82469
1735.9375	8.67067	-87.96496
1736.25	8.677551	-87.79182
1736.5625	8.672068	-87.81384
1736.875	8.696375	-87.92746
1737.1875	8.694296	-88.34595
1737.5	8.681117	-88.08838
1737.8125	8.698166	-88.20517
1738.125	8.693262	-88.05961
1738.4375	8.694708	-87.97548
1738.75	8.704012	-88.26528
1739.0625	8.70798	-88.55582
1739.375	8.706407	-88.33268
1739.6875	8.716127	-88.30391
1740	8.71107	-88.75945
1740.3125	8.708542	-88.383
1740.625	8.720275	-88.37425
1740.9375	8.721858	-88.65473
1741.25	8.728771	-88.99365
1741.5625	8.739535	-88.57143
1741.875	8.738618	-88.59629
1742.1875	8.738357	-88.72696
1742.5	8.738927	-88.95453
1742.8125	8.737966	-88.81784
1743.125	8.751039	-88.41334
1743.4375	8.753056	-88.81049
1743.75	8.754979	-88.75873
1744.0625	8.763998	-88.87991
1744.375	8.743822	-88.86153
1744.6875	8.780892	-88.66068
1745	8.776165	-89.05234
1745.3125	8.777859	-88.83039
1745.625	8.77522	-89.30526
1745.9375	8.778229	-88.3979
1746.25	8.796629	-88.5673
1746.5625	8.80871	-89.22629
1746.875	8.825397	-89.07397
1747.1875	8.801859	-88.76717
1747.5	8.825776	-88.97706
1747.8125	8.83187	-88.84421
1748.125	8.845356	-89.04306
1748.4375	8.852093	-88.82478
1748.75	8.850481	-88.74048
1749.0625	8.879138	-89.10509
1749.375	8.867234	-89.37262
1749.6875	8.853333	-88.71297
1750	8.862808	-88.0822
1750.3125	8.89324	-89.62283
1750.625	8.902431	-89.67141
1750.9375	8.92501	-89.35007
1751.25	8.922481	-89.50303
1751.5625	8.928523	-89.41068
1751.875	8.939269	-89.90147
1752.1875	8.93194	-89.71148
1752.5	8.936563	-89.46624
1752.8125	8.942845	-89.89693
1753.125	8.961864	-89.55289
1753.4375	8.958177	-89.43826
1753.75	8.967072	-89.83832
1754.0625	8.974608	-90.04973
1754.375	8.965871	-89.90601
1754.6875	8.962276	-89.61387
1755	8.966517	-90.43458
1755.3125	8.9732	-90.05592
1755.625	8.969742	-90.01457
1755.9375	8.985291	-90.29647
1756.25	8.989774	-90.17889
1756.5625	8.993757	-90.16883
1756.875	8.972939	-90.20978
1757.1875	8.993663	-90.06591
1757.5	9.002939	-89.89915
1757.8125	8.99791	-90.42802
1758.125	9.008663	-90.1589
1758.4375	9.021281	-89.92612
1758.75	9.027832	-90.47623
1759.0625	9.026908	-90.53488
1759.375	9.037868	-90.04785
1759.6875	9.059204	-90.61262
1760	9.047302	-90.34399
1760.3125	9.05929	-90.192
1760.625	9.065669	-90.2065
1760.9375	9.064696	-90.32139
1761.25	9.087352	-90.16315
1761.5625	9.083754	-90.2474
1761.875	9.09426	-90.41823
1762.1875	9.104851	-90.31394
1762.5	9.111753	-90.21131
1762.8125	9.098872	-90.47318
1763.125	9.11524	-90.201
1763.4375	9.125075	-90.53115
1763.75	9.131311	-90.56147
1764.0625	9.145863	-90.7149
1764.375	9.138571	-90.82681
1764.6875	9.137471	-90.53522
1765	9.149837	-90.72115
1765.3125	9.154006	-90.82359
1765.625	9.173018	-90.82008
1765.9375	9.165111	-90.41853
1766.25	9.160928	-90.73914
1766.5625	9.195918	-90.80339
1766.875	9.188482	-90.30731
1767.1875	9.199161	-90.59392
1767.5	9.219835	-90.53757
1767.8125	9.23939	-90.59026
1768.125	9.233582	-90.57913
1768.4375	9.257728	-90.25664
1768.75	9.268657	-90.73624
1769.0625	9.27449	-90.5919
1769.375	9.308649	-90.54923
1769.6875	9.314516	-90.87625
1770	9.329821	-90.72667
1770.3125	9.350055	-90.81883
1770.625	9.355279	-91.19424
1770.9375	9.365968	-90.73407
1771.25	9.370592	-91.02177
1771.5625	9.38162	-91.31686
1771.875	9.391217	-90.94217
1772.1875	9.389071	-91.05888
1772.5	9.422979	-91.17194
1772.8125	9.418406	-90.94998
1773.125	9.447139	-90.84631
1773.4375	9.455966	-90.8673
1773.75	9.443776	-91.245
1774.0625	9.493007	-91.07568
1774.375	9.475291	-91.08739
1774.6875	9.501554	-91.22968
1775	9.518353	-91.17934
1775.3125	9.545645	-91.41837
1775.625	9.524452	-91.32105
1775.9375	9.543976	-91.24914
1776.25	9.573282	-91.66069
1776.5625	9.592013	-91.65784
1776.875	9.588418	-91.29742
1777.1875	9.614769	-91.79399
1777.5	9.630157	-91.38244
1777.8125	9.647552	-91.48752
1778.125	9.666844	-91.67342
1778.4375	9.667376	-91.58167
1778.75	9.693021	-91.31129
1779.0625	9.712121	-91.54776
1779.375	9.731505	-91.52478
1779.6875	9.740808	-92.23215
1780	9.760429	-92.01998
1780.3125	9.777755	-91.93657
1780.625	9.776248	-92.38091
1780.9375	9.812782	-92.31498
1781.25	9.819696	-92.11062
1781.5625	9.832445	-92.81791
1781.875	9.856392	-92.49377
1782.1875	9.863912	-92.67793
1782.5	9.905193	-92.63902
1782.8125	9.913047	-92.9651
1783.125	9.92222	-93.16049
1783.4375	9.932102	-93.13389
1783.75	9.94053	-93.17922
1784.0625	9.948706	-93.6144
1784.375	9.949396	-94.28765
1784.6875	9.955926	-94.03654
1785	9.964803	-94.31032
1785.3125	9.92908	-94.18472
1785.625	9.945129	-94.53951
1785.9375	9.93311	-95.10143
1786.25	9.926175	-94.96988
1786.5625	9.887032	-94.87051
1786.875	9.88151	-95.4639
1787.1875	9.873213	-95.25758
1787.5	9.845122	-95.5399
1787.8125	9.825823	-95.26691
1788.125	9.803278	-95.41684
1788.4375	9.79456	-95.57535
1788.75	9.771235	-95.34338
1789.0625	9.755445	-95.17895
1789.375	9.749052	-95.12997
1789.6875	9.75395	-95.17422
1790	9.738564	-94.78066
1790.3125	9.745989	-95.00053
1790.625	9.727728	-94.92754
1790.9375	9.758708	-94.54589
1791.25	9.752643	-94.82971
1791.5625	9.773457	-94.68507
1791.875	9.774487	-94.35664
1792.1875	9.800527	-94.58089
1792.5	9.81214	-94.43123
1792.8125	9.821142	-94.46853
1793.125	9.827491	-94.6403
1793.4375	9.847378	-94.3441
1793.75	9.879293	-94.44234
1794.0625	9.888438	-94.37086
1794.375	9.905447	-94.18465
1794.6875	9.921393	-94.17165
1795	9.931566	-94.2662
1795.3125	9.943049	-94.58385
1795.625	9.971524	-94.72053
1795.9375	9.976106	-94.38447
1796.25	9.988334	-94.55323
1796.5625	10.01802	-94.44003
1796.875	10.01636	-94.90321
1797.1875	10.03183	-94.84899
1797.5	10.04455	-94.80416
1797.8125	10.06309	-95.20971
1798.125	10.07375	-94.67191
1798.4375	10.07875	-95.37411
1798.75	10.07371	-95.27743
1799.0625	10.1082	-95.47131
1799.375	10.10125	-95.60908
1799.6875	10.08127	-95.49139
1800	10.1019	-95.48006
1800.3125	10.08876	-95.70135
1800.625	10.09213	-95.59526
1800.9375	10.09005	-95.72435
1801.25	10.08221	-96.06448
1801.5625	10.09034	-96.15596
1801.875	10.08787	-95.61822
1802.1875	10.08593	-96.37742
1802.5	10.07133	-95.91046
1802.8125	10.06598	-96.4331
1803.125	10.06166	-96.56371
1803.4375	10.06469	-95.72318
1803.75	10.07039	-96.0778
1804.0625	10.056	-95.83894
1804.375	10.05499	-95.62077
1804.6875	10.04818	-96.42099
1805	10.05394	-96.22498
1805.3125	10.06899	-95.6786
1805.625	10.07086	-95.98737
1805.9375	10.06925	-96.19089
1806.25	10.07015	-95.59962
1806.5625	10.08712	-95.74496
1806.875	10.07841	-96.22367
1807.1875	10.08899	-95.54603
1807.5	10.09902	-95.45702
1807.8125	10.10172	-95.75871
1808.125	10.1033	-95.66402
1808.4375	10.11916	-95.61067
1808.75	10.13328	-95.35556
1809.0625	10.1439	-95.57327
1809.375	10.15696	-95.76796
1809.6875	10.16908	-95.74887
1810	10.18417	-95.34169
1810.3125	10.18899	-95.6318
1810.625	10.21185	-95.24495
1810.9375	10.20745	-95.54647
1811.25	10.21248	-95.88145
1811.5625	10.23608	-95.30256
1811.875	10.22629	-95.59766
1812.1875	10.24675	-95.16354
1812.5	10.2416	-95.09412
1812.8125	10.26204	-95.51353
1813.125	10.26214	-95.31526
1813.4375	10.28218	-95.21626
1813.75	10.29853	-95.26966
1814.0625	10.31386	-94.80523
1814.375	10.33228	-95.12853
1814.6875	10.34691	-95.10311
1815	10.3629	-94.74008
1815.3125	10.39186	-95.67415
1815.625	10.40629	-95.034
1815.9375	10.43679	-94.67091
1816.25	10.45331	-94.84645
1816.5625	10.47558	-95.24893
1816.875	10.48836	-94.99512
1817.1875	10.5135	-95.35675
1817.5	10.5267	-94.97439
1817.8125	10.55523	-94.95215
1818.125	10.56095	-95.80615
1818.4375	10.58784	-95.10809
1818.75	10.61075	-95.62617
1819.0625	10.62577	-95.29503
1819.375	10.63502	-95.4081
1819.6875	10.64737	-95.26271
1820	10.68179	-95.48582
1820.3125	10.66763	-95.28383
1820.625	10.69134	-95.16244
1820.9375	10.70168	-95.56499
1821.25	10.71623	-95.72054
1821.5625	10.71769	-95.54899
1821.875	10.75147	-95.72227
1822.1875	10.74543	-95.53689
1822.5	10.78404	-95.55749
1822.8125	10.80054	-95.68357
1823.125	10.80433	-95.59979
1823.4375	10.82099	-95.83646
1823.75	10.84125	-95.51608
1824.0625	10.85556	-95.83659
1824.375	10.86686	-95.79592
1824.6875	10.8835	-96.09429
1825	10.9049	-95.78371
1825.3125	10.9247	-95.59738
1825.625	10.93039	-96.10109
1825.9375	10.95049	-96.2552
1826.25	10.97581	-95.77172
1826.5625	10.97948	-96.15115
1826.875	10.99629	-96.02094
1827.1875	11.00533	-96.10706
1827.5	11.03522	-96.19199
1827.8125	11.04192	-96.28637
1828.125	11.0618	-96.07543
1828.4375	11.06427	-96.15613
1828.75	11.07761	-96.43719
1829.0625	11.10348	-96.59332
1829.375	11.11107	-96.78464
1829.6875	11.13071	-96.49662
1830	11.14088	-96.51528
1830.3125	11.14595	-96.61153
1830.625	11.17688	-97.00613
1830.9375	11.17847	-96.59824
1831.25	11.19861	-96.99294
1831.5625	11.20178	-96.60175
1831.875	11.22521	-96.76071
1832.1875	11.22877	-96.88984
1832.5	11.25202	-96.92842
1832.8125	11.26707	-96.93854
1833.125	11.277	-97.02963
1833.4375	11.2949	-96.88605
1833.75	11.31458	-96.93803
1834.0625	11.32716	-97.4544
1834.375	11.33031	-97.11063
1834.6875	11.34207	-97.25149
1835	11.36023	-97.68819
1835.3125	11.38058	-97.54195
1835.625	11.38533	-97.4467
1835.9375	11.40261	-97.51956
1836.25	11.42408	-97.35768
1836.5625	11.42828	-97.4054
1836.875	11.44031	-97.55736
1837.1875	11.43089	-97.83435
1837.5	11.45525	-97.78432
1837.8125	11.46497	-97.98492
1838.125	11.45719	-97.82432
1838.4375	11.46318	-98.02375
1838.75	11.48127	-98.08148
1839.0625	11.49231	-98.46545
1839.375	11.49587	-98.39942
1839.6875	11.4911	-98.20576
1840	11.51253	-98.47021
1840.3125	11.50622	-98.58004
1840.625	11.50994	-98.18666
1840.9375	11.52418	-98.53497
1841.25	11.52677	-98.49801
1841.5625	11.53799	-98.19855
1841.875	11.54532	-98.57928
1842.1875	11.55498	-99.06515
1842.5	11.55704	-98.86206
1842.8125	11.56822	-98.69985
1843.125	11.57191	-98.86864
1843.4375	11.58027	-98.6826
1843.75	11.58131	-98.82121
1844.0625	11.58687	-98.87063
1844.375	11.60513	-98.73634
1844.6875	11.6028	-99.03746
1845	11.61885	-98.76534
1845.3125	11.61347	-98.90457
1845.625	11.62694	-99.25299
1845.9375	11.65304	-98.69918
1846.25	11.65161	-98.89286
1846.5625	11.64476	-98.95448
1846.875	11.6446	-98.63269
1847.1875	11.67474	-98.95644
1847.5	11.67663	-98.81648
1847.8125	11.6576	-98.78682
1848.125	11.66686	-98.49664
1848.4375	11.65744	-98.33384
1848.75	11.66377	-98.44884
1849.0625	11.67794	-98.70685
1849.375	11.69313	-98.23374
1849.6875	11.70814	-98.08308
1850	11.7232	-98.23294
1850.3125	11.74615	-98.36002
1850.625	11.75066	-98.2822
1850.9375	11.76504	-97.75736
1851.25	11.77983	-97.67889
1851.5625	11.79399	-98.15913
1851.875	11.80625	-97.75607
1852.1875	11.83669	-98.08064
1852.5	11.83073	-97.82623
1852.8125	11.86547	-97.8587
1853.125	11.89927	-97.57307
1853.4375	11.92297	-97.72214
1853.75	11.92854	-97.86334
1854.0625	11.97221	-97.85506
1854.375	11.99354	-97.33137
1854.6875	12.01348	-97.86078
1855	12.04058	-97.56182
1855.3125	12.06436	-97.56587
1855.625	12.08148	-97.38223
1855.9375	12.10543	-97.36736
1856.25	12.12585	-97.36884
1856.5625	12.14409	-97.52905
1856.875	12.17072	-97.38605
1857.1875	12.19066	-97.61578
1857.5	12.21509	-97.29562
1857.8125	12.24918	-97.29105
1858.125	12.27803	-97.26756
1858.4375	12.29908	-97.44067
1858.75	12.34273	-96.82692
1859.0625	12.35657	-97.06384
1859.375	12.39475	-97.2411
1859.6875	12.42257	-96.97269
1860	12.44627	-97.39779
1860.3125	12.48005	-97.03764
1860.625	12.50811	-97.202
1860.9375	12.54508	-96.98268
1861.25	12.56817	-97.29027
1861.5625	12.59401	-97.13148
1861.875	12.62528	-97.42907
1862.1875	12.65692	-97.33839
1862.5	12.69331	-97.06289
1862.8125	12.7139	-97.80628
1863.125	12.7409	-97.77364
1863.4375	12.77276	-97.02106
1863.75	12.80415	-97.42168
1864.0625	12.83417	-97.77225
1864.375	12.86339	-97.32529
1864.6875	12.90493	-97.69695
1865	12.94023	-97.34322
1865.3125	12.9694	-97.35816
1865.625	13.00534	-97.80206
1865.9375	13.03569	-98.05124
1866.25	13.06609	-97.68729
1866.5625	13.10018	-98.18658
1866.875	13.12145	-97.84354
1867.1875	13.15169	-97.75848
1867.5	13.18398	-98.34064
1867.8125	13.2209	-98.15009
1868.125	13.25901	-98.25287
1868.4375	13.27732	-98.9496
1868.75	13.31301	-98.39119
1869.0625	13.34688	-98.44622
1869.375	13.36975	-98.89328
1869.6875	13.39613	-98.78753
1870	13.4294	-98.95206
1870.3125	13.46238	-99.24461
1870.625	13.49531	-99.13551
1870.9375	13.51315	-99.48444
1871.25	13.53978	-99.48814
1871.5625	13.57262	-100.0421
1871.875	13.60323	-99.8371
1872.1875	13.6165	-99.79077
1872.5	13.63488	-100.178
1872.8125	13.66873	-100.3854
1873.125	13.68462	-100.1349
1873.4375	13.71115	-100.7013
1873.75	13.72838	-100.5441
1874.0625	13.75322	-100.7184
1874.375	13.78065	-101.3649
1874.6875	13.78295	-101.0555
1875	13.81287	-101.1677
1875.3125	13.83233	-101.4055
1875.625	13.84949	-101.5075
1875.9375	13.85906	-101.6458
1876.25	13.8779	-102.0276
1876.5625	13.88354	-101.8777
1876.875	13.90141	-102.1279
1877.1875	13.90958	-102.6927
1877.5	13.92914	-102.542
1877.8125	13.93607	-102.3565
1878.125	13.95389	-102.5546
1878.4375	13.95935	-103.116
1878.75	13.96678	-102.9882
1879.0625	13.96869	-103.285
1879.375	13.97437	-103.5718
1879.6875	13.97192	-103.7354
1880	13.97364	-104.2702
1880.3125	13.97596	-103.4567
1880.625	13.97227	-103.3412
1880.9375	13.96595	-103.721
1881.25	13.96223	-104.368
1881.5625	13.98105	-104.1503
1881.875	13.97829	-103.6781
1882.1875	13.98484	-104.2936
1882.5	13.9788	-104.1547
1882.8125	13.98933	-104.5013
1883.125	13.97902	-104.5995
1883.4375	13.98589	-104.6027
1883.75	13.98318	-104.7179
1884.0625	13.98422	-104.4407
1884.375	13.98818	-104.4211
1884.6875	13.98332	-104.394
1885	13.98674	-104.667
1885.3125	13.98351	-104.2561
1885.625	13.98807	-104.5036
1885.9375	13.99216	-104.4968
1886.25	13.98923	-104.5475
1886.5625	13.99161	-104.5494
1886.875	13.99781	-104.0637
1887.1875	13.9912	-104.1917
1887.5	14.00106	-104.6613
1887.8125	14.01234	-103.6614
1888.125	14.01704	-104.0787
1888.4375	14.01478	-104.1786
1888.75	14.01687	-104.174
1889.0625	14.03282	-104.0126
1889.375	14.04447	-103.8528
1889.6875	14.05955	-103.7969
1890	14.07255	-103.6653
1890.3125	14.09477	-103.3756
1890.625	14.09698	-104.008
1890.9375	14.12592	-103.617
1891.25	14.13133	-102.8619
1891.5625	14.15106	-102.5523
1891.875	14.16566	-103.4056
1892.1875	14.18704	-103.1213
1892.5	14.21641	-102.8938
1892.8125	14.23653	-102.5731
1893.125	14.26212	-102.5933
1893.4375	14.28767	-102.6443
1893.75	14.3144	-102.4714
1894.0625	14.34229	-102.1598
1894.375	14.38258	-102.3251
1894.6875	14.39992	-102.2858
1895	14.43549	-102.1101
1895.3125	14.4746	-102.0046
1895.625	14.49778	-102.0901
1895.9375	14.5414	-102.0398
1896.25	14.57545	-101.4921
1896.5625	14.61625	-101.368
1896.875	14.63817	-101.7415
1897.1875	14.67903	-101.5597
1897.5	14.70323	-101.3711
1897.8125	14.73911	-101.6413
1898.125	14.76385	-101.443
1898.4375	14.79463	-101.323
1898.75	14.81949	-101.6287
1899.0625	14.85	-101.8337
1899.375	14.89341	-101.4204
1899.6875	14.92571	-101.3362
1900	14.95802	-101.245
1900.3125	15.00433	-101.1371
1900.625	15.04712	-100.831
1900.9375	15.08505	-100.8818
1901.25	15.12221	-100.9719
1901.5625	15.16887	-101.4246
1901.875	15.19888	-100.8614
1902.1875	15.24132	-101.1009
1902.5	15.27139	-101.2834
1902.8125	15.31444	-100.8316
1903.125	15.35897	-101.065
1903.4375	15.40347	-100.7711
1903.75	15.43773	-101.226
1904.0625	15.47513	-101.2934
1904.375	15.51238	-100.9826
1904.6875	15.55664	-101.1907
1905	15.59066	-101.4539
1905.3125	15.63082	-101.2008
1905.625	15.66951	-101.0672
1905.9375	15.70908	-101.2001
1906.25	15.74349	-101.0733
1906.5625	15.77813	-100.8595
1906.875	15.81878	-101.1335
1907.1875	15.85588	-100.8281
1907.5	15.89892	-100.9851
1907.8125	15.93829	-101.304
1908.125	15.98484	-101.0702
1908.4375	16.02789	-101.3226
1908.75	16.06438	-101.0597
1909.0625	16.11221	-100.9069
1909.375	16.15354	-100.8502
1909.6875	16.18663	-101.3989
1910	16.24567	-101.1859
1910.3125	16.2868	-100.6402
1910.625	16.33429	-101.0611
1910.9375	16.38874	-101.1025
1911.25	16.42283	-101.4175
1911.5625	16.4778	-101.2393
1911.875	16.53377	-101.21
1912.1875	16.57781	-101.3496
1912.5	16.63123	-100.8462
1912.8125	16.67298	-100.9761
1913.125	16.74196	-101.0265
1913.4375	16.78596	-101.3104
1913.75	16.84056	-101.3192
1914.0625	16.89321	-100.7484
1914.375	16.94697	-101.3595
1914.6875	16.99921	-101.491
1915	17.04785	-101.5335
1915.3125	17.10575	-101.6068
1915.625	17.1634	-101.659
1915.9375	17.2117	-101.5381
1916.25	17.26036	-101.9664
1916.5625	17.31583	-101.8837
1916.875	17.36356	-102.1807
1917.1875	17.41291	-102.5089
1917.5	17.46596	-101.7688
1917.8125	17.5198	-102.424
1918.125	17.57317	-102.5624
1918.4375	17.62573	-102.4462
1918.75	17.68081	-102.638
1919.0625	17.7428	-102.4065
1919.375	17.80323	-102.4853
1919.6875	17.85935	-102.5288
1920	17.92476	-103.0467
1920.3125	17.98606	-103.0777
1920.625	18.04949	-103.2025
1920.9375	18.11782	-103.3221
1921.25	18.1774	-103.6469
1921.5625	18.23976	-103.509
1921.875	18.30736	-104.0637
1922.1875	18.36791	-103.5155
1922.5	18.43755	-104.0221
1922.8125	18.50151	-104.4005
1923.125	18.56795	-104.3737
1923.4375	18.63161	-104.2076
1923.75	18.6956	-105.2894
1924.0625	18.76155	-105.039
1924.375	18.82755	-105.5695
1924.6875	18.88794	-105.7518
1925	18.95925	-105.7577
1925.3125	19.02376	-106.7652
1925.625	19.09406	-106.5092
1925.9375	19.16115	-107.1093
1926.25	19.22787	-107.1558
1926.5625	19.29816	-107.4753
1926.875	19.36371	-108.6225
1927.1875	19.42151	-108.679
1927.5	19.47856	-108.6722
1927.8125	19.53237	-109.4635
1928.125	19.5819	-109.7739
1928.4375	19.62374	-110.2805
1928.75	19.6484	-111.0225
1929.0625	19.66396	-111.4254
1929.375	19.66633	-112.1568
1929.6875	19.67096	-112.2937
1930	19.66309	-113.1369
1930.3125	19.64461	-113.5677
1930.625	19.63117	-113.8458
1930.9375	19.61879	-113.6994
1931.25	19.61181	-113.8752
1931.5625	19.61091	-114.2673
1931.875	19.60865	-114.8557
1932.1875	19.61846	-114.4611
1932.5	19.62024	-114.5395
1932.8125	19.6301	-114.9097
1933.125	19.64787	-115.1426
1933.4375	19.66573	-114.907
1933.75	19.67845	-115.023
1934.0625	19.7029	-115.4491
1934.375	19.72743	-115.1113
1934.6875	19.75322	-114.5679
1935	19.77649	-114.8185
1935.3125	19.82382	-114.6554
1935.625	19.85075	-114.8314
1935.9375	19.88957	-115.1527
1936.25	19.93337	-115.2488
1936.5625	19.97696	-115.1735
1936.875	20.01696	-115.355
1937.1875	20.0665	-114.9508
1937.5	20.10469	-115.8099
1937.8125	20.15459	-115.9297
1938.125	20.20802	-114.9002
1938.4375	20.25991	-115.5567
1938.75	20.31405	-115.7713
1939.0625	20.37004	-115.9406
1939.375	20.42608	-115.9916
1939.6875	20.48249	-116.0945
1940	20.54285	-116.6004
1940.3125	20.60394	-116.5678
1940.625	20.65516	-116.9041
1940.9375	20.71732	-116.6347
1941.25	20.77676	-116.8102
1941.5625	20.84089	-117.2721
1941.875	20.90241	-117.5568
1942.1875	20.97336	-117.3936
1942.5	21.03706	-117.6247
1942.8125	21.10255	-118.0709
1943.125	21.17061	-118.3279
1943.4375	21.23257	-118.9884
1943.75	21.29823	-118.8962
1944.0625	21.36122	-119.5126
1944.375	21.41848	-119.9449
1944.6875	21.47992	-119.8568
1945	21.53492	-120.6296
1945.3125	21.58534	-121.0804
1945.625	21.63264	-121.7521
1945.9375	21.67229	-121.686
1946.25	21.70698	-122.7034
1946.5625	21.7436	-123.0296
1946.875	21.77523	-123.3441
1947.1875	21.79255	-123.8116
1947.5	21.81109	-124.1539
1947.8125	21.82795	-124.6943
1948.125	21.84751	-124.6941
1948.4375	21.86006	-125.1626
1948.75	21.87497	-125.4406
1949.0625	21.89389	-125.7615
1949.375	21.90889	-125.8463
1949.6875	21.9294	-126.3485
1950	21.9482	-126.5941
1950.3125	21.97098	-126.6815
1950.625	21.99241	-127.0073
1950.9375	22.01654	-126.9237
1951.25	22.04004	-127.4087
1951.5625	22.06544	-127.6196
1951.875	22.0906	-128.2644
1952.1875	22.12096	-128.2352
1952.5	22.14602	-128.5855
1952.8125	22.17188	-128.3122
1953.125	22.20278	-128.3816
1953.4375	22.23016	-129.1805
1953.75	22.26369	-129.0297
1954.0625	22.2986	-129.0835
1954.375	22.33317	-129.228
1954.6875	22.3681	-129.3118
1955	22.40585	-129.5323
1955.3125	22.44224	-129.7687
1955.625	22.48237	-129.8601
1955.9375	22.51647	-130.5709
1956.25	22.56127	-130.4083
1956.5625	22.60431	-130.1759
1956.875	22.65162	-130.5868
1957.1875	22.70119	-130.7283
1957.5	22.75091	-130.5229
1957.8125	22.80239	-131.4718
1958.125	22.863	-131.1951
1958.4375	22.92865	-131.0438
1958.75	22.99111	-131.2962
1959.0625	23.04832	-132.372
1959.375	23.10631	-132.176
1959.6875	23.15984	-132.2406
1960	23.21623	-132.7929
1960.3125	23.27524	-132.8241
1960.625	23.32455	-132.8927
1960.9375	23.38051	-133.5585
1961.25	23.43187	-134.0642
1961.5625	23.48804	-133.8546
1961.875	23.53574	-134.6803
1962.1875	23.59376	-135.0218
1962.5	23.64829	-135.0484
1962.8125	23.70066	-135.8865
1963.125	23.75643	-135.9805
1963.4375	23.80914	-136.0093
1963.75	23.86476	-136.4111
1964.0625	23.92043	-136.9151
1964.375	23.96948	-137.0439
1964.6875	24.02565	-137.4112
1965	24.07907	-137.7485
1965.3125	24.12826	-138.3713
1965.625	24.17675	-138.0867
1965.9375	24.23025	-138.3744
1966.25	24.27988	-139.0724
1966.5625	24.32856	-139.7041
1966.875	24.38	-139.8165
1967.1875	24.4314	-140.005
1967.5	24.47969	-140.3497
1967.8125	24.53033	-141.1341
1968.125	24.58429	-141.1369
1968.4375	24.637	-141.8071
1968.75	24.68905	-141.96
1969.0625	24.74449	-142.5022
1969.375	24.79776	-142.0056
1969.6875	24.85003	-142.7349
1970	24.90553	-143.6904
1970.3125	24.95855	-143.3997
1970.625	25.01365	-144.0563
1970.9375	25.06639	-144.7845
1971.25	25.12237	-145.1467
1971.5625	25.18261	-145.4141
1971.875	25.23878	-145.5556
1972.1875	25.2927	-146.2099
1972.5	25.3535	-146.3956
1972.8125	25.41022	-147.0888
1973.125	25.4715	-147.3772
1973.4375	25.52884	-147.407
1973.75	25.58993	-147.9419
1974.0625	25.64734	-148.5923
1974.375	25.70635	-149.1512
1974.6875	25.76698	-149.6652
1975	25.828	-149.9886
1975.3125	25.8863	-150.516
1975.625	25.94608	-150.8352
1975.9375	26.00817	-151.2706
1976.25	26.06943	-151.9325
1976.5625	26.12801	-152.4686
1976.875	26.18548	-153.0366
1977.1875	26.2435	-153.306
1977.5	26.30047	-153.8204
1977.8125	26.35413	-154.6597
1978.125	26.41158	-155.487
1978.4375	26.46803	-154.872
1978.75	26.5249	-156.3748
1979.0625	26.57965	-156.7538
1979.375	26.63137	-157.1818
1979.6875	26.68611	-157.9947
1980	26.73597	-158.8397
1980.3125	26.78773	-159.049
1980.625	26.83774	-159.4998
1980.9375	26.89065	-160.3524
1981.25	26.94265	-161.1068
1981.5625	26.99492	-161.5969
1981.875	27.04918	-162.1717
1982.1875	27.10444	-162.4769
1982.5	27.15916	-162.8642
1982.8125	27.21176	-164.1916
1983.125	27.26846	-164.1799
1983.4375	27.3243	-165.0865
1983.75	27.3789	-165.8095
1984.0625	27.43411	-166.6879
1984.375	27.48509	-167.2128
1984.6875	27.53841	-167.8807
1985	27.58885	-168.5305
1985.3125	27.63343	-169.1522
1985.625	27.67867	-170.2894
1985.9375	27.72024	-170.7389
1986.25	27.76414	-171.3065
1986.5625	27.811	-172.1641
1986.875	27.85677	-172.5865
1987.1875	27.90404	-173.6086
1987.5	27.95054	-174.7528
1987.8125	27.99378	-175.2933
1988.125	28.03722	-175.8721
1988.4375	28.07727	-176.5042
1988.75	28.11481	-177.5049
1989.0625	28.15555	-178.4522
1989.375	28.19077	-178.9452
1989.6875	28.22595	-179.9551
1990	28.2639	179.3515
1990.3125	28.29909	178.0526
1990.625	28.33412	177.3674
1990.9375	28.36699	176.5695
1991.25	28.40002	175.828
1991.5625	28.4306	174.8465
1991.875	28.4569	174.0582
1992.1875	28.48307	173.3174
1992.5	28.50814	172.1189
1992.8125	28.53107	171.1436
1993.125	28.55183	170.3945
1993.4375	28.57038	169.5418
1993.75	28.58771	168.5993
1994.0625	28.60283	167.4498
1994.375	28.61588	166.5132
1994.6875	28.62655	166.1546
1995	28.63584	165.0555
1995.3125	28.64137	163.628
1995.625	28.64647	162.8024
1995.9375	28.64847	162.0843
1996.25	28.6507	160.7496
1996.5625	28.64744	159.6416
1996.875	28.64272	158.527
1997.1875	28.63745	158.2784
1997.5	28.62807	156.8264
1997.8125	28.6192	155.8232
1998.125	28.60702	154.8031
1998.4375	28.58855	154.0513
1998.75	28.57145	153.0161
1999.0625	28.55487	151.9023
1999.375	28.53508	151.0912
1999.6875	28.51281	150.4796
2000	28.48629	148.177
