Source File Name:	Analyzer
Signal:	FFT - Vib Acceleration - Mag. [dB] & Phase
dB-Reference:	0 dB = 1 m/s²
Frequency	Magnitude	Phase
[ Hz ]	[ dB ]	[ ° ]
0.3125	-76.51805	-37.17399
0.625	-72.22098	-60.91349
0.9375	-71.51987	-75.06909
1.25	-69.5974	-76.64045
1.5625	-68.11913	-90.56427
1.875	-67.71795	-96.44585
2.1875	-66.15447	-112.6515
2.5	-65.82845	-106.7873
2.8125	-64.81991	-108.9636
3.125	-64.22411	-115.29
3.4375	-64.08885	-119.7384
3.75	-63.20109	-116.7508
4.0625	-63.03157	-120.4032
4.375	-62.08023	-126.8906
4.6875	-63.12909	-129.8281
5	-63.43796	-129.3457
5.3125	-61.83696	-136.2524
5.625	-61.84026	-126.2622
5.9375	-62.81118	-138.7335
6.25	-62.52569	-132.838
6.5625	-62.53969	-138.3347
6.875	-61.05587	-140.5904
7.1875	-62.71393	-140.2264
7.5	-61.53241	-147.0157
7.8125	-62.40852	-144.3604
8.125	-62.06295	-142.9416
8.4375	-62.09079	-150.1866
8.75	-62.11514	-153.3243
9.0625	-63.53218	-150.4086
9.375	-61.42447	-154.5135
9.6875	-62.41656	-159.0685
10	-62.17118	-158.7874
10.3125	-63.59614	-169.9775
10.625	-62.63347	-171.7603
10.9375	-61.87386	-163.9806
11.25	-62.37191	-179.0367
11.5625	-64.07384	176.9787
11.875	-62.46908	163.9416
12.1875	-62.78178	163.0325
12.5	-63.97688	126.9599
12.8125	-64.42283	173.3298
13.125	-62.67569	160.4807
13.4375	-61.77484	146.6794
13.75	-59.85579	139.2483
14.0625	-61.70364	133.6132
14.375	-58.89413	124.9555
14.6875	-59.15565	115.9586
15	-57.19145	112.8649
15.3125	-55.60711	111.0529
15.625	-53.59821	98.77333
15.9375	-51.96899	87.47746
16.25	-51.47066	76.60606
16.5625	-51.57259	59.98846
16.875	-52.05418	46.55775
17.1875	-55.80469	65.96748
17.5	-53.86698	83.65018
17.8125	-52.04613	84.92574
18.125	-49.56825	88.15257
18.4375	-47.72776	86.2417
18.75	-46.00288	86.02119
19.0625	-44.30976	83.96785
19.375	-42.33861	80.63673
19.6875	-40.28809	80.692
20	-38.31177	78.66064
20.3125	-36.46976	76.15862
20.625	-34.67028	73.13112
20.9375	-32.01178	69.56376
21.25	-29.11656	65.70968
21.5625	-25.71235	58.37699
21.875	-21.26436	45.92506
22.1875	-16.33212	9.570374
22.5	-15.34614	-46.04568
22.8125	-19.67632	-87.41753
23.125	-23.55466	-95.87132
23.4375	-25.78578	-102.857
23.75	-27.27826	-105.2233
24.0625	-28.46974	-107.1325
24.375	-29.47849	-110.5778
24.6875	-30.31463	-112.2766
25	-30.68976	-114.9899
25.3125	-31.18893	-118.0035
25.625	-31.42689	-120.9797
25.9375	-31.51492	-124.3428
26.25	-31.84429	-128.7204
26.5625	-32.17471	-134.2075
26.875	-32.84563	-142.3508
27.1875	-33.9583	-147.2756
27.5	-35.14397	-150.5094
27.8125	-37.04483	-151.9265
28.125	-38.42891	-142.7678
28.4375	-38.71253	-133.9879
28.75	-38.15814	-124.4317
29.0625	-37.39664	-120.7236
29.375	-36.3231	-118.5143
29.6875	-34.83653	-120.245
30	-33.53754	-125.0217
30.3125	-32.0262	-133.1423
30.625	-30.32402	-149.0028
30.9375	-29.87151	179.3322
31.25	-34.75954	153.1011
31.5625	-40.00358	153.0309
31.875	-42.77222	-167.4842
32.1875	-38.53739	-164.9708
32.5	-38.08668	174.469
32.8125	-40.47897	161.7876
33.125	-43.628	161.1155
33.4375	-45.94438	171.943
33.75	-47.50668	-178.1528
34.0625	-48.38272	-159.6474
34.375	-47.43219	-149.1576
34.6875	-47.06017	-146.209
35	-46.80523	-136.6859
35.3125	-47.06982	-132.8276
35.625	-46.72902	-129.3963
35.9375	-46.14946	-129.5737
36.25	-45.75298	-126.0684
36.5625	-45.18654	-124.5655
36.875	-45.55761	-121.56
37.1875	-44.72292	-124.4415
37.5	-44.51821	-124.703
37.8125	-44.4094	-121.9285
38.125	-44.15093	-119.4367
38.4375	-43.8113	-119.9868
38.75	-44.10993	-120.7894
39.0625	-43.70962	-118.5456
39.375	-43.39767	-119.0844
39.6875	-43.23211	-115.4388
40	-43.2423	-114.906
40.3125	-42.287	-110.6538
40.625	-41.11719	-112.3445
40.9375	-41.95116	-130.0631
41.25	-42.47492	-125.0344
41.5625	-42.59502	-120.3092
41.875	-42.35943	-121.5443
42.1875	-42.11441	-123.3541
42.5	-42.17599	-121.1937
42.8125	-41.73529	-122.1173
43.125	-41.63503	-122.8736
43.4375	-41.73481	-120.7617
43.75	-41.14899	-124.6611
44.0625	-40.94841	-125.1176
44.375	-40.72052	-129.1527
44.6875	-41.40898	-136.4842
45	-42.22534	-130.9975
45.3125	-41.32141	-131.1752
45.625	-41.4979	-136.2356
45.9375	-42.48091	-138.2992
46.25	-42.71025	-134.6777
46.5625	-42.70668	-133.3545
46.875	-43.05446	-130.1379
47.1875	-43.13401	-128.7617
47.5	-42.99751	-123.7354
47.8125	-42.70512	-126.216
48.125	-42.58971	-123.2884
48.4375	-42.32648	-123.2719
48.75	-42.12369	-122.3794
49.0625	-41.92648	-122.0399
49.375	-41.96793	-123.0794
49.6875	-41.80565	-122.5911
50	-41.42103	-121.0666
50.3125	-41.36683	-122.0181
50.625	-41.47923	-119.9845
50.9375	-41.13381	-118.7658
51.25	-41.16148	-119.8104
51.5625	-40.91771	-117.8113
51.875	-40.95956	-118.076
52.1875	-40.78342	-118.3339
52.5	-40.42679	-117.8315
52.8125	-40.7013	-117.7134
53.125	-40.12102	-116.0814
53.4375	-40.23267	-116.6171
53.75	-40.29086	-115.2338
54.0625	-40.10883	-116.172
54.375	-39.7109	-114.5948
54.6875	-39.74574	-116.5732
55	-39.45613	-116.0341
55.3125	-39.15582	-114.7366
55.625	-39.19584	-113.2605
55.9375	-39.05206	-113.7211
56.25	-38.94651	-113.0938
56.5625	-38.64177	-111.8936
56.875	-38.5121	-113.696
57.1875	-38.21107	-112.182
57.5	-38.36763	-112.3161
57.8125	-37.98418	-112.0648
58.125	-38.07469	-111.3657
58.4375	-37.63874	-110.9409
58.75	-37.53757	-111.4194
59.0625	-37.28607	-112.3167
59.375	-37.19803	-111.8174
59.6875	-37.08187	-112.2832
60	-37.12487	-112.6617
60.3125	-36.92936	-112.562
60.625	-36.7887	-115.353
60.9375	-36.7609	-114.9075
61.25	-36.87516	-113.0872
61.5625	-36.78189	-113.9255
61.875	-36.90995	-113.0907
62.1875	-36.85552	-113.2454
62.5	-36.72251	-110.8226
62.8125	-36.62387	-110.396
63.125	-36.45795	-111.1716
63.4375	-36.2784	-109.224
63.75	-36.42018	-110.6002
64.0625	-36.21909	-110.4556
64.375	-36.40071	-110.5274
64.6875	-36.41084	-109.0272
65	-36.19941	-107.6103
65.3125	-36.07987	-108.0793
65.625	-35.84604	-106.1589
65.9375	-35.55899	-105.6685
66.25	-35.33445	-106.154
66.5625	-35.38329	-105.5515
66.875	-35.08336	-103.8991
67.1875	-34.86485	-103.5302
67.5	-34.5255	-104.2215
67.8125	-34.2943	-105.4282
68.125	-34.42736	-104.7137
68.4375	-34.07117	-104.6365
68.75	-33.84232	-104.8906
69.0625	-33.77868	-104.253
69.375	-33.5828	-105.281
69.6875	-33.27781	-106.094
70	-33.17011	-106.5338
70.3125	-33.07019	-106.5953
70.625	-32.85038	-105.5744
70.9375	-32.71819	-107.8049
71.25	-32.50374	-106.6253
71.5625	-32.47996	-106.5023
71.875	-32.06092	-107.7008
72.1875	-31.91331	-107.0838
72.5	-31.70613	-107.1888
72.8125	-31.42691	-107.2524
73.125	-31.0791	-108.1682
73.4375	-30.82622	-108.3435
73.75	-30.52866	-110.5097
74.0625	-30.23226	-111.4025
74.375	-30.07262	-112.5745
74.6875	-29.83126	-114.2775
75	-29.62898	-114.8663
75.3125	-29.40852	-116.3169
75.625	-29.16006	-118.3244
75.9375	-28.96875	-119.6078
76.25	-28.80935	-121.0939
76.5625	-28.57892	-122.3798
76.875	-28.33344	-124.7564
77.1875	-28.29552	-126.617
77.5	-28.05442	-127.8345
77.8125	-27.76647	-130.7163
78.125	-27.68335	-132.8234
78.4375	-27.6512	-135.6497
78.75	-27.55246	-138.7647
79.0625	-27.58604	-141.2028
79.375	-27.92138	-144.3876
79.6875	-27.91799	-147.6688
80	-28.42889	-149.3139
80.3125	-28.59472	-149.4217
80.625	-28.93711	-149.6369
80.9375	-29.13824	-148.6813
81.25	-29.05107	-146.9415
81.5625	-29.11755	-145.579
81.875	-28.79862	-146.3025
82.1875	-28.62805	-146.7398
82.5	-28.47969	-147.8589
82.8125	-28.26471	-148.138
83.125	-28.11192	-149.9792
83.4375	-28.00101	-151.9346
83.75	-28.02068	-153.6472
84.0625	-27.79433	-155.994
84.375	-27.78085	-158.0291
84.6875	-27.80179	-160.1475
85	-27.73988	-164.6288
85.3125	-28.00858	-167.0957
85.625	-28.29039	-170.8269
85.9375	-28.72207	-173.0086
86.25	-29.33055	-175.0991
86.5625	-29.63353	-177.762
86.875	-30.54564	-179.5474
87.1875	-31.2919	179.5811
87.5	-32.37775	-179.6868
87.8125	-33.38888	-176.3211
88.125	-34.29091	-168.1994
88.4375	-34.57483	-162.0207
88.75	-34.53022	-156.5196
89.0625	-34.52558	-149.2821
89.375	-34.25167	-145.1869
89.6875	-33.83583	-142.1414
90	-33.47016	-139.9024
90.3125	-32.93414	-133.1425
90.625	-32.20835	-133.7867
90.9375	-31.6687	-133.5621
91.25	-31.40081	-134.6657
91.5625	-31.05362	-134.9389
91.875	-30.84254	-135.6784
92.1875	-30.67471	-136.1757
92.5	-30.28761	-137.7613
92.8125	-30.21255	-139.1077
93.125	-30.21301	-140.8672
93.4375	-30.3122	-142.4212
93.75	-30.31881	-142.8604
94.0625	-30.53181	-143.1052
94.375	-30.61412	-143.8532
94.6875	-30.91818	-143.1202
95	-30.90094	-144.0474
95.3125	-31.25605	-142.489
95.625	-31.26093	-143.7027
95.9375	-31.48306	-142.8277
96.25	-31.74429	-140.1085
96.5625	-32.05191	-138.6561
96.875	-32.182	-134.6622
97.1875	-31.66525	-131.2282
97.5	-31.19637	-130.2592
97.8125	-31.14697	-133.3406
98.125	-31.47367	-131.7582
98.4375	-31.35536	-130.2859
98.75	-31.04417	-128.6612
99.0625	-31.04176	-129.3832
99.375	-30.89118	-128.1109
99.6875	-31.13966	-128.4625
100	-30.92637	-126.268
100.3125	-30.83738	-127.0595
100.625	-30.83115	-127.5167
100.9375	-30.9957	-128.0813
101.25	-30.77611	-124.1401
101.5625	-30.87051	-123.6964
101.875	-30.65737	-124.2651
102.1875	-30.54868	-123.2349
102.5	-30.55522	-122.1835
102.8125	-30.49601	-121.1689
103.125	-30.1016	-120.7013
103.4375	-30.25441	-120.0253
103.75	-30.02333	-119.8233
104.0625	-29.99709	-120.3125
104.375	-29.95643	-119.4048
104.6875	-29.80079	-118.5662
105	-29.63653	-118.0123
105.3125	-29.51055	-117.4001
105.625	-29.58755	-116.0324
105.9375	-29.36345	-115.6964
106.25	-29.11169	-115.461
106.5625	-29.05785	-115.5518
106.875	-28.83461	-114.9861
107.1875	-28.69884	-115.3562
107.5	-28.51258	-114.5855
107.8125	-28.36783	-114.1549
108.125	-28.20766	-114.1088
108.4375	-28.09787	-113.5469
108.75	-28.04811	-113.9387
109.0625	-27.77468	-113.5605
109.375	-27.79049	-112.5208
109.6875	-27.52087	-113.0241
110	-27.41047	-112.8489
110.3125	-27.32519	-112.5123
110.625	-27.27312	-112.0128
110.9375	-27.06555	-111.6355
111.25	-26.98565	-111.6655
111.5625	-26.88074	-111.1147
111.875	-26.7202	-110.9107
112.1875	-26.84636	-110.2024
112.5	-26.73126	-108.816
112.8125	-26.61656	-108.1473
113.125	-26.52275	-107.0262
113.4375	-26.48424	-103.5589
113.75	-26.24502	-101.2408
114.0625	-25.9214	-97.51595
114.375	-25.12285	-93.55418
114.6875	-23.76507	-94.26307
115	-23.28547	-99.5759
115.3125	-23.15131	-101.5693
115.625	-23.18964	-102.8685
115.9375	-22.98658	-103.6078
116.25	-22.85307	-103.6269
116.5625	-22.68021	-103.6652
116.875	-22.50009	-104.0488
117.1875	-22.28236	-103.9695
117.5	-22.05197	-104.0498
117.8125	-21.87154	-104.4204
118.125	-21.65866	-104.2983
118.4375	-21.50837	-104.3605
118.75	-21.26419	-104.3853
119.0625	-21.09176	-104.6141
119.375	-20.92871	-104.4975
119.6875	-20.77915	-104.2685
120	-20.51508	-104.2058
120.3125	-20.40086	-104.9559
120.625	-20.23676	-104.5665
120.9375	-19.98729	-104.685
121.25	-19.89253	-104.8258
121.5625	-19.75217	-105.3208
121.875	-19.68267	-105.0776
122.1875	-19.48891	-103.1087
122.5	-19.14133	-102.8899
122.8125	-18.92251	-103.5854
123.125	-18.71308	-103.6855
123.4375	-18.56194	-104.0291
123.75	-18.44622	-103.9938
124.0625	-18.32531	-103.8129
124.375	-18.14832	-103.4317
124.6875	-18.00281	-102.9406
125	-17.78993	-102.2851
125.3125	-17.56064	-102.0464
125.625	-17.3655	-101.8506
125.9375	-17.13923	-101.8208
126.25	-16.94813	-101.5118
126.5625	-16.73597	-101.3233
126.875	-16.53571	-100.9796
127.1875	-16.30994	-101.2018
127.5	-16.1055	-100.6856
127.8125	-15.93181	-100.6882
128.125	-15.74087	-100.4151
128.4375	-15.53842	-100.1125
128.75	-15.34465	-99.96188
129.0625	-15.09967	-99.45528
129.375	-14.84286	-99.23026
129.6875	-14.64211	-99.01904
130	-14.40722	-98.46458
130.3125	-14.14729	-98.39351
130.625	-13.8693	-98.08601
130.9375	-13.59108	-97.83672
131.25	-13.31816	-97.78962
131.5625	-13.05541	-97.58533
131.875	-12.74818	-97.44472
132.1875	-12.46978	-97.49409
132.5	-12.18246	-97.50206
132.8125	-11.89069	-97.27464
133.125	-11.56719	-97.33707
133.4375	-11.2703	-97.30209
133.75	-10.9345	-97.24895
134.0625	-10.61805	-97.2751
134.375	-10.26577	-97.21537
134.6875	-9.929493	-97.42726
135	-9.552836	-97.36284
135.3125	-9.178527	-97.36536
135.625	-8.809254	-97.59936
135.9375	-8.421431	-97.78685
136.25	-8.007365	-97.845
136.5625	-7.585159	-97.92268
136.875	-7.144575	-98.25261
137.1875	-6.694345	-98.58969
137.5	-6.231777	-98.7366
137.8125	-5.749234	-99.04272
138.125	-5.240357	-99.37251
138.4375	-4.720291	-99.8183
138.75	-4.169407	-100.1709
139.0625	-3.591703	-100.6362
139.375	-3.002455	-101.2226
139.6875	-2.365358	-101.802
140	-1.692944	-102.4122
140.3125	-0.9818925	-103.0866
140.625	-0.2269832	-103.8625
140.9375	0.5910613	-104.6444
141.25	1.471206	-105.6723
141.5625	2.435818	-106.7611
141.875	3.499704	-108.002
142.1875	4.701456	-109.4454
142.5	6.060326	-111.3247
142.8125	7.634173	-113.7154
143.125	9.516095	-116.9692
143.4375	11.84654	-121.9756
143.75	14.8608	-130.3371
144.0625	18.93406	-148.0684
144.375	23.77165	165.4489
144.6875	18.16352	104.5151
145	13.40663	94.49649
145.3125	10.26386	90.66003
145.625	8.05009	89.07932
145.9375	6.329688	88.34169
146.25	4.927198	87.72376
146.5625	3.742931	87.40459
146.875	2.716762	87.21012
147.1875	1.814676	87.21214
147.5	1.022734	87.24557
147.8125	0.3260964	87.26821
148.125	-0.2994031	87.3344
148.4375	-0.8925471	87.44415
148.75	-1.424105	87.51125
149.0625	-1.91906	87.69536
149.375	-2.369799	87.71115
149.6875	-2.780939	87.74151
150	-3.173597	87.77517
150.3125	-3.536827	87.90987
150.625	-3.896121	88.14714
150.9375	-4.205861	88.19694
151.25	-4.514019	88.27993
151.5625	-4.789664	88.38132
151.875	-5.068665	88.46877
152.1875	-5.335989	88.52341
152.5	-5.560903	88.48495
152.8125	-5.80294	88.64417
153.125	-6.019726	88.61945
153.4375	-6.257916	88.60472
153.75	-6.453438	88.65153
154.0625	-6.692681	88.63498
154.375	-6.898232	89.0699
154.6875	-7.044731	89.12868
155	-7.210335	89.15248
155.3125	-7.419701	88.9769
155.625	-7.579975	89.1665
155.9375	-7.742422	89.14563
156.25	-7.898045	89.11026
156.5625	-8.048632	89.26414
156.875	-8.222705	89.28562
157.1875	-8.372305	89.4417
157.5	-8.520287	89.48744
157.8125	-8.656631	89.49564
158.125	-8.78487	89.66473
158.4375	-8.903826	89.73092
158.75	-9.019548	89.84687
159.0625	-9.143826	89.81241
159.375	-9.282545	89.84307
159.6875	-9.406294	89.88896
160	-9.509764	90.04145
160.3125	-9.623681	90.1645
160.625	-9.73115	90.09656
160.9375	-9.8181	90.00154
161.25	-9.91863	89.89622
161.5625	-10.07014	90.03675
161.875	-10.16544	90.06096
162.1875	-10.26111	90.16067
162.5	-10.34391	90.20791
162.8125	-10.45158	90.28542
163.125	-10.52587	90.32409
163.4375	-10.61702	90.36446
163.75	-10.69844	90.52808
164.0625	-10.77281	90.65446
164.375	-10.82399	90.54225
164.6875	-10.88409	90.17558
165	-10.95334	90.26595
165.3125	-10.98022	90.20972
165.625	-11.03796	90.11395
165.9375	-11.1014	89.67082
166.25	-11.166	88.81341
166.5625	-11.38081	87.40813
166.875	-12.06522	90.36314
167.1875	-11.17682	92.57005
167.5	-11.33136	88.25172
167.8125	-11.56808	88.70441
168.125	-11.67437	88.21461
168.4375	-11.79742	88.23897
168.75	-11.89238	88.23862
169.0625	-11.99889	88.37009
169.375	-12.07419	88.56388
169.6875	-12.13267	88.53387
170	-12.20848	88.71085
170.3125	-12.26426	88.57348
170.625	-12.3576	88.6147
170.9375	-12.40427	88.71653
171.25	-12.44236	88.83593
171.5625	-12.48288	89.01144
171.875	-12.51455	89.04442
172.1875	-12.58063	88.97168
172.5	-12.60004	89.14423
172.8125	-12.67289	89.11185
173.125	-12.66501	89.12856
173.4375	-12.70197	88.82877
173.75	-12.72147	88.86013
174.0625	-12.73601	88.68498
174.375	-12.80983	88.75343
174.6875	-12.82082	88.7728
175	-12.84951	88.4578
175.3125	-12.84431	88.55034
175.625	-12.89224	88.42838
175.9375	-12.91162	88.32639
176.25	-12.96971	88.06188
176.5625	-13.00009	87.59493
176.875	-13.11599	87.40795
177.1875	-13.25726	88.10544
177.5	-13.29709	88.64471
177.8125	-13.26235	89.36009
178.125	-13.1974	89.34924
178.4375	-13.20531	89.27618
178.75	-13.20813	89.29613
179.0625	-13.22581	89.28624
179.375	-13.2219	89.53054
179.6875	-13.21496	89.5703
180	-13.21347	89.58119
180.3125	-13.23637	89.51319
180.625	-13.21455	89.52284
180.9375	-13.21218	89.63651
181.25	-13.20948	89.30247
181.5625	-13.23752	89.60283
181.875	-13.25571	89.61425
182.1875	-13.22961	89.6757
182.5	-13.22392	89.5489
182.8125	-13.26396	89.64417
183.125	-13.24784	89.59923
183.4375	-13.29117	89.67465
183.75	-13.2635	89.71951
184.0625	-13.2817	89.73935
184.375	-13.27719	89.80077
184.6875	-13.26602	89.77904
185	-13.25556	89.93029
185.3125	-13.28382	90.0711
185.625	-13.26414	89.65937
185.9375	-13.30675	89.93666
186.25	-13.26068	89.72884
186.5625	-13.28874	89.84416
186.875	-13.28071	89.85831
187.1875	-13.32896	90.11514
187.5	-13.28588	89.88544
187.8125	-13.30607	89.74181
188.125	-13.31987	89.47018
188.4375	-13.32726	89.69296
188.75	-13.30219	90.01599
189.0625	-13.26027	90.23781
189.375	-13.11987	89.47289
189.6875	-13.28538	88.0126
190	-13.47334	89.14316
190.3125	-13.40471	89.57246
190.625	-13.39116	89.49954
190.9375	-13.41085	89.35548
191.25	-13.45085	89.74715
191.5625	-13.4598	89.74608
191.875	-13.43164	89.80713
192.1875	-13.50333	89.71381
192.5	-13.48177	89.43111
192.8125	-13.50755	89.64815
193.125	-13.47787	89.80915
193.4375	-13.49131	89.70905
193.75	-13.47127	89.68002
194.0625	-13.54305	89.81644
194.375	-13.52764	89.65202
194.6875	-13.52747	89.87663
195	-13.52221	89.81775
195.3125	-13.54601	89.73746
195.625	-13.52611	89.62281
195.9375	-13.52806	89.54768
196.25	-13.56195	89.62866
196.5625	-13.56698	89.67921
196.875	-13.5451	89.80447
197.1875	-13.55627	89.57468
197.5	-13.59645	89.48798
197.8125	-13.61456	89.54812
198.125	-13.62988	89.69048
198.4375	-13.60705	89.69368
198.75	-13.61948	89.78792
199.0625	-13.51362	89.91446
199.375	-13.55247	89.08872
199.6875	-13.62535	89.00925
200	-13.6251	89.2196
200.3125	-13.63173	89.15293
200.625	-13.64507	89.18343
200.9375	-13.62847	89.2924
201.25	-13.61916	89.49949
201.5625	-13.61268	89.30879
201.875	-13.62661	89.33955
202.1875	-13.61929	89.4102
202.5	-13.57328	89.47088
202.8125	-13.57492	89.24065
203.125	-13.575	89.18063
203.4375	-13.5533	89.10952
203.75	-13.5957	89.25489
204.0625	-13.56263	88.97668
204.375	-13.61513	88.92308
204.6875	-13.5427	89.05649
205	-13.53015	88.73041
205.3125	-13.54366	88.66064
205.625	-13.57516	88.76068
205.9375	-13.59118	88.66093
206.25	-13.53649	88.80442
206.5625	-13.55141	88.89429
206.875	-13.54627	88.91808
207.1875	-13.52252	89.01931
207.5	-13.50672	88.88711
207.8125	-13.47948	88.94421
208.125	-13.43617	88.82665
208.4375	-13.43402	89.25074
208.75	-13.42505	88.96814
209.0625	-13.40592	88.79752
209.375	-13.39142	88.69844
209.6875	-13.37839	89.03268
210	-13.3353	89.13991
210.3125	-13.30852	88.94328
210.625	-13.30907	89.20972
210.9375	-13.265	89.30363
211.25	-13.22697	89.39649
211.5625	-13.09244	89.15527
211.875	-13.07226	87.71981
212.1875	-13.31104	87.72478
212.5	-13.26261	88.96318
212.8125	-13.17697	88.80579
213.125	-13.1533	88.72794
213.4375	-13.12571	89.03671
213.75	-13.06038	88.98205
214.0625	-12.99925	88.83208
214.375	-13.01077	88.53384
214.6875	-12.99488	88.21385
215	-12.97632	88.4472
215.3125	-12.96858	88.26176
215.625	-12.92313	88.07054
215.9375	-12.94302	88.23823
216.25	-12.93393	88.01284
216.5625	-12.9131	88.11411
216.875	-12.93407	87.95286
217.1875	-12.90423	87.93699
217.5	-12.90067	87.62026
217.8125	-12.90412	87.72746
218.125	-12.92218	87.84021
218.4375	-12.89764	87.89181
218.75	-12.87343	88.00723
219.0625	-12.87247	87.93442
219.375	-12.8714	88.09785
219.6875	-12.78819	88.17095
220	-12.80418	88.21049
220.3125	-12.81501	88.16721
220.625	-12.74395	88.12861
220.9375	-12.73272	87.91158
221.25	-12.729	87.83504
221.5625	-12.7214	87.85282
221.875	-12.58442	87.76498
222.1875	-12.7026	87.31567
222.5	-12.72746	87.27429
222.8125	-12.7075	87.46628
223.125	-12.70419	87.36874
223.4375	-12.70366	87.38837
223.75	-12.68899	87.34595
224.0625	-12.73132	87.49887
224.375	-12.70853	87.53969
224.6875	-12.66249	87.40669
225	-12.70404	87.3221
225.3125	-12.70952	87.38644
225.625	-12.6732	87.50986
225.9375	-12.6748	87.65644
226.25	-12.66112	88.01944
226.5625	-12.64271	87.63121
226.875	-12.65698	87.6532
227.1875	-12.6452	87.39684
227.5	-12.63323	87.67933
227.8125	-12.58603	87.89678
228.125	-12.58454	87.96589
228.4375	-12.54333	87.84126
228.75	-12.53092	87.84557
229.0625	-12.53065	87.86521
229.375	-12.51626	87.75134
229.6875	-12.48049	87.73621
230	-12.44482	87.77733
230.3125	-12.4103	87.39027
230.625	-12.39687	87.57039
230.9375	-12.39342	87.35166
231.25	-12.43019	87.61864
231.5625	-12.36633	87.57328
231.875	-12.35997	87.36157
232.1875	-12.35161	87.26601
232.5	-12.36462	87.35918
232.8125	-12.33467	87.34605
233.125	-12.3027	87.57288
233.4375	-12.25563	87.26892
233.75	-12.22926	87.1557
234.0625	-12.31218	86.46351
234.375	-12.41667	87.25277
234.6875	-12.30474	88.03847
235	-12.21042	87.89219
235.3125	-12.14592	87.54449
235.625	-12.16044	87.81621
235.9375	-12.06352	87.73724
236.25	-12.0718	87.58286
236.5625	-12.04148	87.49638
236.875	-12.02644	87.4696
237.1875	-11.98961	87.5131
237.5	-11.96133	87.60464
237.8125	-11.93134	87.28828
238.125	-11.89041	87.33502
238.4375	-11.86821	87.23328
238.75	-11.81137	87.40618
239.0625	-11.78904	87.25079
239.375	-11.77464	87.20403
239.6875	-11.7308	87.08199
240	-11.71255	87.11497
240.3125	-11.72934	87.28281
240.625	-11.6596	87.08034
240.9375	-11.61175	86.8908
241.25	-11.57186	87.03615
241.5625	-11.49745	87.01373
241.875	-11.51899	86.76949
242.1875	-11.47935	86.88582
242.5	-11.4011	87.11063
242.8125	-11.34499	87.0043
243.125	-11.31139	86.83471
243.4375	-11.29398	86.5869
243.75	-11.23489	86.34904
244.0625	-11.34004	85.75613
244.375	-11.38892	86.8217
244.6875	-11.25061	87.19589
245	-11.15884	87.16192
245.3125	-11.07403	87.01646
245.625	-10.99638	87.01823
245.9375	-10.94797	87.01319
246.25	-10.88698	86.65714
246.5625	-10.84536	86.5452
246.875	-10.7811	86.2124
247.1875	-10.73295	86.16061
247.5	-10.6812	85.99688
247.8125	-10.64278	85.95237
248.125	-10.5843	85.94543
248.4375	-10.5206	85.8773
248.75	-10.40869	85.8433
249.0625	-10.35061	85.34901
249.375	-10.26714	85.16295
249.6875	-10.1845	84.89787
250	-10.0656	84.75829
250.3125	-9.921771	84.47536
250.625	-9.738673	84.11337
250.9375	-9.504642	83.13012
251.25	-9.277079	82.3352
251.5625	-8.954738	80.8071
251.875	-8.57363	78.08305
252.1875	-8.056211	73.5653
252.5	-7.669079	64.97481
252.8125	-7.975523	49.44481
253.125	-11.25325	31.84344
253.4375	-15.97657	54.22446
253.75	-14.89506	74.65176
254.0625	-13.83369	80.7258
254.375	-13.19452	82.40944
254.6875	-12.77686	83.20037
255	-12.48077	83.80216
255.3125	-12.24617	84.02279
255.625	-12.10126	83.74049
255.9375	-11.97231	83.89574
256.25	-11.90115	83.91644
256.5625	-11.85172	84.26612
256.875	-11.72516	84.75796
257.1875	-11.58997	84.08242
257.5	-11.62454	83.83469
257.8125	-11.63791	83.9475
258.125	-11.61047	84.2823
258.4375	-11.5987	84.53656
258.75	-11.57051	84.64529
259.0625	-11.55939	84.85173
259.375	-11.52592	84.84747
259.6875	-11.50089	85.24397
260	-11.46998	85.5819
260.3125	-11.45651	85.7053
260.625	-11.41038	85.93755
260.9375	-11.4021	86.20728
261.25	-11.36923	86.45334
261.5625	-11.32002	86.99298
261.875	-11.29438	87.36672
262.1875	-11.24923	87.40945
262.5	-11.16613	87.89318
262.8125	-11.06884	88.22656
263.125	-11.01376	88.21191
263.4375	-10.93968	88.33175
263.75	-10.88784	88.55082
264.0625	-10.79878	88.50398
264.375	-10.74199	88.23363
264.6875	-10.67212	88.32042
265	-10.63317	88.42164
265.3125	-10.53302	88.21776
265.625	-10.50677	88.20345
265.9375	-10.44791	87.99899
266.25	-10.44742	88.39265
266.5625	-10.35732	88.17186
266.875	-10.3815	88.18378
267.1875	-10.29925	88.20827
267.5	-10.27014	88.26842
267.8125	-10.16812	88.13671
268.125	-10.14085	88.12373
268.4375	-10.05433	87.84358
268.75	-10.0547	88.0246
269.0625	-9.995835	87.85226
269.375	-9.953689	87.62692
269.6875	-9.90495	87.65985
270	-9.870181	87.59205
270.3125	-9.797634	87.9047
270.625	-9.771035	87.51228
270.9375	-9.730988	87.59771
271.25	-9.710852	87.28751
271.5625	-9.662689	87.21319
271.875	-9.614838	87.14304
272.1875	-9.590426	87.21176
272.5	-9.561708	87.04582
272.8125	-9.556618	87.21305
273.125	-9.481003	87.19919
273.4375	-9.430918	87.00529
273.75	-9.407875	86.96817
274.0625	-9.395884	86.86624
274.375	-9.363652	86.75941
274.6875	-9.317261	86.86015
275	-9.303197	86.79401
275.3125	-9.24544	87.02762
275.625	-9.228861	86.79371
275.9375	-9.202477	86.70805
276.25	-9.145815	86.73104
276.5625	-9.113406	86.48309
276.875	-9.127333	86.69418
277.1875	-9.07091	86.7514
277.5	-9.016891	86.9414
277.8125	-8.996085	86.7929
278.125	-8.957745	86.81525
278.4375	-8.921758	86.83606
278.75	-8.893173	86.97855
279.0625	-8.819492	86.91676
279.375	-8.740154	86.68696
279.6875	-8.757438	86.4285
280	-8.770972	86.5147
280.3125	-8.743341	86.6674
280.625	-8.719193	86.49067
280.9375	-8.727683	86.61336
281.25	-8.675467	86.75563
281.5625	-8.643465	87.09222
281.875	-8.609282	87.14182
282.1875	-8.538943	87.20911
282.5	-8.494863	87.28965
282.8125	-8.46501	87.19152
283.125	-8.411039	87.28784
283.4375	-8.388567	87.1994
283.75	-8.308164	87.23782
284.0625	-8.276862	87.26934
284.375	-8.233682	87.43591
284.6875	-8.156869	87.30624
285	-8.103176	87.25313
285.3125	-8.087482	87.2373
285.625	-8.048474	87.1335
285.9375	-7.969394	86.83144
286.25	-7.942574	86.9097
286.5625	-7.908808	87.05901
286.875	-7.845461	86.82775
287.1875	-7.780823	86.70055
287.5	-7.747003	86.50025
287.8125	-7.688415	86.315
288.125	-7.628002	86.02503
288.4375	-7.618186	85.53765
288.75	-7.70766	84.85966
289.0625	-7.623462	86.07246
289.375	-7.570377	85.02205
289.6875	-7.607874	84.75855
290	-7.637494	84.82884
290.3125	-7.631366	84.8767
290.625	-7.645344	84.80558
290.9375	-7.62271	85.18863
291.25	-7.590899	85.20702
291.5625	-7.560805	85.25394
291.875	-7.517091	85.29612
292.1875	-7.501904	85.46859
292.5	-7.470222	85.64711
292.8125	-7.423053	85.50906
293.125	-7.407746	85.62945
293.4375	-7.349366	85.65552
293.75	-7.313062	85.52818
294.0625	-7.29578	85.47417
294.375	-7.256792	85.43044
294.6875	-7.231078	85.51399
295	-7.209798	85.47911
295.3125	-7.159453	85.45608
295.625	-7.146744	85.49033
295.9375	-7.113991	85.53198
296.25	-7.074965	85.69753
296.5625	-7.035655	85.64274
296.875	-7.004763	85.65376
297.1875	-6.974814	85.73503
297.5	-6.93841	85.87478
297.8125	-6.904255	85.85276
298.125	-6.849375	86.05856
298.4375	-6.803465	86.00234
298.75	-6.761284	85.97995
299.0625	-6.679993	85.75311
299.375	-6.694314	85.73955
299.6875	-6.631529	85.75657
300	-6.605254	85.82658
300.3125	-6.571279	85.97525
300.625	-6.53108	85.90145
300.9375	-6.452298	86.03403
301.25	-6.406958	85.92574
301.5625	-6.337493	85.6459
301.875	-6.354817	85.64993
302.1875	-6.316457	85.81518
302.5	-6.266613	85.95972
302.8125	-6.216445	85.80702
303.125	-6.176052	85.70804
303.4375	-6.140688	85.6219
303.75	-6.088562	85.83759
304.0625	-6.05669	85.68476
304.375	-6.018652	85.59189
304.6875	-6.001873	85.48857
305	-5.970598	85.62255
305.3125	-5.927166	85.59331
305.625	-5.894432	85.62334
305.9375	-5.852188	85.59545
306.25	-5.81741	85.64644
306.5625	-5.781829	85.7085
306.875	-5.752833	85.76798
307.1875	-5.705686	85.90581
307.5	-5.683092	85.70745
307.8125	-5.642201	85.7259
308.125	-5.621754	86.08792
308.4375	-5.575566	86.00829
308.75	-5.558088	86.10555
309.0625	-5.509996	86.3362
309.375	-5.473196	86.45818
309.6875	-5.411862	86.70864
310	-5.357103	86.7864
310.3125	-5.313524	87.03085
310.625	-5.250615	87.14574
310.9375	-5.153784	87.25632
311.25	-5.057715	87.51235
311.5625	-4.979969	86.7752
311.875	-5.065689	86.90968
312.1875	-4.981617	87.3051
312.5	-4.929338	87.40429
312.8125	-4.852932	87.55614
313.125	-4.778672	87.75679
313.4375	-4.706933	87.82416
313.75	-4.609867	87.82327
314.0625	-4.550078	87.97464
314.375	-4.436607	87.92036
314.6875	-4.372203	87.68733
315	-4.297519	87.68819
315.3125	-4.231859	87.41111
315.625	-4.150549	87.48398
315.9375	-4.080729	87.3416
316.25	-4.017624	87.01339
316.5625	-3.955169	86.81367
316.875	-3.881665	86.57378
317.1875	-3.826971	86.56815
317.5	-3.780525	86.22163
317.8125	-3.742329	86.15913
318.125	-3.671064	85.94323
318.4375	-3.629682	85.61621
318.75	-3.603945	85.52764
319.0625	-3.5677	85.29982
319.375	-3.518009	85.24799
319.6875	-3.475259	84.99776
320	-3.443572	84.77177
320.3125	-3.407359	84.70287
320.625	-3.373609	84.50148
320.9375	-3.354675	84.43941
321.25	-3.323144	84.43857
321.5625	-3.268827	84.33704
321.875	-3.230069	84.24345
322.1875	-3.193476	84.20765
322.5	-3.172724	84.1175
322.8125	-3.13605	84.09092
323.125	-3.093264	83.96616
323.4375	-3.067168	84.01186
323.75	-3.01472	83.85494
324.0625	-2.982981	83.98119
324.375	-2.940837	84.00867
324.6875	-2.879437	83.8676
325	-2.849989	83.79112
325.3125	-2.798193	83.82506
325.625	-2.753003	83.71793
325.9375	-2.68896	83.66851
326.25	-2.657567	83.45689
326.5625	-2.619654	83.58942
326.875	-2.604835	83.61729
327.1875	-2.548852	83.50194
327.5	-2.502476	83.48512
327.8125	-2.467907	83.43015
328.125	-2.392642	83.55622
328.4375	-2.371785	83.43195
328.75	-2.312759	83.52412
329.0625	-2.269353	83.36854
329.375	-2.225857	83.36524
329.6875	-2.195054	83.477
330	-2.151984	83.44342
330.3125	-2.100587	83.41359
330.625	-2.05398	83.56976
330.9375	-2.00806	83.73056
331.25	-1.934353	83.62749
331.5625	-1.884386	83.68453
331.875	-1.834661	83.72821
332.1875	-1.763329	83.70127
332.5	-1.710395	83.76157
332.8125	-1.622617	83.74188
333.125	-1.557081	83.96348
333.4375	-1.491233	83.72128
333.75	-1.406951	83.32642
334.0625	-1.454059	83.55057
334.375	-1.337392	83.86935
334.6875	-1.238681	83.90291
335	-1.163583	83.90218
335.3125	-1.067586	83.82633
335.625	-0.9964332	83.57374
335.9375	-0.9052638	83.34855
336.25	-0.8371964	83.32806
336.5625	-0.7734945	82.98228
336.875	-0.7112077	82.69675
337.1875	-0.6462104	82.54173
337.5	-0.5783536	82.39197
337.8125	-0.5288195	82.26485
338.125	-0.4722141	82.00251
338.4375	-0.425723	81.91892
338.75	-0.3744728	81.75214
339.0625	-0.3237865	81.5533
339.375	-0.276755	81.36067
339.6875	-0.2232183	81.20506
340	-0.1908851	81.06901
340.3125	-0.1320043	81.06388
340.625	-0.08438735	80.8829
340.9375	-0.02675393	80.81627
341.25	0.02153009	80.7013
341.5625	0.05162031	80.54872
341.875	0.1151589	80.42818
342.1875	0.1557022	80.34843
342.5	0.2006994	80.36417
342.8125	0.255023	80.12971
343.125	0.2953265	80.07055
343.4375	0.3399396	79.86018
343.75	0.3560172	79.81686
344.0625	0.4110038	79.85838
344.375	0.4705295	79.98277
344.6875	0.5193067	79.93064
345	0.5798883	79.7739
345.3125	0.6322912	79.73209
345.625	0.684242	79.71489
345.9375	0.7423705	79.84762
346.25	0.8031962	79.64519
346.5625	0.859702	79.56107
346.875	0.9216319	79.4351
347.1875	0.9773204	79.38329
347.5	1.022135	79.46983
347.8125	1.083938	79.29928
348.125	1.152074	79.1928
348.4375	1.200145	79.06406
348.75	1.241915	79.03128
349.0625	1.313351	78.91868
349.375	1.383935	78.94062
349.6875	1.452024	78.81146
350	1.515527	78.65668
350.3125	1.580956	78.58336
350.625	1.645588	78.29015
350.9375	1.697403	78.30448
351.25	1.750482	78.01079
351.5625	1.817577	77.94622
351.875	1.870592	77.84226
352.1875	1.933559	77.65324
352.5	1.993605	77.46777
352.8125	2.046906	77.19017
353.125	2.100456	76.95612
353.4375	2.162634	76.78941
353.75	2.211388	76.50488
354.0625	2.267921	76.41215
354.375	2.29709	76.01523
354.6875	2.349621	75.71988
355	2.386546	75.41679
355.3125	2.423512	75.19714
355.625	2.440006	74.72648
355.9375	2.440374	74.39226
356.25	2.392457	74.17209
356.5625	2.420798	74.52237
356.875	2.46124	74.30425
357.1875	2.465573	73.9194
357.5	2.448048	73.79752
357.8125	2.429944	73.55037
358.125	2.383905	73.91016
358.4375	2.37004	73.93059
358.75	2.336186	74.08981
359.0625	2.306315	74.46914
359.375	2.285691	74.9059
359.6875	2.260509	75.43688
360	2.271011	76.137
360.3125	2.284667	76.78958
360.625	2.314142	77.66212
360.9375	2.370234	78.47515
361.25	2.451298	79.29652
361.5625	2.543902	80.13498
361.875	2.655302	80.83717
362.1875	2.791698	81.45022
362.5	2.930062	82.19576
362.8125	3.096403	82.47282
363.125	3.244351	82.83845
363.4375	3.408116	83.17816
363.75	3.571666	83.21778
364.0625	3.730578	83.46221
364.375	3.869362	83.48992
364.6875	4.017182	83.57581
365	4.166591	83.43328
365.3125	4.298913	83.40306
365.625	4.426374	83.26064
365.9375	4.567856	83.27953
366.25	4.697583	83.05045
366.5625	4.804979	82.91098
366.875	4.901006	82.75157
367.1875	5.016499	82.70792
367.5	5.128418	82.60452
367.8125	5.246177	82.51358
368.125	5.351671	82.4335
368.4375	5.473454	82.4182
368.75	5.576875	82.26873
369.0625	5.68822	82.13866
369.375	5.798852	82.09399
369.6875	5.900336	82.00463
370	6.021451	82.01664
370.3125	6.141648	81.74827
370.625	6.241384	81.59371
370.9375	6.350372	81.63315
371.25	6.465392	81.51315
371.5625	6.585642	81.50243
371.875	6.705595	81.3452
372.1875	6.816051	81.18958
372.5	6.94354	81.13779
372.8125	7.065156	80.87234
373.125	7.17532	80.59943
373.4375	7.290056	80.43446
373.75	7.393036	80.29444
374.0625	7.506989	80.0126
374.375	7.618092	79.91692
374.6875	7.727683	79.76216
375	7.845089	79.52431
375.3125	7.95229	79.3158
375.625	8.063595	79.07175
375.9375	8.167627	78.74297
376.25	8.258784	78.48121
376.5625	8.356315	78.26195
376.875	8.45693	78.0349
377.1875	8.552622	77.85554
377.5	8.640778	77.6179
377.8125	8.717557	77.33834
378.125	8.792635	77.25134
378.4375	8.853296	77.11952
378.75	8.931743	77.1929
379.0625	9.038662	77.06123
379.375	9.087617	76.94257
379.6875	9.124664	77.03836
380	9.182137	77.52419
380.3125	9.270419	77.96308
380.625	9.395357	78.41963
380.9375	9.54007	78.95329
381.25	9.711417	79.2285
381.5625	9.877377	79.56734
381.875	10.04508	79.75519
382.1875	10.21869	79.91397
382.5	10.39628	80.08105
382.8125	10.57228	80.16808
383.125	10.76555	80.35358
383.4375	10.95605	80.26421
383.75	11.15358	80.43658
384.0625	11.35291	80.50486
384.375	11.55586	80.45039
384.6875	11.76192	80.38033
385	11.97142	80.18028
385.3125	12.17638	80.0609
385.625	12.38192	79.87804
385.9375	12.59016	79.66467
386.25	12.79962	79.48982
386.5625	13.01434	79.27473
386.875	13.22509	79.04104
387.1875	13.44077	78.76668
387.5	13.65146	78.53006
387.8125	13.8659	78.21143
388.125	14.0866	77.93322
388.4375	14.3091	77.52272
388.75	14.53245	77.23733
389.0625	14.76225	76.96336
389.375	14.99168	76.52372
389.6875	15.22153	76.07511
390	15.45714	75.69691
390.3125	15.69336	75.29219
390.625	15.93205	74.92718
390.9375	16.17617	74.49557
391.25	16.42455	73.95297
391.5625	16.67943	73.44246
391.875	16.9348	73.10395
392.1875	17.20197	72.58085
392.5	17.47182	71.99016
392.8125	17.74586	71.38094
393.125	18.02646	70.94836
393.4375	18.31806	70.40757
393.75	18.61192	69.71493
394.0625	18.91364	69.0597
394.375	19.2242	68.29888
394.6875	19.53994	67.5758
395	19.86514	66.73199
395.3125	20.19872	65.97916
395.625	20.54245	65.10239
395.9375	20.89545	64.10786
396.25	21.25942	63.14517
396.5625	21.63288	62.12078
396.875	22.01743	61.06273
397.1875	22.41503	59.87133
397.5	22.82564	58.69495
397.8125	23.25207	57.24154
398.125	23.69175	55.82232
398.4375	24.1512	54.22853
398.75	24.62941	52.65971
399.0625	25.12925	50.92981
399.375	25.65615	49.0688
399.6875	26.21471	46.98914
400	26.81184	44.85221
400.3125	27.46144	42.36427
400.625	28.17212	39.76704
400.9375	28.96403	36.58463
401.25	29.85834	32.67004
401.5625	30.87425	27.93435
401.875	32.06128	21.81953
402.1875	33.43492	12.84111
402.5	34.88817	-1.487837
402.8125	35.74524	-25.29093
403.125	33.6644	-53.61249
403.4375	30.3193	-57.07391
403.75	28.82708	-56.09303
404.0625	27.87193	-56.36134
404.375	27.14483	-57.13583
404.6875	26.53694	-58.29832
405	26.00078	-59.54946
405.3125	25.51288	-60.94859
405.625	25.05682	-62.38298
405.9375	24.62471	-63.90007
406.25	24.21171	-65.35207
406.5625	23.81232	-66.86346
406.875	23.42545	-68.33869
407.1875	23.04734	-69.61085
407.5	22.67985	-70.8578
407.8125	22.31838	-72.04053
408.125	21.9628	-73.23104
408.4375	21.61752	-74.40418
408.75	21.27668	-75.45355
409.0625	20.94323	-76.45843
409.375	20.61281	-77.4324
409.6875	20.29263	-78.16699
410	19.97594	-79.01244
410.3125	19.66442	-79.74065
410.625	19.36075	-80.51225
410.9375	19.06107	-81.04773
411.25	18.77803	-81.65812
411.5625	18.49523	-82.23963
411.875	18.22188	-82.67528
412.1875	17.95565	-82.97077
412.5	17.69669	-83.41977
412.8125	17.44655	-83.5975
413.125	17.20359	-83.99823
413.4375	16.96824	-84.34799
413.75	16.73872	-84.6221
414.0625	16.51304	-84.94147
414.375	16.29405	-85.10724
414.6875	16.08225	-85.31358
415	15.88183	-85.51974
415.3125	15.68256	-85.59399
415.625	15.48616	-85.78873
415.9375	15.29737	-85.93173
416.25	15.1122	-86.10788
416.5625	14.92889	-86.20618
416.875	14.75791	-86.34649
417.1875	14.58517	-86.43176
417.5	14.41578	-86.4575
417.8125	14.25007	-86.53178
418.125	14.08939	-86.66437
418.4375	13.93042	-86.70622
418.75	13.7777	-86.84441
419.0625	13.62593	-86.87317
419.375	13.47388	-86.97861
419.6875	13.32608	-86.98921
420	13.18313	-86.96027
420.3125	13.03834	-86.994
420.625	12.90769	-86.93182
420.9375	12.78069	-86.95348
421.25	12.65147	-86.88219
421.5625	12.52405	-86.77997
421.875	12.40866	-86.73668
422.1875	12.30331	-86.6868
422.5	12.19844	-86.67992
422.8125	12.09902	-86.69076
423.125	12.00599	-86.5638
423.4375	11.907	-86.51951
423.75	11.8411	-86.34194
424.0625	11.78889	-86.66492
424.375	11.70621	-87.05948
424.6875	11.60779	-87.40988
425	11.49239	-87.79882
425.3125	11.31464	-88.28522
425.625	11.11409	-87.908
425.9375	11.02994	-87.52208
426.25	10.94301	-87.37164
426.5625	10.85564	-87.32814
426.875	10.77022	-87.25078
427.1875	10.68255	-87.28496
427.5	10.60184	-87.21031
427.8125	10.51311	-87.30386
428.125	10.43206	-87.19296
428.4375	10.34106	-87.17469
428.75	10.25757	-87.15036
429.0625	10.16872	-87.21481
429.375	10.09181	-87.15586
429.6875	10.01509	-87.08296
430	9.939986	-87.08748
430.3125	9.859843	-87.08025
430.625	9.790936	-87.04716
430.9375	9.707946	-87.106
431.25	9.62631	-86.84066
431.5625	9.556421	-86.78146
431.875	9.493916	-86.70746
432.1875	9.434107	-86.72873
432.5	9.36381	-86.5876
432.8125	9.317188	-86.51849
433.125	9.270055	-86.466
433.4375	9.223806	-86.60377
433.75	9.141046	-86.76607
434.0625	9.067894	-86.57771
434.375	9.013227	-86.57694
434.6875	8.950783	-86.57121
435	8.897166	-86.59601
435.3125	8.840462	-86.55488
435.625	8.783019	-86.38766
435.9375	8.74437	-86.3733
436.25	8.685061	-86.46505
436.5625	8.640469	-86.38296
436.875	8.588442	-86.31649
437.1875	8.545606	-86.29305
437.5	8.503571	-86.43234
437.8125	8.451207	-86.38316
438.125	8.410257	-86.30326
438.4375	8.362867	-86.33105
438.75	8.317978	-86.36784
439.0625	8.279447	-86.29234
439.375	8.233069	-86.40521
439.6875	8.191319	-86.30386
440	8.151771	-86.43186
440.3125	8.10923	-86.29739
440.625	8.061276	-86.39713
440.9375	8.026262	-86.35758
441.25	7.987135	-86.49107
441.5625	7.949192	-86.57794
441.875	7.911599	-86.49352
442.1875	7.87782	-86.49873
442.5	7.838756	-86.60119
442.8125	7.801788	-86.61534
443.125	7.759583	-86.63963
443.4375	7.727813	-86.60744
443.75	7.699452	-86.63235
444.0625	7.660299	-86.7564
444.375	7.623241	-86.6891
444.6875	7.59716	-86.85921
445	7.559842	-86.87023
445.3125	7.532527	-86.96347
445.625	7.489305	-86.98186
445.9375	7.472554	-86.83765
446.25	7.46351	-87.21252
446.5625	7.409724	-87.46407
446.875	7.365781	-87.43436
447.1875	7.343967	-87.44527
447.5	7.32213	-87.62771
447.8125	7.275987	-87.65939
448.125	7.243358	-87.98413
448.4375	7.191275	-88.12933
448.75	7.138616	-88.17461
449.0625	7.096125	-88.22474
449.375	7.047083	-88.39658
449.6875	7.004489	-88.49807
450	6.946494	-88.55044
450.3125	6.902462	-88.55645
450.625	6.853523	-88.6593
450.9375	6.806283	-88.62135
451.25	6.754496	-88.74203
451.5625	6.713011	-88.67069
451.875	6.672872	-88.74003
452.1875	6.622691	-88.69074
452.5	6.578214	-88.7368
452.8125	6.531651	-88.66735
453.125	6.481448	-88.63494
453.4375	6.44694	-88.73616
453.75	6.410634	-88.61691
454.0625	6.365996	-88.64272
454.375	6.331115	-88.59205
454.6875	6.293361	-88.46854
455	6.256729	-88.39053
455.3125	6.227524	-88.2348
455.625	6.204821	-88.36054
455.9375	6.165981	-88.33426
456.25	6.13986	-88.347
456.5625	6.105294	-88.36332
456.875	6.081782	-88.30251
457.1875	6.038113	-88.27867
457.5	6.014367	-88.22133
457.8125	5.99171	-88.10369
458.125	5.966213	-88.08785
458.4375	5.93538	-88.1204
458.75	5.909936	-88.05875
459.0625	5.882037	-88.02518
459.375	5.857062	-87.94812
459.6875	5.833259	-87.97021
460	5.806129	-88.01469
460.3125	5.792162	-87.88058
460.625	5.769566	-87.95859
460.9375	5.74362	-87.89886
461.25	5.720953	-87.84707
461.5625	5.700899	-87.76729
461.875	5.68124	-87.84153
462.1875	5.655307	-87.92133
462.5	5.629825	-87.72944
462.8125	5.612962	-87.78165
463.125	5.596199	-87.70181
463.4375	5.578381	-87.84373
463.75	5.551835	-87.86028
464.0625	5.531674	-87.80605
464.375	5.512471	-87.77623
464.6875	5.498889	-87.81863
465	5.473209	-87.82054
465.3125	5.445772	-87.89529
465.625	5.42803	-87.79444
465.9375	5.400462	-87.84966
466.25	5.385061	-87.73766
466.5625	5.370094	-87.75547
466.875	5.344069	-87.78117
467.1875	5.320524	-87.86647
467.5	5.306677	-87.72262
467.8125	5.286894	-87.72678
468.125	5.272966	-87.73297
468.4375	5.268027	-87.84571
468.75	5.22695	-87.76042
469.0625	5.204082	-87.61831
469.375	5.216159	-87.63431
469.6875	5.199715	-87.57935
470	5.18041	-87.64758
470.3125	5.162254	-87.60722
470.625	5.147235	-87.61402
470.9375	5.129314	-87.53668
471.25	5.126228	-87.53899
471.5625	5.107697	-87.60427
471.875	5.100784	-87.63294
472.1875	5.09198	-87.62959
472.5	5.086474	-87.51495
472.8125	5.082486	-87.73378
473.125	5.077191	-87.6049
473.4375	5.068292	-87.71033
473.75	5.052636	-87.7574
474.0625	5.037131	-87.77792
474.375	5.015879	-87.89654
474.6875	5.008645	-87.91743
475	4.993088	-88.01743
475.3125	4.974382	-87.88977
475.625	4.953898	-87.78588
475.9375	4.940925	-87.85074
476.25	4.926303	-87.97624
476.5625	4.917591	-87.96226
476.875	4.891463	-87.93078
477.1875	4.884628	-87.94975
477.5	4.869209	-88.04041
477.8125	4.859118	-87.86454
478.125	4.848382	-88.03879
478.4375	4.832423	-87.99751
478.75	4.808255	-87.87382
479.0625	4.817496	-87.82861
479.375	4.804254	-87.98399
479.6875	4.799685	-87.9688
480	4.79	-88.11452
480.3125	4.785505	-88.13906
480.625	4.756999	-88.06718
480.9375	4.743069	-87.98363
481.25	4.729068	-87.98142
481.5625	4.720098	-88.00605
481.875	4.715522	-87.88792
482.1875	4.700586	-87.91352
482.5	4.704744	-87.94732
482.8125	4.692097	-87.90472
483.125	4.680068	-87.86079
483.4375	4.678397	-88.04685
483.75	4.669429	-87.89675
484.0625	4.654902	-87.914
484.375	4.659507	-87.88058
484.6875	4.647367	-87.88854
485	4.645761	-87.88143
485.3125	4.63132	-87.92768
485.625	4.635251	-88.00734
485.9375	4.635181	-88.09843
486.25	4.62519	-87.98406
486.5625	4.629002	-88.10687
486.875	4.608768	-88.0874
487.1875	4.606415	-88.03029
487.5	4.603195	-88.15726
487.8125	4.599539	-88.12449
488.125	4.591815	-88.27061
488.4375	4.573112	-88.22014
488.75	4.567176	-88.16129
489.0625	4.571204	-88.07791
489.375	4.564723	-88.09724
489.6875	4.567923	-88.17456
490	4.554985	-88.25589
490.3125	4.54901	-88.2268
490.625	4.550317	-88.36827
490.9375	4.541672	-88.31169
491.25	4.552954	-88.42419
491.5625	4.556156	-88.41676
491.875	4.533601	-88.51937
492.1875	4.517408	-88.43435
492.5	4.51922	-88.57662
492.8125	4.518905	-88.48952
493.125	4.515486	-88.52464
493.4375	4.512774	-88.65694
493.75	4.505298	-88.73195
494.0625	4.51302	-88.72337
494.375	4.503683	-88.81997
494.6875	4.503769	-88.90503
495	4.489205	-88.97782
495.3125	4.473331	-89.01878
495.625	4.464416	-89.06045
495.9375	4.45428	-89.10229
496.25	4.435255	-89.17627
496.5625	4.438625	-89.1114
496.875	4.435768	-89.06767
497.1875	4.437557	-89.12667
497.5	4.437622	-89.26855
497.8125	4.42283	-89.23612
498.125	4.425306	-89.24438
498.4375	4.408674	-89.31989
498.75	4.40725	-89.49758
499.0625	4.403568	-89.47632
499.375	4.402397	-89.52605
499.6875	4.376373	-89.65661
500	4.360682	-89.41055
500.3125	4.354388	-89.66866
500.625	4.343572	-89.82766
500.9375	4.327313	-89.86625
501.25	4.336995	-89.64262
501.5625	4.347128	-89.88197
501.875	4.336185	-90.05427
502.1875	4.307512	-90.06839
502.5	4.27608	-90.16606
502.8125	4.275061	-89.9556
503.125	4.266942	-89.98539
503.4375	4.262805	-90.2053
503.75	4.250173	-90.22173
504.0625	4.217455	-90.24001
504.375	4.206636	-90.26083
504.6875	4.189498	-90.25265
505	4.162117	-90.15387
505.3125	4.15841	-90.1364
505.625	4.148689	-90.21201
505.9375	4.138969	-90.09453
506.25	4.12936	-90.05805
506.5625	4.115273	-90.08842
506.875	4.10041	-89.93019
507.1875	4.090566	-89.81794
507.5	4.088443	-89.81178
507.8125	4.076521	-89.66975
508.125	4.0852	-89.62786
508.4375	4.08755	-89.66325
508.75	4.075362	-89.6211
509.0625	4.05476	-89.48787
509.375	4.063161	-89.36349
509.6875	4.055627	-89.20821
510	4.061187	-89.1207
510.3125	4.082552	-88.98701
510.625	4.09393	-89.13691
510.9375	4.115509	-89.15125
511.25	4.10267	-89.14942
511.5625	4.100222	-89.10039
511.875	4.110992	-88.99313
512.1875	4.113268	-89.0078
512.5	4.143478	-88.9184
512.8125	4.153003	-89.11357
513.125	4.149222	-89.05365
513.4375	4.15598	-89.05266
513.75	4.169623	-89.13786
514.0625	4.163507	-89.14155
514.375	4.170479	-89.06262
514.6875	4.181959	-89.07475
515	4.19478	-89.10912
515.3125	4.182311	-89.14716
515.625	4.198441	-89.0674
515.9375	4.205112	-89.10704
516.25	4.207963	-89.16244
516.5625	4.213808	-89.2968
516.875	4.213756	-89.20319
517.1875	4.243417	-89.28681
517.5	4.235035	-89.30405
517.8125	4.233072	-89.41385
518.125	4.229486	-89.37318
518.4375	4.233418	-89.411
518.75	4.238804	-89.46411
519.0625	4.252383	-89.41763
519.375	4.264187	-89.48832
519.6875	4.264559	-89.45477
520	4.27774	-89.64029
520.3125	4.267564	-89.72112
520.625	4.268525	-89.83662
520.9375	4.255601	-89.81836
521.25	4.26853	-89.86166
521.5625	4.269492	-89.90588
521.875	4.278625	-89.99471
522.1875	4.266706	-90.0216
522.5	4.24837	-90.18011
522.8125	4.243854	-90.15383
523.125	4.242301	-90.02849
523.4375	4.279832	-90.16581
523.75	4.275192	-90.52346
524.0625	4.232112	-90.60157
524.375	4.216611	-90.45351
524.6875	4.18736	-90.65858
525	4.151263	-90.56335
525.3125	4.131324	-90.2943
525.625	4.142202	-90.05499
525.9375	4.154567	-90.01965
526.25	4.154464	-90.11987
526.5625	4.167953	-90.09555
526.875	4.174855	-89.90668
527.1875	4.170146	-89.92755
527.5	4.174604	-89.93967
527.8125	4.177173	-89.97794
528.125	4.176542	-89.88142
528.4375	4.166592	-89.83998
528.75	4.187527	-89.91863
529.0625	4.18503	-89.84026
529.375	4.194958	-89.72041
529.6875	4.185678	-89.73543
530	4.182969	-89.75194
530.3125	4.18961	-89.68085
530.625	4.193718	-89.54677
530.9375	4.205635	-89.424
531.25	4.212538	-89.4208
531.5625	4.226064	-89.44795
531.875	4.233338	-89.35246
532.1875	4.240134	-89.28738
532.5	4.253018	-89.27996
532.8125	4.251716	-89.31889
533.125	4.263862	-89.16344
533.4375	4.287574	-89.05437
533.75	4.306402	-89.02863
534.0625	4.324741	-89.04412
534.375	4.343971	-89.03526
534.6875	4.363078	-89.06824
535	4.364706	-89.00618
535.3125	4.373429	-89.07008
535.625	4.377748	-89.05212
535.9375	4.40195	-89.00624
536.25	4.411017	-88.99062
536.5625	4.426967	-88.9698
536.875	4.455782	-88.93604
537.1875	4.455187	-89.04304
537.5	4.478305	-89.00008
537.8125	4.498978	-88.77937
538.125	4.53109	-88.7831
538.4375	4.559155	-88.81917
538.75	4.588116	-88.89785
539.0625	4.604501	-88.98093
539.375	4.626307	-89.03147
539.6875	4.643498	-89.13103
540	4.645895	-89.08646
540.3125	4.673563	-88.97884
540.625	4.708326	-89.07056
540.9375	4.73754	-89.22671
541.25	4.766134	-89.31376
541.5625	4.787698	-89.32726
541.875	4.81494	-89.44312
542.1875	4.84304	-89.43716
542.5	4.877399	-89.52793
542.8125	4.892313	-89.76507
543.125	4.925171	-89.82929
543.4375	4.945393	-90.11684
543.75	4.973764	-90.25763
544.0625	4.997604	-90.44753
544.375	5.012868	-90.61955
544.6875	5.045483	-90.90353
545	5.053103	-91.01233
545.3125	5.086866	-91.24951
545.625	5.125793	-91.7487
545.9375	5.148435	-92.58333
546.25	5.094865	-93.06638
546.5625	5.034977	-93.53761
546.875	4.977077	-93.96861
547.1875	4.818774	-94.1053
547.5	4.751501	-93.36385
547.8125	4.759121	-93.32796
548.125	4.713234	-93.24714
548.4375	4.697058	-93.19733
548.75	4.680457	-92.73762
549.0625	4.672462	-92.68888
549.375	4.671449	-92.5613
549.6875	4.67132	-92.36385
550	4.68241	-92.17193
550.3125	4.69141	-92.07341
550.625	4.696535	-91.95678
550.9375	4.704109	-91.89033
551.25	4.711187	-91.77757
551.5625	4.749467	-91.72274
551.875	4.752663	-91.77621
552.1875	4.764307	-91.66755
552.5	4.788354	-91.64267
552.8125	4.794497	-91.78755
553.125	4.790323	-91.8103
553.4375	4.789721	-91.55717
553.75	4.803156	-91.59913
554.0625	4.825526	-91.53271
554.375	4.848072	-91.59484
554.6875	4.860021	-91.31193
555	4.867013	-91.50612
555.3125	4.906929	-91.45418
555.625	4.918201	-91.42043
555.9375	4.92871	-91.56714
556.25	4.938492	-91.60973
556.5625	4.948041	-91.72714
556.875	4.970393	-91.67593
557.1875	4.959095	-91.73174
557.5	4.95869	-91.69149
557.8125	4.971146	-91.59089
558.125	4.977455	-91.47697
558.4375	5.002954	-91.51228
558.75	5.016237	-91.6193
559.0625	5.033667	-91.58947
559.375	5.055534	-91.48869
559.6875	5.053394	-91.57583
560	5.073084	-91.54066
560.3125	5.106897	-91.72961
560.625	5.123652	-91.55939
560.9375	5.137715	-91.60574
561.25	5.144296	-91.65144
561.5625	5.153551	-91.72515
561.875	5.177235	-91.78223
562.1875	5.180326	-91.68769
562.5	5.195035	-91.63829
562.8125	5.212613	-91.57011
563.125	5.238611	-91.5847
563.4375	5.262256	-91.7721
563.75	5.276288	-91.64143
564.0625	5.28411	-91.76916
564.375	5.288203	-91.70618
564.6875	5.32223	-91.72141
565	5.342865	-91.76707
565.3125	5.344138	-91.69987
565.625	5.367746	-91.76283
565.9375	5.394616	-91.7782
566.25	5.420181	-91.84444
566.5625	5.428034	-91.92216
566.875	5.429951	-91.7129
567.1875	5.449958	-91.81202
567.5	5.481553	-91.75969
567.8125	5.525868	-91.71667
568.125	5.557029	-91.99104
568.4375	5.550013	-92.11227
568.75	5.560423	-91.99707
569.0625	5.613759	-91.93931
569.375	5.654107	-92.11299
569.6875	5.664768	-92.16135
570	5.700663	-92.3823
570.3125	5.69557	-92.55634
570.625	5.685135	-92.43955
570.9375	5.718402	-92.59461
571.25	5.725887	-92.50694
571.5625	5.747575	-92.78891
571.875	5.762868	-92.71089
572.1875	5.776469	-92.78183
572.5	5.801297	-92.93156
572.8125	5.796446	-92.6874
573.125	5.823851	-92.8286
573.4375	5.843567	-92.83533
573.75	5.854093	-93.07618
574.0625	5.879724	-93.06313
574.375	5.885778	-93.09026
574.6875	5.904717	-93.09821
575	5.904733	-93.08747
575.3125	5.92156	-93.02102
575.625	5.955657	-92.96463
575.9375	5.968454	-93.1763
576.25	5.989885	-93.19873
576.5625	6.016335	-93.09353
576.875	6.028174	-93.06748
577.1875	6.063738	-93.19064
577.5	6.084365	-93.09505
577.8125	6.100142	-93.20368
578.125	6.115443	-93.20515
578.4375	6.134451	-93.31838
578.75	6.153987	-93.19296
579.0625	6.183587	-93.11941
579.375	6.213069	-93.12808
579.6875	6.235232	-93.06287
580	6.277682	-93.03242
580.3125	6.312047	-93.19629
580.625	6.343933	-93.10742
580.9375	6.371291	-93.14614
581.25	6.41546	-93.17441
581.5625	6.44333	-93.2049
581.875	6.476918	-93.14998
582.1875	6.517746	-93.17785
582.5	6.562551	-93.35838
582.8125	6.599233	-93.45509
583.125	6.629691	-93.46515
583.4375	6.66822	-93.56003
583.75	6.702254	-93.54237
584.0625	6.739951	-93.63947
584.375	6.780657	-93.64992
584.6875	6.800591	-93.72881
585	6.854136	-93.75109
585.3125	6.900791	-93.84027
585.625	6.938533	-94.03194
585.9375	6.972567	-94.15992
586.25	7.021516	-94.07809
586.5625	7.065351	-94.10828
586.875	7.115454	-94.12152
587.1875	7.16574	-94.15254
587.5	7.208775	-94.33213
587.8125	7.274785	-94.44391
588.125	7.323024	-94.60555
588.4375	7.384179	-94.69327
588.75	7.446645	-94.77515
589.0625	7.502575	-94.74127
589.375	7.571342	-94.86777
589.6875	7.651078	-95.07745
590	7.721004	-95.16634
590.3125	7.786687	-95.45185
590.625	7.842624	-95.70425
590.9375	7.911582	-95.77602
591.25	8.007974	-95.92322
591.5625	8.096152	-96.14024
591.875	8.174201	-96.23196
592.1875	8.28566	-96.55315
592.5	8.386051	-96.93382
592.8125	8.468926	-97.201
593.125	8.575928	-97.45709
593.4375	8.694263	-97.80154
593.75	8.810057	-98.16848
594.0625	8.945868	-98.53066
594.375	9.077829	-98.99745
594.6875	9.224247	-99.45514
595	9.38241	-99.9875
595.3125	9.556831	-100.5994
595.625	9.735121	-101.2241
595.9375	9.936948	-102.0085
596.25	10.1585	-102.9464
596.5625	10.40412	-103.9729
596.875	10.67244	-105.2087
597.1875	10.96665	-106.6177
597.5	11.28745	-108.4063
597.8125	11.65119	-110.6133
598.125	12.04531	-113.2937
598.4375	12.47892	-116.7734
598.75	12.94103	-121.0167
599.0625	13.41591	-126.5696
599.375	13.8733	-134.0001
599.6875	14.2188	-143.7224
600	14.27451	-156.5549
600.3125	13.67948	-172.4395
600.625	11.96458	170.4884
600.9375	8.902563	157.4741
601.25	5.070428	154.0731
601.5625	1.398772	161.4744
601.875	-1.36417	177.9339
602.1875	-2.684003	-161.5519
602.5	-2.608499	-143.7205
602.8125	-1.929043	-131.4247
603.125	-1.123609	-123.7009
603.4375	-0.4114826	-118.3478
603.75	0.1856157	-114.7534
604.0625	0.6892543	-112.2226
604.375	1.117593	-110.1788
604.6875	1.504409	-108.5587
605	1.835915	-107.2867
605.3125	2.100851	-106.4415
605.625	2.354146	-105.5028
605.9375	2.586112	-104.6775
606.25	2.798337	-104.1426
606.5625	2.979841	-103.4927
606.875	3.159367	-103.0356
607.1875	3.322936	-102.6467
607.5	3.476283	-102.4156
607.8125	3.606435	-102.1449
608.125	3.753597	-101.9614
608.4375	3.870285	-101.9016
608.75	3.980262	-101.6866
609.0625	4.069745	-101.7477
609.375	4.157495	-101.7533
609.6875	4.224852	-101.7455
610	4.305993	-101.4577
610.3125	4.37784	-101.3821
610.625	4.444082	-101.5591
610.9375	4.502229	-101.4459
611.25	4.5441	-101.4017
611.5625	4.595318	-101.4262
611.875	4.650108	-101.3138
612.1875	4.698968	-101.3131
612.5	4.739428	-101.3675
612.8125	4.771487	-101.4503
613.125	4.802956	-101.3903
613.4375	4.835597	-101.2336
613.75	4.86908	-101.3682
614.0625	4.887164	-101.4708
614.375	4.900101	-101.5244
614.6875	4.906473	-101.4547
615	4.908227	-101.3858
615.3125	4.904948	-101.3767
615.625	4.910236	-101.1431
615.9375	4.881472	-100.9812
616.25	4.895366	-100.7299
616.5625	4.879523	-100.5246
616.875	4.882357	-100.1018
617.1875	4.882668	-99.68217
617.5	4.905085	-99.1408
617.8125	4.940194	-98.73513
618.125	4.990588	-98.24077
618.4375	5.044436	-97.81366
618.75	5.115211	-97.52716
619.0625	5.194416	-97.01676
619.375	5.279599	-96.74423
619.6875	5.369501	-96.55653
620	5.458426	-96.55298
620.3125	5.543661	-96.47247
620.625	5.622159	-96.60546
620.9375	5.68911	-96.6151
621.25	5.769603	-96.65755
621.5625	5.82653	-96.92535
621.875	5.872883	-96.97928
622.1875	5.914406	-97.30056
622.5	5.960376	-97.34869
622.8125	5.988653	-97.65946
623.125	6.012203	-97.76598
623.4375	6.030573	-97.75584
623.75	6.061928	-97.92609
624.0625	6.076774	-97.8494
624.375	6.102073	-97.94605
624.6875	6.11603	-98.00292
625	6.145582	-97.98175
625.3125	6.174167	-97.94221
625.625	6.195343	-97.92829
625.9375	6.219118	-97.90866
626.25	6.256812	-97.90318
626.5625	6.2782	-97.90701
626.875	6.313807	-97.83105
627.1875	6.347132	-97.99289
627.5	6.386531	-97.95394
627.8125	6.411428	-97.99483
628.125	6.435107	-97.98331
628.4375	6.473439	-98.14948
628.75	6.494796	-98.19919
629.0625	6.515537	-98.22174
629.375	6.542559	-98.34173
629.6875	6.570575	-98.34143
630	6.589248	-98.40777
630.3125	6.599713	-98.47137
630.625	6.627095	-98.48374
630.9375	6.637926	-98.42113
631.25	6.671583	-98.54115
631.5625	6.689072	-98.53558
631.875	6.711211	-98.57233
632.1875	6.724682	-98.6431
632.5	6.754394	-98.73099
632.8125	6.769462	-98.69867
633.125	6.784259	-98.67949
633.4375	6.789741	-98.75387
633.75	6.813899	-98.59773
634.0625	6.828325	-98.77896
634.375	6.845145	-98.79295
634.6875	6.851153	-98.9108
635	6.864154	-98.80073
635.3125	6.883433	-98.80668
635.625	6.877203	-98.83024
635.9375	6.89783	-98.72258
636.25	6.915019	-98.68158
636.5625	6.920832	-98.6572
636.875	6.920983	-98.65845
637.1875	6.938909	-98.47824
637.5	6.95461	-98.35062
637.8125	6.971998	-98.02079
638.125	6.991572	-97.90559
638.4375	7.023311	-97.68325
638.75	7.062679	-97.69234
639.0625	7.099142	-97.52404
639.375	7.144875	-97.34379
639.6875	7.195262	-97.41309
640	7.231398	-97.30398
640.3125	7.280025	-97.27866
640.625	7.317951	-97.31311
640.9375	7.359012	-97.37816
641.25	7.398358	-97.5219
641.5625	7.428095	-97.37196
641.875	7.451762	-97.4305
642.1875	7.487132	-97.61775
642.5	7.513837	-97.60469
642.8125	7.536534	-97.71684
643.125	7.559777	-97.70717
643.4375	7.575976	-97.71935
643.75	7.612009	-97.65113
644.0625	7.634771	-97.76005
644.375	7.654402	-97.69896
644.6875	7.686872	-97.74357
645	7.710171	-97.79022
645.3125	7.738696	-97.85786
645.625	7.774102	-97.7833
645.9375	7.795395	-97.7138
646.25	7.830657	-97.78738
646.5625	7.856886	-97.91492
646.875	7.883749	-97.86769
647.1875	7.912838	-97.95465
647.5	7.94005	-97.97257
647.8125	7.966626	-97.96108
648.125	7.983384	-98.13622
648.4375	8.016085	-98.08007
648.75	8.029093	-98.03326
649.0625	8.056377	-98.16926
649.375	8.083911	-98.27575
649.6875	8.105887	-98.35019
650	8.131119	-98.28899
650.3125	8.152343	-98.25057
650.625	8.177247	-98.31735
650.9375	8.198756	-98.30474
651.25	8.217772	-98.44538
651.5625	8.23859	-98.38174
651.875	8.258232	-98.41622
652.1875	8.28826	-98.37916
652.5	8.310346	-98.41783
652.8125	8.33373	-98.43484
653.125	8.360414	-98.43752
653.4375	8.384599	-98.49752
653.75	8.40711	-98.5675
654.0625	8.432444	-98.64138
654.375	8.455299	-98.5437
654.6875	8.476371	-98.64767
655	8.503367	-98.79256
655.3125	8.525967	-98.7677
655.625	8.558868	-98.77565
655.9375	8.575229	-98.78368
656.25	8.584139	-98.96261
656.5625	8.605432	-99.10569
656.875	8.614756	-99.10075
657.1875	8.627842	-98.99253
657.5	8.649343	-99.11001
657.8125	8.658726	-99.06796
658.125	8.677251	-99.06306
658.4375	8.712598	-99.07216
658.75	8.720314	-99.13679
659.0625	8.729785	-99.17379
659.375	8.744272	-99.17033
659.6875	8.753442	-99.33712
660	8.75882	-99.17868
660.3125	8.773166	-99.17928
660.625	8.77235	-99.18417
660.9375	8.77445	-99.10678
661.25	8.768974	-99.03078
661.5625	8.773983	-98.86842
661.875	8.797728	-98.76016
662.1875	8.796409	-98.53613
662.5	8.811478	-98.42874
662.8125	8.830251	-98.23167
663.125	8.854984	-97.84544
663.4375	8.882549	-97.64383
663.75	8.925067	-97.31492
664.0625	8.976684	-97.11691
664.375	9.021227	-96.93251
664.6875	9.081167	-96.92506
665	9.138214	-96.83276
665.3125	9.188765	-96.78727
665.625	9.244028	-96.74108
665.9375	9.297706	-96.63228
666.25	9.342535	-96.71321
666.5625	9.389765	-96.68542
666.875	9.434853	-96.71464
667.1875	9.47858	-96.81973
667.5	9.512502	-96.93417
667.8125	9.558872	-96.86074
668.125	9.590072	-96.9407
668.4375	9.623135	-96.96712
668.75	9.665714	-96.96378
669.0625	9.695491	-97.03579
669.375	9.731032	-96.93706
669.6875	9.757014	-97.04546
670	9.788076	-97.00123
670.3125	9.820209	-97.13824
670.625	9.855934	-97.03769
670.9375	9.890665	-97.1316
671.25	9.925913	-96.96059
671.5625	9.970581	-97.04436
671.875	9.997072	-97.15128
672.1875	10.0376	-97.06573
672.5	10.0751	-96.99647
672.8125	10.11395	-97.09708
673.125	10.14087	-96.99744
673.4375	10.18369	-97.02064
673.75	10.21707	-97.00144
674.0625	10.26151	-97.12315
674.375	10.2822	-97.11333
674.6875	10.32493	-97.1832
675	10.3619	-97.31741
675.3125	10.39752	-97.25494
675.625	10.42527	-97.36071
675.9375	10.46262	-97.3549
676.25	10.49039	-97.27155
676.5625	10.52233	-97.27578
676.875	10.55623	-97.29705
677.1875	10.57964	-97.29752
677.5	10.61134	-97.39937
677.8125	10.64227	-97.33285
678.125	10.67547	-97.38128
678.4375	10.70463	-97.32224
678.75	10.7367	-97.31741
679.0625	10.77234	-97.25998
679.375	10.80146	-97.26804
679.6875	10.83838	-97.22409
680	10.87726	-97.32688
680.3125	10.91682	-97.07627
680.625	10.95792	-97.23682
680.9375	10.99214	-97.27805
681.25	11.02618	-97.21091
681.5625	11.06957	-97.16588
681.875	11.10852	-97.14931
682.1875	11.14326	-97.07369
682.5	11.18926	-97.13534
682.8125	11.2304	-97.15147
683.125	11.27127	-97.12379
683.4375	11.29961	-97.17606
683.75	11.34084	-97.19331
684.0625	11.36855	-97.22228
684.375	11.41055	-97.3282
684.6875	11.43784	-97.2501
685	11.47582	-97.0846
685.3125	11.51706	-97.11952
685.625	11.56438	-97.13015
685.9375	11.60213	-97.05527
686.25	11.65127	-97.07432
686.5625	11.68925	-97.06677
686.875	11.72208	-97.14972
687.1875	11.76701	-96.98627
687.5	11.8043	-96.95409
687.8125	11.85054	-96.8651
688.125	11.89735	-96.97005
688.4375	11.93863	-96.94289
688.75	11.98301	-96.89132
689.0625	12.02919	-96.82157
689.375	12.07862	-96.81939
689.6875	12.12595	-96.66425
690	12.18621	-96.70195
690.3125	12.24285	-96.62148
690.625	12.30239	-96.70395
690.9375	12.37041	-96.69747
691.25	12.42842	-96.72356
691.5625	12.49936	-96.82313
691.875	12.5539	-97.04248
692.1875	12.59097	-97.20866
692.5	12.62833	-97.2941
692.8125	12.66484	-97.35217
693.125	12.71523	-97.32233
693.4375	12.76016	-97.43768
693.75	12.80852	-97.43462
694.0625	12.8575	-97.48924
694.375	12.89897	-97.41964
694.6875	12.95733	-97.55895
695	13.00223	-97.64825
695.3125	13.05553	-97.78839
695.625	13.1021	-97.9038
695.9375	13.14581	-97.87764
696.25	13.18991	-98.02411
696.5625	13.23563	-98.0997
696.875	13.27692	-98.09138
697.1875	13.31819	-98.19376
697.5	13.36085	-98.36785
697.8125	13.40463	-98.46491
698.125	13.43985	-98.42741
698.4375	13.48059	-98.43444
698.75	13.52908	-98.45267
699.0625	13.5676	-98.54143
699.375	13.60734	-98.52462
699.6875	13.65478	-98.70081
700	13.70316	-98.72323
700.3125	13.74307	-98.79216
700.625	13.78925	-98.80938
700.9375	13.83768	-98.83587
701.25	13.88494	-98.84235
701.5625	13.93041	-98.79613
701.875	13.97948	-98.81261
702.1875	14.02561	-98.96474
702.5	14.07218	-99.0845
702.8125	14.11603	-99.06232
703.125	14.1662	-99.04935
703.4375	14.21048	-99.05609
703.75	14.26264	-99.27777
704.0625	14.31038	-99.35253
704.375	14.35866	-99.35772
704.6875	14.40902	-99.34063
705	14.45799	-99.45406
705.3125	14.50326	-99.48075
705.625	14.55261	-99.50062
705.9375	14.59956	-99.65352
706.25	14.65259	-99.61403
706.5625	14.69729	-99.66688
706.875	14.74589	-99.78829
707.1875	14.79469	-99.76172
707.5	14.84291	-99.89617
707.8125	14.89727	-99.87628
708.125	14.94209	-99.95349
708.4375	14.9941	-100.0412
708.75	15.03812	-100.131
709.0625	15.08395	-100.2414
709.375	15.128	-100.1622
709.6875	15.17581	-100.2715
710	15.22289	-100.3573
710.3125	15.2748	-100.3031
710.625	15.31731	-100.3381
710.9375	15.36376	-100.414
711.25	15.40629	-100.407
711.5625	15.45538	-100.5156
711.875	15.50298	-100.4981
712.1875	15.55057	-100.5311
712.5	15.6006	-100.5267
712.8125	15.646	-100.4503
713.125	15.69622	-100.546
713.4375	15.74192	-100.4231
713.75	15.79058	-100.3851
714.0625	15.84543	-100.3886
714.375	15.89868	-100.2878
714.6875	15.95646	-100.2635
715	16.01209	-100.3555
715.3125	16.06941	-100.2005
715.625	16.13083	-100.2811
715.9375	16.192	-100.1397
716.25	16.25245	-100.1451
716.5625	16.31828	-100.0607
716.875	16.38391	-99.93562
717.1875	16.45703	-99.91409
717.5	16.52725	-99.89
717.8125	16.6023	-99.85007
718.125	16.67701	-99.83237
718.4375	16.75416	-99.81328
718.75	16.83512	-99.84651
719.0625	16.91171	-100.0082
719.375	16.99351	-100.0239
719.6875	17.06997	-99.98907
720	17.14642	-100.0218
720.3125	17.22841	-100.11
720.625	17.31141	-100.2224
720.9375	17.3906	-100.2663
721.25	17.46973	-100.2664
721.5625	17.54722	-100.3982
721.875	17.62343	-100.5272
722.1875	17.70362	-100.6465
722.5	17.77927	-100.6802
722.8125	17.85435	-100.8021
723.125	17.93007	-100.9123
723.4375	18.00778	-100.9574
723.75	18.07816	-101.0934
724.0625	18.15543	-101.1366
724.375	18.22819	-101.0848
724.6875	18.30774	-101.2256
725	18.38858	-101.329
725.3125	18.47026	-101.4049
725.625	18.55071	-101.5517
725.9375	18.6378	-101.5444
726.25	18.72241	-101.672
726.5625	18.79994	-101.7411
726.875	18.8865	-101.8321
727.1875	18.97292	-102.0613
727.5	19.05565	-102.0323
727.8125	19.14326	-102.1924
728.125	19.22796	-102.2694
728.4375	19.3129	-102.4458
728.75	19.40248	-102.5821
729.0625	19.48591	-102.6021
729.375	19.57551	-102.7539
729.6875	19.6671	-102.9064
730	19.75364	-103.041
730.3125	19.84145	-103.1308
730.625	19.92976	-103.3081
730.9375	20.01561	-103.4239
731.25	20.10332	-103.575
731.5625	20.19312	-103.6408
731.875	20.2856	-103.909
732.1875	20.37496	-104.0064
732.5	20.46539	-104.1424
732.8125	20.55453	-104.2383
733.125	20.64465	-104.4401
733.4375	20.7368	-104.62
733.75	20.82587	-104.718
734.0625	20.91984	-104.831
734.375	21.01077	-105.0098
734.6875	21.10727	-105.1043
735	21.20143	-105.2595
735.3125	21.29309	-105.4385
735.625	21.38725	-105.5705
735.9375	21.48708	-105.703
736.25	21.58836	-105.7427
736.5625	21.68635	-105.9975
736.875	21.78921	-106.0835
737.1875	21.891	-106.1803
737.5	21.99414	-106.2505
737.8125	22.10409	-106.3181
738.125	22.21459	-106.3322
738.4375	22.32978	-106.5159
738.75	22.44905	-106.6479
739.0625	22.57069	-106.7135
739.375	22.69893	-106.7426
739.6875	22.82438	-106.9581
740	22.95568	-107.2351
740.3125	23.08836	-107.2801
740.625	23.22358	-107.497
740.9375	23.36363	-107.5605
741.25	23.50074	-107.775
741.5625	23.64125	-108.0127
741.875	23.78048	-108.2844
742.1875	23.92268	-108.5239
742.5	24.0676	-108.8094
742.8125	24.21083	-109.112
743.125	24.35788	-109.3105
743.4375	24.50272	-109.6455
743.75	24.65037	-109.9989
744.0625	24.80025	-110.3461
744.375	24.94833	-110.6123
744.6875	25.09856	-110.9595
745	25.25314	-111.3072
745.3125	25.41108	-111.6021
745.625	25.56977	-112.0405
745.9375	25.72854	-112.3229
746.25	25.88967	-112.6748
746.5625	26.05249	-113.1106
746.875	26.22069	-113.663
747.1875	26.39095	-114.01
747.5	26.56464	-114.3185
747.8125	26.74047	-114.805
748.125	26.92271	-115.3154
748.4375	27.10362	-115.7422
748.75	27.28604	-116.2033
749.0625	27.47277	-116.6625
749.375	27.66491	-117.3242
749.6875	27.85669	-117.8349
750	28.05214	-118.4197
750.3125	28.25366	-118.9306
750.625	28.45921	-119.5195
750.9375	28.66972	-120.2645
751.25	28.88328	-120.9189
751.5625	29.10203	-121.5526
751.875	29.32759	-122.2381
752.1875	29.55544	-123.1126
752.5	29.7866	-123.8967
752.8125	30.02458	-124.665
753.125	30.26629	-125.4895
753.4375	30.51683	-126.4008
753.75	30.77165	-127.4423
754.0625	31.03257	-128.4193
754.375	31.29791	-129.4225
754.6875	31.57107	-130.5742
755	31.85041	-131.8528
755.3125	32.13644	-133.1135
755.625	32.43148	-134.4715
755.9375	32.73317	-135.8548
756.25	33.04619	-137.3361
756.5625	33.36687	-139.0647
756.875	33.69606	-140.7564
757.1875	34.03416	-142.7069
757.5	34.37625	-144.8584
757.8125	34.72535	-147.0864
758.125	35.0777	-149.6999
758.4375	35.42311	-152.4933
758.75	35.75234	-155.576
759.0625	36.064	-158.9336
759.375	36.3502	-162.4574
759.6875	36.60851	-166.1369
760	36.8336	-170.153
760.3125	37.01769	-174.3444
760.625	37.16014	-178.6945
760.9375	37.25878	176.8223
761.25	37.31351	172.3496
761.5625	37.323	167.8781
761.875	37.2882	163.1853
762.1875	37.21022	158.712
762.5	37.08878	154.2197
762.8125	36.92426	149.688
763.125	36.71981	145.4339
763.4375	36.47531	140.8747
763.75	36.19334	136.7382
764.0625	35.87579	132.807
764.375	35.52336	128.9992
764.6875	35.13873	125.196
765	34.72249	121.7093
765.3125	34.27679	118.4621
765.625	33.80496	115.4077
765.9375	33.31024	112.4707
766.25	32.79594	109.9114
766.5625	32.26522	107.5995
766.875	31.72298	105.5925
767.1875	31.17272	103.9467
767.5	30.62072	102.4408
767.8125	30.07209	101.1831
768.125	29.53074	100.3265
768.4375	29.00242	99.77401
768.75	28.49142	99.3175
769.0625	27.99945	98.98051
769.375	27.52857	98.93828
769.6875	27.07913	98.91729
770	26.65271	99.04275
770.3125	26.24469	99.35954
770.625	25.85326	99.47455
770.9375	25.47393	99.74268
771.25	25.10204	99.94012
771.5625	24.73312	100.2583
771.875	24.37027	100.6465
772.1875	24.00004	100.9431
772.5	23.62758	101.5108
772.8125	23.24798	101.8472
773.125	22.86427	102.5662
773.4375	22.46494	103.3314
773.75	22.05595	104.1562
774.0625	21.64017	105.2232
774.375	21.21209	106.581
774.6875	20.78626	108.2831
775	20.3598	110.2815
775.3125	19.94793	112.855
775.625	19.56109	115.8111
775.9375	19.22105	119.357
776.25	18.94046	123.1804
776.5625	18.75236	127.5935
776.875	18.66995	132.3673
777.1875	18.7168	137.1981
777.5	18.90067	142.2812
777.8125	19.23231	147.0258
778.125	19.69872	151.4144
778.4375	20.27141	155.0161
778.75	20.93833	157.7434
779.0625	21.65219	159.7087
779.375	22.39744	160.7958
779.6875	23.1463	161.1072
780	23.871	160.4829
780.3125	24.55721	159.1586
780.625	25.18825	157.1491
780.9375	25.7385	154.4893
781.25	26.20819	151.4191
781.5625	26.5893	148.1662
781.875	26.88626	144.7409
782.1875	27.10251	141.0774
782.5	27.24838	137.6826
782.8125	27.32862	134.1218
783.125	27.34874	130.8142
783.4375	27.32203	127.6558
783.75	27.25191	124.4685
784.0625	27.14022	121.533
784.375	26.99091	118.9256
784.6875	26.80993	116.3711
785	26.60121	114.0235
785.3125	26.36856	111.7845
785.625	26.11803	109.974
785.9375	25.85369	108.369
786.25	25.58231	106.9467
786.5625	25.30639	105.8596
786.875	25.03345	104.7741
787.1875	24.76657	104.0868
787.5	24.51185	103.5451
787.8125	24.27036	103.0467
788.125	24.04757	102.7963
788.4375	23.84364	102.4809
788.75	23.65982	102.5292
789.0625	23.49474	102.5835
789.375	23.3472	102.4453
789.6875	23.21479	102.4947
790	23.09561	102.3848
790.3125	22.98859	102.4055
790.625	22.89246	102.2361
790.9375	22.80229	102.1085
791.25	22.7157	101.8723
791.5625	22.63281	101.5603
791.875	22.55027	101.4115
792.1875	22.46655	101.2311
792.5	22.38621	100.9184
792.8125	22.30402	100.5567
793.125	22.22001	100.2977
793.4375	22.1354	100.0768
793.75	22.05141	99.77765
794.0625	21.96739	99.47144
794.375	21.88546	99.37079
794.6875	21.80538	99.07274
795	21.72245	98.89825
795.3125	21.64784	98.74551
795.625	21.57079	98.3134
795.9375	21.49665	98.16975
796.25	21.42697	98.07539
796.5625	21.36016	97.88136
796.875	21.29688	97.60952
797.1875	21.23675	97.29127
797.5	21.17865	97.13097
797.8125	21.1203	96.8569
798.125	21.06647	96.64629
798.4375	21.01417	96.40203
798.75	20.96329	96.16221
799.0625	20.91515	95.88731
799.375	20.86723	95.55607
799.6875	20.81756	95.25808
800	20.77261	94.80862
800.3125	20.73041	94.3793
800.625	20.68632	93.99947
800.9375	20.63928	93.59995
801.25	20.59397	93.22986
801.5625	20.54863	92.67294
801.875	20.50427	92.14185
802.1875	20.45938	91.70576
802.5	20.41328	91.00632
802.8125	20.36444	90.26184
803.125	20.31543	89.49414
803.4375	20.2618	88.87397
803.75	20.20498	87.98021
804.0625	20.13582	87.00841
804.375	20.05535	85.96938
804.6875	19.94936	84.58505
805	19.81714	83.24802
805.3125	19.64102	81.95715
805.625	19.41097	80.45777
805.9375	19.12116	79.19463
806.25	18.77671	78.28315
806.5625	18.40763	77.68433
806.875	18.01749	77.60754
807.1875	17.62706	77.91031
807.5	17.2557	78.63941
807.8125	16.92227	79.77343
808.125	16.6403	81.10815
808.4375	16.41398	82.86285
808.75	16.25565	84.64629
809.0625	16.15208	86.35773
809.375	16.10616	87.97855
809.6875	16.1027	89.46722
810	16.12593	90.74167
810.3125	16.17179	91.73074
810.625	16.23324	92.44236
810.9375	16.2908	93.09124
811.25	16.34835	93.45177
811.5625	16.3965	93.77296
811.875	16.43704	93.96385
812.1875	16.46713	93.9837
812.5	16.48395	93.81396
812.8125	16.49141	93.88678
813.125	16.49078	93.81778
813.4375	16.47529	93.59555
813.75	16.45652	93.33321
814.0625	16.42934	93.24935
814.375	16.39908	93.28182
814.6875	16.36336	93.1702
815	16.32858	93.14878
815.3125	16.28609	92.96976
815.625	16.24069	92.85392
815.9375	16.19833	92.91016
816.25	16.15326	92.77756
816.5625	16.11001	92.8326
816.875	16.05906	92.72152
817.1875	16.01143	92.77891
817.5	15.96316	92.80409
817.8125	15.91926	92.83929
818.125	15.87436	92.71786
818.4375	15.82244	92.65289
818.75	15.77417	92.70811
819.0625	15.72343	92.74557
819.375	15.67825	92.77287
819.6875	15.62864	92.93612
820	15.57893	92.90073
820.3125	15.53316	93.00367
820.625	15.48683	93.0813
820.9375	15.44328	93.11588
821.25	15.39975	93.16577
821.5625	15.35358	93.30221
821.875	15.31182	93.41203
822.1875	15.2699	93.52621
822.5	15.22816	93.57568
822.8125	15.18716	93.64713
823.125	15.14928	93.79103
823.4375	15.1152	93.9003
823.75	15.08414	94.05781
824.0625	15.05443	94.13924
824.375	15.02191	94.16395
824.6875	14.9942	94.16098
825	14.95936	94.27658
825.3125	14.9325	94.5078
825.625	14.91231	94.53133
825.9375	14.88515	94.57608
826.25	14.86691	94.77966
826.5625	14.84012	94.72815
826.875	14.81981	94.84069
827.1875	14.80029	94.83183
827.5	14.7788	94.73456
827.8125	14.75839	94.85269
828.125	14.72693	94.83138
828.4375	14.69906	94.88953
828.75	14.67036	94.93504
829.0625	14.64266	94.90171
829.375	14.62196	94.94208
829.6875	14.59419	94.83094
830	14.57468	94.81931
830.3125	14.54834	94.88121
830.625	14.52588	94.9516
830.9375	14.49739	94.85786
831.25	14.46786	94.85878
831.5625	14.44148	94.63277
831.875	14.4126	94.81254
832.1875	14.38131	94.77662
832.5	14.34726	94.73388
832.8125	14.31618	94.67431
833.125	14.28085	94.73793
833.4375	14.24638	94.77492
833.75	14.20612	94.70212
834.0625	14.17296	94.80457
834.375	14.13518	94.88445
834.6875	14.10383	94.93967
835	14.06596	94.94483
835.3125	14.03182	94.97375
835.625	14.00459	95.03374
835.9375	13.96885	95.07012
836.25	13.94071	95.2604
836.5625	13.91632	95.42889
836.875	13.8931	95.35585
837.1875	13.86254	95.41135
837.5	13.84099	95.60625
837.8125	13.81073	95.58853
838.125	13.78981	95.63351
838.4375	13.76989	95.84716
838.75	13.75209	95.97491
839.0625	13.72935	96.10714
839.375	13.7077	96.10403
839.6875	13.69134	96.29395
840	13.67174	96.31166
840.3125	13.6618	96.45132
840.625	13.64519	96.57339
840.9375	13.62933	96.56223
841.25	13.62114	96.57684
841.5625	13.60736	96.64336
841.875	13.59655	96.64349
842.1875	13.58138	96.79244
842.5	13.5763	96.87809
842.8125	13.56023	96.86438
843.125	13.54592	97.00037
843.4375	13.53509	96.843
843.75	13.52784	96.93653
844.0625	13.51141	97.07008
844.375	13.51058	97.18551
844.6875	13.49844	97.24957
845	13.49853	97.1488
845.3125	13.4894	97.32719
845.625	13.4799	97.20698
845.9375	13.47409	97.30614
846.25	13.46955	97.25856
846.5625	13.46562	97.34515
846.875	13.46535	97.41592
847.1875	13.46444	97.46561
847.5	13.46659	97.42197
847.8125	13.46752	97.42496
848.125	13.47058	97.41966
848.4375	13.47738	97.36723
848.75	13.47536	97.31761
849.0625	13.48278	97.27667
849.375	13.49119	97.21307
849.6875	13.49267	97.09228
850	13.49554	96.99088
850.3125	13.49606	96.82554
850.625	13.49353	96.7803
850.9375	13.49114	96.64341
851.25	13.49399	96.39642
851.5625	13.47468	96.14059
851.875	13.4604	95.96655
852.1875	13.44544	95.80778
852.5	13.42518	95.65517
852.8125	13.3979	95.42831
853.125	13.37317	95.16164
853.4375	13.34032	95.15128
853.75	13.30348	95.01447
854.0625	13.27185	94.87168
854.375	13.2412	94.75375
854.6875	13.2084	94.67985
855	13.16881	94.68136
855.3125	13.13486	94.60506
855.625	13.09738	94.63123
855.9375	13.07046	94.64666
856.25	13.03348	94.44933
856.5625	13.00792	94.6834
856.875	12.97442	94.71379
857.1875	12.95156	94.6514
857.5	12.9246	94.62653
857.8125	12.90477	94.71374
858.125	12.88022	94.70771
858.4375	12.85685	94.75984
858.75	12.83835	94.85914
859.0625	12.82483	94.94409
859.375	12.80538	94.89362
859.6875	12.78842	95.05015
860	12.77697	95.08556
860.3125	12.76977	95.01981
860.625	12.75839	95.12586
860.9375	12.74406	95.09672
861.25	12.74279	95.13298
861.5625	12.73308	95.08648
861.875	12.72497	95.09056
862.1875	12.72982	95.2184
862.5	12.71684	95.10439
862.8125	12.71093	95.19513
863.125	12.70083	95.07972
863.4375	12.69622	95.08221
863.75	12.69151	95.06351
864.0625	12.68266	94.94361
864.375	12.67339	94.94888
864.6875	12.66337	94.73399
865	12.64844	94.78416
865.3125	12.63236	94.69122
865.625	12.61706	94.57209
865.9375	12.60513	94.45712
866.25	12.58217	94.42748
866.5625	12.5648	94.46407
866.875	12.54597	94.38735
867.1875	12.52223	94.19265
867.5	12.49819	94.13686
867.8125	12.47374	94.12225
868.125	12.4514	94.25442
868.4375	12.43431	94.16109
868.75	12.41437	94.10475
869.0625	12.38991	94.15588
869.375	12.37001	94.1666
869.6875	12.34403	94.17628
870	12.32689	94.04419
870.3125	12.30843	94.12757
870.625	12.28242	94.1665
870.9375	12.27212	94.17415
871.25	12.24994	94.24933
871.5625	12.23172	94.26606
871.875	12.2188	94.11674
872.1875	12.20503	94.27548
872.5	12.18468	94.34322
872.8125	12.17681	94.40137
873.125	12.1631	94.35863
873.4375	12.14793	94.40701
873.75	12.14728	94.44817
874.0625	12.13527	94.58157
874.375	12.13289	94.5114
874.6875	12.1165	94.45284
875	12.11303	94.48653
875.3125	12.10541	94.53985
875.625	12.09511	94.63175
875.9375	12.09222	94.52097
876.25	12.08171	94.49867
876.5625	12.07744	94.60296
876.875	12.06456	94.59026
877.1875	12.06312	94.605
877.5	12.05906	94.68806
877.8125	12.04512	94.59729
878.125	12.04933	94.45535
878.4375	12.04036	94.66039
878.75	12.03129	94.65983
879.0625	12.02067	94.51855
879.375	12.00166	94.38884
879.6875	12.00079	94.36215
880	11.99706	94.42516
880.3125	11.99256	94.43847
880.625	11.97962	94.40627
880.9375	11.96885	94.26033
881.25	11.96559	94.30701
881.5625	11.95096	94.20522
881.875	11.93565	94.22147
882.1875	11.91463	94.09789
882.5	11.91174	94.16226
882.8125	11.89813	94.02592
883.125	11.88855	94.18494
883.4375	11.88087	94.12877
883.75	11.86528	94.18345
884.0625	11.85098	94.23573
884.375	11.841	94.21694
884.6875	11.83376	94.21563
885	11.82219	94.02975
885.3125	11.80827	94.11606
885.625	11.79877	94.19385
885.9375	11.79013	94.07365
886.25	11.78236	94.16581
886.5625	11.77836	94.14142
886.875	11.77337	94.21052
887.1875	11.76538	94.11337
887.5	11.76636	94.29488
887.8125	11.75352	94.30106
888.125	11.74608	94.25178
888.4375	11.7505	94.16426
888.75	11.7474	94.35868
889.0625	11.73879	94.27467
889.375	11.73566	94.3059
889.6875	11.74071	94.24487
890	11.73234	94.14453
890.3125	11.73923	94.27091
890.625	11.73669	94.34595
890.9375	11.73271	94.30701
891.25	11.73414	94.19229
891.5625	11.73237	94.12054
891.875	11.73888	94.18319
892.1875	11.73532	94.2225
892.5	11.73522	94.26762
892.8125	11.73648	94.16226
893.125	11.73063	94.15874
893.4375	11.72655	94.14765
893.75	11.73978	93.96735
894.0625	11.73274	94.14078
894.375	11.73678	94.06758
894.6875	11.73993	94.10045
895	11.75269	93.90411
895.3125	11.75592	93.90816
895.625	11.758	93.92328
895.9375	11.76424	93.7123
896.25	11.76798	93.72036
896.5625	11.77378	93.58717
896.875	11.77267	93.54404
897.1875	11.77855	93.43227
897.5	11.78465	93.36577
897.8125	11.7978	93.25204
898.125	11.79452	93.12804
898.4375	11.80142	93.13113
898.75	11.80322	93.00166
899.0625	11.80038	92.91638
899.375	11.8076	92.76977
899.6875	11.80983	92.69336
900	11.81204	92.43166
900.3125	11.81379	92.46658
900.625	11.82661	92.24876
900.9375	11.82479	92.00807
901.25	11.83335	91.82711
901.5625	11.82713	91.56172
901.875	11.83927	91.51707
902.1875	11.83766	91.20132
902.5	11.84615	90.89698
902.8125	11.84612	90.5636
903.125	11.8298	90.22757
903.4375	11.82453	90.05756
903.75	11.79348	89.56873
904.0625	11.76719	89.25323
904.375	11.73541	88.72028
904.6875	11.67541	88.39851
905	11.61398	88.19899
905.3125	11.5433	87.61971
905.625	11.47021	87.26903
905.9375	11.38334	87.06803
906.25	11.27205	87.11455
906.5625	11.17838	87.22222
906.875	11.0805	87.2675
907.1875	10.98977	87.60458
907.5	10.90825	88.03667
907.8125	10.85118	88.30706
908.125	10.79131	88.92161
908.4375	10.76903	89.4025
908.75	10.75568	89.7505
909.0625	10.75481	90.17101
909.375	10.76633	90.68777
909.6875	10.78733	90.97546
910	10.81487	91.23208
910.3125	10.84408	91.33884
910.625	10.87661	91.60551
910.9375	10.90725	91.6461
911.25	10.93533	91.74042
911.5625	10.95096	91.61437
911.875	10.9757	91.48094
912.1875	10.984	91.36709
912.5	10.98694	91.36375
912.8125	10.98296	91.23789
913.125	10.97196	91.05882
913.4375	10.96797	91.0483
913.75	10.95813	91.11398
914.0625	10.93799	91.04011
914.375	10.92849	91.00793
914.6875	10.91605	90.90307
915	10.90407	90.97061
915.3125	10.88512	90.9864
915.625	10.88897	91.04601
915.9375	10.87976	91.02486
916.25	10.88038	91.14256
916.5625	10.87367	91.24634
916.875	10.87709	91.17924
917.1875	10.87099	91.23513
917.5	10.87981	91.10336
917.8125	10.87975	91.17535
918.125	10.87616	91.23577
918.4375	10.8834	91.13781
918.75	10.87415	91.127
919.0625	10.87477	91.1526
919.375	10.87672	91.20865
919.6875	10.87428	91.02813
920	10.87139	90.92297
920.3125	10.87095	90.88187
920.625	10.86401	90.82745
920.9375	10.85709	90.77443
921.25	10.85203	90.82382
921.5625	10.85007	90.85066
921.875	10.8504	90.74521
922.1875	10.85961	90.79372
922.5	10.84514	90.7585
922.8125	10.85941	90.6218
923.125	10.85424	90.49749
923.4375	10.84828	90.39227
923.75	10.84627	90.29317
924.0625	10.84192	90.3241
924.375	10.84198	90.23753
924.6875	10.82858	90.07214
925	10.81425	89.87576
925.3125	10.78368	89.64773
925.625	10.76035	89.55642
925.9375	10.726	89.51756
926.25	10.69062	89.4643
926.5625	10.66848	89.45527
926.875	10.63025	89.46953
927.1875	10.59669	89.57174
927.5	10.56478	89.66881
927.8125	10.54126	89.80511
928.125	10.51305	89.99591
928.4375	10.49551	90.02622
928.75	10.4946	90.22001
929.0625	10.48579	90.40991
929.375	10.49582	90.62202
929.6875	10.49758	90.65925
930	10.4931	90.56116
930.3125	10.50058	90.65643
930.625	10.49625	90.77576
930.9375	10.5004	90.66358
931.25	10.49603	90.56845
931.5625	10.4971	90.56282
931.875	10.48835	90.73856
932.1875	10.47877	90.68722
932.5	10.46585	90.72829
932.8125	10.45461	90.58664
933.125	10.44514	90.69787
933.4375	10.43263	90.83839
933.75	10.42832	90.965
934.0625	10.43046	90.89438
934.375	10.42208	90.83739
934.6875	10.43057	91.09783
935	10.42407	91.26664
935.3125	10.4189	91.27163
935.625	10.42366	91.33728
935.9375	10.42482	91.29199
936.25	10.42791	91.40578
936.5625	10.42999	91.48158
936.875	10.42834	91.40308
937.1875	10.43275	91.47677
937.5	10.42893	91.39376
937.8125	10.43274	91.52778
938.125	10.441	91.52492
938.4375	10.43168	91.59693
938.75	10.44337	91.46905
939.0625	10.44415	91.56231
939.375	10.43972	91.60728
939.6875	10.44063	91.69617
940	10.44126	91.73886
940.3125	10.43704	91.69666
940.625	10.44156	91.75288
940.9375	10.44344	91.73669
941.25	10.44824	91.74361
941.5625	10.4447	91.79599
941.875	10.45518	91.81805
942.1875	10.4468	91.94171
942.5	10.45851	91.96418
942.8125	10.45777	91.99953
943.125	10.45687	92.08295
943.4375	10.47374	92.0868
943.75	10.48593	92.05569
944.0625	10.50359	92.1097
944.375	10.51397	92.13915
944.6875	10.52346	92.25138
945	10.53522	92.07829
945.3125	10.54751	92.20012
945.625	10.56219	92.11051
945.9375	10.57185	92.0415
946.25	10.59287	92.01151
946.5625	10.60864	92.00962
946.875	10.62564	92.16303
947.1875	10.63685	91.96635
947.5	10.64845	92.01306
947.8125	10.65915	91.79594
948.125	10.69006	91.6469
948.4375	10.70436	91.63519
948.75	10.72161	91.51367
949.0625	10.75362	91.40632
949.375	10.76949	91.13652
949.6875	10.78565	90.9808
950	10.80058	90.67777
950.3125	10.80551	90.1776
950.625	10.78751	89.90604
950.9375	10.78273	89.76028
951.25	10.74502	89.4115
951.5625	10.71589	89.10722
951.875	10.6733	88.88251
952.1875	10.61741	88.52354
952.5	10.56352	88.3596
952.8125	10.50261	88.34909
953.125	10.44432	88.27968
953.4375	10.37209	88.23678
953.75	10.31179	88.59455
954.0625	10.26253	88.74789
954.375	10.22607	88.92493
954.6875	10.20759	89.19063
955	10.18633	89.76871
955.3125	10.17336	89.99373
955.625	10.17075	90.06995
955.9375	10.19196	90.54395
956.25	10.19569	90.69115
956.5625	10.21451	90.77225
956.875	10.23498	90.97844
957.1875	10.25316	91.16925
957.5	10.27838	91.36736
957.8125	10.29815	91.36414
958.125	10.31559	91.27164
958.4375	10.32235	91.28214
958.75	10.34682	91.25188
959.0625	10.3576	91.30936
959.375	10.36813	91.18944
959.6875	10.36727	91.168
960	10.38007	91.14117
960.3125	10.38263	91.05106
960.625	10.37747	90.91151
960.9375	10.37304	90.95905
961.25	10.37308	90.98259
961.5625	10.36268	91.08252
961.875	10.35681	91.10262
962.1875	10.35812	91.10831
962.5	10.35816	91.0229
962.8125	10.35742	91.22533
963.125	10.35962	91.118
963.4375	10.36275	91.20583
963.75	10.37341	91.4249
964.0625	10.37867	91.27921
964.375	10.37499	91.26398
964.6875	10.38762	91.36543
965	10.37962	91.23775
965.3125	10.38522	91.32531
965.625	10.38038	91.40262
965.9375	10.3916	91.37158
966.25	10.39763	91.58018
966.5625	10.39792	91.43786
966.875	10.40152	91.36921
967.1875	10.40526	91.29707
967.5	10.40132	91.40211
967.8125	10.40257	91.47346
968.125	10.40549	91.49223
968.4375	10.41295	91.53954
968.75	10.41008	91.52978
969.0625	10.41049	91.46741
969.375	10.41485	91.55045
969.6875	10.40348	91.6542
970	10.41554	91.64771
970.3125	10.42837	91.84121
970.625	10.43358	91.85337
970.9375	10.44189	91.92799
971.25	10.45866	91.92575
971.5625	10.46293	91.75477
971.875	10.46552	91.77911
972.1875	10.47622	91.84647
972.5	10.48823	91.91539
972.8125	10.50244	92.16957
973.125	10.51938	91.98208
973.4375	10.52881	91.94616
973.75	10.54087	92.0171
974.0625	10.56035	92.0442
974.375	10.57714	92.10583
974.6875	10.5886	91.95918
975	10.60555	91.91769
975.3125	10.61652	92.08083
975.625	10.63145	92.06811
975.9375	10.64175	92.03868
976.25	10.6684	91.87887
976.5625	10.6853	91.75703
976.875	10.69839	91.67738
977.1875	10.70609	91.61617
977.5	10.72604	91.47651
977.8125	10.72954	91.37962
978.125	10.73825	91.38064
978.4375	10.74158	91.23295
978.75	10.74654	90.85294
979.0625	10.74624	90.85923
979.375	10.74054	90.78212
979.6875	10.73625	90.72824
980	10.73613	90.55411
980.3125	10.72307	90.45522
980.625	10.70242	90.487
980.9375	10.69698	90.32891
981.25	10.68736	90.45087
981.5625	10.68	90.33879
981.875	10.67126	90.3593
982.1875	10.65277	90.3681
982.5	10.64236	90.35783
982.8125	10.6236	90.43417
983.125	10.62513	90.40386
983.4375	10.61411	90.46108
983.75	10.6219	90.54292
984.0625	10.60755	90.57899
984.375	10.59869	90.72975
984.6875	10.60449	90.66302
985	10.60485	90.70296
985.3125	10.61008	90.98726
985.625	10.61871	90.97829
985.9375	10.63029	91.10333
986.25	10.64749	91.12699
986.5625	10.64419	91.12479
986.875	10.66286	91.17429
987.1875	10.67031	91.26846
987.5	10.68778	91.29028
987.8125	10.70253	91.26878
988.125	10.70787	91.23293
988.4375	10.72224	91.21381
988.75	10.71452	91.36738
989.0625	10.73187	91.2888
989.375	10.73241	91.28073
989.6875	10.74399	91.29662
990	10.74703	91.39172
990.3125	10.75299	91.46014
990.625	10.77015	91.32557
990.9375	10.77882	91.42433
991.25	10.79508	91.38078
991.5625	10.79359	91.2456
991.875	10.80909	91.45385
992.1875	10.82069	91.65035
992.5	10.84201	91.34561
992.8125	10.84594	91.37251
993.125	10.86112	91.33268
993.4375	10.87268	91.41117
993.75	10.89113	91.49429
994.0625	10.90089	91.49217
994.375	10.92055	91.57467
994.6875	10.94067	91.6424
995	10.9504	91.50694
995.3125	10.97097	91.53601
995.625	10.99421	91.48947
995.9375	11.01395	91.55082
996.25	11.02908	91.55286
996.5625	11.05854	91.54942
996.875	11.07076	91.3509
997.1875	11.10051	91.35537
997.5	11.11223	91.26349
997.8125	11.1276	91.03928
998.125	11.14588	91.06087
998.4375	11.16397	91.04886
998.75	11.18201	90.97729
999.0625	11.19793	90.89941
999.375	11.20996	90.41937
999.6875	11.22444	90.51597
1000	11.21077	90.14168
1000.3125	11.23154	90.10515
1000.625	11.23262	90.15409
1000.9375	11.24428	90.12896
1001.25	11.24133	90.07845
1001.5625	11.24694	89.9011
1001.875	11.25504	89.78931
1002.1875	11.26264	89.70875
1002.5	11.2774	89.57214
1002.8125	11.27414	89.51169
1003.125	11.27559	89.38507
1003.4375	11.28496	89.21526
1003.75	11.28461	89.16243
1004.0625	11.27343	88.95932
1004.375	11.25641	88.79882
1004.6875	11.24494	88.812
1005	11.21591	88.60889
1005.3125	11.20909	88.85685
1005.625	11.20543	88.81561
1005.9375	11.1883	88.75155
1006.25	11.18743	88.97741
1006.5625	11.181	88.98763
1006.875	11.17986	88.92986
1007.1875	11.18992	88.96978
1007.5	11.19665	89.11418
1007.8125	11.20977	89.2393
1008.125	11.21727	89.14735
1008.4375	11.23029	89.06488
1008.75	11.24719	88.96922
1009.0625	11.25188	88.94947
1009.375	11.26019	89.10496
1009.6875	11.27581	89.13072
1010	11.2844	89.11258
1010.3125	11.29169	88.95593
1010.625	11.31032	88.91173
1010.9375	11.31921	88.86767
1011.25	11.32681	88.83823
1011.5625	11.3444	88.94123
1011.875	11.34487	88.71064
1012.1875	11.35983	88.79705
1012.5	11.36989	88.78142
1012.8125	11.38586	88.71288
1013.125	11.39968	88.63159
1013.4375	11.40229	88.53482
1013.75	11.41165	88.57137
1014.0625	11.42469	88.51969
1014.375	11.44201	88.3452
1014.6875	11.45107	88.33778
1015	11.45977	88.19427
1015.3125	11.47286	88.12671
1015.625	11.47608	87.94
1015.9375	11.47935	87.87919
1016.25	11.49069	87.63437
1016.5625	11.49249	87.73674
1016.875	11.50174	87.65112
1017.1875	11.50987	87.53799
1017.5	11.50328	87.36705
1017.8125	11.4937	87.14013
1018.125	11.49471	86.95854
1018.4375	11.48214	87.06667
1018.75	11.47839	86.93317
1019.0625	11.46453	86.84877
1019.375	11.44726	86.63215
1019.6875	11.44363	86.65173
1020	11.42931	86.77697
1020.3125	11.41787	86.58845
1020.625	11.41166	86.54482
1020.9375	11.40155	86.57738
1021.25	11.39499	86.27578
1021.5625	11.37048	86.47415
1021.875	11.35357	86.45321
1022.1875	11.34614	86.46009
1022.5	11.33482	86.5689
1022.8125	11.31344	86.40012
1023.125	11.31594	86.71761
1023.4375	11.3031	86.75723
1023.75	11.29384	86.82629
1024.0625	11.30226	86.92671
1024.375	11.30068	87.06105
1024.6875	11.30305	87.23814
1025	11.29538	87.2657
1025.3125	11.31234	87.41267
1025.625	11.32607	87.26053
1025.9375	11.33225	87.42912
1026.25	11.34604	87.59441
1026.5625	11.35835	87.59348
1026.875	11.36465	87.72023
1027.1875	11.38322	87.65939
1027.5	11.38856	87.54955
1027.8125	11.41601	87.73699
1028.125	11.4252	87.44868
1028.4375	11.43483	87.60918
1028.75	11.45894	87.72436
1029.0625	11.45615	87.55824
1029.375	11.46949	87.64659
1029.6875	11.47422	87.5159
1030	11.4906	87.64084
1030.3125	11.49925	87.55215
1030.625	11.50652	87.57
1030.9375	11.51562	87.40337
1031.25	11.52531	87.50821
1031.5625	11.52294	87.4995
1031.875	11.50985	87.55806
1032.1875	11.50849	87.45483
1032.5	11.54452	87.53531
1032.8125	11.54715	87.57048
1033.125	11.5628	87.62154
1033.4375	11.56901	87.37891
1033.75	11.57601	87.41924
1034.0625	11.58243	87.4421
1034.375	11.59385	87.56782
1034.6875	11.60569	87.46506
1035	11.60935	87.41736
1035.3125	11.61537	87.49712
1035.625	11.63368	87.47091
1035.9375	11.63239	87.42236
1036.25	11.64199	87.30798
1036.5625	11.64453	87.29288
1036.875	11.65715	87.3153
1037.1875	11.6622	87.33295
1037.5	11.66223	87.30237
1037.8125	11.66181	87.14901
1038.125	11.66702	87.20248
1038.4375	11.65937	87.27022
1038.75	11.6667	87.3501
1039.0625	11.67119	87.20016
1039.375	11.66227	87.1797
1039.6875	11.66916	87.13992
1040	11.66547	87.16235
1040.3125	11.66755	87.34193
1040.625	11.66353	87.32186
1040.9375	11.66739	87.23417
1041.25	11.66822	87.49752
1041.5625	11.67187	87.42695
1041.875	11.67301	87.57109
1042.1875	11.67489	87.59617
1042.5	11.68312	87.74891
1042.8125	11.68403	87.88513
1043.125	11.69901	87.98321
1043.4375	11.70196	88.06471
1043.75	11.70918	88.04236
1044.0625	11.71622	88.09937
1044.375	11.73263	88.12744
1044.6875	11.74765	88.18957
1045	11.76376	88.29482
1045.3125	11.78442	88.50862
1045.625	11.79777	88.52337
1045.9375	11.81316	88.60117
1046.25	11.84209	88.87557
1046.5625	11.86117	88.57674
1046.875	11.88706	88.7515
1047.1875	11.90532	88.84185
1047.5	11.9203	88.80465
1047.8125	11.94936	88.9692
1048.125	11.9746	88.88115
1048.4375	11.99828	89.02954
1048.75	12.01656	88.8135
1049.0625	12.03535	89.12678
1049.375	12.06807	88.88985
1049.6875	12.08272	89.00657
1050	12.10192	88.9619
1050.3125	12.1211	88.9299
1050.625	12.13601	88.88743
1050.9375	12.15074	88.7924
1051.25	12.16963	88.64748
1051.5625	12.19223	88.61627
1051.875	12.20361	88.76445
1052.1875	12.20479	88.85532
1052.5	12.2261	88.82479
1052.8125	12.23474	88.80167
1053.125	12.25089	88.82641
1053.4375	12.26122	88.82384
1053.75	12.27378	88.75916
1054.0625	12.27944	88.68974
1054.375	12.3065	88.89357
1054.6875	12.30748	88.96872
1055	12.3291	88.91392
1055.3125	12.34491	88.91763
1055.625	12.3658	88.93198
1055.9375	12.38624	88.86488
1056.25	12.41235	89.00565
1056.5625	12.43216	89.19467
1056.875	12.44197	89.04187
1057.1875	12.46569	89.01036
1057.5	12.48701	88.98756
1057.8125	12.50344	89.05413
1058.125	12.53088	89.07552
1058.4375	12.55682	89.07311
1058.75	12.57296	89.05779
1059.0625	12.59456	89.11349
1059.375	12.61351	89.01343
1059.6875	12.62154	88.9317
1060	12.64164	88.88643
1060.3125	12.67128	88.99268
1060.625	12.6839	88.96563
1060.9375	12.71129	88.97014
1061.25	12.73038	89.06619
1061.5625	12.75381	88.91717
1061.875	12.76712	88.9409
1062.1875	12.79821	89.06259
1062.5	12.81326	88.90479
1062.8125	12.83741	88.87773
1063.125	12.84943	88.79224
1063.4375	12.86743	88.84599
1063.75	12.88431	88.88046
1064.0625	12.89845	88.96268
1064.375	12.91925	88.78481
1064.6875	12.94585	88.92176
1065	12.96734	88.81495
1065.3125	12.98158	88.86391
1065.625	13.00585	88.91222
1065.9375	13.03208	88.87272
1066.25	13.05254	88.87504
1066.5625	13.08071	88.93558
1066.875	13.11138	88.85608
1067.1875	13.14282	88.79757
1067.5	13.1668	88.60983
1067.8125	13.19486	88.59848
1068.125	13.21152	88.51015
1068.4375	13.2405	88.78236
1068.75	13.26546	88.40577
1069.0625	13.28716	88.28858
1069.375	13.30762	88.39088
1069.6875	13.32272	88.19177
1070	13.33685	88.21613
1070.3125	13.36227	88.02814
1070.625	13.37377	87.92188
1070.9375	13.3943	88.01433
1071.25	13.4052	87.78482
1071.5625	13.41905	87.77872
1071.875	13.43216	87.8012
1072.1875	13.44283	87.65862
1072.5	13.45802	87.58281
1072.8125	13.46616	87.48734
1073.125	13.47927	87.51173
1073.4375	13.49087	87.24149
1073.75	13.5005	87.22569
1074.0625	13.50487	87.24581
1074.375	13.51987	87.36372
1074.6875	13.5298	87.06514
1075	13.54367	87.34801
1075.3125	13.54561	87.23347
1075.625	13.55615	87.18567
1075.9375	13.56856	87.27695
1076.25	13.57032	87.01323
1076.5625	13.58841	87.11543
1076.875	13.59252	87.24261
1077.1875	13.606	87.13062
1077.5	13.61319	87.2206
1077.8125	13.62864	87.29193
1078.125	13.64212	87.36477
1078.4375	13.64893	87.38402
1078.75	13.66872	87.42635
1079.0625	13.68698	87.45209
1079.375	13.70077	87.55812
1079.6875	13.72786	87.7029
1080	13.74573	87.67548
1080.3125	13.77088	87.72444
1080.625	13.79788	87.97304
1080.9375	13.8307	87.98649
1081.25	13.85452	87.83007
1081.5625	13.88231	87.87467
1081.875	13.9073	88.03207
1082.1875	13.93657	87.9577
1082.5	13.96948	87.82409
1082.8125	14.00179	88.01216
1083.125	14.0272	88.06036
1083.4375	14.06088	88.11983
1083.75	14.09736	87.92525
1084.0625	14.12415	87.90023
1084.375	14.15739	87.89401
1084.6875	14.18238	87.90067
1085	14.20915	87.90843
1085.3125	14.23451	87.72046
1085.625	14.2566	87.7943
1085.9375	14.27462	87.87756
1086.25	14.30606	87.66285
1086.5625	14.33344	87.74136
1086.875	14.36138	87.5514
1087.1875	14.39189	87.62207
1087.5	14.40755	87.55033
1087.8125	14.4379	87.442
1088.125	14.45849	87.49693
1088.4375	14.49058	87.50682
1088.75	14.51074	87.41953
1089.0625	14.53784	87.46704
1089.375	14.56054	87.27328
1089.6875	14.58963	87.29134
1090	14.61371	87.27843
1090.3125	14.63125	87.26411
1090.625	14.66261	87.16074
1090.9375	14.68785	87.0958
1091.25	14.71338	87.02467
1091.5625	14.73346	86.99216
1091.875	14.74716	86.95233
1092.1875	14.77214	86.9665
1092.5	14.79335	86.7645
1092.8125	14.81752	86.67484
1093.125	14.83673	86.81737
1093.4375	14.86187	86.68861
1093.75	14.88367	86.719
1094.0625	14.90544	86.70287
1094.375	14.92868	86.55882
1094.6875	14.95137	86.65657
1095	14.96931	86.68509
1095.3125	14.99298	86.68642
1095.625	15.01378	86.64375
1095.9375	15.04022	86.51061
1096.25	15.06574	86.61366
1096.5625	15.08413	86.51764
1096.875	15.1089	86.41489
1097.1875	15.12917	86.40948
1097.5	15.15107	86.46147
1097.8125	15.17087	86.35975
1098.125	15.18717	86.43251
1098.4375	15.21703	86.39663
1098.75	15.23068	86.49411
1099.0625	15.24749	86.48957
1099.375	15.27281	86.5591
1099.6875	15.29481	86.51172
1100	15.32341	86.3708
1100.3125	15.35142	86.53824
1100.625	15.3751	86.55637
1100.9375	15.40699	86.62412
1101.25	15.43092	86.60505
1101.5625	15.46061	86.62816
1101.875	15.49102	86.6813
1102.1875	15.52316	86.6893
1102.5	15.56361	86.76415
1102.8125	15.59835	86.69504
1103.125	15.62132	86.68706
1103.4375	15.66094	86.77343
1103.75	15.6924	86.76949
1104.0625	15.72998	86.9588
1104.375	15.75748	86.78077
1104.6875	15.80055	86.64862
1105	15.83678	86.60319
1105.3125	15.8689	86.57674
1105.625	15.90471	86.69625
1105.9375	15.94376	86.69373
1106.25	15.97841	86.79692
1106.5625	16.01026	86.76109
1106.875	16.05137	86.53209
1107.1875	16.08907	86.6999
1107.5	16.12645	86.70856
1107.8125	16.15862	86.4799
1108.125	16.19313	86.49611
1108.4375	16.23734	86.50011
1108.75	16.27267	86.58806
1109.0625	16.30748	86.49068
1109.375	16.34313	86.34843
1109.6875	16.37705	86.12464
1110	16.40688	86.26949
1110.3125	16.44296	86.48926
1110.625	16.48151	86.41922
1110.9375	16.51746	86.18227
1111.25	16.55799	86.25513
1111.5625	16.59537	86.2009
1111.875	16.63501	86.11922
1112.1875	16.66831	86.03211
1112.5	16.70239	86.14006
1112.8125	16.7422	86.0553
1113.125	16.78702	86.04158
1113.4375	16.82216	86.12368
1113.75	16.8618	85.88353
1114.0625	16.90184	85.92776
1114.375	16.94367	85.84535
1114.6875	16.98621	85.87119
1115	17.02773	85.78569
1115.3125	17.0766	85.86359
1115.625	17.11738	85.84438
1115.9375	17.16248	85.77552
1116.25	17.20255	85.81673
1116.5625	17.24326	85.57861
1116.875	17.28951	85.54474
1117.1875	17.32893	85.48866
1117.5	17.36674	85.27313
1117.8125	17.41937	85.39104
1118.125	17.46716	85.14465
1118.4375	17.51109	85.32939
1118.75	17.55965	85.34075
1119.0625	17.60741	85.13718
1119.375	17.65593	84.94061
1119.6875	17.70541	84.96275
1120	17.75064	84.87253
1120.3125	17.79932	84.7107
1120.625	17.84971	84.62759
1120.9375	17.8921	84.45978
1121.25	17.94048	84.3503
1121.5625	17.98409	84.26502
1121.875	18.03181	84.05116
1122.1875	18.0748	83.84396
1122.5	18.12075	83.70126
1122.8125	18.15947	83.60645
1123.125	18.19605	83.42127
1123.4375	18.23038	83.36835
1123.75	18.262	83.03327
1124.0625	18.29445	82.81155
1124.375	18.32539	82.77412
1124.6875	18.36046	82.7302
1125	18.39102	82.60055
1125.3125	18.41933	82.54797
1125.625	18.44899	82.45583
1125.9375	18.47974	82.24062
1126.25	18.51182	82.07336
1126.5625	18.54508	82.26855
1126.875	18.57661	82.05627
1127.1875	18.61423	82.05016
1127.5	18.6544	82.17981
1127.8125	18.68771	82.04592
1128.125	18.73199	81.95985
1128.4375	18.7771	81.97862
1128.75	18.82089	81.80193
1129.0625	18.86645	81.91846
1129.375	18.91264	81.78529
1129.6875	18.96079	81.93781
1130	19.01035	81.68417
1130.3125	19.05903	81.64038
1130.625	19.10993	81.59512
1130.9375	19.15765	81.48349
1131.25	19.21098	81.59962
1131.5625	19.25841	81.48945
1131.875	19.30366	81.40182
1132.1875	19.35423	81.09883
1132.5	19.4068	81.2038
1132.8125	19.45677	81.05296
1133.125	19.51069	81.00378
1133.4375	19.56145	80.99284
1133.75	19.61098	80.87794
1134.0625	19.66114	80.46508
1134.375	19.71174	80.60087
1134.6875	19.76414	80.56495
1135	19.81308	80.35527
1135.3125	19.86732	80.31664
1135.625	19.91856	80.09905
1135.9375	19.97042	80.1325
1136.25	20.02446	79.92619
1136.5625	20.07156	79.9835
1136.875	20.12936	79.81845
1137.1875	20.18186	79.51564
1137.5	20.23497	79.62797
1137.8125	20.29282	79.41341
1138.125	20.34509	79.30119
1138.4375	20.399	79.2153
1138.75	20.45123	79.19456
1139.0625	20.50749	78.87671
1139.375	20.56257	78.77937
1139.6875	20.61884	78.88615
1140	20.67235	78.6866
1140.3125	20.73218	78.51563
1140.625	20.78384	78.32376
1140.9375	20.83779	78.2601
1141.25	20.89569	78.02755
1141.5625	20.95613	77.96159
1141.875	21.01018	77.80383
1142.1875	21.0686	77.85352
1142.5	21.12407	77.71198
1142.8125	21.18301	77.59379
1143.125	21.24038	77.14399
1143.4375	21.29529	77.26496
1143.75	21.35343	77.19125
1144.0625	21.4157	77.01421
1144.375	21.47151	76.74007
1144.6875	21.53312	76.86336
1145	21.59356	76.73286
1145.3125	21.65329	76.67672
1145.625	21.71988	76.47978
1145.9375	21.78136	76.40515
1146.25	21.84595	76.24543
1146.5625	21.91335	76.17542
1146.875	21.98372	76.11237
1147.1875	22.05562	76.04285
1147.5	22.12538	76.02266
1147.8125	22.20259	75.75546
1148.125	22.277	75.70245
1148.4375	22.35375	75.65371
1148.75	22.43303	75.54797
1149.0625	22.51683	75.41283
1149.375	22.59957	75.27304
1149.6875	22.68213	75.0899
1150	22.76992	75.01496
1150.3125	22.85808	74.80198
1150.625	22.94522	74.42855
1150.9375	23.03253	74.32618
1151.25	23.12322	74.17685
1151.5625	23.21494	73.91971
1151.875	23.30457	73.64832
1152.1875	23.39687	73.55022
1152.5	23.48886	73.27963
1152.8125	23.58257	72.96653
1153.125	23.67943	72.72492
1153.4375	23.77011	72.55395
1153.75	23.86499	72.2042
1154.0625	23.95919	72.00719
1154.375	24.0542	71.51749
1154.6875	24.14801	71.3282
1155	24.24339	70.91783
1155.3125	24.34071	70.70607
1155.625	24.43751	70.19213
1155.9375	24.53525	69.79927
1156.25	24.63223	69.63901
1156.5625	24.73064	69.19093
1156.875	24.82619	68.87118
1157.1875	24.92502	68.56281
1157.5	25.02126	67.89803
1157.8125	25.11932	67.36298
1158.125	25.21661	67.0461
1158.4375	25.3144	66.69145
1158.75	25.41238	66.16846
1159.0625	25.51075	65.57845
1159.375	25.60662	65.04243
1159.6875	25.70232	64.62354
1160	25.79589	64.115
1160.3125	25.89063	63.50262
1160.625	25.98129	62.84806
1160.9375	26.06878	62.18089
1161.25	26.15719	61.59085
1161.5625	26.24113	60.85836
1161.875	26.32173	60.42447
1162.1875	26.3992	59.77707
1162.5	26.47621	59.21104
1162.8125	26.54604	58.48848
1163.125	26.61431	57.86752
1163.4375	26.68065	57.23866
1163.75	26.74397	56.5984
1164.0625	26.80439	55.94044
1164.375	26.86255	55.31207
1164.6875	26.91787	54.7777
1165	26.9726	54.26756
1165.3125	27.02778	53.70385
1165.625	27.08168	53.28489
1165.9375	27.13664	52.7623
1166.25	27.19226	52.20081
1166.5625	27.24904	51.64264
1166.875	27.30959	51.25161
1167.1875	27.37115	50.92524
1167.5	27.43754	50.5749
1167.8125	27.50555	50.01418
1168.125	27.58079	49.56814
1168.4375	27.65534	49.27777
1168.75	27.73607	48.79667
1169.0625	27.82029	48.34826
1169.375	27.90772	47.98162
1169.6875	28.00022	47.45993
1170	28.09595	47.15382
1170.3125	28.20039	46.77181
1170.625	28.30847	46.30796
1170.9375	28.42138	45.91082
1171.25	28.53894	45.20867
1171.5625	28.6586	44.89202
1171.875	28.78224	44.3636
1172.1875	28.90843	43.75213
1172.5	29.03927	43.27124
1172.8125	29.17393	42.46228
1173.125	29.30919	41.67551
1173.4375	29.44766	41.01894
1173.75	29.58896	40.38102
1174.0625	29.73152	39.5042
1174.375	29.87563	38.81102
1174.6875	30.0212	37.99383
1175	30.1683	36.86483
1175.3125	30.31689	36.09935
1175.625	30.46478	35.01003
1175.9375	30.61375	33.83105
1176.25	30.7602	32.71788
1176.5625	30.90808	31.80772
1176.875	31.05431	30.59458
1177.1875	31.2015	29.21183
1177.5	31.34751	27.93557
1177.8125	31.48946	26.71248
1178.125	31.63126	25.19469
1178.4375	31.77002	23.71041
1178.75	31.90584	22.21193
1179.0625	32.03755	20.58377
1179.375	32.16706	19.20295
1179.6875	32.29059	17.38252
1180	32.40978	15.49026
1180.3125	32.52312	13.64314
1180.625	32.62634	11.93608
1180.9375	32.72248	9.788568
1181.25	32.80823	7.554966
1181.5625	32.88345	5.428387
1181.875	32.94649	3.371082
1182.1875	32.99574	1.253314
1182.5	33.03042	-1.162283
1182.8125	33.04872	-3.448433
1183.125	33.04925	-5.791717
1183.4375	33.03286	-8.16154
1183.75	32.99663	-10.39727
1184.0625	32.94224	-12.99287
1184.375	32.86844	-15.26678
1184.6875	32.77702	-17.70907
1185	32.66893	-19.84766
1185.3125	32.54425	-22.18278
1185.625	32.40441	-24.54145
1185.9375	32.2508	-26.43521
1186.25	32.086	-28.47936
1186.5625	31.90842	-30.30154
1186.875	31.7211	-32.19728
1187.1875	31.5249	-34.03264
1187.5	31.31945	-35.80044
1187.8125	31.10917	-37.29834
1188.125	30.89146	-38.84398
1188.4375	30.66922	-40.28427
1188.75	30.4419	-41.66221
1189.0625	30.21117	-42.83129
1189.375	29.98017	-44.19838
1189.6875	29.74929	-45.14644
1190	29.52126	-46.07427
1190.3125	29.29486	-46.7188
1190.625	29.07616	-47.72888
1190.9375	28.86311	-48.40621
1191.25	28.65708	-48.97285
1191.5625	28.45667	-49.67122
1191.875	28.26284	-50.20135
1192.1875	28.07659	-50.74316
1192.5	27.89658	-51.1743
1192.8125	27.72345	-51.46894
1193.125	27.55594	-52.01031
1193.4375	27.39732	-52.56699
1193.75	27.23862	-53.02821
1194.0625	27.08568	-53.38374
1194.375	26.93505	-53.96517
1194.6875	26.7865	-54.22757
1195	26.63963	-54.4869
1195.3125	26.49724	-54.96125
1195.625	26.35443	-55.35429
1195.9375	26.21573	-55.79825
1196.25	26.07655	-56.31178
1196.5625	25.93732	-56.72171
1196.875	25.79813	-56.99981
1197.1875	25.65966	-57.36556
1197.5	25.52361	-57.74031
1197.8125	25.38503	-58.12486
1198.125	25.25274	-58.29309
1198.4375	25.11864	-58.70399
1198.75	24.98804	-59.08056
1199.0625	24.85876	-59.32619
1199.375	24.73036	-59.47692
1199.6875	24.60358	-59.91833
1200	24.4783	-60.04877
1200.3125	24.35263	-60.44435
1200.625	24.22891	-60.47769
1200.9375	24.10625	-60.99424
1201.25	23.98467	-61.15362
1201.5625	23.86535	-61.21593
1201.875	23.74694	-61.42873
1202.1875	23.631	-61.7024
1202.5	23.51487	-62.08596
1202.8125	23.3993	-62.11419
1203.125	23.28213	-62.43548
1203.4375	23.162	-62.52752
1203.75	23.04322	-63.02299
1204.0625	22.92053	-63.2384
1204.375	22.80063	-63.39667
1204.6875	22.67717	-63.40232
1205	22.55181	-63.76486
1205.3125	22.42798	-63.91572
1205.625	22.30107	-64.20417
1205.9375	22.17136	-64.40193
1206.25	22.04135	-64.36046
1206.5625	21.90767	-64.52594
1206.875	21.77359	-64.82403
1207.1875	21.63353	-65.00315
1207.5	21.491	-64.70265
1207.8125	21.34332	-64.85342
1208.125	21.19621	-64.91169
1208.4375	21.04376	-64.84238
1208.75	20.89719	-64.72601
1209.0625	20.75779	-64.41618
1209.375	20.61275	-64.20576
1209.6875	20.47873	-63.92161
1210	20.34337	-63.46681
1210.3125	20.22716	-62.98011
1210.625	20.11683	-62.2547
1210.9375	20.02812	-62.00663
1211.25	19.94686	-61.28628
1211.5625	19.87949	-60.58493
1211.875	19.8235	-60.24495
1212.1875	19.77661	-59.58542
1212.5	19.7412	-59.17785
1212.8125	19.71577	-58.51203
1213.125	19.69455	-58.38154
1213.4375	19.67575	-58.0375
1213.75	19.65641	-57.61703
1214.0625	19.64235	-57.39217
1214.375	19.6305	-57.25257
1214.6875	19.61687	-57.12895
1215	19.595	-56.93225
1215.3125	19.57979	-56.70511
1215.625	19.55159	-56.61032
1215.9375	19.5281	-56.62011
1216.25	19.50216	-56.57438
1216.5625	19.47776	-56.47636
1216.875	19.44491	-56.36203
1217.1875	19.41197	-56.36105
1217.5	19.38752	-56.25215
1217.8125	19.35671	-56.1036
1218.125	19.33101	-55.83284
1218.4375	19.30262	-55.85842
1218.75	19.27762	-55.74385
1219.0625	19.25274	-55.70971
1219.375	19.23129	-55.44269
1219.6875	19.21166	-55.60923
1220	19.1955	-55.41487
1220.3125	19.18253	-55.08215
1220.625	19.17253	-54.84994
1220.9375	19.15959	-54.95256
1221.25	19.15133	-54.86364
1221.5625	19.14375	-54.76033
1221.875	19.13707	-54.63836
1222.1875	19.13583	-54.41268
1222.5	19.13253	-54.51005
1222.8125	19.13906	-54.19194
1223.125	19.14194	-54.34328
1223.4375	19.14711	-54.3312
1223.75	19.15481	-54.08216
1224.0625	19.16325	-54.1415
1224.375	19.17113	-54.21795
1224.6875	19.18438	-54.21556
1225	19.19735	-54.17917
1225.3125	19.21487	-54.15051
1225.625	19.22789	-54.0337
1225.9375	19.2427	-54.26989
1226.25	19.26522	-54.17089
1226.5625	19.28227	-54.36491
1226.875	19.30565	-54.44969
1227.1875	19.32735	-54.45004
1227.5	19.35149	-54.68702
1227.8125	19.37696	-54.7706
1228.125	19.40012	-54.94225
1228.4375	19.4251	-54.97144
1228.75	19.44553	-55.15995
1229.0625	19.46819	-55.44857
1229.375	19.49744	-55.65694
1229.6875	19.52071	-56.14941
1230	19.54084	-56.12017
1230.3125	19.56126	-56.65096
1230.625	19.58015	-56.96896
1230.9375	19.5946	-57.26187
1231.25	19.62059	-57.54577
1231.5625	19.64073	-57.8593
1231.875	19.65925	-58.14476
1232.1875	19.68179	-58.50755
1232.5	19.70204	-58.9053
1232.8125	19.7188	-59.39173
1233.125	19.73444	-59.9035
1233.4375	19.74213	-60.44041
1233.75	19.74749	-60.89148
1234.0625	19.74967	-61.34167
1234.375	19.74747	-61.71567
1234.6875	19.74921	-62.40265
1235	19.73702	-62.8551
1235.3125	19.73171	-63.42743
1235.625	19.71802	-64.16908
1235.9375	19.70405	-64.59728
1236.25	19.68502	-65.18143
1236.5625	19.66622	-65.82073
1236.875	19.63944	-66.26306
1237.1875	19.6104	-66.99257
1237.5	19.57866	-67.34863
1237.8125	19.53958	-67.86607
1238.125	19.50429	-68.37102
1238.4375	19.4629	-68.90163
1238.75	19.41946	-69.42791
1239.0625	19.37486	-69.87922
1239.375	19.33073	-70.57291
1239.6875	19.28262	-71.04097
1240	19.23994	-71.33496
1240.3125	19.18804	-71.85486
1240.625	19.1341	-72.08778
1240.9375	19.08553	-72.49215
1241.25	19.03219	-73.1143
1241.5625	18.97941	-73.62282
1241.875	18.92912	-73.84811
1242.1875	18.8778	-74.02772
1242.5	18.82455	-74.42435
1242.8125	18.77475	-74.83826
1243.125	18.72308	-75.43708
1243.4375	18.66624	-75.67622
1243.75	18.61217	-76.15466
1244.0625	18.56042	-76.2788
1244.375	18.50872	-76.44913
1244.6875	18.4457	-77.05271
1245	18.38968	-77.3123
1245.3125	18.33474	-77.79769
1245.625	18.27984	-77.9106
1245.9375	18.22733	-78.23891
1246.25	18.16718	-78.608
1246.5625	18.11329	-78.655
1246.875	18.06346	-79.26135
1247.1875	18.0119	-79.40136
1247.5	17.95415	-79.68555
1247.8125	17.9001	-79.97197
1248.125	17.84761	-80.20354
1248.4375	17.7984	-80.6284
1248.75	17.7479	-80.73972
1249.0625	17.69664	-80.79235
1249.375	17.64305	-81.19382
1249.6875	17.58846	-81.46557
1250	17.5357	-82.06947
1250.3125	17.49078	-82.05245
1250.625	17.43942	-82.0762
1250.9375	17.39117	-82.57585
1251.25	17.34556	-82.65803
1251.5625	17.29681	-83.0591
1251.875	17.25636	-83.31685
1252.1875	17.2062	-83.7219
1252.5	17.16466	-83.85551
1252.8125	17.11146	-84.17658
1253.125	17.06044	-84.44956
1253.4375	17.01107	-84.65395
1253.75	16.95945	-84.93894
1254.0625	16.90785	-85.34852
1254.375	16.85905	-85.47575
1254.6875	16.80959	-85.83923
1255	16.75735	-85.886
1255.3125	16.69616	-86.65395
1255.625	16.63771	-86.98457
1255.9375	16.57562	-87.06393
1256.25	16.51007	-87.45837
1256.5625	16.44343	-87.51603
1256.875	16.38603	-87.85268
1257.1875	16.32174	-88.03748
1257.5	16.25201	-88.23812
1257.8125	16.19694	-88.65721
1258.125	16.12904	-89.03312
1258.4375	16.06216	-89.10365
1258.75	15.98934	-89.39029
1259.0625	15.91988	-89.63976
1259.375	15.85333	-89.8774
1259.6875	15.78806	-90.00349
1260	15.71825	-89.95583
1260.3125	15.65402	-90.1212
1260.625	15.5869	-90.35191
1260.9375	15.52772	-90.68889
1261.25	15.46094	-90.83571
1261.5625	15.39739	-91.04334
1261.875	15.33512	-90.96496
1262.1875	15.27222	-91.38737
1262.5	15.20426	-91.41575
1262.8125	15.14437	-91.70071
1263.125	15.0783	-91.79572
1263.4375	15.01546	-91.85483
1263.75	14.95042	-92.15851
1264.0625	14.88956	-92.08363
1264.375	14.82359	-92.24632
1264.6875	14.75669	-92.25512
1265	14.69197	-92.66185
1265.3125	14.62947	-92.72378
1265.625	14.55328	-92.78023
1265.9375	14.49914	-92.94909
1266.25	14.43301	-92.73467
1266.5625	14.36911	-92.81467
1266.875	14.31571	-92.88301
1267.1875	14.25712	-93.03262
1267.5	14.19954	-93.16284
1267.8125	14.14796	-92.76056
1268.125	14.0968	-93.08011
1268.4375	14.05131	-92.84921
1268.75	14.0029	-93.12743
1269.0625	13.95713	-92.9892
1269.375	13.90924	-93.05943
1269.6875	13.87646	-93.22002
1270	13.82907	-93.27609
1270.3125	13.7828	-93.16994
1270.625	13.74846	-93.45393
1270.9375	13.70319	-93.48896
1271.25	13.66627	-93.36842
1271.5625	13.62766	-93.62668
1271.875	13.58295	-93.71686
1272.1875	13.54839	-93.88623
1272.5	13.50309	-94.04695
1272.8125	13.46221	-94.25526
1273.125	13.40627	-94.61437
1273.4375	13.36357	-94.41581
1273.75	13.31212	-94.64603
1274.0625	13.26631	-94.76994
1274.375	13.22402	-94.82961
1274.6875	13.16942	-94.95271
1275	13.11591	-94.98006
1275.3125	13.07266	-95.17137
1275.625	13.03339	-95.14779
1275.9375	12.97729	-95.55424
1276.25	12.93968	-95.46208
1276.5625	12.88775	-95.54585
1276.875	12.84237	-95.673
1277.1875	12.79359	-96.02529
1277.5	12.74648	-95.91589
1277.8125	12.69911	-96.02266
1278.125	12.65518	-96.15528
1278.4375	12.61352	-96.2989
1278.75	12.56391	-96.10471
1279.0625	12.51554	-96.2932
1279.375	12.47969	-96.64707
1279.6875	12.43142	-96.72837
1280	12.38372	-96.74205
1280.3125	12.3436	-96.57951
1280.625	12.29461	-96.83627
1280.9375	12.24323	-97.14169
1281.25	12.20347	-97.24525
1281.5625	12.15984	-97.50951
1281.875	12.10711	-97.33376
1282.1875	12.05896	-97.46851
1282.5	12.01567	-97.52714
1282.8125	11.9714	-97.76295
1283.125	11.9229	-97.91124
1283.4375	11.87528	-97.67087
1283.75	11.82596	-97.92801
1284.0625	11.77313	-98.08336
1284.375	11.71795	-98.21815
1284.6875	11.6766	-98.29339
1285	11.6191	-98.30802
1285.3125	11.57654	-98.31425
1285.625	11.54045	-98.45065
1285.9375	11.49385	-98.56394
1286.25	11.44113	-98.62148
1286.5625	11.40528	-98.74345
1286.875	11.36771	-98.75936
1287.1875	11.32062	-99.0308
1287.5	11.28776	-98.8007
1287.8125	11.253	-98.90913
1288.125	11.22036	-98.79565
1288.4375	11.1959	-98.84502
1288.75	11.15491	-99.06339
1289.0625	11.1286	-99.26704
1289.375	11.09751	-99.3828
1289.6875	11.08416	-99.19282
1290	11.05368	-99.57207
1290.3125	11.01749	-99.63965
1290.625	10.99643	-99.7784
1290.9375	10.9749	-99.73904
1291.25	10.93379	-99.93449
1291.5625	10.91083	-100.4716
1291.875	10.89146	-100.4989
1292.1875	10.85722	-100.431
1292.5	10.83046	-100.7346
1292.8125	10.78809	-101.0573
1293.125	10.76621	-101.2932
1293.4375	10.73509	-101.5099
1293.75	10.69831	-101.6105
1294.0625	10.66108	-101.9175
1294.375	10.62314	-102.1811
1294.6875	10.59086	-102.2845
1295	10.55563	-102.8021
1295.3125	10.5114	-102.937
1295.625	10.47699	-103.1917
1295.9375	10.43954	-103.436
1296.25	10.40307	-103.7271
1296.5625	10.35086	-104.2197
1296.875	10.31839	-104.0903
1297.1875	10.28358	-104.6316
1297.5	10.22728	-104.9039
1297.8125	10.1967	-105.2316
1298.125	10.15022	-105.4747
1298.4375	10.10618	-105.7926
1298.75	10.06635	-106.1074
1299.0625	10.02038	-106.4404
1299.375	9.959726	-106.7746
1299.6875	9.92195	-107.2277
1300	9.876755	-107.4981
1300.3125	9.833982	-107.851
1300.625	9.772931	-108.1942
1300.9375	9.725092	-108.592
1301.25	9.671012	-108.902
1301.5625	9.623441	-109.4572
1301.875	9.558331	-109.7845
1302.1875	9.501866	-110.4802
1302.5	9.441024	-110.6795
1302.8125	9.395106	-111.1935
1303.125	9.31886	-111.7366
1303.4375	9.236003	-112.118
1303.75	9.163652	-112.5629
1304.0625	9.077425	-113.1745
1304.375	8.990678	-113.6776
1304.6875	8.906086	-114.3785
1305	8.802299	-114.61
1305.3125	8.704943	-115.1729
1305.625	8.6046	-115.6386
1305.9375	8.480871	-116.1234
1306.25	8.36874	-116.9764
1306.5625	8.223356	-117.1859
1306.875	8.074177	-118.0246
1307.1875	7.891115	-118.0797
1307.5	7.758915	-118.3674
1307.8125	7.564468	-118.7185
1308.125	7.388325	-118.9753
1308.4375	7.186029	-119.131
1308.75	6.97383	-119.0389
1309.0625	6.77352	-118.8728
1309.375	6.597511	-118.5707
1309.6875	6.383474	-118.1089
1310	6.201111	-117.7953
1310.3125	6.021692	-117.1879
1310.625	5.842261	-116.5726
1310.9375	5.674724	-115.4464
1311.25	5.553161	-114.8118
1311.5625	5.459113	-113.9038
1311.875	5.376965	-113.3478
1312.1875	5.35476	-112.3888
1312.5	5.33548	-111.9525
1312.8125	5.324223	-111.3628
1313.125	5.344647	-110.6165
1313.4375	5.368971	-110.4485
1313.75	5.393167	-110.195
1314.0625	5.41513	-110.1508
1314.375	5.440595	-110.1666
1314.6875	5.462821	-110.3451
1315	5.491805	-110.4803
1315.3125	5.474236	-110.711
1315.625	5.478282	-110.99
1315.9375	5.461363	-111.2665
1316.25	5.421622	-111.7828
1316.5625	5.431188	-112.437
1316.875	5.366323	-112.7174
1317.1875	5.325689	-113.2068
1317.5	5.244935	-113.455
1317.8125	5.185999	-113.8949
1318.125	5.117949	-114.2917
1318.4375	5.039356	-114.7673
1318.75	4.981874	-115.2225
1319.0625	4.88056	-115.6021
1319.375	4.771636	-115.9535
1319.6875	4.697082	-116.2973
1320	4.6248	-116.6998
1320.3125	4.512609	-116.5615
1320.625	4.432922	-117.238
1320.9375	4.327658	-117.643
1321.25	4.212087	-118.0425
1321.5625	4.110033	-118.7498
1321.875	3.999417	-118.683
1322.1875	3.890708	-118.953
1322.5	3.774672	-119.1163
1322.8125	3.670317	-119.343
1323.125	3.57345	-120.0654
1323.4375	3.442774	-120.2123
1323.75	3.322037	-120.7478
1324.0625	3.168969	-120.8118
1324.375	3.041083	-120.5977
1324.6875	2.877875	-120.7822
1325	2.750955	-121.25
1325.3125	2.600909	-121.5394
1325.625	2.464689	-121.3915
1325.9375	2.312228	-121.3256
1326.25	2.1909	-121.1264
1326.5625	2.017523	-120.8194
1326.875	1.850877	-120.6583
1327.1875	1.739084	-119.823
1327.5	1.583581	-119.9485
1327.8125	1.443326	-119.3886
1328.125	1.363228	-118.4903
1328.4375	1.209847	-117.6966
1328.75	1.11132	-116.8292
1329.0625	0.9877408	-115.7439
1329.375	0.8762714	-114.8139
1329.6875	0.8076903	-113.6473
1330	0.7525105	-112.8177
1330.3125	0.6546932	-111.7576
1330.625	0.5791909	-110.4376
1330.9375	0.4989185	-109.4717
1331.25	0.4421319	-107.827
1331.5625	0.4187647	-107.1445
1331.875	0.4235026	-105.6152
1332.1875	0.3577086	-105.3238
1332.5	0.3576261	-104.5568
1332.8125	0.3346011	-103.9234
1333.125	0.2962923	-103.4414
1333.4375	0.2912462	-102.664
1333.75	0.2599033	-102.4229
1334.0625	0.2956898	-102.8017
1334.375	0.3114868	-102.5043
1334.6875	0.2574148	-102.6731
1335	0.2604067	-102.5701
1335.3125	0.2866531	-102.4243
1335.625	0.2536706	-102.5087
1335.9375	0.1944504	-102.3657
1336.25	0.231844	-102.6593
1336.5625	0.1911743	-102.8445
1336.875	0.2493251	-103.3412
1337.1875	0.2057012	-103.7174
1337.5	0.1851039	-103.6706
1337.8125	0.1774113	-103.6236
1338.125	0.1000947	-103.7489
1338.4375	0.08468748	-104.1995
1338.75	0.08438191	-104.3831
1339.0625	-0.006286352	-104.7886
1339.375	0.02665474	-104.3242
1339.6875	0.003904797	-105.0015
1340	-0.07322546	-104.9771
1340.3125	-0.1120348	-105.1963
1340.625	-0.1009667	-105.4206
1340.9375	-0.1431589	-106.0461
1341.25	-0.1915594	-106.225
1341.5625	-0.1779891	-106.0755
1341.875	-0.273578	-106.1834
1342.1875	-0.2427953	-106.0894
1342.5	-0.2905459	-107.3746
1342.8125	-0.3307377	-107.7126
1343.125	-0.3618892	-107.5371
1343.4375	-0.4272037	-107.8805
1343.75	-0.4985837	-108.3227
1344.0625	-0.5353657	-108.3166
1344.375	-0.5884562	-108.3633
1344.6875	-0.6173859	-108.4869
1345	-0.6354562	-108.9264
1345.3125	-0.6525629	-109.3551
1345.625	-0.6541586	-109.4027
1345.9375	-0.6856812	-110.5781
1346.25	-0.7339025	-110.4135
1346.5625	-0.7795007	-111.0464
1346.875	-0.8371348	-111.5751
1347.1875	-0.8736838	-112.148
1347.5	-0.9548652	-112.3015
1347.8125	-0.9663287	-112.7776
1348.125	-0.9935112	-113.5205
1348.4375	-0.9962021	-115.2655
1348.75	-1.058724	-114.8165
1349.0625	-1.054353	-116.8223
1349.375	-1.075499	-117.4558
1349.6875	-1.053849	-117.8343
1350	-1.02321	-118.4365
1350.3125	-0.9384049	-120.2841
1350.625	-0.9531248	-121.1898
1350.9375	-0.933695	-122.3107
1351.25	-0.8775514	-122.6785
1351.5625	-0.8459713	-125.6159
1351.875	-0.8043033	-128.4664
1352.1875	-0.7055872	-130.7003
1352.5	-0.6838528	-132.4568
1352.8125	-0.6472719	-134.6297
1353.125	-0.5403355	-138.8071
1353.4375	-0.4912861	-145.8356
1353.75	-0.448383	-151.2508
1354.0625	-0.3973879	-156.39
1354.375	-0.2892018	-162.2763
1354.6875	-0.2361525	-171.0595
1355	-0.08210104	-179.3849
1355.3125	-0.0503291	169.0788
1355.625	0.02101777	160.0574
1355.9375	0.141351	150.2379
1356.25	0.1595386	141.8973
1356.5625	0.217806	132.3648
1356.875	0.2826048	124.8058
1357.1875	0.353561	120.2453
1357.5	0.3995195	113.4015
1357.8125	0.4531001	107.3491
1358.125	0.4463908	103.1115
1358.4375	0.4682212	98.4391
1358.75	0.518068	95.08636
1359.0625	0.5500673	91.9231
1359.375	0.5813672	88.55383
1359.6875	0.6454755	85.5452
1360	0.6555314	83.36709
1360.3125	0.672207	80.28697
1360.625	0.6207479	79.16537
1360.9375	0.6508493	76.34191
1361.25	0.7044914	75.04555
1361.5625	0.7104005	72.42107
1361.875	0.7257826	70.549
1362.1875	0.794853	68.80519
1362.5	0.7912059	67.6242
1362.8125	0.8327483	66.35362
1363.125	0.926793	64.8918
1363.4375	0.9937077	63.75611
1363.75	1.029642	62.94626
1364.0625	1.089603	62.16461
1364.375	1.196064	61.5733
1364.6875	1.278524	60.98039
1365	1.381422	60.60044
1365.3125	1.42359	60.68314
1365.625	1.517487	60.57391
1365.9375	1.659209	60.61619
1366.25	1.731276	60.40294
1366.5625	1.860544	60.48492
1366.875	1.934337	60.81251
1367.1875	2.04715	60.67593
1367.5	2.115007	61.34338
1367.8125	2.199916	61.77892
1368.125	2.30217	61.57315
1368.4375	2.417298	61.10735
1368.75	2.555073	60.91586
1369.0625	2.727289	60.96165
1369.375	2.867619	61.07377
1369.6875	3.098495	60.8686
1370	3.324304	60.6672
1370.3125	3.589538	60.39607
1370.625	3.850969	59.83981
1370.9375	4.12697	59.9227
1371.25	4.350447	59.37059
1371.5625	4.584023	58.77187
1371.875	4.846708	58.51493
1372.1875	5.055172	58.28025
1372.5	5.276871	57.94552
1372.8125	5.507379	57.33076
1373.125	5.734049	56.8588
1373.4375	5.962999	56.08407
1373.75	6.19878	55.62223
1374.0625	6.381502	55.16513
1374.375	6.584879	54.72704
1374.6875	6.77248	54.35993
1375	6.974407	53.91912
1375.3125	7.168353	53.80007
1375.625	7.35825	52.98122
1375.9375	7.5783	53.00833
1376.25	7.780597	52.51807
1376.5625	7.970551	52.24448
1376.875	8.182544	51.82688
1377.1875	8.388104	51.49589
1377.5	8.592374	51.30156
1377.8125	8.810593	51.14945
1378.125	9.025609	51.03282
1378.4375	9.240273	51.14118
1378.75	9.479903	51.19961
1379.0625	9.734288	50.94422
1379.375	9.998069	50.97755
1379.6875	10.28073	50.76398
1380	10.58742	50.69597
1380.3125	10.90677	50.40425
1380.625	11.2468	50.13169
1380.9375	11.59822	49.82064
1381.25	11.96205	49.57896
1381.5625	12.36138	49.05582
1381.875	12.76715	48.32176
1382.1875	13.19116	47.22819
1382.5	13.62902	46.3887
1382.8125	14.07201	44.9175
1383.125	14.52529	43.56734
1383.4375	14.96979	41.89857
1383.75	15.41973	40.07136
1384.0625	15.87163	38.02978
1384.375	16.31272	35.59097
1384.6875	16.75345	33.06148
1385	17.192	30.37742
1385.3125	17.61629	27.30684
1385.625	18.02766	24.10439
1385.9375	18.419	20.62226
1386.25	18.79442	16.8819
1386.5625	19.13932	12.49091
1386.875	19.45295	8.028034
1387.1875	19.72833	3.131408
1387.5	19.94648	-1.854255
1387.8125	20.11919	-7.103709
1388.125	20.21796	-12.81663
1388.4375	20.23871	-18.53911
1388.75	20.17983	-24.38627
1389.0625	20.02374	-29.94408
1389.375	19.76834	-35.91997
1389.6875	19.42626	-41.86904
1390	18.99545	-46.62654
1390.3125	18.51064	-51.56646
1390.625	17.96705	-55.90046
1390.9375	17.39966	-59.79044
1391.25	16.82086	-63.23601
1391.5625	16.22578	-66.05795
1391.875	15.62968	-68.85805
1392.1875	15.05573	-71.06497
1392.5	14.49177	-73.08747
1392.8125	13.93725	-74.7318
1393.125	13.40066	-76.646
1393.4375	12.86271	-78.37305
1393.75	12.33931	-79.67721
1394.0625	11.81039	-80.88552
1394.375	11.29553	-82.02773
1394.6875	10.78015	-83.42859
1395	10.29798	-84.59991
1395.3125	9.813084	-85.44984
1395.625	9.355595	-86.44744
1395.9375	8.902153	-87.25034
1396.25	8.497919	-88.16601
1396.5625	8.090573	-88.98351
1396.875	7.730575	-89.50452
1397.1875	7.392449	-89.76339
1397.5	7.072759	-90.33739
1397.8125	6.818438	-90.02348
1398.125	6.586906	-90.06729
1398.4375	6.375926	-90.04272
1398.75	6.217671	-89.17426
1399.0625	6.100931	-88.43989
1399.375	6.019471	-87.4668
1399.6875	6.027927	-85.60091
1400	6.10601	-82.44021
1400.3125	6.272791	-78.99162
1400.625	6.444553	-72.02087
1400.9375	6.626079	-61.03327
1401.25	6.825119	-40.07835
1401.5625	7.011475	-14.93171
1401.875	7.226319	8.238348
1402.1875	7.417123	24.62844
1402.5	7.619864	34.00229
1402.8125	7.837866	39.65152
1403.125	8.062232	42.22082
1403.4375	8.270252	44.46212
1403.75	8.462769	46.09205
1404.0625	8.662094	46.38652
1404.375	8.860044	46.74441
1404.6875	9.021207	46.31469
1405	9.199804	45.59481
1405.3125	9.369071	44.84319
1405.625	9.524882	44.17665
1405.9375	9.670441	43.5646
1406.25	9.848348	43.01299
1406.5625	10.03516	42.00753
1406.875	10.23448	40.71038
1407.1875	10.40731	39.91919
1407.5	10.60569	39.27748
1407.8125	10.78668	38.3199
1408.125	10.99396	37.01772
1408.4375	11.1954	35.94616
1408.75	11.42042	34.8111
1409.0625	11.65486	33.93301
1409.375	11.90228	32.64602
1409.6875	12.12991	31.1204
1410	12.35608	29.97494
1410.3125	12.57181	28.21455
1410.625	12.80416	27.21938
1410.9375	13.00871	26.08231
1411.25	13.20589	24.57716
1411.5625	13.3955	23.12742
1411.875	13.59105	22.14237
1412.1875	13.7792	20.57656
1412.5	13.95839	19.11466
1412.8125	14.12665	17.71841
1413.125	14.28924	16.45041
1413.4375	14.44857	14.94821
1413.75	14.59443	13.32788
1414.0625	14.73461	11.93953
1414.375	14.85848	10.43592
1414.6875	14.98047	8.764955
1415	15.08252	7.233767
1415.3125	15.1793	5.707392
1415.625	15.27349	4.233732
1415.9375	15.35645	2.529374
1416.25	15.42845	1.301817
1416.5625	15.4947	-0.0004068419
1416.875	15.56302	-1.614892
1417.1875	15.61491	-3.423714
1417.5	15.66357	-4.667565
1417.8125	15.69334	-6.318638
1418.125	15.72137	-7.714765
1418.4375	15.73891	-9.119409
1418.75	15.74264	-10.15234
1419.0625	15.74474	-11.60391
1419.375	15.74397	-13.21745
1419.6875	15.74367	-14.12547
1420	15.73717	-15.55801
1420.3125	15.72669	-16.7527
1420.625	15.72055	-17.71653
1420.9375	15.70081	-19.05893
1421.25	15.68286	-20.1634
1421.5625	15.65299	-21.26786
1421.875	15.61617	-22.31182
1422.1875	15.58646	-23.24913
1422.5	15.5433	-24.20324
1422.8125	15.50658	-25.2328
1423.125	15.46338	-26.13721
1423.4375	15.42445	-27.19217
1423.75	15.37583	-27.85395
1424.0625	15.32744	-28.8776
1424.375	15.27874	-29.40581
1424.6875	15.2381	-30.36761
1425	15.184	-31.17594
1425.3125	15.13736	-31.84695
1425.625	15.09581	-32.19175
1425.9375	15.04265	-33.05489
1426.25	14.98745	-33.79819
1426.5625	14.92941	-34.4956
1426.875	14.88753	-35.01409
1427.1875	14.83476	-35.47442
1427.5	14.80122	-35.95062
1427.8125	14.75515	-36.64754
1428.125	14.71348	-37.32442
1428.4375	14.67764	-37.57069
1428.75	14.64034	-37.95704
1429.0625	14.60962	-38.72269
1429.375	14.57826	-39.56894
1429.6875	14.53494	-39.881
1430	14.49905	-40.17477
1430.3125	14.46181	-40.63897
1430.625	14.42928	-41.40702
1430.9375	14.38842	-41.6156
1431.25	14.35739	-41.98057
1431.5625	14.31821	-42.58978
1431.875	14.28312	-42.88876
1432.1875	14.25175	-43.41163
1432.5	14.21282	-44.24945
1432.8125	14.1699	-44.45208
1433.125	14.13057	-44.81009
1433.4375	14.09706	-45.4091
1433.75	14.05275	-45.9498
1434.0625	14.01077	-46.45965
1434.375	13.957	-46.76931
1434.6875	13.90203	-47.27154
1435	13.84975	-47.68137
1435.3125	13.803	-48.07821
1435.625	13.75404	-48.63295
1435.9375	13.71382	-48.93986
1436.25	13.65834	-49.21296
1436.5625	13.60862	-49.35815
1436.875	13.56476	-49.74432
1437.1875	13.50766	-49.96152
1437.5	13.45222	-50.4855
1437.8125	13.39941	-50.81264
1438.125	13.35108	-50.84882
1438.4375	13.3131	-50.98962
1438.75	13.25853	-51.39193
1439.0625	13.22083	-51.70094
1439.375	13.16657	-51.90783
1439.6875	13.12354	-52.17288
1440	13.06906	-52.4664
1440.3125	13.02634	-52.52436
1440.625	12.97341	-52.88936
1440.9375	12.91376	-52.86186
1441.25	12.85949	-53.03579
1441.5625	12.80215	-53.29485
1441.875	12.76152	-53.46727
1442.1875	12.71476	-53.68602
1442.5	12.66386	-53.82756
1442.8125	12.61406	-53.91331
1443.125	12.57179	-53.95337
1443.4375	12.53177	-53.89426
1443.75	12.47929	-53.96618
1444.0625	12.43599	-54.11272
1444.375	12.40557	-53.98063
1444.6875	12.35126	-54.08902
1445	12.31743	-54.22075
1445.3125	12.2908	-53.77695
1445.625	12.25783	-54.05237
1445.9375	12.22914	-53.93682
1446.25	12.20331	-53.75612
1446.5625	12.18059	-53.75813
1446.875	12.16125	-53.78912
1447.1875	12.14946	-53.72971
1447.5	12.13223	-53.73114
1447.8125	12.13122	-53.38912
1448.125	12.1277	-53.50006
1448.4375	12.12165	-53.70524
1448.75	12.10974	-53.6077
1449.0625	12.11041	-53.63071
1449.375	12.11911	-53.4297
1449.6875	12.12404	-53.51745
1450	12.11492	-53.49187
1450.3125	12.134	-53.64442
1450.625	12.15374	-53.9679
1450.9375	12.14953	-53.7423
1451.25	12.15814	-54.15098
1451.5625	12.16897	-54.13802
1451.875	12.14997	-54.40683
1452.1875	12.15432	-54.36337
1452.5	12.16465	-54.31755
1452.8125	12.15791	-54.59802
1453.125	12.16249	-54.63439
1453.4375	12.15345	-55.07632
1453.75	12.14169	-55.08743
1454.0625	12.12916	-55.07644
1454.375	12.12942	-55.27816
1454.6875	12.12207	-55.57457
1455	12.09994	-55.63818
1455.3125	12.09122	-55.79434
1455.625	12.07308	-55.92146
1455.9375	12.05991	-56.06372
1456.25	12.05155	-56.01959
1456.5625	12.04099	-56.2543
1456.875	12.02542	-56.20528
1457.1875	12.02181	-56.40592
1457.5	12.0238	-56.30048
1457.8125	12.01109	-56.34318
1458.125	12.01274	-56.35225
1458.4375	12.01558	-56.73866
1458.75	12.02083	-56.62659
1459.0625	12.01694	-56.79896
1459.375	12.02142	-56.77202
1459.6875	12.02303	-56.73384
1460	12.0284	-56.97345
1460.3125	12.0184	-56.9715
1460.625	12.0304	-57.10225
1460.9375	12.03245	-57.30611
1461.25	12.04051	-57.32227
1461.5625	12.03681	-57.30775
1461.875	12.04188	-57.58837
1462.1875	12.04243	-57.57407
1462.5	12.0513	-57.58175
1462.8125	12.04884	-57.9949
1463.125	12.05383	-57.71654
1463.4375	12.05678	-57.85599
1463.75	12.06364	-58.07324
1464.0625	12.07013	-58.77048
1464.375	12.06837	-58.52586
1464.6875	12.06254	-58.45429
1465	12.07278	-58.68074
1465.3125	12.07838	-58.56167
1465.625	12.08329	-58.78543
1465.9375	12.07735	-58.76023
1466.25	12.1013	-58.8572
1466.5625	12.09811	-59.04458
1466.875	12.13496	-59.12225
1467.1875	12.13643	-59.01297
1467.5	12.16138	-59.44637
1467.8125	12.19247	-59.53444
1468.125	12.21195	-59.59533
1468.4375	12.23568	-59.87049
1468.75	12.24864	-60.09254
1469.0625	12.25805	-60.5055
1469.375	12.27453	-60.67418
1469.6875	12.28991	-60.73979
1470	12.30937	-61.07499
1470.3125	12.31657	-61.62907
1470.625	12.30826	-61.93655
1470.9375	12.3016	-62.29983
1471.25	12.30557	-62.43059
1471.5625	12.30537	-62.58766
1471.875	12.2888	-63.39588
1472.1875	12.27752	-63.41035
1472.5	12.2625	-63.81343
1472.8125	12.23816	-63.92946
1473.125	12.2172	-64.20456
1473.4375	12.18009	-64.79164
1473.75	12.14803	-64.80347
1474.0625	12.11152	-65.35272
1474.375	12.07148	-65.39209
1474.6875	12.04486	-65.66169
1475	12.00883	-65.6903
1475.3125	11.96236	-65.86646
1475.625	11.9277	-66.27615
1475.9375	11.89217	-66.0216
1476.25	11.83739	-66.06573
1476.5625	11.82564	-66.23378
1476.875	11.79958	-66.08546
1477.1875	11.76947	-65.77806
1477.5	11.75351	-65.79491
1477.8125	11.74037	-65.79864
1478.125	11.72718	-65.93424
1478.4375	11.71368	-65.75295
1478.75	11.70413	-65.4373
1479.0625	11.70632	-65.60804
1479.375	11.71064	-65.33562
1479.6875	11.72801	-65.39542
1480	11.72545	-65.57644
1480.3125	11.73093	-65.43568
1480.625	11.73897	-65.57345
1480.9375	11.75967	-65.40955
1481.25	11.77165	-65.32954
1481.5625	11.78662	-65.6026
1481.875	11.79803	-65.92474
1482.1875	11.80874	-65.93989
1482.5	11.83661	-66.07545
1482.8125	11.84196	-66.09143
1483.125	11.85168	-66.15923
1483.4375	11.8585	-66.22282
1483.75	11.86143	-66.58652
1484.0625	11.87552	-66.42846
1484.375	11.88333	-66.69609
1484.6875	11.88585	-66.75451
1485	11.89298	-67.22652
1485.3125	11.89093	-67.33085
1485.625	11.88946	-67.38105
1485.9375	11.88022	-67.45322
1486.25	11.88838	-67.43734
1486.5625	11.89572	-67.61274
1486.875	11.88425	-67.85337
1487.1875	11.88619	-67.79037
1487.5	11.88735	-68.37172
1487.8125	11.88072	-68.31319
1488.125	11.88493	-68.50677
1488.4375	11.87624	-68.29853
1488.75	11.87483	-68.33105
1489.0625	11.86824	-69.17593
1489.375	11.86062	-68.96388
1489.6875	11.85086	-69.18624
1490	11.84577	-69.31702
1490.3125	11.83845	-69.35595
1490.625	11.84076	-69.44998
1490.9375	11.81309	-69.41802
1491.25	11.80398	-69.60693
1491.5625	11.80087	-69.43375
1491.875	11.79611	-69.53423
1492.1875	11.79728	-69.71421
1492.5	11.77291	-69.94637
1492.8125	11.76684	-69.60987
1493.125	11.7537	-69.64041
1493.4375	11.74152	-69.7848
1493.75	11.73408	-69.66441
1494.0625	11.73144	-69.78489
1494.375	11.73509	-69.67213
1494.6875	11.733	-69.90106
1495	11.7261	-69.85852
1495.3125	11.72981	-69.5321
1495.625	11.73757	-69.69064
1495.9375	11.73315	-69.48849
1496.25	11.73954	-69.36979
1496.5625	11.74008	-69.24916
1496.875	11.73849	-69.10249
1497.1875	11.76425	-69.05724
1497.5	11.77679	-68.7143
1497.8125	11.80993	-68.73534
1498.125	11.83778	-68.75385
1498.4375	11.87278	-68.38872
1498.75	11.91008	-68.37174
1499.0625	11.94575	-68.24245
1499.375	11.99243	-68.14608
1499.6875	12.04288	-68.2647
1500	12.07308	-68.83499
1500.3125	12.13909	-68.11626
1500.625	12.18593	-67.94404
1500.9375	12.25788	-67.75075
1501.25	12.3136	-68.1063
1501.5625	12.37065	-67.98417
1501.875	12.43264	-68.22764
1502.1875	12.48716	-68.12767
1502.5	12.56548	-68.27341
1502.8125	12.62906	-68.71771
1503.125	12.6914	-69.02638
1503.4375	12.76037	-69.14997
1503.75	12.82468	-69.3969
1504.0625	12.88785	-69.56163
1504.375	12.95751	-69.68777
1504.6875	13.01939	-70.03967
1505	13.09505	-70.24416
1505.3125	13.14942	-70.85426
1505.625	13.21326	-71.00693
1505.9375	13.28015	-71.57953
1506.25	13.33712	-71.85278
1506.5625	13.3954	-72.35381
1506.875	13.43882	-72.92053
1507.1875	13.48847	-73.39884
1507.5	13.53989	-73.70518
1507.8125	13.58657	-74.43249
1508.125	13.62972	-75.17157
1508.4375	13.65894	-75.57647
1508.75	13.69768	-76.04131
1509.0625	13.73668	-76.61793
1509.375	13.75757	-77.32648
1509.6875	13.78597	-77.59457
1510	13.80721	-78.26637
1510.3125	13.84223	-78.81545
1510.625	13.87088	-79.33713
1510.9375	13.88745	-79.97846
1511.25	13.89833	-80.5837
1511.5625	13.92247	-80.87825
1511.875	13.94713	-81.17355
1512.1875	13.9681	-81.81079
1512.5	13.99256	-82.45316
1512.8125	14.02071	-83.17381
1513.125	14.03222	-83.6745
1513.4375	14.06409	-84.07069
1513.75	14.07842	-84.85442
1514.0625	14.10055	-85.57085
1514.375	14.12305	-86.0139
1514.6875	14.1428	-86.55576
1515	14.16504	-87.1826
1515.3125	14.18516	-88.28429
1515.625	14.2157	-88.77501
1515.9375	14.22698	-89.65619
1516.25	14.2605	-90.19164
1516.5625	14.26716	-90.9213
1516.875	14.28978	-91.96201
1517.1875	14.30292	-92.7022
1517.5	14.31248	-93.68367
1517.8125	14.32472	-94.68908
1518.125	14.32879	-95.56817
1518.4375	14.3331	-96.69446
1518.75	14.31874	-97.73478
1519.0625	14.31433	-98.54031
1519.375	14.2919	-99.89256
1519.6875	14.27068	-101.2708
1520	14.22446	-102.3976
1520.3125	14.16841	-103.8496
1520.625	14.09713	-104.972
1520.9375	14.02305	-106.5268
1521.25	13.91932	-107.9997
1521.5625	13.79371	-109.556
1521.875	13.65269	-111.0233
1522.1875	13.49103	-112.3801
1522.5	13.29151	-113.9184
1522.8125	13.08608	-115.0814
1523.125	12.85381	-116.444
1523.4375	12.58682	-117.7504
1523.75	12.29778	-118.8109
1524.0625	11.98772	-119.7411
1524.375	11.63216	-120.2091
1524.6875	11.29755	-120.7951
1525	10.91557	-121.1257
1525.3125	10.54594	-120.9165
1525.625	10.16149	-120.7492
1525.9375	9.784345	-120.0274
1526.25	9.438244	-118.889
1526.5625	9.132273	-117.2545
1526.875	8.84265	-115.716
1527.1875	8.618622	-113.2143
1527.5	8.453902	-110.9491
1527.8125	8.370497	-108.7923
1528.125	8.327693	-106.5578
1528.4375	8.334588	-104.7242
1528.75	8.402678	-103.0736
1529.0625	8.48211	-101.1136
1529.375	8.583848	-99.52193
1529.6875	8.735954	-98.62572
1530	8.854194	-97.50774
1530.3125	8.992616	-96.97152
1530.625	9.100706	-96.59498
1530.9375	9.2055	-96.23038
1531.25	9.308134	-96.09053
1531.5625	9.376391	-95.77162
1531.875	9.462612	-95.94402
1532.1875	9.529566	-96.02138
1532.5	9.581209	-95.88744
1532.8125	9.643671	-95.8214
1533.125	9.681617	-95.80871
1533.4375	9.713928	-95.82852
1533.75	9.74663	-96.05802
1534.0625	9.791786	-96.0202
1534.375	9.833385	-95.96934
1534.6875	9.879235	-95.93615
1535	9.925487	-96.11562
1535.3125	9.979009	-96.09892
1535.625	10.02282	-96.23891
1535.9375	10.0747	-96.42564
1536.25	10.11981	-96.62128
1536.5625	10.1758	-96.59051
1536.875	10.21079	-96.96513
1537.1875	10.25291	-97.74866
1537.5	10.29596	-97.84383
1537.8125	10.33681	-98.27371
1538.125	10.37048	-98.92113
1538.4375	10.40563	-99.22455
1538.75	10.41043	-99.77867
1539.0625	10.4252	-100.6329
1539.375	10.43493	-101.4433
1539.6875	10.42716	-102.2058
1540	10.40337	-102.8206
1540.3125	10.36683	-103.6945
1540.625	10.33196	-104.6537
1540.9375	10.27169	-106.0008
1541.25	10.18344	-106.6644
1541.5625	10.08762	-107.5119
1541.875	9.964398	-108.4133
1542.1875	9.816624	-109.3131
1542.5	9.657537	-110.2164
1542.8125	9.470544	-110.9535
1543.125	9.235171	-111.6659
1543.4375	9.005958	-112.2205
1543.75	8.742039	-112.4569
1544.0625	8.462618	-112.566
1544.375	8.16598	-112.6777
1544.6875	7.833108	-112.4566
1545	7.539712	-111.4572
1545.3125	7.224788	-110.5567
1545.625	6.973076	-109.2487
1545.9375	6.706005	-107.3656
1546.25	6.469074	-105.4146
1546.5625	6.326799	-103.3112
1546.875	6.213778	-100.7272
1547.1875	6.183057	-98.17326
1547.5	6.152068	-96.0473
1547.8125	6.209682	-93.09381
1548.125	6.319218	-90.5748
1548.4375	6.471175	-88.70088
1548.75	6.616659	-86.58645
1549.0625	6.794038	-85.09088
1549.375	6.983824	-84.07113
1549.6875	7.185307	-83.15173
1550	7.386294	-81.95713
1550.3125	7.562175	-81.30295
1550.625	7.766427	-80.59116
1550.9375	7.953884	-80.09732
1551.25	8.129387	-79.63418
1551.5625	8.285935	-79.26998
1551.875	8.443709	-78.61671
1552.1875	8.627544	-78.69577
1552.5	8.789577	-78.77861
1552.8125	8.969538	-78.79626
1553.125	9.112468	-78.42661
1553.4375	9.288925	-77.90005
1553.75	9.444861	-77.79186
1554.0625	9.604439	-77.63092
1554.375	9.753284	-77.99109
1554.6875	9.928979	-77.91901
1555	10.09221	-77.89356
1555.3125	10.25404	-78.02742
1555.625	10.40441	-78.51267
1555.9375	10.56879	-78.44741
1556.25	10.72466	-78.63487
1556.5625	10.89318	-79.1954
1556.875	11.04558	-79.32799
1557.1875	11.19114	-79.59686
1557.5	11.33012	-80.16393
1557.8125	11.47629	-80.72822
1558.125	11.61577	-81.23671
1558.4375	11.74332	-81.61479
1558.75	11.88736	-81.98812
1559.0625	12.01597	-82.63618
1559.375	12.15455	-83.31197
1559.6875	12.27754	-84.06427
1560	12.41918	-84.62038
1560.3125	12.53609	-85.29392
1560.625	12.66391	-85.96458
1560.9375	12.79786	-86.40166
1561.25	12.91599	-87.46211
1561.5625	13.02832	-88.10107
1561.875	13.15463	-89.1028
1562.1875	13.27524	-89.8653
1562.5	13.39183	-90.95725
1562.8125	13.50089	-91.69095
1563.125	13.61378	-92.5901
1563.4375	13.73193	-93.91087
1563.75	13.83021	-95.34233
1564.0625	13.92772	-96.3873
1564.375	14.01758	-97.67314
1564.6875	14.09525	-98.97182
1565	14.17302	-100.3384
1565.3125	14.23434	-101.9103
1565.625	14.28085	-103.3735
1565.9375	14.31464	-105.2112
1566.25	14.32994	-106.9998
1566.5625	14.32438	-108.3391
1566.875	14.30068	-110.138
1567.1875	14.26086	-112.1687
1567.5	14.19868	-114.1483
1567.8125	14.11681	-115.7293
1568.125	14.00371	-117.5647
1568.4375	13.8685	-119.4261
1568.75	13.69499	-120.8439
1569.0625	13.50605	-122.4205
1569.375	13.2867	-123.9296
1569.6875	13.05828	-125.0394
1570	12.79527	-126.2713
1570.3125	12.52229	-127.3504
1570.625	12.23298	-128.0726
1570.9375	11.92755	-128.46
1571.25	11.6036	-128.5147
1571.5625	11.29023	-128.4144
1571.875	10.99323	-128.1263
1572.1875	10.70617	-127.5278
1572.5	10.45493	-126.9359
1572.8125	10.21873	-125.8323
1573.125	10.03078	-124.2682
1573.4375	9.885117	-123.0419
1573.75	9.798983	-121.6756
1574.0625	9.759396	-120.1496
1574.375	9.764604	-118.6603
1574.6875	9.805566	-117.4298
1575	9.888542	-116.3491
1575.3125	10.00272	-115.2901
1575.625	10.12691	-114.7403
1575.9375	10.27546	-114.0444
1576.25	10.43112	-113.5982
1576.5625	10.586	-113.2305
1576.875	10.75062	-113.4852
1577.1875	10.88689	-113.2968
1577.5	11.03971	-113.6683
1577.8125	11.17145	-114.1357
1578.125	11.28616	-114.1818
1578.4375	11.41083	-114.982
1578.75	11.52978	-115.8509
1579.0625	11.64122	-115.9331
1579.375	11.73893	-116.9593
1579.6875	11.83055	-117.5167
1580	11.91236	-118.4876
1580.3125	11.99579	-119.275
1580.625	12.06739	-119.9096
1580.9375	12.13322	-120.554
1581.25	12.20227	-121.1982
1581.5625	12.26496	-122.2476
1581.875	12.33333	-123.3394
1582.1875	12.36879	-124.4076
1582.5	12.43888	-125.1701
1582.8125	12.47921	-126.2026
1583.125	12.53346	-127.2098
1583.4375	12.57676	-128.2748
1583.75	12.61038	-129.3833
1584.0625	12.64205	-130.4671
1584.375	12.67682	-132.0071
1584.6875	12.69763	-133.0595
1585	12.71764	-134.2837
1585.3125	12.72477	-135.78
1585.625	12.7157	-136.91
1585.9375	12.71849	-138.6313
1586.25	12.6919	-139.8697
1586.5625	12.65659	-141.4885
1586.875	12.61286	-142.8084
1587.1875	12.55817	-144.4497
1587.5	12.50079	-146.3143
1587.8125	12.41143	-147.459
1588.125	12.3152	-149.111
1588.4375	12.20535	-150.6468
1588.75	12.08293	-152.2804
1589.0625	11.94227	-153.7659
1589.375	11.77866	-155.1182
1589.6875	11.62324	-156.6301
1590	11.43939	-157.8581
1590.3125	11.24149	-159.4147
1590.625	11.03698	-160.4759
1590.9375	10.82593	-162.0069
1591.25	10.60016	-162.9528
1591.5625	10.35657	-163.5563
1591.875	10.1218	-164.4949
1592.1875	9.886314	-165.1317
1592.5	9.653143	-165.6603
1592.8125	9.406726	-166.3239
1593.125	9.163164	-166.7818
1593.4375	8.948383	-167.2158
1593.75	8.713073	-167.5387
1594.0625	8.525092	-167.8846
1594.375	8.307343	-167.8405
1594.6875	8.105318	-168.0758
1595	7.917574	-167.8231
1595.3125	7.747254	-167.9373
1595.625	7.59163	-168.1769
1595.9375	7.43655	-168.5636
1596.25	7.274921	-168.3714
1596.5625	7.119287	-168.6793
1596.875	6.981935	-168.8937
1597.1875	6.850981	-169.2439
1597.5	6.686926	-169.4556
1597.8125	6.535901	-169.5902
1598.125	6.396316	-169.8883
1598.4375	6.256752	-170.5591
1598.75	6.104941	-170.6298
1599.0625	5.933018	-170.9894
1599.375	5.782132	-171.2069
1599.6875	5.613997	-171.849
1600	5.444128	-171.9732
1600.3125	5.252301	-172.6524
1600.625	5.101154	-172.8489
1600.9375	4.89104	-173.0523
1601.25	4.727112	-173.3022
1601.5625	4.508311	-173.4162
1601.875	4.348682	-174.2071
1602.1875	4.122584	-174.3606
1602.5	3.918928	-174.982
1602.8125	3.685275	-174.768
1603.125	3.474677	-175.1061
1603.4375	3.243034	-175.577
1603.75	2.954501	-175.8045
1604.0625	2.723629	-176.1445
1604.375	2.466272	-176.0872
1604.6875	2.208712	-175.6507
1605	1.936179	-176.005
1605.3125	1.69956	-175.8853
1605.625	1.392836	-176.3142
1605.9375	1.098039	-176.4091
1606.25	0.8452516	-175.6476
1606.5625	0.5810989	-175.4129
1606.875	0.3165571	-174.633
1607.1875	0.09755175	-174.1183
1607.5	-0.1937254	-173.4875
1607.8125	-0.4316234	-172.438
1608.125	-0.6568904	-171.0769
1608.4375	-0.8757662	-169.8818
1608.75	-1.088544	-167.9124
1609.0625	-1.294287	-166.0367
1609.375	-1.454661	-164.369
1609.6875	-1.695736	-161.6451
1610	-1.930731	-158.8374
1610.3125	-2.127071	-156.5627
1610.625	-2.303666	-153.5866
1610.9375	-2.524717	-150.183
1611.25	-2.633117	-147.0143
1611.5625	-2.772349	-143.6857
1611.875	-2.841444	-139.9942
1612.1875	-2.858714	-136.9197
1612.5	-2.840075	-135.1505
1612.8125	-2.708116	-132.7232
1613.125	-2.681711	-131.3434
1613.4375	-2.559455	-131.2108
1613.75	-2.478598	-129.9426
1614.0625	-2.215552	-130.23
1614.375	-2.133138	-130.0842
1614.6875	-2.173106	-129.7901
1615	-2.119441	-130.2397
1615.3125	-2.093602	-129.8792
1615.625	-2.048204	-130.8699
1615.9375	-2.145299	-130.5492
1616.25	-2.154426	-130.9378
1616.5625	-2.261236	-131.4776
1616.875	-2.345185	-131.9993
1617.1875	-2.438388	-131.4657
1617.5	-2.577676	-131.3157
1617.8125	-2.693581	-131.3809
1618.125	-2.873956	-131.0428
1618.4375	-2.981001	-130.0867
1618.75	-3.223158	-129.4073
1619.0625	-3.250328	-129.0848
1619.375	-3.406689	-128.5298
1619.6875	-3.551731	-126.7326
1620	-3.72767	-125.7208
1620.3125	-3.868728	-123.7908
1620.625	-3.950812	-122.31
1620.9375	-3.990705	-120.4964
1621.25	-4.165722	-117.0526
1621.5625	-4.272011	-115.5303
1621.875	-4.270168	-113.609
1622.1875	-4.420711	-110.8003
1622.5	-4.528755	-109.0677
1622.8125	-4.541049	-106.0244
1623.125	-4.542645	-104.0176
1623.4375	-4.537594	-102.4551
1623.75	-4.454835	-100.4855
1624.0625	-4.378481	-98.17184
1624.375	-4.321471	-97.31829
1624.6875	-4.177425	-96.46349
1625	-4.061097	-94.14365
1625.3125	-3.826069	-92.17384
1625.625	-3.723427	-91.40797
1625.9375	-3.574512	-90.12672
1626.25	-3.475784	-88.69838
1626.5625	-3.159707	-87.4153
1626.875	-3.078678	-86.78902
1627.1875	-2.964731	-85.47354
1627.5	-2.794583	-84.76476
1627.8125	-2.693954	-84.24753
1628.125	-2.509616	-83.47866
1628.4375	-2.345547	-82.41772
1628.75	-2.160096	-81.59454
1629.0625	-2.018348	-80.92708
1629.375	-1.94042	-80.53889
1629.6875	-1.775614	-80.01287
1630	-1.642516	-79.01405
1630.3125	-1.57201	-79.09444
1630.625	-1.412353	-78.78824
1630.9375	-1.267603	-78.31542
1631.25	-1.10754	-77.97468
1631.5625	-1.023275	-77.2874
1631.875	-0.8672318	-77.57455
1632.1875	-0.7591926	-76.46186
1632.5	-0.620045	-76.64319
1632.8125	-0.5584624	-76.59135
1633.125	-0.3867163	-76.59219
1633.4375	-0.3511318	-76.58209
1633.75	-0.2343737	-76.54124
1634.0625	-0.08420438	-76.13031
1634.375	-0.02379692	-75.83582
1634.6875	0.05866818	-76.07741
1635	0.1761481	-75.6396
1635.3125	0.2934148	-76.1284
1635.625	0.3728021	-76.30673
1635.9375	0.4129205	-76.01942
1636.25	0.5518534	-75.99962
1636.5625	0.6186123	-76.02748
1636.875	0.6740659	-75.83846
1637.1875	0.8024532	-76.38139
1637.5	0.8652215	-76.47545
1637.8125	0.9065446	-76.79332
1638.125	0.9943375	-76.46688
1638.4375	1.04732	-76.69987
1638.75	1.119651	-76.84631
1639.0625	1.219365	-77.39716
1639.375	1.293678	-77.1236
1639.6875	1.336977	-77.76488
1640	1.403149	-77.51459
1640.3125	1.459604	-77.98877
1640.625	1.510815	-77.67607
1640.9375	1.551043	-77.6726
1641.25	1.583283	-78.29726
1641.5625	1.621208	-78.99878
1641.875	1.68529	-79.03517
1642.1875	1.712202	-78.9989
1642.5	1.758896	-79.15498
1642.8125	1.756846	-79.169
1643.125	1.773595	-79.463
1643.4375	1.80122	-79.90492
1643.75	1.819093	-79.95421
1644.0625	1.825348	-80.23888
1644.375	1.854299	-80.35133
1644.6875	1.857891	-80.36741
1645	1.871787	-80.09746
1645.3125	1.842603	-80.45692
1645.625	1.839402	-80.30703
1645.9375	1.85048	-80.6064
1646.25	1.843081	-80.16237
1646.5625	1.868676	-80.26063
1646.875	1.842731	-80.15337
1647.1875	1.828783	-80.18975
1647.5	1.844663	-80.01301
1647.8125	1.830121	-79.78079
1648.125	1.839633	-79.56091
1648.4375	1.808546	-79.87686
1648.75	1.884862	-79.6499
1649.0625	1.897644	-79.31123
1649.375	1.908254	-79.27682
1649.6875	1.927283	-79.05078
1650	1.986344	-78.73171
1650.3125	2.001338	-79.07135
1650.625	2.046178	-78.74326
1650.9375	2.047534	-78.68832
1651.25	2.108605	-78.66335
1651.5625	2.113669	-78.22688
1651.875	2.175092	-78.33513
1652.1875	2.175202	-77.86315
1652.5	2.207606	-77.93265
1652.8125	2.282789	-78.09751
1653.125	2.274122	-77.80566
1653.4375	2.282898	-77.67908
1653.75	2.332697	-77.64136
1654.0625	2.336523	-77.26491
1654.375	2.383672	-76.90241
1654.6875	2.407539	-76.74045
1655	2.481727	-76.67966
1655.3125	2.503869	-76.58927
1655.625	2.559358	-75.75813
1655.9375	2.576581	-75.81891
1656.25	2.640757	-75.54885
1656.5625	2.679821	-75.41737
1656.875	2.714517	-74.70171
1657.1875	2.797849	-74.54594
1657.5	2.869168	-74.08279
1657.8125	2.935367	-73.74405
1658.125	3.065279	-73.87543
1658.4375	3.132303	-73.81391
1658.75	3.186324	-73.39293
1659.0625	3.296949	-73.57975
1659.375	3.406463	-73.15574
1659.6875	3.495342	-72.89461
1660	3.573606	-73.14559
1660.3125	3.681164	-72.80476
1660.625	3.756868	-72.70134
1660.9375	3.864602	-73.10368
1661.25	3.987348	-73.29602
1661.5625	4.039079	-73.62698
1661.875	4.159311	-73.13521
1662.1875	4.276077	-73.60667
1662.5	4.347191	-74.141
1662.8125	4.454574	-74.49004
1663.125	4.493939	-74.54646
1663.4375	4.619786	-74.90353
1663.75	4.667595	-75.45963
1664.0625	4.783877	-76.01234
1664.375	4.849133	-76.43887
1664.6875	4.891115	-77.0434
1665	4.970541	-77.82145
1665.3125	5.007386	-78.27212
1665.625	5.053709	-79.1453
1665.9375	5.064236	-79.8191
1666.25	5.089564	-80.17902
1666.5625	5.12163	-80.92724
1666.875	5.122931	-81.97002
1667.1875	5.105939	-82.46341
1667.5	5.091532	-83.11265
1667.8125	5.067359	-84.06084
1668.125	5.025491	-84.72126
1668.4375	4.976862	-85.05064
1668.75	4.927878	-85.60416
1669.0625	4.869518	-86.11588
1669.375	4.789037	-86.82083
1669.6875	4.697379	-87.24907
1670	4.6153	-87.30427
1670.3125	4.54126	-87.5109
1670.625	4.431259	-87.50996
1670.9375	4.390536	-87.81424
1671.25	4.281414	-87.62066
1671.5625	4.223089	-87.6124
1671.875	4.194805	-87.3334
1672.1875	4.100739	-87.25986
1672.5	4.039162	-87.10595
1672.8125	4.009343	-87.12392
1673.125	4.014863	-86.51738
1673.4375	3.974333	-86.22346
1673.75	3.953039	-85.58353
1674.0625	3.942995	-85.48785
1674.375	3.950131	-85.44712
1674.6875	3.936434	-85.65638
1675	3.933237	-85.23466
1675.3125	3.924328	-85.07172
1675.625	3.939764	-84.85332
1675.9375	3.927603	-84.60559
1676.25	3.923563	-84.90703
1676.5625	3.939299	-84.35233
1676.875	3.951658	-84.32986
1677.1875	3.940202	-83.9296
1677.5	3.966381	-83.63182
1677.8125	3.966485	-83.85654
1678.125	3.964674	-83.44965
1678.4375	3.970274	-83.20991
1678.75	3.972459	-83.34665
1679.0625	3.999576	-83.21746
1679.375	4.016629	-82.63672
1679.6875	4.045463	-82.35871
1680	4.057508	-82.06078
1680.3125	4.117854	-81.88454
1680.625	4.148079	-81.83698
1680.9375	4.199202	-81.55509
1681.25	4.214565	-81.78381
1681.5625	4.292418	-81.5186
1681.875	4.31741	-81.29471
1682.1875	4.349236	-81.04292
1682.5	4.387655	-81.01292
1682.8125	4.454181	-81.23021
1683.125	4.489977	-81.23581
1683.4375	4.536829	-81.21893
1683.75	4.567869	-81.06793
1684.0625	4.643092	-81.21297
1684.375	4.691551	-81.63316
1684.6875	4.739102	-82.24349
1685	4.765126	-82.20769
1685.3125	4.838113	-82.1127
1685.625	4.849944	-82.41154
1685.9375	4.896496	-83.02808
1686.25	4.916265	-83.50725
1686.5625	4.934049	-82.94927
1686.875	4.950943	-83.18411
1687.1875	4.951381	-83.94372
1687.5	4.951997	-84.26125
1687.8125	4.945746	-84.60949
1688.125	4.915112	-85.14025
1688.4375	4.91496	-85.15554
1688.75	4.885249	-85.70547
1689.0625	4.840203	-85.65794
1689.375	4.812618	-86.04685
1689.6875	4.790897	-86.05219
1690	4.730351	-86.51044
1690.3125	4.678309	-86.69749
1690.625	4.639623	-86.4054
1690.9375	4.600906	-86.7814
1691.25	4.54599	-86.81985
1691.5625	4.514235	-86.49906
1691.875	4.469697	-86.48283
1692.1875	4.442392	-86.14476
1692.5	4.41498	-86.51757
1692.8125	4.410554	-86.01581
1693.125	4.35839	-85.82182
1693.4375	4.366261	-85.44519
1693.75	4.299345	-85.18107
1694.0625	4.319815	-85.11124
1694.375	4.287696	-84.88318
1694.6875	4.293908	-84.74836
1695	4.32376	-84.31095
1695.3125	4.258055	-84.20588
1695.625	4.279017	-84.05106
1695.9375	4.256981	-83.78254
1696.25	4.238866	-83.75921
1696.5625	4.264396	-83.30574
1696.875	4.274361	-82.76009
1697.1875	4.256459	-82.73342
1697.5	4.263856	-82.5357
1697.8125	4.304202	-82.26574
1698.125	4.309125	-81.79432
1698.4375	4.342732	-81.14783
1698.75	4.349972	-81.40714
1699.0625	4.375841	-81.2057
1699.375	4.415427	-80.85317
1699.6875	4.424694	-80.40147
1700	4.473147	-80.44535
1700.3125	4.489907	-79.95895
1700.625	4.553184	-79.78322
1700.9375	4.560032	-79.53454
1701.25	4.610552	-78.88104
1701.5625	4.6573	-79.22124
1701.875	4.662959	-79.03038
1702.1875	4.691887	-78.7205
1702.5	4.742711	-78.65441
1702.8125	4.767736	-78.39213
1703.125	4.831404	-78.12739
1703.4375	4.870784	-78.17007
1703.75	4.935582	-78.09103
1704.0625	4.943277	-77.9236
1704.375	4.979566	-77.75581
1704.6875	5.06004	-77.13756
1705	5.096757	-77.39946
1705.3125	5.158143	-77.70013
1705.625	5.206943	-77.18317
1705.9375	5.272762	-76.70995
1706.25	5.350167	-76.94801
1706.5625	5.427118	-76.49438
1706.875	5.486598	-76.35421
1707.1875	5.54471	-76.68234
1707.5	5.638201	-76.86972
1707.8125	5.680839	-77.06747
1708.125	5.765014	-76.96642
1708.4375	5.839275	-77.01587
1708.75	5.895329	-77.31554
1709.0625	5.984629	-77.4437
1709.375	6.03907	-77.86247
1709.6875	6.102928	-77.80398
1710	6.15871	-78.24508
1710.3125	6.246145	-78.85683
1710.625	6.272215	-78.80641
1710.9375	6.354311	-79.15251
1711.25	6.411066	-79.48862
1711.5625	6.461399	-79.77585
1711.875	6.506479	-80.43048
1712.1875	6.528298	-81.19067
1712.5	6.605237	-82.1166
1712.8125	6.592297	-82.19807
1713.125	6.610146	-82.83282
1713.4375	6.596913	-83.59444
1713.75	6.594754	-84.35678
1714.0625	6.56836	-85.11447
1714.375	6.512139	-85.58529
1714.6875	6.445091	-85.74155
1715	6.39566	-86.57433
1715.3125	6.328636	-87.23184
1715.625	6.245056	-87.52612
1715.9375	6.146204	-87.22149
1716.25	6.056418	-87.30095
1716.5625	5.961444	-88.06746
1716.875	5.85208	-87.75724
1717.1875	5.758647	-87.65945
1717.5	5.681353	-87.19258
1717.8125	5.622426	-86.79026
1718.125	5.551435	-86.2627
1718.4375	5.528717	-85.9819
1718.75	5.507047	-85.46439
1719.0625	5.504961	-84.42603
1719.375	5.51433	-84.24946
1719.6875	5.545037	-83.85511
1720	5.575739	-82.88598
1720.3125	5.638775	-82.56419
1720.625	5.705469	-82.13874
1720.9375	5.738129	-82.20069
1721.25	5.819177	-81.69085
1721.5625	5.892494	-81.6137
1721.875	5.951777	-81.33996
1722.1875	6.047509	-81.15412
1722.5	6.09056	-81.60057
1722.8125	6.168183	-81.23064
1723.125	6.235624	-81.42134
1723.4375	6.275179	-81.14502
1723.75	6.331257	-81.73257
1724.0625	6.381187	-82.09638
1724.375	6.419506	-81.54356
1724.6875	6.464267	-81.82318
1725	6.525648	-82.13572
1725.3125	6.543533	-82.14713
1725.625	6.580018	-82.45112
1725.9375	6.623607	-82.58179
1726.25	6.640219	-82.84926
1726.5625	6.66877	-82.63065
1726.875	6.708965	-82.7765
1727.1875	6.728761	-83.09374
1727.5	6.741981	-83.62992
1727.8125	6.797465	-83.4497
1728.125	6.815699	-83.64909
1728.4375	6.835622	-83.90911
1728.75	6.882368	-84.5146
1729.0625	6.872685	-84.46349
1729.375	6.90808	-84.42361
1729.6875	6.910996	-85.09145
1730	6.927541	-85.41415
1730.3125	6.942592	-85.39394
1730.625	6.972762	-85.86304
1730.9375	6.973234	-86.2404
1731.25	6.951622	-86.66045
1731.5625	6.970058	-86.54966
1731.875	6.963456	-87.0872
1732.1875	6.941226	-87.45438
1732.5	6.925092	-87.53831
1732.8125	6.934829	-87.77452
1733.125	6.913027	-87.70415
1733.4375	6.879925	-88.02055
1733.75	6.848187	-88.14204
1734.0625	6.820062	-88.58305
1734.375	6.790338	-88.2854
1734.6875	6.771784	-88.65934
1735	6.729361	-88.79456
1735.3125	6.706717	-88.9557
1735.625	6.66797	-88.89132
1735.9375	6.616035	-88.78648
1736.25	6.603518	-88.74763
1736.5625	6.584301	-88.8243
1736.875	6.570993	-88.78899
1737.1875	6.573395	-88.35651
1737.5	6.53059	-88.09235
1737.8125	6.531012	-87.8736
1738.125	6.54087	-88.13715
1738.4375	6.561188	-87.24429
1738.75	6.566347	-87.9939
1739.0625	6.586697	-87.41228
1739.375	6.596005	-87.45716
1739.6875	6.637933	-87.16515
1740	6.670619	-87.1395
1740.3125	6.696435	-87.1363
1740.625	6.749701	-87.24474
1740.9375	6.771462	-87.30739
1741.25	6.808555	-87.30783
1741.5625	6.817409	-87.51645
1741.875	6.830647	-87.73642
1742.1875	6.851059	-87.89232
1742.5	6.879027	-87.70705
1742.8125	6.876873	-87.88149
1743.125	6.872106	-88.50401
1743.4375	6.899641	-88.66038
1743.75	6.905992	-88.34296
1744.0625	6.889898	-88.70158
1744.375	6.877485	-89.04091
1744.6875	6.854314	-89.32162
1745	6.831967	-88.91846
1745.3125	6.829788	-89.05997
1745.625	6.788784	-89.10724
1745.9375	6.789671	-89.46685
1746.25	6.7845	-89.40465
1746.5625	6.785459	-89.59164
1746.875	6.750068	-89.32826
1747.1875	6.740159	-89.05388
1747.5	6.730323	-89.07174
1747.8125	6.734874	-89.02575
1748.125	6.728991	-88.60858
1748.4375	6.733368	-88.88248
1748.75	6.686898	-89.22626
1749.0625	6.713786	-89.03427
1749.375	6.725821	-88.89413
1749.6875	6.715416	-88.85704
1750	6.738846	-88.90058
1750.3125	6.727411	-89.24208
1750.625	6.710762	-88.54142
1750.9375	6.683584	-88.76024
1751.25	6.696505	-88.71754
1751.5625	6.70199	-88.45525
1751.875	6.695073	-88.54126
1752.1875	6.675231	-88.54771
1752.5	6.680987	-88.43375
1752.8125	6.666958	-88.24796
1753.125	6.661799	-87.64965
1753.4375	6.659561	-87.85418
1753.75	6.66118	-87.47581
1754.0625	6.678348	-87.63533
1754.375	6.684595	-87.04423
1754.6875	6.694091	-86.70599
1755	6.722394	-86.82877
1755.3125	6.748073	-86.4526
1755.625	6.797201	-85.9723
1755.9375	6.805628	-86.07211
1756.25	6.811068	-85.72466
1756.5625	6.874349	-85.51356
1756.875	6.913848	-85.57671
1757.1875	6.945553	-85.44051
1757.5	7.017643	-84.82559
1757.8125	7.084939	-84.89208
1758.125	7.134007	-84.65958
1758.4375	7.190156	-84.59582
1758.75	7.275689	-84.36477
1759.0625	7.32868	-84.35229
1759.375	7.402701	-84.73282
1759.6875	7.493128	-84.60986
1760	7.556386	-84.75395
1760.3125	7.608807	-84.83266
1760.625	7.66811	-84.74214
1760.9375	7.699247	-85.3391
1761.25	7.768765	-85.45218
1761.5625	7.786152	-86.1708
1761.875	7.853081	-86.27605
1762.1875	7.889075	-86.55354
1762.5	7.911125	-86.7505
1762.8125	7.942578	-86.94214
1763.125	7.975817	-87.84571
1763.4375	7.985206	-87.95958
1763.75	7.975679	-88.2719
1764.0625	7.988488	-88.60023
1764.375	8.008153	-89.02463
1764.6875	7.991124	-88.8735
1765	8.004146	-89.72983
1765.3125	7.997012	-89.52482
1765.625	7.981215	-89.96954
1765.9375	7.956914	-90.43079
1766.25	7.934127	-90.59848
1766.5625	7.934663	-90.91075
1766.875	7.896523	-91.34649
1767.1875	7.877965	-91.39114
1767.5	7.853429	-91.35598
1767.8125	7.848188	-91.4081
1768.125	7.809744	-91.96422
1768.4375	7.78186	-91.45535
1768.75	7.735959	-91.80239
1769.0625	7.729196	-91.76348
1769.375	7.688349	-91.84443
1769.6875	7.683525	-92.02589
1770	7.653494	-91.84553
1770.3125	7.63647	-91.6031
1770.625	7.636741	-91.63825
1770.9375	7.630351	-91.36803
1771.25	7.6346	-91.20735
1771.5625	7.609866	-91.17056
1771.875	7.645233	-91.03971
1772.1875	7.627972	-91.05415
1772.5	7.643888	-90.78636
1772.8125	7.640558	-90.7035
1773.125	7.653949	-90.766
1773.4375	7.666182	-90.82132
1773.75	7.676904	-90.71232
1774.0625	7.688906	-90.69531
1774.375	7.717032	-90.39043
1774.6875	7.715869	-90.29184
1775	7.734065	-90.41188
1775.3125	7.754093	-90.55418
1775.625	7.767997	-90.22225
1775.9375	7.772854	-90.3588
1776.25	7.812854	-90.09092
1776.5625	7.823541	-90.23563
1776.875	7.85516	-90.07288
1777.1875	7.881269	-90.31584
1777.5	7.898602	-89.61578
1777.8125	7.938761	-89.49535
1778.125	7.961764	-89.63871
1778.4375	8.009409	-89.74711
1778.75	8.025554	-89.97196
1779.0625	8.05457	-89.60379
1779.375	8.107415	-90.09087
1779.6875	8.149678	-90.00916
1780	8.179349	-90.31696
1780.3125	8.203695	-89.83045
1780.625	8.244122	-90.0312
1780.9375	8.29952	-90.14688
1781.25	8.326382	-90.15824
1781.5625	8.386103	-90.15665
1781.875	8.436888	-90.2766
1782.1875	8.45551	-90.84997
1782.5	8.502514	-90.72489
1782.8125	8.52939	-90.94203
1783.125	8.565875	-90.8625
1783.4375	8.611387	-91.28588
1783.75	8.634308	-91.8283
1784.0625	8.647263	-92.11959
1784.375	8.703562	-92.11546
1784.6875	8.722962	-92.63877
1785	8.723081	-92.79475
1785.3125	8.749061	-93.09599
1785.625	8.756319	-93.43845
1785.9375	8.776851	-93.81131
1786.25	8.792744	-94.09523
1786.5625	8.791768	-94.37782
1786.875	8.784665	-94.84705
1787.1875	8.785825	-95.56811
1787.5	8.790992	-95.64301
1787.8125	8.782682	-96.09657
1788.125	8.767262	-96.22893
1788.4375	8.738349	-96.88831
1788.75	8.725418	-97.20601
1789.0625	8.690197	-97.37695
1789.375	8.646506	-97.94116
1789.6875	8.618934	-97.91719
1790	8.561776	-98.31241
1790.3125	8.509761	-98.60335
1790.625	8.450271	-98.84859
1790.9375	8.367304	-99.36372
1791.25	8.29503	-99.28268
1791.5625	8.232949	-99.45213
1791.875	8.156582	-99.46844
1792.1875	8.076726	-99.24443
1792.5	8.004611	-99.22022
1792.8125	7.935085	-99.01748
1793.125	7.885845	-98.0183
1793.4375	7.825492	-98.15525
1793.75	7.813678	-97.72943
1794.0625	7.786195	-97.43367
1794.375	7.738326	-97.12147
1794.6875	7.74057	-96.70261
1795	7.732156	-96.56347
1795.3125	7.730724	-95.76207
1795.625	7.758303	-95.76508
1795.9375	7.773582	-95.35838
1796.25	7.797932	-94.75875
1796.5625	7.824463	-94.60136
1796.875	7.842974	-94.53
1797.1875	7.848293	-94.21531
1797.5	7.896149	-93.97185
1797.8125	7.919082	-93.78242
1798.125	7.950633	-93.68596
1798.4375	8.002166	-93.44116
1798.75	8.033854	-92.89236
1799.0625	8.064919	-93.13817
1799.375	8.110298	-93.27419
1799.6875	8.124504	-92.89383
1800	8.189049	-92.81795
1800.3125	8.198406	-92.59695
1800.625	8.239347	-92.95662
1800.9375	8.265115	-93.22884
1801.25	8.304362	-92.71148
1801.5625	8.325652	-93.03451
1801.875	8.370529	-92.79257
1802.1875	8.386864	-92.84882
1802.5	8.426436	-93.21616
1802.8125	8.447344	-93.409
1803.125	8.479358	-93.0924
1803.4375	8.512403	-93.04697
1803.75	8.539354	-93.13441
1804.0625	8.582347	-93.54623
1804.375	8.606883	-93.51955
1804.6875	8.616906	-93.96009
1805	8.631382	-93.70845
1805.3125	8.655778	-93.35964
1805.625	8.693672	-93.86963
1805.9375	8.716851	-93.64565
1806.25	8.733865	-93.77961
1806.5625	8.760436	-94.20773
1806.875	8.764227	-94.57943
1807.1875	8.780331	-94.46526
1807.5	8.816793	-94.23317
1807.8125	8.835933	-94.18345
1808.125	8.858843	-94.74237
1808.4375	8.864988	-94.5754
1808.75	8.876168	-94.76923
1809.0625	8.883608	-95.00663
1809.375	8.908044	-94.44945
1809.6875	8.936508	-95.32745
1810	8.949753	-95.08441
1810.3125	8.947785	-95.44991
1810.625	8.977344	-95.64809
1810.9375	9.001561	-95.93046
1811.25	9.006128	-95.8316
1811.5625	9.035617	-95.55363
1811.875	9.041676	-96.2254
1812.1875	9.057066	-96.7953
1812.5	9.061338	-96.20846
1812.8125	9.069365	-96.39796
1813.125	9.081842	-96.84541
1813.4375	9.082182	-97.19274
1813.75	9.104485	-97.18769
1814.0625	9.079479	-97.29582
1814.375	9.099953	-97.28363
1814.6875	9.081553	-97.91753
1815	9.084571	-97.87511
1815.3125	9.047064	-97.94955
1815.625	9.055441	-98.12056
1815.9375	9.035186	-98.31358
1816.25	9.027897	-98.68555
1816.5625	9.024253	-98.63232
1816.875	9.00392	-98.41699
1817.1875	8.995622	-98.68475
1817.5	8.949784	-98.7702
1817.8125	8.953227	-98.69164
1818.125	8.925784	-99.06975
1818.4375	8.918456	-99.26462
1818.75	8.892052	-99.41099
1819.0625	8.87406	-99.01587
1819.375	8.85728	-99.23845
1819.6875	8.843296	-98.90179
1820	8.819757	-98.76282
1820.3125	8.803289	-99.16181
1820.625	8.772696	-99.05967
1820.9375	8.759715	-99.09508
1821.25	8.736053	-99.24265
1821.5625	8.720015	-99.19309
1821.875	8.697132	-99.3083
1822.1875	8.66683	-98.94063
1822.5	8.675746	-99.13786
1822.8125	8.634492	-99.01376
1823.125	8.62744	-98.6117
1823.4375	8.613483	-98.57753
1823.75	8.594199	-98.496
1824.0625	8.570217	-98.72297
1824.375	8.569996	-98.56148
1824.6875	8.543206	-98.12747
1825	8.529818	-97.7258
1825.3125	8.519267	-98.03358
1825.625	8.505725	-97.81186
1825.9375	8.489851	-97.85265
1826.25	8.491734	-97.3177
1826.5625	8.471114	-97.16963
1826.875	8.480613	-96.92034
1827.1875	8.501989	-96.35701
1827.5	8.505258	-95.85017
1827.8125	8.531476	-95.69085
1828.125	8.521612	-95.38995
1828.4375	8.580509	-95.23107
1828.75	8.632071	-94.92593
1829.0625	8.65966	-94.86115
1829.375	8.682517	-94.59263
1829.6875	8.758859	-94.39817
1830	8.796138	-94.14631
1830.3125	8.850799	-93.8717
1830.625	8.900977	-93.40984
1830.9375	8.945685	-93.65247
1831.25	9.013765	-93.83412
1831.5625	9.049843	-94.17526
1831.875	9.104181	-93.87666
1832.1875	9.14837	-93.65869
1832.5	9.19247	-94.18215
1832.8125	9.246329	-94.12637
1833.125	9.269789	-94.11098
1833.4375	9.313027	-93.90473
1833.75	9.373336	-93.9169
1834.0625	9.394258	-94.58987
1834.375	9.430719	-94.73226
1834.6875	9.463484	-94.96611
1835	9.48218	-95.21011
1835.3125	9.509451	-94.9261
1835.625	9.519525	-95.2276
1835.9375	9.531646	-95.4463
1836.25	9.549034	-95.37608
1836.5625	9.568366	-95.74252
1836.875	9.57591	-96.32432
1837.1875	9.610815	-96.06747
1837.5	9.610332	-96.17774
1837.8125	9.60773	-96.31503
1838.125	9.626506	-96.36572
1838.4375	9.625418	-96.79088
1838.75	9.623469	-96.96968
1839.0625	9.61446	-96.71683
1839.375	9.612067	-96.6973
1839.6875	9.609478	-97.15943
1840	9.619865	-97.45789
1840.3125	9.606561	-97.34129
1840.625	9.602819	-97.01199
1840.9375	9.594317	-97.47321
1841.25	9.586963	-97.37302
1841.5625	9.558119	-97.65946
1841.875	9.578527	-97.76981
1842.1875	9.563261	-97.44195
1842.5	9.568333	-97.34931
1842.8125	9.56627	-97.3857
1843.125	9.571696	-97.21468
1843.4375	9.574572	-97.40495
1843.75	9.557272	-96.84219
1844.0625	9.568517	-96.88687
1844.375	9.570537	-96.5537
1844.6875	9.572785	-96.72997
1845	9.594486	-96.91974
1845.3125	9.61756	-96.29768
1845.625	9.615336	-96.32312
1845.9375	9.63105	-96.29398
1846.25	9.626957	-96.07349
1846.5625	9.662102	-95.82848
1846.875	9.689674	-95.77437
1847.1875	9.720303	-95.67479
1847.5	9.733964	-96.31372
1847.8125	9.751797	-95.86835
1848.125	9.783954	-95.41454
1848.4375	9.794761	-95.46384
1848.75	9.832802	-95.42699
1849.0625	9.850657	-95.3831
1849.375	9.884728	-95.54823
1849.6875	9.911366	-95.21188
1850	9.950315	-94.76065
1850.3125	9.977238	-95.32127
1850.625	10.02219	-95.12196
1850.9375	10.04103	-95.07383
1851.25	10.08174	-95.06953
1851.5625	10.11352	-95.30341
1851.875	10.14596	-95.09904
1852.1875	10.17873	-95.45621
1852.5	10.21493	-95.10153
1852.8125	10.23488	-95.34379
1853.125	10.26346	-95.48066
1853.4375	10.29831	-95.79134
1853.75	10.33526	-95.44949
1854.0625	10.34771	-95.47076
1854.375	10.38606	-95.62481
1854.6875	10.40028	-96.04372
1855	10.41186	-96.15977
1855.3125	10.45339	-96.13208
1855.625	10.45984	-95.89574
1855.9375	10.45525	-96.0585
1856.25	10.50221	-95.94716
1856.5625	10.52119	-96.43707
1856.875	10.53148	-96.72824
1857.1875	10.55768	-96.49564
1857.5	10.57726	-96.61575
1857.8125	10.58747	-96.85486
1858.125	10.59774	-96.66933
1858.4375	10.61991	-96.77751
1858.75	10.64361	-96.59013
1859.0625	10.66486	-96.85098
1859.375	10.67634	-96.97966
1859.6875	10.67383	-97.4546
1860	10.6952	-97.67579
1860.3125	10.71037	-97.68842
1860.625	10.72285	-97.59349
1860.9375	10.72798	-97.60152
1861.25	10.7311	-97.69115
1861.5625	10.74466	-97.86305
1861.875	10.75829	-98.11681
1862.1875	10.73626	-98.08041
1862.5	10.74006	-98.05827
1862.8125	10.73719	-98.24792
1863.125	10.73124	-98.35326
1863.4375	10.73382	-98.3904
1863.75	10.74562	-98.23927
1864.0625	10.73574	-98.27174
1864.375	10.74719	-98.32338
1864.6875	10.74465	-98.16302
1865	10.73896	-98.53293
1865.3125	10.75958	-98.13914
1865.625	10.76089	-98.25072
1865.9375	10.77502	-98.25528
1866.25	10.7803	-98.24864
1866.5625	10.80261	-97.93696
1866.875	10.80633	-97.73346
1867.1875	10.82922	-97.64802
1867.5	10.83646	-97.83546
1867.8125	10.86766	-97.73823
1868.125	10.878	-97.90507
1868.4375	10.88875	-98.08472
1868.75	10.92556	-98.21693
1869.0625	10.92662	-98.10725
1869.375	10.93074	-97.95213
1869.6875	10.96736	-98.04171
1870	10.99691	-97.88022
1870.3125	10.99409	-97.68963
1870.625	11.01412	-97.90082
1870.9375	11.03551	-97.8149
1871.25	11.06491	-97.79803
1871.5625	11.05812	-98.00242
1871.875	11.07987	-98.08214
1872.1875	11.07987	-98.2021
1872.5	11.08354	-97.9073
1872.8125	11.10309	-98.35841
1873.125	11.12964	-98.45613
1873.4375	11.12854	-97.76009
1873.75	11.12941	-97.88088
1874.0625	11.13104	-98.12426
1874.375	11.13749	-98.40234
1874.6875	11.14803	-98.50861
1875	11.14494	-97.88506
1875.3125	11.14859	-98.54585
1875.625	11.155	-97.77116
1875.9375	11.15184	-98.13356
1876.25	11.16422	-98.45219
1876.5625	11.17029	-97.58634
1876.875	11.19061	-97.44534
1877.1875	11.20186	-97.5666
1877.5	11.21575	-97.69054
1877.8125	11.22672	-97.2833
1878.125	11.2315	-97.40374
1878.4375	11.25204	-97.24051
1878.75	11.25201	-97.25839
1879.0625	11.2831	-96.73006
1879.375	11.30704	-96.7591
1879.6875	11.32428	-96.89894
1880	11.35663	-96.39853
1880.3125	11.39285	-96.18742
1880.625	11.4074	-96.24023
1880.9375	11.44577	-96.1881
1881.25	11.47731	-95.96268
1881.5625	11.51105	-95.98363
1881.875	11.54313	-96.22526
1882.1875	11.58848	-96.09267
1882.5	11.6234	-95.88168
1882.8125	11.65217	-95.97272
1883.125	11.68701	-96.03461
1883.4375	11.72379	-96.3577
1883.75	11.7449	-96.34603
1884.0625	11.7753	-96.1069
1884.375	11.80191	-96.62521
1884.6875	11.83395	-96.48699
1885	11.84327	-96.54223
1885.3125	11.86031	-96.68056
1885.625	11.87753	-96.81783
1885.9375	11.87523	-97.08978
1886.25	11.87417	-97.16747
1886.5625	11.87603	-97.64236
1886.875	11.87497	-97.49519
1887.1875	11.84851	-97.42675
1887.5	11.83926	-97.59846
1887.8125	11.8268	-97.43256
1888.125	11.81328	-97.50539
1888.4375	11.79888	-97.54525
1888.75	11.77143	-97.44765
1889.0625	11.76694	-97.0851
1889.375	11.76369	-97.01412
1889.6875	11.74617	-96.82377
1890	11.74387	-96.64501
1890.3125	11.75197	-96.25995
1890.625	11.7573	-95.85056
1890.9375	11.7532	-95.56013
1891.25	11.76662	-95.3297
1891.5625	11.78057	-95.23658
1891.875	11.8233	-94.92976
1892.1875	11.85646	-94.57102
1892.5	11.8797	-94.31496
1892.8125	11.91529	-93.70831
1893.125	11.95402	-93.83843
1893.4375	11.99661	-93.41831
1893.75	12.03361	-93.39153
1894.0625	12.06399	-93.43922
1894.375	12.10649	-92.90381
1894.6875	12.14738	-92.87952
1895	12.19724	-92.55946
1895.3125	12.24487	-92.30757
1895.625	12.27957	-92.34675
1895.9375	12.32518	-91.87511
1896.25	12.35974	-91.97122
1896.5625	12.40975	-92.03682
1896.875	12.45031	-91.78417
1897.1875	12.48942	-91.61973
1897.5	12.55052	-91.01916
1897.8125	12.58526	-90.83861
1898.125	12.65409	-91.17781
1898.4375	12.69398	-90.68317
1898.75	12.7562	-90.85923
1899.0625	12.81202	-90.50983
1899.375	12.86825	-90.15447
1899.6875	12.93128	-90.50883
1900	12.98205	-89.82199
1900.3125	13.04885	-89.71793
1900.625	13.11857	-89.75507
1900.9375	13.19482	-89.88907
1901.25	13.25183	-90.13242
1901.5625	13.30492	-90.16536
1901.875	13.36984	-89.86008
1902.1875	13.43504	-90.02329
1902.5	13.49464	-90.09918
1902.8125	13.55556	-90.24761
1903.125	13.60266	-90.34863
1903.4375	13.65938	-90.59807
1903.75	13.70238	-90.58375
1904.0625	13.74846	-90.56455
1904.375	13.78896	-90.62249
1904.6875	13.82531	-90.12259
1905	13.85739	-90.46278
1905.3125	13.89144	-91.09058
1905.625	13.92778	-91.19111
1905.9375	13.95567	-90.90233
1906.25	13.98142	-90.53816
1906.5625	14.00635	-90.73708
1906.875	14.03267	-90.52209
1907.1875	14.0622	-90.50611
1907.5	14.08967	-90.55939
1907.8125	14.11173	-90.61217
1908.125	14.14771	-89.90369
1908.4375	14.19345	-89.7845
1908.75	14.23324	-90.04504
1909.0625	14.27646	-89.54543
1909.375	14.32529	-89.57385
1909.6875	14.37296	-89.22301
1910	14.41812	-88.67184
1910.3125	14.47323	-88.78087
1910.625	14.52764	-88.42076
1910.9375	14.61344	-88.57363
1911.25	14.6755	-88.2269
1911.5625	14.75545	-88.12333
1911.875	14.82953	-87.97001
1912.1875	14.90552	-87.53101
1912.5	14.99556	-87.33144
1912.8125	15.07957	-87.51539
1913.125	15.16251	-87.33096
1913.4375	15.24812	-87.5139
1913.75	15.32979	-87.15555
1914.0625	15.41272	-87.17798
1914.375	15.50372	-86.98925
1914.6875	15.57782	-87.00378
1915	15.66675	-86.91426
1915.3125	15.74253	-87.2637
1915.625	15.84441	-87.04865
1915.9375	15.92863	-86.85593
1916.25	16.01665	-87.03334
1916.5625	16.11292	-87.04506
1916.875	16.20803	-86.79402
1917.1875	16.29884	-86.8572
1917.5	16.38809	-87.29961
1917.8125	16.47913	-87.14428
1918.125	16.58325	-87.08841
1918.4375	16.68353	-87.51452
1918.75	16.77967	-87.62734
1919.0625	16.88049	-87.69794
1919.375	16.98839	-87.46827
1919.6875	17.09517	-87.35156
1920	17.21135	-87.28603
1920.3125	17.32732	-87.2309
1920.625	17.44492	-87.82384
1920.9375	17.56381	-88.07495
1921.25	17.6989	-88.32603
1921.5625	17.82373	-88.33035
1921.875	17.95269	-88.62193
1922.1875	18.08462	-88.51375
1922.5	18.21335	-89.47162
1922.8125	18.3559	-89.83698
1923.125	18.49328	-90.47426
1923.4375	18.6273	-90.34209
1923.75	18.75469	-91.27779
1924.0625	18.89215	-92.27179
1924.375	19.01199	-92.49448
1924.6875	19.13564	-93.29395
1925	19.25359	-93.83437
1925.3125	19.36484	-95.26715
1925.625	19.46073	-96.00938
1925.9375	19.56083	-96.82917
1926.25	19.64304	-98.31898
1926.5625	19.7204	-98.85871
1926.875	19.78613	-99.73859
1927.1875	19.8357	-100.8056
1927.5	19.87862	-102.193
1927.8125	19.9036	-103.4252
1928.125	19.91672	-104.3094
1928.4375	19.9224	-104.9404
1928.75	19.91135	-106.1092
1929.0625	19.89181	-107.0644
1929.375	19.86324	-108.4384
1929.6875	19.8173	-109.2504
1930	19.76692	-109.6902
1930.3125	19.71257	-110.2856
1930.625	19.64533	-111.1433
1930.9375	19.5888	-111.5581
1931.25	19.52199	-112.5043
1931.5625	19.44659	-112.6589
1931.875	19.37913	-113.0387
1932.1875	19.31348	-113.068
1932.5	19.26108	-113.1494
1932.8125	19.20588	-113.271
1933.125	19.15656	-113.5585
1933.4375	19.11177	-113.6117
1933.75	19.08163	-113.8469
1934.0625	19.05868	-113.4204
1934.375	19.0467	-113.5193
1934.6875	19.03671	-113.2587
1935	19.04017	-112.8723
1935.3125	19.05121	-113.014
1935.625	19.06026	-112.9309
1935.9375	19.09437	-113.6749
1936.25	19.10949	-113.0968
1936.5625	19.13372	-113.0742
1936.875	19.16451	-112.9575
1937.1875	19.20135	-113.2552
1937.5	19.2302	-113.7274
1937.8125	19.273	-113.3202
1938.125	19.30949	-113.6284
1938.4375	19.35019	-113.3055
1938.75	19.3934	-112.9568
1939.0625	19.43666	-113.995
1939.375	19.48003	-113.5583
1939.6875	19.53371	-113.9829
1940	19.58057	-114.1265
1940.3125	19.63053	-114.4047
1940.625	19.68506	-114.9284
1940.9375	19.7329	-114.8932
1941.25	19.78734	-115.4365
1941.5625	19.84131	-115.4185
1941.875	19.89729	-115.0863
1942.1875	19.95547	-115.5822
1942.5	20.01449	-115.7012
1942.8125	20.0571	-116.1598
1943.125	20.11772	-116.2323
1943.4375	20.17555	-116.9337
1943.75	20.23359	-117.5061
1944.0625	20.28982	-117.5745
1944.375	20.34335	-118.2171
1944.6875	20.3996	-118.6682
1945	20.44568	-119.3945
1945.3125	20.49696	-119.8812
1945.625	20.53577	-120.3876
1945.9375	20.5785	-120.7242
1946.25	20.61635	-121.6979
1946.5625	20.63871	-122.5647
1946.875	20.65386	-122.8037
1947.1875	20.6692	-123.3317
1947.5	20.67872	-124.2098
1947.8125	20.6744	-124.7109
1948.125	20.66463	-125.4341
1948.4375	20.64405	-125.9302
1948.75	20.61848	-126.6929
1949.0625	20.58459	-127.3337
1949.375	20.53886	-127.9633
1949.6875	20.49465	-128.7946
1950	20.43536	-129.0122
1950.3125	20.37501	-129.5536
1950.625	20.30557	-129.8972
1950.9375	20.24134	-130.2459
1951.25	20.16995	-130.5159
1951.5625	20.09639	-130.8221
1951.875	20.0287	-131.2278
1952.1875	19.95282	-131.3564
1952.5	19.88779	-130.9902
1952.8125	19.82201	-130.7361
1953.125	19.76693	-130.7643
1953.4375	19.72077	-130.5007
1953.75	19.6684	-130.5602
1954.0625	19.63337	-130.3407
1954.375	19.59697	-130.0435
1954.6875	19.56362	-129.9813
1955	19.53971	-129.239
1955.3125	19.52208	-129.1667
1955.625	19.51679	-129.7474
1955.9375	19.51153	-128.7221
1956.25	19.51708	-128.3108
1956.5625	19.52448	-127.9037
1956.875	19.53456	-127.6266
1957.1875	19.55177	-127.4172
1957.5	19.57146	-127.4899
1957.8125	19.59819	-126.8746
1958.125	19.62206	-126.9097
1958.4375	19.65384	-126.5392
1958.75	19.68065	-126.2801
1959.0625	19.71756	-125.8713
1959.375	19.76064	-125.5904
1959.6875	19.79794	-125.7223
1960	19.84802	-125.8121
1960.3125	19.89304	-125.185
1960.625	19.94232	-125.0752
1960.9375	19.99329	-124.7126
1961.25	20.04892	-124.3611
1961.5625	20.10301	-124.2526
1961.875	20.16102	-124.4621
1962.1875	20.22381	-124.4431
1962.5	20.28574	-124.4127
1962.8125	20.35239	-124.0044
1963.125	20.41919	-124.0466
1963.4375	20.48506	-123.7732
1963.75	20.55212	-123.583
1964.0625	20.62406	-123.9993
1964.375	20.69436	-123.2873
1964.6875	20.76743	-123.6184
1965	20.83952	-123.7188
1965.3125	20.91541	-123.4692
1965.625	20.9912	-123.4755
1965.9375	21.063	-123.7799
1966.25	21.13838	-123.7568
1966.5625	21.21632	-123.9432
1966.875	21.29152	-123.5769
1967.1875	21.36745	-123.5748
1967.5	21.45113	-124.0029
1967.8125	21.52337	-124.2382
1968.125	21.60428	-124.1509
1968.4375	21.68192	-123.9485
1968.75	21.76931	-123.6924
1969.0625	21.84581	-124.3413
1969.375	21.93176	-124.3975
1969.6875	22.01311	-124.356
1970	22.1068	-124.3832
1970.3125	22.18684	-124.6921
1970.625	22.27687	-124.6906
1970.9375	22.37233	-124.9007
1971.25	22.45885	-125.4704
1971.5625	22.55441	-125.1113
1971.875	22.65013	-125.416
1972.1875	22.75035	-125.3755
1972.5	22.84861	-125.5107
1972.8125	22.94669	-125.5441
1973.125	23.04576	-126.2455
1973.4375	23.1457	-126.206
1973.75	23.2422	-126.3792
1974.0625	23.33778	-126.7189
1974.375	23.42788	-127.3113
1974.6875	23.52616	-128.0645
1975	23.61879	-128.1181
1975.3125	23.70544	-128.5689
1975.625	23.79179	-129.2613
1975.9375	23.87523	-129.1366
1976.25	23.95699	-129.2722
1976.5625	24.03396	-129.9395
1976.875	24.10979	-130.3946
1977.1875	24.18699	-131.1631
1977.5	24.25797	-131.3574
1977.8125	24.3294	-131.9301
1978.125	24.40253	-131.8824
1978.4375	24.47452	-132.4711
1978.75	24.54232	-133.0314
1979.0625	24.61337	-133.731
1979.375	24.6827	-133.5122
1979.6875	24.75608	-133.6005
1980	24.82997	-134.8208
1980.3125	24.90156	-135.0961
1980.625	24.97691	-135.1634
1980.9375	25.05294	-135.4958
1981.25	25.13043	-136.3661
1981.5625	25.20963	-136.4443
1981.875	25.29368	-137.1473
1982.1875	25.37204	-137.3142
1982.5	25.45929	-137.4593
1982.8125	25.54374	-137.8214
1983.125	25.62414	-138.4282
1983.4375	25.70919	-138.6696
1983.75	25.79298	-139.5322
1984.0625	25.88082	-140.0809
1984.375	25.96605	-140.1062
1984.6875	26.05363	-140.239
1985	26.141	-140.9632
1985.3125	26.22688	-141.6853
1985.625	26.3126	-141.7397
1985.9375	26.39891	-142.89
1986.25	26.48682	-143.4581
1986.5625	26.57214	-143.7465
1986.875	26.65677	-144.2284
1987.1875	26.74415	-145.1351
1987.5	26.83013	-145.7555
1987.8125	26.91405	-146.3067
1988.125	26.99891	-146.6415
1988.4375	27.08411	-147.3495
1988.75	27.16833	-148.8647
1989.0625	27.25318	-149.3214
1989.375	27.3353	-149.5582
1989.6875	27.41635	-150.2023
1990	27.49886	-150.8504
1990.3125	27.57872	-151.6397
1990.625	27.65934	-152.5643
1990.9375	27.73638	-153.4117
1991.25	27.81716	-153.6973
1991.5625	27.89573	-154.7884
1991.875	27.97095	-155.1304
1992.1875	28.04535	-155.4982
1992.5	28.11839	-156.4296
1992.8125	28.19178	-157.5169
1993.125	28.26275	-158.3047
1993.4375	28.33292	-158.6812
1993.75	28.40332	-159.769
1994.0625	28.47247	-160.6329
1994.375	28.5374	-161.8417
1994.6875	28.60478	-162.306
1995	28.66856	-162.8776
1995.3125	28.73083	-163.2572
1995.625	28.79017	-164.424
1995.9375	28.8508	-165.7106
1996.25	28.90701	-166.2677
1996.5625	28.96509	-167.3673
1996.875	29.02076	-168.294
1997.1875	29.07583	-169.4123
1997.5	29.12898	-169.9249
1997.8125	29.18116	-170.9462
1998.125	29.23163	-171.3495
1998.4375	29.27996	-172.6678
1998.75	29.32888	-173.9251
1999.0625	29.37271	-174.3966
1999.375	29.41825	-175.6407
1999.6875	29.46098	-175.0878
2000	29.50349	-174.8206
