pid,algo,run_id,nlse_test,mse_test,mape_test,nlse_train,mse_train,mape_train,term_precision,term_recall,term_f1,expr_str,expr_gt_str,extra
P1,eql_div,0,1.1903414741339038e+35,3.818618182883431e+38,1.2346815665875016e+19,1.8382098130334396e-07,0.0006009900927928389,0.11970838352517069,0.0,0.0,0.0,24.2892*x_4 + 0.116396*(Abs(0.0853107571601868*x_1 + 0.0735374242067337*x_4 - 0.0657262280583382*x_5 - 0.0989862754940987) + 1.0e-12)**0.341977*exp(-0.0443821665960078*x_4 - 0.275797367095947*(0.21552012860775*x_1 + 0.0726964250206947*x_2 - 0.289089441299438*x_4 - 0.128125935792923)*(0.370932549238205*x_1 - 0.191272258758545*x_2 + 0.274671167135239*x_3 - 0.367746829986572*x_4 + 0.0677127465605736*x_5 + 0.0407420620322227) + 0.155010310632894*exp(0.200889781117439*x_1 + 0.216211259365082*x_2 - 0.28617724776268*x_3 + 0.0288324691355228*x_4) - 0.429452359676361*sin(0.202262341976166*x_1 + 0.107423521578312*x_2 + 0.0933574140071869*x_4)) + 0.015469*(0.21552*x_1 + 0.0726964*x_2 - 0.289089*x_4 - 0.128126)*(0.370933*x_1 - 0.191272*x_2 + 0.274671*x_3 - 0.367747*x_4 + 0.0677128*x_5 + 0.0407421) - 0.245797*exp(0.200889781117439*x_1 + 0.216211259365082*x_2 - 0.28617724776268*x_3 + 0.0288324691355228*x_4) - 0.0183106*log(Abs(0.0853107571601868*x_1 + 0.0735374242067337*x_4 - 0.0657262280583382*x_5 - 0.0989862754940987) + 1.0e-12) + 2.05449*sin(0.0337451099078012*x_4 + 1.31441502634245) + 1.41595*sin(0.202262341976166*x_1 + 0.107423521578312*x_2 + 0.0933574140071869*x_4) - 2.55588*cos(0.093249885295333*exp(0.200889781117439*x_1 + 0.216211259365082*x_2 - 0.28617724776268*x_3 + 0.0288324691355228*x_4) - 0.552964627742767*sin(0.202262341976166*x_1 + 0.107423521578312*x_2 + 0.0933574140071869*x_4) + 1.55043771862984) - 0.458924,24.3*x3 + 1.57,"{'complexity': 8.0, 'out_op': 'id', 'run_seed': 1630210511000}"
P1,eql_div,1,9.356380502477891e-07,0.003001529014078436,0.7149085433090218,6.837669676509511e-07,0.002235529211211689,1.1347239857297746,0.0,0.0,0.0,1.83202*x_4 + 0.922658*(-1.50333*x_4 + 0.648189*exp(0.45408034324646*x_4) - 0.489226*sin(0.500003457069397*x_4 + 0.373451054096222) + 1.59972*cos(0.0314289890229702*x_3 + 0.0746461376547813*x_4 + 0.0133227631449699*x_5 - 0.0588911473751068) + 2.26034)*(1.20361*x_4 - 0.0565799*(0.111958*x_3 + 0.229884*x_4 + 0.0474205*x_5 - 0.278028)*(0.171391*x_3 + 0.464691*x_4 + 0.0722815*x_5 - 0.183669) + 0.672557*exp(0.45408034324646*x_4) + 1.47649*sin(0.500003457069397*x_4 + 0.373451054096222) - 0.923045*cos(0.0314289890229702*x_3 + 0.0746461376547813*x_4 + 0.0133227631449699*x_5 - 0.0588911473751068) - 1.62346) + 2.46855*exp(0.45408034324646*x_4) + 1.21527*exp(0.468077344865527*x_4 + 0.0452980175614357*(0.111958466470242*x_3 + 0.229883745312691*x_4 + 0.0474205389618874*x_5 - 0.278028398752213)*(0.171391397714615*x_3 + 0.464691132307053*x_4 + 0.0722814500331879*x_5 - 0.183669224381447) + 0.753443896770477*sin(0.500003457069397*x_4 + 0.373451054096222) + 1.64986753463745*cos(0.0314289890229702*x_3 + 0.0746461376547813*x_4 + 0.0133227631449699*x_5 - 0.0588911473751068)) + 1.69002*sin(0.500003457069397*x_4 + 0.373451054096222) + 1.51116*sin(0.286403298233452*x_4 + 0.289794513854039*exp(0.45408034324646*x_4) + 0.985036373138428*sin(0.500003457069397*x_4 + 0.373451054096222) - 0.759428071686969) - 1.03417*cos(0.0314289890229702*x_3 + 0.0746461376547813*x_4 + 0.0133227631449699*x_5 - 0.0588911473751068) + 1.97442*cos(0.635750488058022*x_4 + 0.182221435791057*exp(0.45408034324646*x_4) + 0.607796251773834*sin(0.500003457069397*x_4 + 0.373451054096222) - 0.761889398097992*cos(0.0314289890229702*x_3 + 0.0746461376547813*x_4 + 0.0133227631449699*x_5 - 0.0588911473751068) - 1.41949783743354) - 2.85788,24.3*x3 + 1.57,"{'complexity': 9.0, 'out_op': 'id', 'run_seed': 1630211511000}"
P1,eql_div,2,3.3874370992227984e-07,0.0010866905994246624,0.4708194240787598,2.8560830071414417e-07,0.0009337767535107594,0.8564419710134632,0.0,0.0,0.0,1.13128*x_4 - 0.869662*(-1.03776*x_4 - 0.937392*exp(0.405095994472504*x_4) - 1.17526*sin(0.598680257797241*x_4 - 0.15800067782402) - 1.21283*cos(0.847720801830292*x_4 - 0.996155858039856) - 1.1869)*(0.599859*x_4 + 1.75253*exp(0.405095994472504*x_4) + 0.394948*sin(0.598680257797241*x_4 - 0.15800067782402) + 0.181504*cos(0.847720801830292*x_4 - 0.996155858039856) + 1.51994) + 2.18449*exp(0.405095994472504*x_4) - 4.63471*exp(-0.671261977955268*x_4 + 0.816039357832693*exp(0.405095994472504*x_4) - 0.349025785923004*cos(0.847720801830292*x_4 - 0.996155858039856)) + 1.69084*sin(0.598680257797241*x_4 - 0.15800067782402) + 1.68337*sin(0.728412489732687*x_4 + 0.691803434697782*exp(0.405095994472504*x_4) - 1.06705904006958*sin(0.598680257797241*x_4 - 0.15800067782402) + 0.94217312335968*cos(0.847720801830292*x_4 - 0.996155858039856) - 0.395113437327139) + 2.11961*cos(0.847720801830292*x_4 - 0.996155858039856) - 1.7479*cos(0.588872571860374*x_4 + 0.934446182643821*exp(0.405095994472504*x_4) - 1.53964710235596*sin(0.598680257797241*x_4 - 0.15800067782402) + 1.09942936897278*cos(0.847720801830292*x_4 - 0.996155858039856) + 0.299008650587557) - 2.51634,24.3*x3 + 1.57,"{'complexity': 8.0, 'out_op': 'id', 'run_seed': 1630212511000}"
P1,eql_div,3,4.5391910622841966e-07,0.0014561735352985371,0.33924634973878787,3.9804811960123023e-07,0.001301391030768078,0.49010995416780173,0.0,0.0,0.0,-1.16921*x_4*(0.408291*x_4 - 0.164407) + 2.94635*x_4 - 0.337538*exp(-0.239428966266027*x_4 - 0.887794589171897*exp(0.354138225317001*x_4) - 0.0260370597243309*sin(0.394177168607712*x_4 + 0.0722929909825325) + 0.175362676382065*cos(0.270200699567795*x_4))/(Abs(0.140765264630318*x_1 + 0.341622799634933*x_2 + 0.084320455789566*x_3 - 0.176111534237862*x_4 - 0.0899480804800987*x_5) + 1.0e-12)**0.248946 - 1.46339*(1.23133*x_4 + 0.559322*exp(0.354138225317001*x_4) - 0.0445552*log(Abs(0.140765264630318*x_1 + 0.341622799634933*x_2 + 0.084320455789566*x_3 - 0.176111534237862*x_4 - 0.0899480804800987*x_5) + 1.0e-12) + 2.52245*sin(0.394177168607712*x_4 + 0.0722929909825325) - 0.7385*cos(0.270200699567795*x_4) + 0.680704)*(-0.22686*x_4*(0.408291*x_4 - 0.164407) + 0.484368*x_4 - 0.275938*exp(0.354138225317001*x_4) - 1.19817*sin(0.394177168607712*x_4 + 0.0722929909825325) - 2.09981*cos(0.270200699567795*x_4) - 2.41002) + 4.52663*exp(0.354138225317001*x_4) + 5.10882*sin(0.394177168607712*x_4 + 0.0722929909825325) + 2.41429*sin(1.67762410640717*sin(0.394177168607712*x_4 + 0.0722929909825325) + 1.72309172153473*cos(0.270200699567795*x_4)) - 4.15307*cos(0.270200699567795*x_4) + 2.36784*cos(0.138145923614502*log(Abs(0.140765264630318*x_1 + 0.341622799634933*x_2 + 0.084320455789566*x_3 - 0.176111534237862*x_4 - 0.0899480804800987*x_5) + 1.0e-12) + 0.594870686531067*sin(0.394177168607712*x_4 + 0.0722929909825325) - 2.03353977203369) - 5.25148,24.3*x3 + 1.57,"{'complexity': 9.0, 'out_op': 'id', 'run_seed': 1630213511000}"
P1,eql_div,4,4.7620282473249484e-05,0.15276597554387128,1.488810688095623,8.242023076653582e-07,0.0026946729249935995,0.457990003027027,0.0,0.0,0.0,2.39266*x_4 - 2.61082*(2.19048*sin(0.147254675626755*x_4 + 0.225197121500969) + 3.56754 + 1.97071*exp(-0.270674347877502*x_4))*(0.0276846*(0.125334*x_1 + 0.255022*x_2 + 0.204583*x_3 - 0.156416*x_4 - 0.209593*x_5 - 0.0784294)*(0.141401*x_1 + 0.225736*x_2 + 0.119966*x_3 - 0.0902709*x_4 - 0.270494*x_5 - 0.0542336) - 3.27594*sin(0.147254675626755*x_4 + 0.225197121500969) + 3.51406*cos(0.236260116100311*x_4 + 0.700709700584412) - 2.16257 + 0.321709*exp(-0.270674347877502*x_4)) + 0.548265*(0.125334*x_1 + 0.255022*x_2 + 0.204583*x_3 - 0.156416*x_4 - 0.209593*x_5 - 0.0784294)*(0.141401*x_1 + 0.225736*x_2 + 0.119966*x_3 - 0.0902709*x_4 - 0.270494*x_5 - 0.0542336) + 8.36299*sin(0.147254675626755*x_4 + 0.225197121500969) + 1.97835*sin(1.65618598461151*sin(0.147254675626755*x_4 + 0.225197121500969) + 1.25169885158539 - 1.25076925754547*exp(-0.270674347877502*x_4)) - 6.90881*cos(0.236260116100311*x_4 + 0.700709700584412) + 2.12568*cos(0.0599680319428444*(0.125333964824677*x_1 + 0.255021929740906*x_2 + 0.204583093523979*x_3 - 0.156416326761246*x_4 - 0.209593191742897*x_5 - 0.0784293711185455)*(0.141401097178459*x_1 + 0.22573609650135*x_2 + 0.119965903460979*x_3 - 0.0902708619832993*x_4 - 0.270493894815445*x_5 - 0.0542335733771324) - 0.0233378633856773*sin(0.147254675626755*x_4 + 0.225197121500969) + 0.875000536441803 + 0.91669750213623*exp(-0.270674347877502*x_4)) + 9.18424 - 2.66344*exp(-0.270674347877502*x_4),24.3*x3 + 1.57,"{'complexity': 7.0, 'out_op': 'id', 'run_seed': 1630214511000}"
P2,eql_div,0,0.6509837421486557,200.69732522998117,1961.656310944647,0.36023011273424393,107.43553232587674,845.1217349407758,0.0,0.0,0.0,(-3.95325*(0.284587*x_2 + 0.360795*x_4 - 0.193402*x_5 + 0.369344*(0.642791*x_2 + 0.55309*x_4)*(-0.0616026*x_4 - 1.34187*x_5 - 0.0683327) + 0.211939*exp(0.101043507456779*x_2 + 0.139108955860138*x_4 - 0.0565434098243713*x_5) - 2.35645*cos(0.0211633238941431*x_2 + 0.031923919916153*x_4 - 0.682549059391022*x_5) - 0.627654)*(0.472858*x_2 + 0.599483*x_4 - 0.32135*x_5 - 0.761271*(0.642791*x_2 + 0.55309*x_4)*(-0.0616026*x_4 - 1.34187*x_5 - 0.0683327) + 0.737553*exp(0.101043507456779*x_2 + 0.139108955860138*x_4 - 0.0565434098243713*x_5) + 3.94023*cos(0.0211633238941431*x_2 + 0.031923919916153*x_4 - 0.682549059391022*x_5) + 0.227907) - 19.4707*exp(-0.106904096383049*x_2 - 0.135531618089959*x_4 + 0.0726509016099453*x_5 + 0.156465366482735*(0.642791390419006*x_2 + 0.553089737892151*x_4)*(-0.0616026036441326*x_4 - 1.34187412261963*x_5 - 0.0683326870203018) + 0.975907538780838*exp(0.101043507456779*x_2 + 0.139108955860138*x_4 - 0.0565434098243713*x_5)) + 4.92318*log(Abs(0.0397027094598745*x_2 + 0.0503345768563601*x_4 - 0.0269815445451438*x_5 + 0.531666040420532*(0.642791390419006*x_2 + 0.553089737892151*x_4)*(0.0616026036441326*x_4 + 1.34187412261963*x_5 + 0.0683326870203018) + 0.105194807052612*log(Abs(0.273243308067322*x_2 + 0.131552428007126*x_3 + 0.334783405065536*x_5) + 1.0e-12) + 0.342862129211426*cos(0.0211633238941431*x_2 + 0.031923919916153*x_4 - 0.682549059391022*x_5) + 0.0520056076347828) + 1.0e-12) + 7.43634*sin(0.112071367517551*x_2 + 0.142082616991434*x_4 - 0.0761625248263229*x_5 + 1.61868715286255) + 3.93244)/(-0.193157*(0.284587*x_2 + 0.360795*x_4 - 0.193402*x_5 + 0.369344*(0.642791*x_2 + 0.55309*x_4)*(-0.0616026*x_4 - 1.34187*x_5 - 0.0683327) + 0.211939*exp(0.101043507456779*x_2 + 0.139108955860138*x_4 - 0.0565434098243713*x_5) - 2.35645*cos(0.0211633238941431*x_2 + 0.031923919916153*x_4 - 0.682549059391022*x_5) - 0.627654)*(0.472858*x_2 + 0.599483*x_4 - 0.32135*x_5 - 0.761271*(0.642791*x_2 + 0.55309*x_4)*(-0.0616026*x_4 - 1.34187*x_5 - 0.0683327) + 0.737553*exp(0.101043507456779*x_2 + 0.139108955860138*x_4 - 0.0565434098243713*x_5) + 3.94023*cos(0.0211633238941431*x_2 + 0.031923919916153*x_4 - 0.682549059391022*x_5) + 0.227907) + 1.06395*exp(-0.106904096383049*x_2 - 0.135531618089959*x_4 + 0.0726509016099453*x_5 + 0.156465366482735*(0.642791390419006*x_2 + 0.553089737892151*x_4)*(-0.0616026036441326*x_4 - 1.34187412261963*x_5 - 0.0683326870203018) + 0.975907538780838*exp(0.101043507456779*x_2 + 0.139108955860138*x_4 - 0.0565434098243713*x_5)) + 1.39744*sin(0.112071367517551*x_2 + 0.142082616991434*x_4 - 0.0761625248263229*x_5 + 1.61868715286255) + 3.74101*cos(0.0584767870604992*(0.642791390419006*x_2 + 0.553089737892151*x_4)*(-0.0616026036441326*x_4 - 1.34187412261963*x_5 - 0.0683326870203018) - 1.79079079627991*cos(0.0211633238941431*x_2 + 0.031923919916153*x_4 - 0.682549059391022*x_5)) - 8.29085*cos(0.0211633238941431*x_2 + 0.031923919916153*x_4 - 0.682549059391022*x_5) + 3.30197),0.23 + 4.73333333333333*(x1 + x3)/x4,"{'complexity': 9.0, 'out_op': 'reg_div', 'run_seed': 1630210512000}"
P2,eql_div,1,0.4576402682797992,141.08981809304984,298.0900649706924,0.2831725282319535,84.45377061830582,90.37697196698407,0.0,0.0,0.0,(3.77347*(0.180158*x_2 + 0.184174*x_4)*(-0.0557232*x_2 - 0.0839671*x_4 + 0.492078*x_5) - 5.00914*(0.0381061*log(Abs(-0.0651267766952515*x_1 + 0.295309603214264*x_3 + 0.12246748059988*x_4) + 1.0e-12) - 3.80116*sin(0.639415562152863*x_5))*(2.82783*x_2 + 2.8725*x_4 + 0.696721*x_5 + 0.139793*cos(1.06226933002472*x_5)) + 12.7318*cos(1.06226933002472*x_5) - 8.37329)/(-3.49196*(0.180158*x_2 + 0.184174*x_4)*(-0.0557232*x_2 - 0.0839671*x_4 + 0.492078*x_5) + 8.45033*exp(0.660186588764191*(0.180158481001854*x_2 + 0.184174388647079*x_4)*(-0.0557232163846493*x_2 - 0.0839670673012733*x_4 + 0.492078125476837*x_5)) + 0.276659*sin(0.0973130371621318*x_2 + 0.0988504885273329*x_4 + 0.0239760285373816*x_5 - 0.61347907781601*(0.180158481001854*x_2 + 0.184174388647079*x_4)*(-0.0557232163846493*x_2 - 0.0839670673012733*x_4 + 0.492078125476837*x_5) - 0.0832802144466022*exp(0.105309374630451*x_1 + 0.762145161628723*x_2 + 0.202272862195969*x_3 - 0.323194116353989*x_4)) - 11.782*cos(1.06226933002472*x_5) + 0.184326*cos(0.132030858517894*x_2 + 0.134116817702775*x_4 + 0.0325298205045836*x_5 - 0.970165967941284*(0.180158481001854*x_2 + 0.184174388647079*x_4)*(-0.0557232163846493*x_2 - 0.0839670673012733*x_4 + 0.492078125476837*x_5) - 0.103153371818051*exp(0.105309374630451*x_1 + 0.762145161628723*x_2 + 0.202272862195969*x_3 - 0.323194116353989*x_4) - 1.05820834636688*sin(0.639415562152863*x_5) + 1.77270185947418) + 4.099),0.23 + 4.73333333333333*(x1 + x3)/x4,"{'complexity': 9.0, 'out_op': 'reg_div', 'run_seed': 1630211512000}"
P2,eql_div,2,0.6306705409840258,194.43479534383724,450.1929579432837,0.3840616353775748,114.54307894903012,397.7304182971879,0.0,0.0,0.0,(-11.5729*x_5*(-0.815984*x_2 - 0.793965*x_4 + 1.05066*x_5) - 3.08103*(2.1444*x_5*(-0.815984*x_2 - 0.793965*x_4 + 1.05066*x_5) - 2.05239*exp(0.853881299495697*x_5))*(0.0873679*exp(0.853881299495697*x_5) + 2.31668) + 4.27736*exp(-0.0782165003505026*x_5*(-0.815983712673187*x_2 - 0.793964564800262*x_4 + 1.05065882205963*x_5) - 1.80221135406858*x_5) - 15.3703*sin(0.328147719960116*x_5*(-0.815983712673187*x_2 - 0.793964564800262*x_4 + 1.05065882205963*x_5) + 0.371823996305466*cos(0.453801959753036*x_2 + 0.545372188091278*x_4)) - 4.05858*cos(0.453801959753036*x_2 + 0.545372188091278*x_4) + 6.52987*cos(1.42534516922575*exp(0.853881299495697*x_5) + 1.2946811914444))/(3.61518*x_5*(-0.815984*x_2 - 0.793965*x_4 + 1.05066*x_5) - 0.546748*(2.1444*x_5*(-0.815984*x_2 - 0.793965*x_4 + 1.05066*x_5) - 2.05239*exp(0.853881299495697*x_5))*(0.0873679*exp(0.853881299495697*x_5) + 2.31668) + 0.794027*exp(-0.0782165003505026*x_5*(-0.815983712673187*x_2 - 0.793964564800262*x_4 + 1.05065882205963*x_5) - 1.80221135406858*x_5) - 2.89705*sin(0.328147719960116*x_5*(-0.815983712673187*x_2 - 0.793964564800262*x_4 + 1.05065882205963*x_5) + 0.371823996305466*cos(0.453801959753036*x_2 + 0.545372188091278*x_4)) + 1.26784*cos(0.453801959753036*x_2 + 0.545372188091278*x_4) + 2.97536*cos(1.42534516922575*exp(0.853881299495697*x_5) + 1.2946811914444)),0.23 + 4.73333333333333*(x1 + x3)/x4,"{'complexity': 7.0, 'out_op': 'reg_div', 'run_seed': 1630212512000}"
P2,eql_div,3,1.0193297943704565,314.2578685331609,435.2476022021456,0.6985876714098102,208.34776355739393,534.3041526785398,0.0,0.0,0.0,(-4.21735*(-0.115385*x_3 - 0.995187*x_4)*(-0.293635*x_2 + 0.0638223*x_3 - 0.374773*x_4 + 0.797118*x_5) + 8.41348*exp(-0.357460290193558*sin(0.335099965333939*x_1 - 0.345184445381165*x_3 + 0.277947753667831*x_4 - 0.451394855976105*x_5) + 1.90440475940704*cos(0.0525858998298645*x_2 + 0.0683181509375572*x_3 + 0.237880438566208*x_4 - 0.885677933692932*x_5))/(Abs(0.270224422216415*x_1 - 0.266351521015167*x_2 + 0.202961012721062*x_4) + 1.0e-12)**0.061765 + 3.36754*(-0.59253*(-0.115385*x_3 - 0.995187*x_4)*(-0.293635*x_2 + 0.0638223*x_3 - 0.374773*x_4 + 0.797118*x_5) - 0.245628*sin(0.335099965333939*x_1 - 0.345184445381165*x_3 + 0.277947753667831*x_4 - 0.451394855976105*x_5) - 1.79216*cos(0.0525858998298645*x_2 + 0.0683181509375572*x_3 + 0.237880438566208*x_4 - 0.885677933692932*x_5))*(0.166069*(-0.115385*x_3 - 0.995187*x_4)*(-0.293635*x_2 + 0.0638223*x_3 - 0.374773*x_4 + 0.797118*x_5) + 0.0867366*log(Abs(0.270224422216415*x_1 - 0.266351521015167*x_2 + 0.202961012721062*x_4) + 1.0e-12) + 0.615816*sin(0.335099965333939*x_1 - 0.345184445381165*x_3 + 0.277947753667831*x_4 - 0.451394855976105*x_5) - 1.45414*cos(0.0525858998298645*x_2 + 0.0683181509375572*x_3 + 0.237880438566208*x_4 - 0.885677933692932*x_5) - 1.62011) + 16.8363*sin(0.0229994281381649*x_1 + 0.029640950284116*x_2 - 0.0344693014980644*x_3 - 0.32635623216629*sin(0.335099965333939*x_1 - 0.345184445381165*x_3 + 0.277947753667831*x_4 - 0.451394855976105*x_5) + 3.46354603767395*cos(0.0525858998298645*x_2 + 0.0683181509375572*x_3 + 0.237880438566208*x_4 - 0.885677933692932*x_5) - 2.26013419535189) + 9.28899*cos(0.234409203506294*x_1 + 0.302099317666933*x_2 - 0.351309670007485*x_3 + 2.09884238243103*sin(0.335099965333939*x_1 - 0.345184445381165*x_3 + 0.277947753667831*x_4 - 0.451394855976105*x_5) + 0.123077327490613))/(1.31572*exp(-0.357460290193558*sin(0.335099965333939*x_1 - 0.345184445381165*x_3 + 0.277947753667831*x_4 - 0.451394855976105*x_5) + 1.90440475940704*cos(0.0525858998298645*x_2 + 0.0683181509375572*x_3 + 0.237880438566208*x_4 - 0.885677933692932*x_5))/(Abs(0.270224422216415*x_1 - 0.266351521015167*x_2 + 0.202961012721062*x_4) + 1.0e-12)**0.061765 - 0.70054*(-0.59253*(-0.115385*x_3 - 0.995187*x_4)*(-0.293635*x_2 + 0.0638223*x_3 - 0.374773*x_4 + 0.797118*x_5) - 0.245628*sin(0.335099965333939*x_1 - 0.345184445381165*x_3 + 0.277947753667831*x_4 - 0.451394855976105*x_5) - 1.79216*cos(0.0525858998298645*x_2 + 0.0683181509375572*x_3 + 0.237880438566208*x_4 - 0.885677933692932*x_5))*(0.166069*(-0.115385*x_3 - 0.995187*x_4)*(-0.293635*x_2 + 0.0638223*x_3 - 0.374773*x_4 + 0.797118*x_5) + 0.0867366*log(Abs(0.270224422216415*x_1 - 0.266351521015167*x_2 + 0.202961012721062*x_4) + 1.0e-12) + 0.615816*sin(0.335099965333939*x_1 - 0.345184445381165*x_3 + 0.277947753667831*x_4 - 0.451394855976105*x_5) - 1.45414*cos(0.0525858998298645*x_2 + 0.0683181509375572*x_3 + 0.237880438566208*x_4 - 0.885677933692932*x_5) - 1.62011) - 0.983078*log(Abs(0.0175423068717576*x_1 + 0.0226079814998374*x_2 - 0.0262906999644394*x_3 - 0.216303020715714*(-0.115384697914124*x_3 - 0.995186507701874*x_4)*(-0.293635189533234*x_2 + 0.0638222545385361*x_3 - 0.374773353338242*x_4 + 0.797118425369263*x_5) - 0.296715140342712*sin(0.335099965333939*x_1 - 0.345184445381165*x_3 + 0.277947753667831*x_4 - 0.451394855976105*x_5) + 0.00921064623530521) + 1.0e-12) + 0.677797*cos(0.234409203506294*x_1 + 0.302099317666933*x_2 - 0.351309670007485*x_3 + 2.09884238243103*sin(0.335099965333939*x_1 - 0.345184445381165*x_3 + 0.277947753667831*x_4 - 0.451394855976105*x_5) + 0.123077327490613) + 1.78511),0.23 + 4.73333333333333*(x1 + x3)/x4,"{'complexity': 9.0, 'out_op': 'reg_div', 'run_seed': 1630213512000}"
P2,eql_div,4,0.7982166350538656,246.0890084299591,304.90112029303594,0.43792934266609396,130.60865926320582,584.9771458839872,0.0,0.0,0.0,(-4.75438*x_5 - 1.41799*(0.635903*x_2 + 0.607082*x_4)*(-1.84242*x_5 - 0.130841) + 3.34045*(0.689054*x_5 + 0.0475108*(0.635903*x_2 + 0.607082*x_4)*(-1.84242*x_5 - 0.130841) - 0.802552*exp(-0.13225981593132*x_1 + 0.396179705858231*x_2 - 0.0176169276237488*x_3 + 0.420643836259842*x_4 - 0.597525238990784*x_5) - 2.10009*cos(0.106995061039925*x_2 + 0.125016584992409*x_4) - 2.82897)*(0.672104*(0.635903*x_2 + 0.607082*x_4)*(-1.84242*x_5 - 0.130841) + 0.153418*exp(-0.13225981593132*x_1 + 0.396179705858231*x_2 - 0.0176169276237488*x_3 + 0.420643836259842*x_4 - 0.597525238990784*x_5) + 0.36187*sin(-0.74164092540741*x_1 + 0.42627027630806*x_2 + 0.417168229818344*x_3 + 0.311063528060913*x_4 + 0.135654017329216*x_5 + 0.574148416519165) - 1.03276*cos(0.106995061039925*x_2 + 0.125016584992409*x_4) - 0.135708) + 2.58392*exp(-0.13225981593132*x_1 + 0.396179705858231*x_2 - 0.0176169276237488*x_3 + 0.420643836259842*x_4 - 0.597525238990784*x_5) - 4.54803*exp(-1.00656697514451*x_5 + 0.117750063538551*(0.635903060436249*x_2 + 0.60708224773407*x_4)*(-1.8424243927002*x_5 - 0.130840599536896) + 0.165088087320328*exp(-0.13225981593132*x_1 + 0.396179705858231*x_2 - 0.0176169276237488*x_3 + 0.420643836259842*x_4 - 0.597525238990784*x_5) + 0.17403481900692*sin(-0.74164092540741*x_1 + 0.42627027630806*x_2 + 0.417168229818344*x_3 + 0.311063528060913*x_4 + 0.135654017329216*x_5 + 0.574148416519165) + 0.807648420333862*cos(0.106995061039925*x_2 + 0.125016584992409*x_4)) + 8.16069*log(Abs(-0.337552506153209*x_5 - 0.198998212814331*(0.635903060436249*x_2 + 0.60708224773407*x_4)*(-1.8424243927002*x_5 - 0.130840599536896) + 0.227364480495453*log(Abs(0.230016440153122*x_1 + 0.20865435898304*x_2 - 0.0449554324150085*x_3 - 0.522838592529297*x_4 + 0.241354912519455*x_5) + 1.0e-12) + 0.26285692107605) + 1.0e-12) + 4.36612*sin(-0.899630395292036*x_5 + 0.274394601583481*exp(-0.13225981593132*x_1 + 0.396179705858231*x_2 - 0.0176169276237488*x_3 + 0.420643836259842*x_4 - 0.597525238990784*x_5) + 0.635031580924988*cos(0.106995061039925*x_2 + 0.125016584992409*x_4) + 0.527422129873798) - 0.993748*sin(-0.74164092540741*x_1 + 0.42627027630806*x_2 + 0.417168229818344*x_3 + 0.311063528060913*x_4 + 0.135654017329216*x_5 + 0.574148416519165) - 3.98665*cos(0.106995061039925*x_2 + 0.125016584992409*x_4) + 4.8567)/(1.42943*x_5 + 0.426329*(0.635903*x_2 + 0.607082*x_4)*(-1.84242*x_5 - 0.130841) + 0.31229*(0.689054*x_5 + 0.0475108*(0.635903*x_2 + 0.607082*x_4)*(-1.84242*x_5 - 0.130841) - 0.802552*exp(-0.13225981593132*x_1 + 0.396179705858231*x_2 - 0.0176169276237488*x_3 + 0.420643836259842*x_4 - 0.597525238990784*x_5) - 2.10009*cos(0.106995061039925*x_2 + 0.125016584992409*x_4) - 2.82897)*(0.672104*(0.635903*x_2 + 0.607082*x_4)*(-1.84242*x_5 - 0.130841) + 0.153418*exp(-0.13225981593132*x_1 + 0.396179705858231*x_2 - 0.0176169276237488*x_3 + 0.420643836259842*x_4 - 0.597525238990784*x_5) + 0.36187*sin(-0.74164092540741*x_1 + 0.42627027630806*x_2 + 0.417168229818344*x_3 + 0.311063528060913*x_4 + 0.135654017329216*x_5 + 0.574148416519165) - 1.03276*cos(0.106995061039925*x_2 + 0.125016584992409*x_4) - 0.135708) - 0.776872*exp(-0.13225981593132*x_1 + 0.396179705858231*x_2 - 0.0176169276237488*x_3 + 0.420643836259842*x_4 - 0.597525238990784*x_5) + 0.705663*exp(-1.00656697514451*x_5 + 0.117750063538551*(0.635903060436249*x_2 + 0.60708224773407*x_4)*(-1.8424243927002*x_5 - 0.130840599536896) + 0.165088087320328*exp(-0.13225981593132*x_1 + 0.396179705858231*x_2 - 0.0176169276237488*x_3 + 0.420643836259842*x_4 - 0.597525238990784*x_5) + 0.17403481900692*sin(-0.74164092540741*x_1 + 0.42627027630806*x_2 + 0.417168229818344*x_3 + 0.311063528060913*x_4 + 0.135654017329216*x_5 + 0.574148416519165) + 0.807648420333862*cos(0.106995061039925*x_2 + 0.125016584992409*x_4)) - 4.09139*sin(-0.899630395292036*x_5 + 0.274394601583481*exp(-0.13225981593132*x_1 + 0.396179705858231*x_2 - 0.0176169276237488*x_3 + 0.420643836259842*x_4 - 0.597525238990784*x_5) + 0.635031580924988*cos(0.106995061039925*x_2 + 0.125016584992409*x_4) + 0.527422129873798) + 0.298776*sin(-0.74164092540741*x_1 + 0.42627027630806*x_2 + 0.417168229818344*x_3 + 0.311063528060913*x_4 + 0.135654017329216*x_5 + 0.574148416519165) + 1.19861*cos(0.106995061039925*x_2 + 0.125016584992409*x_4) + 2.34971*cos(0.136641951950756*x_5 + 0.279849767684937*exp(-0.13225981593132*x_1 + 0.396179705858231*x_2 - 0.0176169276237488*x_3 + 0.420643836259842*x_4 - 0.597525238990784*x_5) - 1.04021731821198) - 0.838027),0.23 + 4.73333333333333*(x1 + x3)/x4,"{'complexity': 9.0, 'out_op': 'reg_div', 'run_seed': 1630214512000}"
P3,eql_div,0,1.1692439927705114,113.72752477804222,1824.734742691685,0.290429769940919,39.21414313277742,105.5264532696697,0.0,0.0,0.0,(-5.36493*exp(-0.0212029688257509*x_2 - 0.00333795476929044*x_4 + 1.39679734042127*x_5*(0.027913810685277*x_3 - 0.130534633994102*x_4 + 1.38935685157776*x_5) + 0.119537763297558*exp(-0.466331124305725*x_1 + 0.0959874168038368*x_4))/(Abs(0.0926049202680588*x_1 - 0.22493477165699*x_2 - 0.240468889474869*x_4 + 0.12223743647337*x_5) + 1.0e-12)**0.228765 + 2.83341*(-0.687387*exp(-0.466331124305725*x_1 + 0.0959874168038368*x_4) - 2.05615*cos(0.152777895331383*x_2 - 0.113504387438297*x_3 + 0.343416959047318*x_4 + 1.46281313896179*x_5) - 3.28896)*(-1.43293*x_2 - 0.225584*x_4 + 1.36173*log(Abs(0.0926049202680588*x_1 - 0.22493477165699*x_2 - 0.240468889474869*x_4 + 0.12223743647337*x_5) + 1.0e-12) - 0.923271*sin(1.02014243602753*x_2 + 0.161655485630035*x_5) + 2.46752*cos(0.152777895331383*x_2 - 0.113504387438297*x_3 + 0.343416959047318*x_4 + 1.46281313896179*x_5)) - 14.3246*cos(0.509202213806415*x_2 + 0.0801630173621772*x_4 - 5.51877127450859*x_5*(0.027913810685277*x_3 - 0.130534633994102*x_4 + 1.38935685157776*x_5) + 0.130621284246445*exp(-0.466331124305725*x_1 + 0.0959874168038368*x_4) + 2.04678654670715))/(0.963148*exp(-0.0212029688257509*x_2 - 0.00333795476929044*x_4 + 1.39679734042127*x_5*(0.027913810685277*x_3 - 0.130534633994102*x_4 + 1.38935685157776*x_5) + 0.119537763297558*exp(-0.466331124305725*x_1 + 0.0959874168038368*x_4))/(Abs(0.0926049202680588*x_1 - 0.22493477165699*x_2 - 0.240468889474869*x_4 + 0.12223743647337*x_5) + 1.0e-12)**0.228765 + 0.369097*sin(0.539827048778534*exp(-0.466331124305725*x_1 + 0.0959874168038368*x_4) + 1.44551682472229*log(Abs(0.0926049202680588*x_1 - 0.22493477165699*x_2 - 0.240468889474869*x_4 + 0.12223743647337*x_5) + 1.0e-12))),-5.41 + 1.63333333333333*(-x0 + x1/x4 + x3)/x4,"{'complexity': 8.0, 'out_op': 'reg_div', 'run_seed': 1630210513000}"
P3,eql_div,1,0.9134112092566582,88.84372857639025,1680.4445367264882,0.3033491160536479,40.95852728371864,88.83863577186384,0.0,0.0,0.0,(2.53019*(0.775855*x_2 + 0.168783*x_4)*(0.288833*x_1 - 0.473006*x_4 + 0.539778*x_5) - 5.73836*(1.14329*exp(1.03880178928375*x_5) - 3.87158*sin(0.0712878853082657*x_2 + 0.357933670282364*x_5) + 0.531089*cos(0.18760147690773*x_1 - 1.60484552383423*x_5) - 1.64011)*(0.259733*x_4 + 15.6061*exp(1.03880178928375*x_5) - 0.0679552*log(Abs(0.0784908756613731*x_1 + 0.268797129392624*x_4 - 0.293148279190063*x_5) + 1.0e-12) + 0.455525*sin(0.0712878853082657*x_2 + 0.357933670282364*x_5) + 1.20443) - 2.77299*exp(0.142362684011459*(0.775855123996735*x_2 + 0.168783381581306*x_4)*(0.288832724094391*x_1 - 0.473005950450897*x_4 + 0.53977757692337*x_5) + 1.52680326824269*exp(1.03880178928375*x_5)) + 9.84513*sin(0.0712878853082657*x_2 + 0.357933670282364*x_5) - 6.06099*cos(1.12567138671875*(0.775855123996735*x_2 + 0.168783381581306*x_4)*(0.288832724094391*x_1 - 0.473005950450897*x_4 + 0.53977757692337*x_5) + 1.66422209791573*exp(1.03880178928375*x_5) + 5.28603935241699*sin(0.0712878853082657*x_2 + 0.357933670282364*x_5)) - 3.55307)/(-0.377281*(0.775855*x_2 + 0.168783*x_4)*(0.288833*x_1 - 0.473006*x_4 + 0.539778*x_5) - 0.0133409*(1.14329*exp(1.03880178928375*x_5) - 3.87158*sin(0.0712878853082657*x_2 + 0.357933670282364*x_5) + 0.531089*cos(0.18760147690773*x_1 - 1.60484552383423*x_5) - 1.64011)*(0.259733*x_4 + 15.6061*exp(1.03880178928375*x_5) - 0.0679552*log(Abs(0.0784908756613731*x_1 + 0.268797129392624*x_4 - 0.293148279190063*x_5) + 1.0e-12) + 0.455525*sin(0.0712878853082657*x_2 + 0.357933670282364*x_5) + 1.20443) + 0.532356*exp(0.142362684011459*(0.775855123996735*x_2 + 0.168783381581306*x_4)*(0.288832724094391*x_1 - 0.473005950450897*x_4 + 0.53977757692337*x_5) + 1.52680326824269*exp(1.03880178928375*x_5)) - 1.46803*sin(0.0712878853082657*x_2 + 0.357933670282364*x_5) - 3.00109*sin(2.39472459974387*exp(1.03880178928375*x_5) - 1.35879361629486) + 0.708011),-5.41 + 1.63333333333333*(-x0 + x1/x4 + x3)/x4,"{'complexity': 9.0, 'out_op': 'reg_div', 'run_seed': 1630211513000}"
P3,eql_div,2,3.5483303421379375,345.1314091851615,1641.7629799864574,0.6740296173772921,91.00821137220605,112.17643642041402,0.0,0.0,0.0,(9.60206*(-0.225631*x_3 + 2.44988*x_5)*(0.0619489*x_1 + 0.30605*x_2 - 1.94618*x_5) - 0.994712*exp(-0.759003818035126*(-0.225630968809128*x_3 + 2.44988369941711*x_5)*(0.0619489401578903*x_1 + 0.306050390005112*x_2 - 1.94617557525635*x_5) + 1.48241360011636*exp(-0.0501289553940296*x_1 + 0.0703089684247971*x_2 + 0.16034834086895*x_3 - 0.209445625543594*x_4 - 0.155784279108047*x_5) + 0.71772700548172*cos(0.202885627746582*x_2 - 0.208554998040199*x_3 + 0.288589298725128*x_4 - 0.535790920257568*x_5))/(Abs(0.294243365526199*x_2 + 0.165733680129051*x_3 + 0.259338438510895*x_4 + 0.358396083116531*x_5) + 1.0e-12)**0.775274 - 3.42085*(1.60175*x_3 + 0.942108*x_4 + 4.28554*exp(-0.0501289553940296*x_1 + 0.0703089684247971*x_2 + 0.16034834086895*x_3 - 0.209445625543594*x_4 - 0.155784279108047*x_5))*(0.977151*(-0.225631*x_3 + 2.44988*x_5)*(0.0619489*x_1 + 0.30605*x_2 - 1.94618*x_5) + 1.66819*exp(-0.0501289553940296*x_1 + 0.0703089684247971*x_2 + 0.16034834086895*x_3 - 0.209445625543594*x_4 - 0.155784279108047*x_5) - 2.76653*log(Abs(0.294243365526199*x_2 + 0.165733680129051*x_3 + 0.259338438510895*x_4 + 0.358396083116531*x_5) + 1.0e-12) - 2.6589*sin(0.0754877179861069*x_1 + 0.401969462633133*x_3 + 0.369310855865479*x_4)) - 7.68368*sin(0.0754877179861069*x_1 + 0.401969462633133*x_3 + 0.369310855865479*x_4) + 6.70132*sin(0.0745306888324286*x_3 + 0.0438369368188072*x_4 - 0.594233627663817*exp(-0.0501289553940296*x_1 + 0.0703089684247971*x_2 + 0.16034834086895*x_3 - 0.209445625543594*x_4 - 0.155784279108047*x_5) + 1.75171649456024*log(Abs(0.294243365526199*x_2 + 0.165733680129051*x_3 + 0.259338438510895*x_4 + 0.358396083116531*x_5) + 1.0e-12) - 1.95577573776245*cos(0.202885627746582*x_2 - 0.208554998040199*x_3 + 0.288589298725128*x_4 - 0.535790920257568*x_5)) - 12.8743*cos(0.202885627746582*x_2 - 0.208554998040199*x_3 + 0.288589298725128*x_4 - 0.535790920257568*x_5) - 8.27018*cos(0.0972347345976967*x_3 + 0.0571908429121897*x_4 + 0.195862025022507*(-0.225630968809128*x_3 + 2.44988369941711*x_5)*(0.0619489401578903*x_1 + 0.306050390005112*x_2 - 1.94617557525635*x_5) + 1.03239643573761*log(Abs(0.294243365526199*x_2 + 0.165733680129051*x_3 + 0.259338438510895*x_4 + 0.358396083116531*x_5) + 1.0e-12) - 1.42159485816956*cos(0.202885627746582*x_2 - 0.208554998040199*x_3 + 0.288589298725128*x_4 - 0.535790920257568*x_5)) - 9.81682)/(0.201301*exp(-0.759003818035126*(-0.225630968809128*x_3 + 2.44988369941711*x_5)*(0.0619489401578903*x_1 + 0.306050390005112*x_2 - 1.94617557525635*x_5) + 1.48241360011636*exp(-0.0501289553940296*x_1 + 0.0703089684247971*x_2 + 0.16034834086895*x_3 - 0.209445625543594*x_4 - 0.155784279108047*x_5) + 0.71772700548172*cos(0.202885627746582*x_2 - 0.208554998040199*x_3 + 0.288589298725128*x_4 - 0.535790920257568*x_5))/(Abs(0.294243365526199*x_2 + 0.165733680129051*x_3 + 0.259338438510895*x_4 + 0.358396083116531*x_5) + 1.0e-12)**0.775274 + 1.59661*sin(0.0745306888324286*x_3 + 0.0438369368188072*x_4 - 0.594233627663817*exp(-0.0501289553940296*x_1 + 0.0703089684247971*x_2 + 0.16034834086895*x_3 - 0.209445625543594*x_4 - 0.155784279108047*x_5) + 1.75171649456024*log(Abs(0.294243365526199*x_2 + 0.165733680129051*x_3 + 0.259338438510895*x_4 + 0.358396083116531*x_5) + 1.0e-12) - 1.95577573776245*cos(0.202885627746582*x_2 - 0.208554998040199*x_3 + 0.288589298725128*x_4 - 0.535790920257568*x_5)) + 2.62592*cos(0.0972347345976967*x_3 + 0.0571908429121897*x_4 + 0.195862025022507*(-0.225630968809128*x_3 + 2.44988369941711*x_5)*(0.0619489401578903*x_1 + 0.306050390005112*x_2 - 1.94617557525635*x_5) + 1.03239643573761*log(Abs(0.294243365526199*x_2 + 0.165733680129051*x_3 + 0.259338438510895*x_4 + 0.358396083116531*x_5) + 1.0e-12) - 1.42159485816956*cos(0.202885627746582*x_2 - 0.208554998040199*x_3 + 0.288589298725128*x_4 - 0.535790920257568*x_5)) + 0.693808),-5.41 + 1.63333333333333*(-x0 + x1/x4 + x3)/x4,"{'complexity': 9.0, 'out_op': 'reg_div', 'run_seed': 1630212513000}"
P3,eql_div,3,147.36799289761532,14333.874851938932,2054.444250620917,0.3795943936280666,51.25324751370684,100.33980188460896,0.0,0.0,0.0,(-2.40033*(0.0820935*x_2 + 0.310221*(-0.0457213*x_3 + 1.95944*x_5)*(0.0548288*x_1 - 0.0450756*x_3 - 1.59564*x_5 + 0.0819028) - 1.6131*exp(0.704696774482727*x_2 + 0.0826327204704285*x_3) - 2.17742)*(0.732086*x_2 + 0.720969*(-0.0457213*x_3 + 1.95944*x_5)*(0.0548288*x_1 - 0.0450756*x_3 - 1.59564*x_5 + 0.0819028) + 0.61811*sin(0.739470899105072*x_2 + 0.281757861375809*x_4 - 1.04587125778198*x_5 - 0.528019309043884) + 1.44726*cos(-0.371194064617157*x_2 + 0.0671861544251442*x_4 + 0.263670444488525) - 0.184779) - 11.9858*exp(-0.866354783629561*x_2 + 0.903996646404266*(-0.0457212999463081*x_3 + 1.95943677425385*x_5)*(0.0548288151621819*x_1 - 0.0450755693018436*x_3 - 1.59563720226288*x_5 + 0.0819027796387672) - 0.86741179227829*sin(0.739470899105072*x_2 + 0.281757861375809*x_4 - 1.04587125778198*x_5 - 0.528019309043884)) - 11.065*cos(0.478587863584622*x_2 + 1.03389966487885*sin(0.739470899105072*x_2 + 0.281757861375809*x_4 - 1.04587125778198*x_5 - 0.528019309043884) + 0.362874269485474*cos(-0.371194064617157*x_2 + 0.0671861544251442*x_4 + 0.263670444488525) - 0.120795877088646))/(0.37819*(0.0820935*x_2 + 0.310221*(-0.0457213*x_3 + 1.95944*x_5)*(0.0548288*x_1 - 0.0450756*x_3 - 1.59564*x_5 + 0.0819028) - 1.6131*exp(0.704696774482727*x_2 + 0.0826327204704285*x_3) - 2.17742)*(0.732086*x_2 + 0.720969*(-0.0457213*x_3 + 1.95944*x_5)*(0.0548288*x_1 - 0.0450756*x_3 - 1.59564*x_5 + 0.0819028) + 0.61811*sin(0.739470899105072*x_2 + 0.281757861375809*x_4 - 1.04587125778198*x_5 - 0.528019309043884) + 1.44726*cos(-0.371194064617157*x_2 + 0.0671861544251442*x_4 + 0.263670444488525) - 0.184779) + 2.65131*exp(0.704696774482727*x_2 + 0.0826327204704285*x_3) - 1.21352*sin(1.46129381656647*(-0.0457212999463081*x_3 + 1.95943677425385*x_5)*(0.0548288151621819*x_1 - 0.0450755693018436*x_3 - 1.59563720226288*x_5 + 0.0819027796387672) - 0.139528108957453*exp(0.704696774482727*x_2 + 0.0826327204704285*x_3)) - 1.19042*cos(0.478587863584622*x_2 + 1.03389966487885*sin(0.739470899105072*x_2 + 0.281757861375809*x_4 - 1.04587125778198*x_5 - 0.528019309043884) + 0.362874269485474*cos(-0.371194064617157*x_2 + 0.0671861544251442*x_4 + 0.263670444488525) - 0.120795877088646)),-5.41 + 1.63333333333333*(-x0 + x1/x4 + x3)/x4,"{'complexity': 8.0, 'out_op': 'reg_div', 'run_seed': 1630213513000}"
P3,eql_div,4,2.7719792077751757,269.6189469312447,6915.09441320015,0.20986818451071737,28.336630325787773,69.95004207728621,0.0,0.0,0.0,(3.66306*x_2 - 8.60474*x_5*(0.302428*x_1 - 0.0291375*x_2 - 0.35641*x_4 + 1.2876*x_5) - 1.06118*x_5 - 6.03889*(-1.02608*x_2 + 2.60737*x_5*(0.302428*x_1 - 0.0291375*x_2 - 0.35641*x_4 + 1.2876*x_5) + 0.297253*x_5 + 0.427461*log(Abs(0.0594783276319504*x_1 - 0.176319673657417*x_2 - 0.0669432580471039*x_3 + 0.451748788356781*x_5 + 0.0764157101511955) + 1.0e-12) - 0.443552*sin(0.217234954237938*x_1 + 0.263807654380798*x_2 - 0.26982045173645*x_3 + 0.345172941684723*x_4 + 1.24790155887604*x_5 - 0.824056327342987) + 0.730585*cos(-0.0355741381645203*x_1 + 0.0169236790388823*x_2 + 0.0253322198987007*x_4 + 1.75348246097565*x_5 + 0.0129238786175847) - 0.662819)*(0.0888019*x_2 - 0.0257258*x_5 + 0.103986*exp(0.271413177251816*x_1 - 0.279858708381653*x_2 - 0.363026410341263*x_3 + 0.249044001102448*x_4 - 0.237649023532867*x_5) - 0.0860611*log(Abs(0.0594783276319504*x_1 - 0.176319673657417*x_2 - 0.0669432580471039*x_3 + 0.451748788356781*x_5 + 0.0764157101511955) + 1.0e-12) - 0.0982531*sin(0.217234954237938*x_1 + 0.263807654380798*x_2 - 0.26982045173645*x_3 + 0.345172941684723*x_4 + 1.24790155887604*x_5 - 0.824056327342987) + 2.69188*cos(-0.0355741381645203*x_1 + 0.0169236790388823*x_2 + 0.0253322198987007*x_4 + 1.75348246097565*x_5 + 0.0129238786175847) + 2.01459) - 1.0838*exp(1.76999331239557*x_5*(0.302427589893341*x_1 - 0.0291375480592251*x_2 - 0.356410294771194*x_4 + 1.28760194778442*x_5) + 0.0554738752543926*exp(0.271413177251816*x_1 - 0.279858708381653*x_2 - 0.363026410341263*x_3 + 0.249044001102448*x_4 - 0.237649023532867*x_5) + 0.332282781600952*cos(-0.0355741381645203*x_1 + 0.0169236790388823*x_2 + 0.0253322198987007*x_4 + 1.75348246097565*x_5 + 0.0129238786175847)) + 3.67154*log(Abs(0.0594783276319504*x_1 - 0.176319673657417*x_2 - 0.0669432580471039*x_3 + 0.451748788356781*x_5 + 0.0764157101511955) + 1.0e-12) - 0.52991*log(Abs(0.0637495183809067*x_2 + 0.574395259872833*x_5*(0.302427589893341*x_1 - 0.0291375480592251*x_2 - 0.356410294771194*x_4 + 1.28760194778442*x_5) - 0.0184681505550786*x_5 + 0.116755574941635*exp(0.271413177251816*x_1 - 0.279858708381653*x_2 - 0.363026410341263*x_3 + 0.249044001102448*x_4 - 0.237649023532867*x_5) - 0.476776629686356*log(Abs(0.0594783276319504*x_1 - 0.176319673657417*x_2 - 0.0669432580471039*x_3 + 0.451748788356781*x_5 + 0.0764157101511955) + 1.0e-12) + 0.198020994663239*cos(-0.0355741381645203*x_1 + 0.0169236790388823*x_2 + 0.0253322198987007*x_4 + 1.75348246097565*x_5 + 0.0129238786175847)) + 1.0e-12) + 7.58086*sin(0.217234954237938*x_1 + 0.263807654380798*x_2 - 0.26982045173645*x_3 + 0.345172941684723*x_4 + 1.24790155887604*x_5 - 0.824056327342987) - 1.84925)/(-0.373112*x_2 + 0.876464*x_5*(0.302428*x_1 - 0.0291375*x_2 - 0.35641*x_4 + 1.2876*x_5) + 0.10809*x_5 - 0.0515777*(-1.02608*x_2 + 2.60737*x_5*(0.302428*x_1 - 0.0291375*x_2 - 0.35641*x_4 + 1.2876*x_5) + 0.297253*x_5 + 0.427461*log(Abs(0.0594783276319504*x_1 - 0.176319673657417*x_2 - 0.0669432580471039*x_3 + 0.451748788356781*x_5 + 0.0764157101511955) + 1.0e-12) - 0.443552*sin(0.217234954237938*x_1 + 0.263807654380798*x_2 - 0.26982045173645*x_3 + 0.345172941684723*x_4 + 1.24790155887604*x_5 - 0.824056327342987) + 0.730585*cos(-0.0355741381645203*x_1 + 0.0169236790388823*x_2 + 0.0253322198987007*x_4 + 1.75348246097565*x_5 + 0.0129238786175847) - 0.662819)*(0.0888019*x_2 - 0.0257258*x_5 + 0.103986*exp(0.271413177251816*x_1 - 0.279858708381653*x_2 - 0.363026410341263*x_3 + 0.249044001102448*x_4 - 0.237649023532867*x_5) - 0.0860611*log(Abs(0.0594783276319504*x_1 - 0.176319673657417*x_2 - 0.0669432580471039*x_3 + 0.451748788356781*x_5 + 0.0764157101511955) + 1.0e-12) - 0.0982531*sin(0.217234954237938*x_1 + 0.263807654380798*x_2 - 0.26982045173645*x_3 + 0.345172941684723*x_4 + 1.24790155887604*x_5 - 0.824056327342987) + 2.69188*cos(-0.0355741381645203*x_1 + 0.0169236790388823*x_2 + 0.0253322198987007*x_4 + 1.75348246097565*x_5 + 0.0129238786175847) + 2.01459) + 0.174663*exp(1.76999331239557*x_5*(0.302427589893341*x_1 - 0.0291375480592251*x_2 - 0.356410294771194*x_4 + 1.28760194778442*x_5) + 0.0554738752543926*exp(0.271413177251816*x_1 - 0.279858708381653*x_2 - 0.363026410341263*x_3 + 0.249044001102448*x_4 - 0.237649023532867*x_5) + 0.332282781600952*cos(-0.0355741381645203*x_1 + 0.0169236790388823*x_2 + 0.0253322198987007*x_4 + 1.75348246097565*x_5 + 0.0129238786175847)) - 0.373976*log(Abs(0.0594783276319504*x_1 - 0.176319673657417*x_2 - 0.0669432580471039*x_3 + 0.451748788356781*x_5 + 0.0764157101511955) + 1.0e-12) - 0.329877*log(Abs(0.0637495183809067*x_2 + 0.574395259872833*x_5*(0.302427589893341*x_1 - 0.0291375480592251*x_2 - 0.356410294771194*x_4 + 1.28760194778442*x_5) - 0.0184681505550786*x_5 + 0.116755574941635*exp(0.271413177251816*x_1 - 0.279858708381653*x_2 - 0.363026410341263*x_3 + 0.249044001102448*x_4 - 0.237649023532867*x_5) - 0.476776629686356*log(Abs(0.0594783276319504*x_1 - 0.176319673657417*x_2 - 0.0669432580471039*x_3 + 0.451748788356781*x_5 + 0.0764157101511955) + 1.0e-12) + 0.198020994663239*cos(-0.0355741381645203*x_1 + 0.0169236790388823*x_2 + 0.0253322198987007*x_4 + 1.75348246097565*x_5 + 0.0129238786175847)) + 1.0e-12) + 1.22268*sin(0.365024737128827*x_2 - 0.105747180101712*x_5 + 0.14485290646553*exp(0.271413177251816*x_1 - 0.279858708381653*x_2 - 0.363026410341263*x_3 + 0.249044001102448*x_4 - 0.237649023532867*x_5) + 0.371080994606018*sin(0.217234954237938*x_1 + 0.263807654380798*x_2 - 0.26982045173645*x_3 + 0.345172941684723*x_4 + 1.24790155887604*x_5 - 0.824056327342987) - 1.04424357414246*cos(-0.0355741381645203*x_1 + 0.0169236790388823*x_2 + 0.0253322198987007*x_4 + 1.75348246097565*x_5 + 0.0129238786175847)) - 0.772173*sin(0.217234954237938*x_1 + 0.263807654380798*x_2 - 0.26982045173645*x_3 + 0.345172941684723*x_4 + 1.24790155887604*x_5 - 0.824056327342987) + 4.06115*cos(-0.073188804090023*log(Abs(0.0594783276319504*x_1 - 0.176319673657417*x_2 - 0.0669432580471039*x_3 + 0.451748788356781*x_5 + 0.0764157101511955) + 1.0e-12) + 1.22082006931305*cos(-0.0355741381645203*x_1 + 0.0169236790388823*x_2 + 0.0253322198987007*x_4 + 1.75348246097565*x_5 + 0.0129238786175847) + 0.384795099496841) + 1.05058),-5.41 + 1.63333333333333*(-x0 + x1/x4 + x3)/x4,"{'complexity': 10.0, 'out_op': 'reg_div', 'run_seed': 1630214513000}"
P4,eql_div,0,39539.691115276706,321.77151448687164,87.18961874382283,0.0005832985003023783,5.441798539017114e-06,0.08013749307276108,0.0,0.0,0.0,0.206217*(0.105887*exp(-0.0934456437826157*x_1 - 0.160941898822784*x_2 + 0.20785354077816*x_3 - 0.019525146111846*x_4 + 0.24122816324234*x_5) - 0.800052*sin(0.499064445495605*x_3) + 0.780104*cos(0.497607171535492*x_3))*(0.110643*exp(-0.0934456437826157*x_1 - 0.160941898822784*x_2 + 0.20785354077816*x_3 - 0.019525146111846*x_4 + 0.24122816324234*x_5) + 0.788031*sin(0.499064445495605*x_3) - 0.810801*cos(0.497607171535492*x_3)) - 0.0406868*exp(-0.0934456437826157*x_1 - 0.160941898822784*x_2 + 0.20785354077816*x_3 - 0.019525146111846*x_4 + 0.24122816324234*x_5) + 0.179542*sin(0.1856515142856*exp(-0.0934456437826157*x_1 - 0.160941898822784*x_2 + 0.20785354077816*x_3 - 0.019525146111846*x_4 + 0.24122816324234*x_5)) - 2.16536,0.13*sin(x2) - 2.3,"{'complexity': 7.0, 'out_op': 'id', 'run_seed': 1630210514000}"
P4,eql_div,1,206.8332950236614,1.6831963201745845,25.077507163764857,0.036129281069766005,0.00033706287405037185,0.7001638587642525,0.0,0.0,0.0,0.0392351*x_3*(-0.526896*x_3 - 1.03027*cos(0.135538905858994*x_3)) - 0.421914*exp(-0.223733835803845*x_3 + 0.359356433153152*cos(0.135538905858994*x_3)) + 0.765734*sin(0.240632152055793*x_3 + 0.121117025613785*(0.0319867506623268*x_1 - 0.761580526828766*x_3)*(0.0329542569816113*x_1 + 0.815518140792847*x_3) - 0.833268642425537*cos(0.135538905858994*x_3) - 0.710250079631805) - 0.913767,0.13*sin(x2) - 2.3,"{'complexity': 8.0, 'out_op': 'id', 'run_seed': 1630211514000}"
P4,eql_div,2,75.99628322436665,0.6184529635596918,18.923841271869886,0.6379557182684985,0.0059517151061274105,2.997685083208956,0.0,0.0,0.0,-0.397388*exp(0.196884840726852*x_3) - 0.363859*cos(1.35238600762954*exp(0.196884840726852*x_3)) - 1.81177,0.13*sin(x2) - 2.3,"{'complexity': 7.0, 'out_op': 'id', 'run_seed': 1630212514000}"
P4,eql_div,3,0.12300571842651864,0.0010010127846788975,0.5437271835866557,1.705807170232279e-05,1.59140799470646e-07,0.014129563297684734,0.0,0.0,0.0,0.498796*(-0.013354*x_4**2 - 0.237147*exp(0.084537997841835*x_1 - 0.133041709661484*x_3 + 0.0483873002231121*x_4) + 0.261182*sin(0.999790072441101*x_3) - 1.16021*cos(0.11262359470129*x_4) - 0.760844)*(0.00206989*x_1 - 0.00330011*x_3 + 0.00365018*x_4**2 + 0.00124395*x_4 - 0.021986*exp(0.084537997841835*x_1 - 0.133041709661484*x_3 + 0.0483873002231121*x_4) + 0.594937*cos(0.11262359470129*x_4) + 0.427611) + 0.0146076*exp(0.084537997841835*x_1 - 0.133041709661484*x_3 + 0.0483873002231121*x_4) - 0.479947*sin(0.0183834183603825*x_4**2 + 0.163326442241669*exp(0.084537997841835*x_1 - 0.133041709661484*x_3 + 0.0483873002231121*x_4) + 1.82545697689056*cos(0.11262359470129*x_4) + 1.02489709854126) - 0.0356256*cos(0.11262359470129*x_4) - 1.14043,0.13*sin(x2) - 2.3,"{'complexity': 7.0, 'out_op': 'id', 'run_seed': 1630213514000}"
P4,eql_div,4,255.9992878456522,2.0833060712968,23.78360193891495,0.013660099475751706,0.00012743991169433664,0.40848809565962335,0.0,0.0,0.0,-0.25086*(-1.53463*sin(0.507454514503479*x_3 - 0.178450554609299*x_4) - 0.0796905)*(0.677433*cos(-0.0234460011124611*x_2 + 0.485919862985611*x_3 + 0.179773554205894*x_4) - 0.0293393) - 0.141974*exp(0.0479599162936211*x_2 - 0.390519320964813*x_4) - 0.882424*sin(0.0443755611777306*exp(0.0479599162936211*x_2 - 0.390519320964813*x_4) + 0.10528028011322*cos(-0.0234460011124611*x_2 + 0.485919862985611*x_3 + 0.179773554205894*x_4) + 0.966219127178192) + 0.0312229*cos(-0.0234460011124611*x_2 + 0.485919862985611*x_3 + 0.179773554205894*x_4) - 0.562055*cos(0.29855489730835*exp(0.0479599162936211*x_2 - 0.390519320964813*x_4)) - 0.85928,0.13*sin(x2) - 2.3,"{'complexity': 8.0, 'out_op': 'id', 'run_seed': 1630214514000}"
P5,eql_div,0,7.181471625169895,36.224182131953725,60.83450146571676,0.05933943132563933,0.26849387234906963,15.296308960024493,0.0,0.0,0.0,-0.111335*(-0.189562*x_1 + 0.211839*x_2 + 0.133545*x_3)*(-0.366317*x_1 - 0.337852*x_2 - 0.123374*x_4 + 0.0905504*x_5) - 0.0714487*log(Abs(-0.374226033687592*x_1 + 0.243765369057655*x_2 + 0.0756294503808022*x_3 + 0.0216673724353313*x_4 - 0.106190115213394*x_5) + 1.0e-12) - 3.05494*sin(0.055034726858139*(-0.189561948180199*x_1 + 0.211838841438293*x_2 + 0.133544698357582*x_3)*(-0.366317331790924*x_1 - 0.337851941585541*x_2 - 0.123374402523041*x_4 + 0.0905503556132317*x_5) + 0.0411470457911491*log(Abs(-0.374226033687592*x_1 + 0.243765369057655*x_2 + 0.0756294503808022*x_3 + 0.0216673724353313*x_4 - 0.106190115213394*x_5) + 1.0e-12) + 2.72672772407532*cos(0.468570083379745*x_5 + 1.12022387981415) - 1.79470038414001) - 9.24111*cos(0.468570083379745*x_5 + 1.12022387981415),2.13*log(x4) + 3.0,"{'complexity': 6.0, 'out_op': 'id', 'run_seed': 1630210515000}"
P5,eql_div,1,16.968481044941466,85.59100139311943,91.18521439323733,0.07885538479444956,0.3567979528292117,14.243717496367752,0.0,0.0,0.0,-0.413892*(0.342464 - 0.595205*log(Abs(0.156787320971489*x_1 + 0.152890264987946*x_2 + 0.22860212624073*x_3 - 0.086591824889183*x_4 + 0.404746681451797*x_5) + 1.0e-12))*(-1.5586*sin(0.5772824883461*x_5) - 0.466436) + 0.425846*log(Abs(0.156787320971489*x_1 + 0.152890264987946*x_2 + 0.22860212624073*x_3 - 0.086591824889183*x_4 + 0.404746681451797*x_5) + 1.0e-12) + 8.31258*sin(0.5772824883461*x_5) - 0.0371459*sin(0.348836766903169*x_1 + 0.294074857163931*x_2 + 0.326468142837076*x_3 - 0.195316639771018*x_4 - 1.1195325878338) + 3.4941*cos(0.16226077628873*x_5**2 + 1.99843857102236),2.13*log(x4) + 3.0,"{'complexity': 8.0, 'out_op': 'id', 'run_seed': 1630211515000}"
P5,eql_div,2,38.10227494715664,192.1923276129253,143.20234228428845,0.020145903381410615,0.09115442278443293,9.630836616398286,0.0,0.0,0.0,-0.153586*x_1 - 0.0485349*x_2 + 0.0892066*x_3 + 1.10135*x_5 + 0.799984*(0.161008*(0.284508*x_5 + 1.0594)*(0.156481*x_1 + 0.0457275*x_2 - 0.0897315*x_3 + 0.472761*x_5 + 0.708158) + 0.235308*exp(-0.290859878063202*x_1 + 0.0975810214877129*x_3 - 0.583470642566681*x_5) + 1.5708*cos(0.0359363369643688*x_1 + 0.0112386019900441*x_2 - 0.0214589256793261*x_3 + 0.349451810121536*x_5 - 0.35935452580452) + 0.998585)*(-0.0951911*x_1 - 0.0300815*x_2 + 0.0552893*x_3 + 0.682602*x_5 + 0.500972*(0.284508*x_5 + 1.0594)*(0.156481*x_1 + 0.0457275*x_2 - 0.0897315*x_3 + 0.472761*x_5 + 0.708158) + 1.22286*sin(1.13555181026459*x_5) + 0.471579) - 0.490294*exp(-0.290859878063202*x_1 + 0.0975810214877129*x_3 - 0.583470642566681*x_5) + 3.80929*sin(1.13555181026459*x_5) + 3.23026*sin(-0.0846800016332647*x_1 - 0.0267598359476515*x_2 + 0.0491842551878692*x_3 + 0.607229009723884*x_5 + 0.277355283498764*(0.284507811069489*x_5 + 1.05940425395966)*(0.156481355428696*x_1 + 0.0457274876534939*x_2 - 0.0897315144538879*x_3 + 0.472760558128357*x_5 + 0.708157539367676) + 2.17226910591125*sin(1.13555181026459*x_5) + 0.419507020329203) - 7.72453,2.13*log(x4) + 3.0,"{'complexity': 7.0, 'out_op': 'id', 'run_seed': 1630212515000}"
P5,eql_div,3,18.472390748266918,93.17689768940743,100.25247429744466,0.042683495319189836,0.19313054890519196,16.311376158317902,0.0,0.0,0.0,2.2911*x_5 + 5.74217*sin(1.24834441435411*x_5) - 0.05795*sin(0.115467980504036*x_1 + 0.682570099830627*x_2 + 0.248258039355278*x_3 - 0.477645069360733*x_4 - 0.664767503738403*x_5) + 5.43228*cos(0.396964495527286*x_5 + 2.20125222206116*cos(0.823796987533569*x_5) - 4.49193906784058) + 0.2527,2.13*log(x4) + 3.0,"{'complexity': 6.0, 'out_op': 'id', 'run_seed': 1630213515000}"
P5,eql_div,4,4.2108838910145907e+37,2.1240190446483023e+38,4.0053557758667645e+19,0.7045696049884598,3.1879749663369013,74.62928288240835,0.0,0.0,0.0,0.337111*x_1 + 0.0644999*x_2 - 0.122213*x_3 - 0.124419*x_4 + 0.481916*x_5 + 0.118167*(0.17809*exp(-0.0983379259705544*x_1 - 0.334514081478119*x_2 + 0.182185798883438*x_3 + 0.243511557579041*x_4 + 0.11985082924366*x_5) - 1.16339)*exp(-0.0983379259705544*x_1 - 0.334514081478119*x_2 + 0.182185798883438*x_3 + 0.243511557579041*x_4 + 0.11985082924366*x_5) - 0.0181478*(Abs(0.229595214128494*x_1 - 0.148109406232834*x_2 + 0.0645630732178688*x_4 + 0.0592616945505142*x_5 + 0.0157465096563101) + 1.0e-12)**0.220828*exp(0.0622859340875901*x_1 + 0.0119172411096285*x_2 - 0.0225805898258522*x_3 - 0.0229880464154377*x_4 + 0.0890406172987168*x_5 - 0.230037704110146*(-0.256259888410568*x_1 + 0.133392468094826*x_2 + 0.314058274030685*x_3 + 0.186846703290939*x_4 + 0.144389942288399*x_5)*(-0.217273503541946*x_1 + 0.0248567927628756*x_2 + 0.187212988734245*x_3 - 0.236282005906105*x_4 - 0.154525890946388*x_5 + 0.0299793053418398) + 0.190117717775088*exp(-0.0983379259705544*x_1 - 0.334514081478119*x_2 + 0.182185798883438*x_3 + 0.243511557579041*x_4 + 0.11985082924366*x_5) - 0.0899159386754036*sin(0.359259247779846*x_1 + 0.183892235159874*x_2 + 0.407396137714386*x_3 - 0.0852524489164352*x_4 - 0.0697843655943871*x_5 + 0.0106830857694149) + 0.137222126126289*cos(0.177506178617477*x_1 + 0.0551241002976894*x_2 - 0.158935055136681*x_3 - 0.285860985517502*x_4 + 0.0250515937805176*x_5 - 0.0302344877272844)) + 1.66244*sin(0.182701001109333*exp(-0.0983379259705544*x_1 - 0.334514081478119*x_2 + 0.182185798883438*x_3 + 0.243511557579041*x_4 + 0.11985082924366*x_5)) + 7.00928*cos(-0.0459968678550475*x_1 - 0.00880063488725197*x_2 + 0.0166752963012189*x_3 + 0.0169761945245879*x_4 - 0.0657546453724445*x_5 + 0.0428213738515721*exp(-0.0983379259705544*x_1 - 0.334514081478119*x_2 + 0.182185798883438*x_3 + 0.243511557579041*x_4 + 0.11985082924366*x_5) + 0.00585478208112078) - 4.27127,2.13*log(x4) + 3.0,"{'complexity': 8.0, 'out_op': 'id', 'run_seed': 1630214515000}"
P6,eql_div,0,9.885197506510591,0.08953632310310593,8.059550333793721,0.07009126267518129,0.0003390423347964132,0.9827458289247084,0.0,0.0,0.0,0.535179*exp(0.0317733446187333*exp(-0.289311021566391*x_1 + 0.214176028966904*x_2 + 0.0723250210285187*x_3 + 0.208327382802963*x_4 + 0.176749557256699*x_5) - 0.162235856056213*cos(0.722635746002197*x_1)) - 0.452632*sin(0.0534877094508815*exp(-0.289311021566391*x_1 + 0.214176028966904*x_2 + 0.0723250210285187*x_3 + 0.208327382802963*x_4 + 0.176749557256699*x_5) - 0.915566682815552) + 0.479656*cos(0.00375201460693669*x_1 + 0.000778805884726549*x_2 + 0.00492386091230618*x_3 - 0.00330972300782134*x_4 - 0.00446676237815261*x_5 + 0.0283437433980072*exp(-0.289311021566391*x_1 + 0.214176028966904*x_2 + 0.0723250210285187*x_3 + 0.208327382802963*x_4 + 0.176749557256699*x_5) - 0.000510574079184267) + 0.1042,0.13*sqrt(x0) + 1.3,"{'complexity': 7.0, 'out_op': 'id', 'run_seed': 1630210516000}"
P6,eql_div,1,0.48004916445411816,0.004348100992987874,2.232448324493639,0.0017906088777037473,8.661453531194976e-06,0.12533832815100912,0.0,0.0,0.0,0.221129*sin(0.206664562225342*x_1) + 0.641445*sin(1.19956505298615*sin(0.206664562225342*x_1) + 0.556086838245392*cos(0.318016052246094*x_1) + 0.574005722999573) + 0.756541,0.13*sqrt(x0) + 1.3,"{'complexity': 6.0, 'out_op': 'id', 'run_seed': 1630211516000}"
P6,eql_div,2,2.280256682932001e+34,2.0653689416579535e+32,3.4109439873727136e+16,0.011558560736801544,5.5910555317745386e-05,0.3848676570976544,0.0,0.0,0.0,0.219549*(-0.0226459*x_1 - 0.107818*x_2 + 0.0435521*x_3 - 0.129087*x_4 + 0.0888424*x_5 - 0.387848*exp(-0.0242974665015936*x_1 - 0.0426971614360809*x_2 + 0.203588500618935*x_3 - 0.0879992470145226*x_4 + 0.280100375413895*x_5) - 0.171124)*(-0.0191988*x_1 - 0.0914065*x_2 + 0.0369228*x_3 - 0.109438*x_4 + 0.0753192*x_5 - 0.363958*exp(-0.0242974665015936*x_1 - 0.0426971614360809*x_2 + 0.203588500618935*x_3 - 0.0879992470145226*x_4 + 0.280100375413895*x_5) - 0.0759232) - 0.155454*exp(0.0165564883169242*x_1 + 0.0788261690044401*x_2 - 0.031841093193159*x_3 + 0.0943759429959599*x_4 - 0.0649530029223584*x_5 + 0.295033841176044*exp(-0.0242974665015936*x_1 - 0.0426971614360809*x_2 + 0.203588500618935*x_3 - 0.0879992470145226*x_4 + 0.280100375413895*x_5)) + 0.225563*sin(0.295930832624435*x_1) + 0.355598*sin(0.0197193237750253*x_1 + 0.0938845677168443*x_2 - 0.0379237924134446*x_3 + 0.112404861519353*x_4 - 0.0773611692448615*x_5 + 0.357100592584582*exp(-0.0242974665015936*x_1 - 0.0426971614360809*x_2 + 0.203588500618935*x_3 - 0.0879992470145226*x_4 + 0.280100375413895*x_5) + 1.35402504467186) + 1.158,0.13*sqrt(x0) + 1.3,"{'complexity': 7.0, 'out_op': 'id', 'run_seed': 1630212516000}"
P6,eql_div,3,1.2336625993763857,0.011174042099334078,3.946956452068056,0.008871640837670699,4.2913506024541036e-05,0.3330665730955475,0.0,0.0,0.0,0.401857*sin(0.203653060827243*x_1 + 0.438198745979521) + 1.18145,0.13*sqrt(x0) + 1.3,"{'complexity': 7.0, 'out_op': 'id', 'run_seed': 1630213516000}"
P6,eql_div,4,0.4700959134573978,0.004257948267502954,2.8355242720320333,0.019648798678754797,9.504429404934352e-05,0.5145632690895826,0.0,0.0,0.0,0.1419*(-0.579825*cos(0.360352426767349*x_1 + 0.480932921171188) - 0.834867)*cos(0.360352426767349*x_1 + 0.480932921171188) + 0.269433*cos(0.0638057291507721*sin(0.235222548246384*x_1 - 0.118528664112091*x_2 - 0.399549752473831*x_3 + 0.337009161710739*x_4 + 0.303684026002884*x_5 - 0.0471315160393715)) + 1.26421,0.13*sqrt(x0) + 1.3,"{'complexity': 6.0, 'out_op': 'id', 'run_seed': 1630214516000}"
P7,eql_div,0,1.7914056341852537e-06,0.005921323021395307,0.38280707921897955,1.891345216412999e-06,0.006057460117231248,0.44896582017832226,0.0,0.0,0.0,(3.20173*(5.86886 - 2.78305*cos(0.302670806646347*x_1 - 1.71817123889923))*(3.03587*cos(0.302670806646347*x_1 - 1.71817123889923) - 5.90343) + 202.31*exp(2.27933621406555*cos(0.302670806646347*x_1 - 1.71817123889923) + 0.0325643979012966*exp(-1.43453323841095*x_1)) + 13.1464*cos(0.302670806646347*x_1 - 1.71817123889923) + 3.53119*cos(-1.81126773357391*cos(0.302670806646347*x_1 - 1.71817123889923) + 5.15409143886927 + 0.998280882835388*exp(-1.43453323841095*x_1)) - 13.9334 - 9.53139*exp(-1.43453323841095*x_1))/(1.07947*exp(2.27933621406555*cos(0.302670806646347*x_1 - 1.71817123889923) + 0.0325643979012966*exp(-1.43453323841095*x_1)) + 0.478043),213.80940889 - 213.80940889*exp(-0.54723748542*x0),"{'complexity': 7.0, 'out_op': 'reg_div', 'run_seed': 1630210517000}"
P7,eql_div,1,5.33622472054103e-07,0.0017638389475898432,0.22511224472982053,2.893344223920389e-07,0.0009266588187987391,0.1154044003573095,0.0,0.0,0.0,(-1.22197*x_1*(-0.207381*x_3 + 0.121776*x_4) + 3.42184*x_1 + 2.38627*(4.50422*x_1 - 4.76047*exp(0.863223612308502*x_1 - 0.0176977720111609*x_3 + 0.010382954031229*x_4) + 3.3262*sin(2.10191178321838*x_1) - 1.82092*cos(0.377249598503113*x_1 + 0.469645619392395) - 2.93038)*(-0.0989677*x_1*(-0.207381*x_3 + 0.121776*x_4) - 3.19598*x_1 - 0.717306*sin(2.10191178321838*x_1) + 0.709207*cos(0.377249598503113*x_1 + 0.469645619392395) + 1.37055) + 25.2481*exp(0.863223612308502*x_1 - 0.0176977720111609*x_3 + 0.010382954031229*x_4) - 3.52921*log(Abs(0.0247778724879026*sin(2.10191178321838*x_1) - 0.093157522380352*cos(0.377249598503113*x_1 + 0.469645619392395)) + 1.0e-12) + 13.0933*sin(2.10191178321838*x_1) + 2.34142*sin(1.33837845289299*x_1 + 0.226065456867218*sin(2.10191178321838*x_1) - 0.511885404586792*cos(0.377249598503113*x_1 + 0.469645619392395) - 0.459120495041439) + 5.63518*cos(0.377249598503113*x_1 + 0.469645619392395) + 2.50076*cos(0.0429273716872736*x_1*(-0.207380712032318*x_3 + 0.121775589883327*x_4) + 0.862164572374501*exp(0.863223612308502*x_1 - 0.0176977720111609*x_3 + 0.010382954031229*x_4) + 0.73005485534668) + 7.39162)/(-0.0403741*x_1*(-0.207381*x_3 + 0.121776*x_4) + 0.113059*x_1 + 0.834202*exp(0.863223612308502*x_1 - 0.0176977720111609*x_3 + 0.010382954031229*x_4) + 0.585828*exp(0.0194085389634446*x_1*(-0.207380712032318*x_3 + 0.121775589883327*x_4) - 0.373741632089063*exp(0.863223612308502*x_1 - 0.0176977720111609*x_3 + 0.010382954031229*x_4) - 0.444949299097061*sin(2.10191178321838*x_1) + 0.470126122236252*cos(0.377249598503113*x_1 + 0.469645619392395)) + 0.432606*sin(2.10191178321838*x_1) - 0.938272*sin(1.33837845289299*x_1 + 0.226065456867218*sin(2.10191178321838*x_1) - 0.511885404586792*cos(0.377249598503113*x_1 + 0.469645619392395) - 0.459120495041439) + 0.186188*cos(0.377249598503113*x_1 + 0.469645619392395) + 0.0467435*cos(0.0429273716872736*x_1*(-0.207380712032318*x_3 + 0.121775589883327*x_4) + 0.862164572374501*exp(0.863223612308502*x_1 - 0.0176977720111609*x_3 + 0.010382954031229*x_4) + 0.73005485534668) - 0.649126),213.80940889 - 213.80940889*exp(-0.54723748542*x0),"{'complexity': 8.0, 'out_op': 'reg_div', 'run_seed': 1630211517000}"
P7,eql_div,2,0.31309855916216484,1034.9178717280424,51.62468067859749,0.2853213044891489,913.8059025613712,50.83327291734977,0.0,0.0,0.0,(4.76247*exp(0.207457840442657*exp(0.766097784042358*x_1) + 4.0847692489624*sin(1.57839012145996*x_1 - 0.353560209274292)) + 16.2492*sin(0.650097072124481*exp(0.766097784042358*x_1) + 2.33083915710449*sin(1.57839012145996*x_1 - 0.353560209274292)) - 14.8234*cos(0.00380539992447915*x_3 + 0.706925630569458*exp(0.766097784042358*x_1) + 2.30364537239075*sin(1.57839012145996*x_1 - 0.353560209274292) + 1.50486123561859*cos(0.0421932935714722*x_2)))/(0.0362168*exp(0.207457840442657*exp(0.766097784042358*x_1) + 4.0847692489624*sin(1.57839012145996*x_1 - 0.353560209274292)) + 0.0015481*sin(1.57839012145996*x_1 - 0.353560209274292) + 1.00009),213.80940889 - 213.80940889*exp(-0.54723748542*x0),"{'complexity': 9.0, 'out_op': 'reg_div', 'run_seed': 1630212517000}"
P7,eql_div,3,1.4753898759766215e-06,0.004876762622289764,0.8097118124309087,1.5705042392391808e-06,0.005029894442631778,0.9704293349281252,0.0,0.0,0.0,(4.08356*(-0.171498*exp(0.0537774972617626*x_1) + 3.2232*sin(0.64011412858963*x_1 + 0.227871298789978) - 1.16498*cos(0.0249598957598209*x_1) - 1.54037)*(1.50909*exp(0.0537774972617626*x_1) - 3.93489*sin(0.64011412858963*x_1 + 0.227871298789978) + 3.29157*cos(0.0249598957598209*x_1) + 3.17885) - 0.839496*exp(0.0537774972617626*x_1) + 19.0006*exp(0.153485655784607*exp(0.0537774972617626*x_1) + 1.59899246692657*sin(0.64011412858963*x_1 + 0.227871298789978) + 0.760757327079773*cos(0.0249598957598209*x_1)) - 1.58667*sin(0.96626079082489*cos(0.0249598957598209*x_1) + 0.762055635452271) - 1.24765*cos(0.0249598957598209*x_1) - 0.413171*cos(0.761436700820923*exp(0.0537774972617626*x_1) + 0.788384854793549*sin(0.64011412858963*x_1 + 0.227871298789978) + 2.14968585968018*cos(0.0249598957598209*x_1) + 1.12434530258179) - 2.23604)/(0.220613*exp(0.0537774972617626*x_1) + 0.414859*sin(0.96626079082489*cos(0.0249598957598209*x_1) + 0.762055635452271) + 0.327874*cos(0.0249598957598209*x_1) + 0.81877*cos(0.761436700820923*exp(0.0537774972617626*x_1) + 0.788384854793549*sin(0.64011412858963*x_1 + 0.227871298789978) + 2.14968585968018*cos(0.0249598957598209*x_1) + 1.12434530258179) + 0.68949),213.80940889 - 213.80940889*exp(-0.54723748542*x0),"{'complexity': 9.0, 'out_op': 'reg_div', 'run_seed': 1630213517000}"
P7,eql_div,4,0.0030006057101470253,9.918220268244621,0.4719527052328636,7.397294294757209e-07,0.0023691505272049438,0.1952047764979959,0.0,0.0,0.0,(0.0106796*x_1 - 0.633412*(-0.424815*x_3 - 0.86112*x_5)*(-0.313359*x_3 - 0.6363*x_5) - 1.52212*exp(0.603134632110596*cos(0.154908820986748*x_1))/(Abs(0.341511279344559*x_1 - 0.09153201431036*x_2 + 0.201764926314354*x_3 + 0.0553608909249306*x_4 + 0.244345054030418*x_5) + 1.0e-12)**0.018203 + 2.44469*(1.50811*x_1 + 2.40633*sin(0.821214437484741*x_1 + 0.257383584976196) - 0.662781*cos(0.154908820986748*x_1) + 1.58155 - 1.40747*exp(-1.24970030784607*x_1))*(0.445532*x_1 + 1.83969*(-0.424815*x_3 - 0.86112*x_5)*(-0.313359*x_3 - 0.6363*x_5) - 0.183027*log(Abs(0.341511279344559*x_1 - 0.09153201431036*x_2 + 0.201764926314354*x_3 + 0.0553608909249306*x_4 + 0.244345054030418*x_5) + 1.0e-12) + 2.03055*sin(0.821214437484741*x_1 + 0.257383584976196) + 2.99031*cos(0.154908820986748*x_1) + 2.65747 + 3.60067*exp(-1.24970030784607*x_1)) + 1.4022*sin(0.821214437484741*x_1 + 0.257383584976196) + 2.96126*sin(1.56593083790679*x_1 + 0.0274462718516588*(-0.424815386533737*x_3 - 0.861119866371155*x_5)*(-0.313358545303345*x_3 - 0.636299610137939*x_5) + 1.41596734523773*sin(0.821214437484741*x_1 + 0.257383584976196) + 0.425727239087934 - 0.92873720795768*exp(-1.24970030784607*x_1)) + 0.194122*cos(0.154908820986748*x_1) + 1.65156*cos(0.163479181629349*x_1 + 0.31126669049263*sin(0.821214437484741*x_1 + 0.257383584976196) - 1.12682974338531*cos(0.154908820986748*x_1) + 0.0444448368718824 - 0.538720549715553*exp(-1.24970030784607*x_1)) + 0.751205 - 1.09654*exp(-1.24970030784607*x_1))/(-0.0033577*x_1 + 0.199148*(-0.424815*x_3 - 0.86112*x_5)*(-0.313359*x_3 - 0.6363*x_5) + 0.5827*exp(0.603134632110596*cos(0.154908820986748*x_1))/(Abs(0.341511279344559*x_1 - 0.09153201431036*x_2 + 0.201764926314354*x_3 + 0.0553608909249306*x_4 + 0.244345054030418*x_5) + 1.0e-12)**0.018203 - 0.440857*sin(0.821214437484741*x_1 + 0.257383584976196) - 0.0610327*cos(0.154908820986748*x_1) + 0.531043*cos(0.163479181629349*x_1 + 0.31126669049263*sin(0.821214437484741*x_1 + 0.257383584976196) - 1.12682974338531*cos(0.154908820986748*x_1) + 0.0444448368718824 - 0.538720549715553*exp(-1.24970030784607*x_1)) - 0.0716797 + 0.344756*exp(-1.24970030784607*x_1)),213.80940889 - 213.80940889*exp(-0.54723748542*x0),"{'complexity': 9.0, 'out_op': 'reg_div', 'run_seed': 1630214517000}"
P8,eql_div,0,74346.04527906957,42707842.14501194,485.8953565310352,0.7706185528650449,469.94388423464363,51.19444706795154,0.0,0.0,0.0,-0.311284*(0.516173*x_1 + 0.013458*x_2 + 0.609024*x_4)*(-0.501207*x_1 + 0.0259144*x_2 - 0.573387*x_4 + 0.022607*x_5) + 1.09318*(0.41757*x_5 - 1.31783*(0.516173*x_1 + 0.013458*x_2 + 0.609024*x_4)*(-0.501207*x_1 + 0.0259144*x_2 - 0.573387*x_4 + 0.022607*x_5) + 0.434627*sin(-0.402199178934097*x_1 + 0.109324306249619*x_2 + 0.45423823595047*x_3 + 0.570580422878265*x_5))*(0.883125*x_5 + 1.75485*cos(0.18176731467247*x_1 + 0.209387466311455*x_4) + 0.555805) + 0.2916*exp(0.255633980035782*x_1 + 0.140566408634186*x_3 + 0.221300005912781*x_5) + 6.51535*exp(-0.123514479908738*x_5 - 0.0796777456998825*(0.516172587871552*x_1 + 0.013457965105772*x_2 + 0.609023571014404*x_4)*(-0.501207113265991*x_1 + 0.0259143598377705*x_2 - 0.573386907577515*x_4 + 0.0226069632917643*x_5) + 0.0466626659035683*exp(0.255633980035782*x_1 + 0.140566408634186*x_3 + 0.221300005912781*x_5) - 0.0798440277576447*sin(-0.402199178934097*x_1 + 0.109324306249619*x_2 + 0.45423823595047*x_3 + 0.570580422878265*x_5) + 1.79686141014099*cos(0.18176731467247*x_1 + 0.209387466311455*x_4)) + 0.398328*sin(-0.402199178934097*x_1 + 0.109324306249619*x_2 + 0.45423823595047*x_3 + 0.570580422878265*x_5) + 4.10436*sin(1.34190607070923*exp(0.255633980035782*x_1 + 0.140566408634186*x_3 + 0.221300005912781*x_5) + 1.69484889507294*sin(-0.402199178934097*x_1 + 0.109324306249619*x_2 + 0.45423823595047*x_3 + 0.570580422878265*x_5) + 0.0476525574922562*cos(0.18176731467247*x_1 + 0.209387466311455*x_4) + 0.148478493094444) + 0.640216*cos(0.18176731467247*x_1 + 0.209387466311455*x_4) + 6.15705*cos(1.76817548274994*exp(0.255633980035782*x_1 + 0.140566408634186*x_3 + 0.221300005912781*x_5) + 2.6701033115387*sin(-0.402199178934097*x_1 + 0.109324306249619*x_2 + 0.45423823595047*x_3 + 0.570580422878265*x_5) - 1.51713216304779*cos(0.18176731467247*x_1 + 0.209387466311455*x_4) - 1.10488426685333) + 0.831466,29.5775252514473*sqrt(x0*x3*x4) + 6.87,"{'complexity': 9.0, 'out_op': 'id', 'run_seed': 1630210518000}"
P8,eql_div,1,4.128588094720241e+36,2.3716539053184497e+39,1.66159562949311e+18,0.8739850736998104,532.9795639756918,55.999648639528885,0.0,0.0,0.0,-2.46037*x_1*(-0.147688*x_1 + 0.275364*x_2 - 0.499845*x_4 - 0.229159*x_5 + 0.151456) - 3.77912*x_1 - 0.543739*x_2 - 2.1784*x_3 + 2.5584*x_4 + 1.53083*x_5 - 0.899475*(-0.795752*x_1 - 0.114493*x_2 - 0.458697*x_3 + 0.538712*x_4 + 0.32234*x_5 - 1.25834*log(Abs(-0.218053132295609*x_1 + 0.0689861252903938*x_2 - 0.154627799987793*x_3 + 0.347635596990585*x_4 + 0.105289213359356*x_5) + 1.0e-12) + 1.74844*sin(-0.0728789642453194*x_1 + 0.197203084826469*x_3 + 0.215058833360672*x_4) - 2.1204)*(0.834639*x_1 + 0.120088*x_2 + 0.481113*x_3 - 0.565037*x_4 - 0.338092*x_5 + 0.047654*log(Abs(-0.218053132295609*x_1 + 0.0689861252903938*x_2 - 0.154627799987793*x_3 + 0.347635596990585*x_4 + 0.105289213359356*x_5) + 1.0e-12) - 2.74963*sin(-0.0728789642453194*x_1 + 0.197203084826469*x_3 + 0.215058833360672*x_4) + 2.66175) + 2.13653*exp(0.176639467477798*x_1 + 0.07855623960495*x_2 - 0.302466332912445*x_3 - 0.283314138650894*x_4 + 0.0450953245162964*x_5) - 0.280621*exp(-0.105114946610734*x_1 - 0.015123933814434*x_2 - 0.0605916379828573*x_3 + 0.0711611310570692*x_4 + 0.0425795526084927*x_5 + 0.178981557488441*exp(0.176639467477798*x_1 + 0.07855623960495*x_2 - 0.302466332912445*x_3 - 0.283314138650894*x_4 + 0.0450953245162964*x_5) + 0.455460160970688*sin(-0.0728789642453194*x_1 + 0.197203084826469*x_3 + 0.215058833360672*x_4) - 0.168647646903992*cos(0.178686484694481*x_1 - 0.144468978047371*x_2)) - 5.22592*log(Abs(-0.218053132295609*x_1 + 0.0689861252903938*x_2 - 0.154627799987793*x_3 + 0.347635596990585*x_4 + 0.105289213359356*x_5) + 1.0e-12) - 0.772454*log(Abs(-0.108924278074353*x_1*(-0.147687643766403*x_1 + 0.275363922119141*x_2 - 0.499844908714294*x_4 - 0.22915880382061*x_5 + 0.151456370949745) - 0.140056914175405*x_1 - 0.0201513825439776*x_2 - 0.0807333125719882*x_3 + 0.0948162820459153*x_4 + 0.0567337085505004*x_5 + 0.155903950333595*exp(0.176639467477798*x_1 + 0.07855623960495*x_2 - 0.302466332912445*x_3 - 0.283314138650894*x_4 + 0.0450953245162964*x_5) + 0.161510184407234*log(Abs(-0.218053132295609*x_1 + 0.0689861252903938*x_2 - 0.154627799987793*x_3 + 0.347635596990585*x_4 + 0.105289213359356*x_5) + 1.0e-12) - 0.189938619732857*sin(-0.0728789642453194*x_1 + 0.197203084826469*x_3 + 0.215058833360672*x_4) + 0.0483299419283867*cos(0.178686484694481*x_1 - 0.144468978047371*x_2) - 0.0773902609944344) + 1.0e-12) + 6.90059*sin(0.232897266745567*exp(0.176639467477798*x_1 + 0.07855623960495*x_2 - 0.302466332912445*x_3 - 0.283314138650894*x_4 + 0.0450953245162964*x_5) + 0.345959156751633*cos(0.178686484694481*x_1 - 0.144468978047371*x_2)) + 15.2647*sin(-0.0728789642453194*x_1 + 0.197203084826469*x_3 + 0.215058833360672*x_4) + 12.7249*cos(0.178686484694481*x_1 - 0.144468978047371*x_2) + 6.50712*cos(0.993765234947205*exp(0.176639467477798*x_1 + 0.07855623960495*x_2 - 0.302466332912445*x_3 - 0.283314138650894*x_4 + 0.0450953245162964*x_5) + 0.581220805644989*log(Abs(-0.218053132295609*x_1 + 0.0689861252903938*x_2 - 0.154627799987793*x_3 + 0.347635596990585*x_4 + 0.105289213359356*x_5) + 1.0e-12) + 2.49579763412476*sin(-0.0728789642453194*x_1 + 0.197203084826469*x_3 + 0.215058833360672*x_4) - 1.58780217170715) + 15.4499,29.5775252514473*sqrt(x0*x3*x4) + 6.87,"{'complexity': 10.0, 'out_op': 'id', 'run_seed': 1630211518000}"
P8,eql_div,2,21.846194714746094,12549.474983429094,74.96532904226257,0.5493593141446671,335.0140597702902,41.30901291430928,0.0,0.0,0.0,3.27208*(Abs(0.338415384292603*x_1 - 0.183104500174522*x_2 - 0.286956787109375*x_4 + 0.194367095828056*x_5) + 1.0e-12)**0.05691*exp(-0.2823197777358*x_1 - 0.120357573032379*(-0.883224368095398*x_1 + 0.872752964496613*x_4 - 0.917252779006958)*(-0.640522480010986*x_1 + 0.0669585987925529*x_2 + 0.615964770317078*x_5 - 1.09364545345306) + 1.08841788768768*sin(0.0297248065471649*x_5 + 0.923982322216034) + 1.15754282474518*cos(0.02620411477983*x_2 + 0.164849311113358*x_4 + 0.18471671640873*x_5)) - 0.57034*(-0.883224*x_1 + 0.872753*x_4 - 0.917253)*(-0.640522*x_1 + 0.0669586*x_2 + 0.615965*x_5 - 1.09365)*(0.0570004*x_1 + 1.23324*exp(0.19996389746666*x_1 + 0.190191477537155*x_4 + 0.192768827080727*x_5) + 0.178717*log(Abs(0.338415384292603*x_1 - 0.183104500174522*x_2 - 0.286956787109375*x_4 + 0.194367095828056*x_5) + 1.0e-12) + 0.601426*sin(0.0297248065471649*x_5 + 0.923982322216034) - 1.4071*cos(0.02620411477983*x_2 + 0.164849311113358*x_4 + 0.18471671640873*x_5) - 1.63965) + 1.80198*(-0.883224*x_1 + 0.872753*x_4 - 0.917253)*(-0.640522*x_1 + 0.0669586*x_2 + 0.615965*x_5 - 1.09365) + 13.7349*exp(0.19996389746666*x_1 + 0.190191477537155*x_4 + 0.192768827080727*x_5) + 1.47535*log(Abs(-0.0614738932965015*x_1 + 0.126659780740738*(-0.883224368095398*x_1 + 0.872752964496613*x_4 - 0.917252779006958)*(-0.640522480010986*x_1 + 0.0669585987925529*x_2 + 0.615964770317078*x_5 - 1.09364545345306) + 0.649121880531311*cos(0.02620411477983*x_2 + 0.164849311113358*x_4 + 0.18471671640873*x_5) + 0.445243455460421) + 1.0e-12) + 14.0709*sin(0.279750734567642*(-0.883224368095398*x_1 + 0.872752964496613*x_4 - 0.917252779006958)*(-0.640522480010986*x_1 + 0.0669585987925529*x_2 + 0.615964770317078*x_5 - 1.09364545345306) + 1.58848792017466*exp(0.19996389746666*x_1 + 0.190191477537155*x_4 + 0.192768827080727*x_5) - 4.75701427459717*sin(0.0297248065471649*x_5 + 0.923982322216034)) + 11.575*cos(0.355351829831978*x_1 + 1.46381471994339*exp(0.19996389746666*x_1 + 0.190191477537155*x_4 + 0.192768827080727*x_5) - 0.104447916150093*cos(0.02620411477983*x_2 + 0.164849311113358*x_4 + 0.18471671640873*x_5) - 6.91709110941468),29.5775252514473*sqrt(x0*x3*x4) + 6.87,"{'complexity': 10.0, 'out_op': 'id', 'run_seed': 1630212518000}"
P8,eql_div,3,7.208496249505351,4140.897054728153,68.10643960242561,0.7558861807424908,460.95968815796846,49.34477271157978,0.0,0.0,0.0,-4.78188*(-0.530995*x_1 + 0.0700834*x_2 - 0.120407*x_4 + 0.0482487*x_5)*(0.531363*x_1 - 0.0394618*x_2 - 0.229024*x_3 + 0.180297*x_4 - 0.290668) + 1.52364*(-0.0245864*x_1 + 0.0308875*x_2 + 0.0242828*x_3 - 0.53046*log(Abs(0.356295645236969*x_1 + 0.316805988550186*x_2 - 0.402979791164398*x_3 - 0.302715599536896*x_4 + 0.217692092061043*x_5) + 1.0e-12) - 2.708*cos(0.325974404811859*x_1 - 0.0219789426773787*x_2 - 0.0737439766526222*x_3 + 0.10132110863924*x_4) - 1.47971)*(-0.0764529*x_1 + 0.0960466*x_2 + 0.0755087*x_3 + 1.2449*(-0.530995*x_1 + 0.0700834*x_2 - 0.120407*x_4 + 0.0482487*x_5)*(0.531363*x_1 - 0.0394618*x_2 - 0.229024*x_3 + 0.180297*x_4 - 0.290668) - 0.342437*exp(0.488367319107056*x_1 + 0.141833201050758*x_2 + 0.230869501829147*x_3 - 0.13333597779274*x_5) - 1.35413*log(Abs(0.356295645236969*x_1 + 0.316805988550186*x_2 - 0.402979791164398*x_3 - 0.302715599536896*x_4 + 0.217692092061043*x_5) + 1.0e-12) - 0.771837*sin(0.988638877868652*x_4 - 1.51941657066345) - 1.28259*cos(0.325974404811859*x_1 - 0.0219789426773787*x_2 - 0.0737439766526222*x_3 + 0.10132110863924*x_4) - 2.19175) - 1.33812*log(Abs(0.205411314964294*(0.530995011329651*x_1 - 0.0700833722949028*x_2 + 0.12040700763464*x_4 - 0.0482486635446548*x_5)*(-0.531362950801849*x_1 + 0.0394617803394794*x_2 + 0.229023963212967*x_3 - 0.180297195911407*x_4 + 0.290667682886124) + 0.0889239311218262*log(Abs(0.356295645236969*x_1 + 0.316805988550186*x_2 - 0.402979791164398*x_3 - 0.302715599536896*x_4 + 0.217692092061043*x_5) + 1.0e-12) + 0.108646668493748*cos(0.325974404811859*x_1 - 0.0219789426773787*x_2 - 0.0737439766526222*x_3 + 0.10132110863924*x_4)) + 1.0e-12) - 9.23036*log(Abs(0.356295645236969*x_1 + 0.316805988550186*x_2 - 0.402979791164398*x_3 - 0.302715599536896*x_4 + 0.217692092061043*x_5) + 1.0e-12) + 8.2952*sin(0.988638877868652*x_4 - 1.51941657066345) - 7.42868*sin(0.489956974983215*(-0.530995011329651*x_1 + 0.0700833722949028*x_2 - 0.12040700763464*x_4 + 0.0482486635446548*x_5)*(0.531362950801849*x_1 - 0.0394617803394794*x_2 - 0.229023963212967*x_3 + 0.180297195911407*x_4 - 0.290667682886124) - 0.339306429889279*exp(0.488367319107056*x_1 + 0.141833201050758*x_2 + 0.230869501829147*x_3 - 0.13333597779274*x_5)) + 11.2109*cos(-0.0862878859043121*(-0.530995011329651*x_1 + 0.0700833722949028*x_2 - 0.12040700763464*x_4 + 0.0482486635446548*x_5)*(0.531362950801849*x_1 - 0.0394617803394794*x_2 - 0.229023963212967*x_3 + 0.180297195911407*x_4 - 0.290667682886124) + 0.0188182158185113*exp(0.488367319107056*x_1 + 0.141833201050758*x_2 + 0.230869501829147*x_3 - 0.13333597779274*x_5) + 2.06996870040894*sin(0.988638877868652*x_4 - 1.51941657066345)) + 4.28293*cos(0.325974404811859*x_1 - 0.0219789426773787*x_2 - 0.0737439766526222*x_3 + 0.10132110863924*x_4) + 8.12535,29.5775252514473*sqrt(x0*x3*x4) + 6.87,"{'complexity': 8.0, 'out_op': 'id', 'run_seed': 1630213518000}"
P8,eql_div,4,4060.67024762223,2332638.720559086,645.7453565605126,0.7116877037862417,434.00627020449156,47.8059729256114,0.0,0.0,0.0,2.05914*x_1**2 - 3.74805*x_1 - 1.33851*(-1.32112*x_1**2 - 0.484805*x_1 - 2.41287)*(0.0649978*x_1 + 0.570744*sin(0.758837819099426*x_1 + 0.345828115940094*x_4 + 0.412324100732803*x_5 + 0.120448172092438) + 2.97971*cos(0.681989073753357*x_1 + 0.0469088740646839*x_4 + 0.0521666891872883*x_5) + 2.86459) + 2.28522*exp(0.0689303328517245*x_1**2 - 1.8073787689209*sin(0.758837819099426*x_1 + 0.345828115940094*x_4 + 0.412324100732803*x_5 + 0.120448172092438) + 0.809723198413849*cos(0.681989073753357*x_1 + 0.0469088740646839*x_4 + 0.0521666891872883*x_5)) + 1.7414*exp(0.315484285354614*x_1 - 0.0201501846313477*x_2 + 0.345667272806168*x_4 + 0.35817015171051*x_5) - 6.08857*sin(0.758837819099426*x_1 + 0.345828115940094*x_4 + 0.412324100732803*x_5 + 0.120448172092438) + 5.35788*sin(0.0978222384344671*x_1**2 - 0.924703538417816*log(Abs(-0.293100446462631*x_1 + 0.165684849023819*x_2 + 0.0962778180837631*x_3 - 0.309612452983856*x_4 + 0.0511699169874191) + 1.0e-12) + 2.02540469169617*cos(0.681989073753357*x_1 + 0.0469088740646839*x_4 + 0.0521666891872883*x_5) + 1.13255631923676) + 2.61577*cos(0.681989073753357*x_1 + 0.0469088740646839*x_4 + 0.0521666891872883*x_5) - 12.2014*cos(0.250494442822096*x_1**2 + 0.414084276073758*x_1 + 2.36379766464233*sin(0.758837819099426*x_1 + 0.345828115940094*x_4 + 0.412324100732803*x_5 + 0.120448172092438) + 1.04607737064362*cos(0.681989073753357*x_1 + 0.0469088740646839*x_4 + 0.0521666891872883*x_5) + 1.62877666950226) + 5.91642,29.5775252514473*sqrt(x0*x3*x4) + 6.87,"{'complexity': 9.0, 'out_op': 'id', 'run_seed': 1630214518000}"
P9,eql_div,0,1.3757937919945151,456.6482643682246,26263955.614560854,0.4341923824934654,85.78314291293331,18878.51797364959,0.0,0.0,0.0,(0.0429391*(-0.711047*x_2 - 0.626814*x_3)*(-0.301066*x_2 - 0.345567*x_3 - 0.0457815*x_4 - 0.882588) - 4.45645*(-0.543988*(-0.711047*x_2 - 0.626814*x_3)*(-0.301066*x_2 - 0.345567*x_3 - 0.0457815*x_4 - 0.882588) - 1.54428)*(0.010809*x_3 + 1.07493*sin(0.736115038394928*x_4 + 1.60810661315918) + 0.0489211*cos(0.124412074685097*x_1 - 0.719969034194946*x_2) - 0.169211 - 3.74312*exp(-1.69755220413208*x_2)) + 4.37539*exp(0.284206956624985*(-0.711047112941742*x_2 - 0.626814186573029*x_3)*(-0.301066160202026*x_2 - 0.345566719770432*x_3 - 0.0457815006375313*x_4 - 0.88258820772171) + 2.53814840316772*cos(0.124412074685097*x_1 - 0.719969034194946*x_2) - 12.3364705653136*exp(-1.69755220413208*x_2)) - 0.893701*log(Abs(0.336630523204803*x_1 - 0.0283927321434021*x_2 + 0.239754319190979*x_3 + 0.079380065202713*x_4) + 1.0e-12) - 5.90398*sin(0.312286498097457*x_3 - 0.731346706243935) + 1.98444*cos(0.295622420042537*x_3 + 0.445682197809219*sin(0.736115038394928*x_4 + 1.60810661315918) + 0.924992203712463*cos(0.124412074685097*x_1 - 0.719969034194946*x_2) - 0.0146185497645395) + 1.50165)/(0.0495093*(-0.711047*x_2 - 0.626814*x_3)*(-0.301066*x_2 - 0.345567*x_3 - 0.0457815*x_4 - 0.882588) + 0.332513*(-0.543988*(-0.711047*x_2 - 0.626814*x_3)*(-0.301066*x_2 - 0.345567*x_3 - 0.0457815*x_4 - 0.882588) - 1.54428)*(0.010809*x_3 + 1.07493*sin(0.736115038394928*x_4 + 1.60810661315918) + 0.0489211*cos(0.124412074685097*x_1 - 0.719969034194946*x_2) - 0.169211 - 3.74312*exp(-1.69755220413208*x_2)) + 0.137436*exp(0.284206956624985*(-0.711047112941742*x_2 - 0.626814186573029*x_3)*(-0.301066160202026*x_2 - 0.345566719770432*x_3 - 0.0457815006375313*x_4 - 0.88258820772171) + 2.53814840316772*cos(0.124412074685097*x_1 - 0.719969034194946*x_2) - 12.3364705653136*exp(-1.69755220413208*x_2)) - 1.03045*log(Abs(0.336630523204803*x_1 - 0.0283927321434021*x_2 + 0.239754319190979*x_3 + 0.079380065202713*x_4) + 1.0e-12) - 2.56004*sin(0.312286498097457*x_3 - 0.731346706243935) + 2.45785*cos(0.295622420042537*x_3 + 0.445682197809219*sin(0.736115038394928*x_4 + 1.60810661315918) + 0.924992203712463*cos(0.124412074685097*x_1 - 0.719969034194946*x_2) - 0.0146185497645395) + 1.01803),sqrt(x0)*exp(x2)/(x3**2*log(x1)),"{'complexity': 6.0, 'out_op': 'reg_div', 'run_seed': 1630210519000}"
P9,eql_div,1,0.9647743503094847,320.22424809543264,3112013.479961278,0.5026538554504414,99.3090373217017,11042.925291201565,0.0,0.0,0.0,(22.2288*x_2 - 11.9744*x_3 - 14.1618*(-0.784426*x_2 + 0.237081*x_3)*(0.239201*x_1 - 0.282538*x_2 + 0.47264*x_3 + 0.784503*x_4) + 0.304345*exp(-0.45359069108963*(-0.784426271915436*x_2 + 0.237080633640289*x_3)*(0.23920077085495*x_1 - 0.282538235187531*x_2 + 0.472639948129654*x_3 + 0.784502625465393*x_4) + 0.0220050737261772*exp(0.112545028328896*x_1 + 0.32289332151413*x_2 + 0.953174233436584*x_4))/(Abs(0.219335690140724*x_1 + 0.170348897576332*x_2 + 0.0191802494227886*x_3 + 0.0699809938669205*x_4 + 0.123653516173363*x_5) + 1.0e-12)**0.264009 + 0.53021*exp(0.112545028328896*x_1 + 0.32289332151413*x_2 + 0.953174233436584*x_4) - 6.01981*log(Abs(0.0471977503184293*x_2 - 0.0254247977155293*x_3) + 1.0e-12) - 31.9305*cos(0.146480903029442*x_2 + 0.220537275075912*x_3 + 0.530765771865845) + 15.9506*cos(1.96263759530925*x_2 - 1.05724665927872*x_3 + 0.480459481477737*sin(0.324400097131729*x_1 + 0.401138007640839*x_3 - 0.762448370456696*x_4) - 5.18190622329712*cos(0.146480903029442*x_2 + 0.220537275075912*x_3 + 0.530765771865845)) + 1.58747)/(-0.554303*x_2 + 0.298595*x_3 + 0.353141*(-0.784426*x_2 + 0.237081*x_3)*(0.239201*x_1 - 0.282538*x_2 + 0.47264*x_3 + 0.784503*x_4) + 0.283186*exp(-0.45359069108963*(-0.784426271915436*x_2 + 0.237080633640289*x_3)*(0.23920077085495*x_1 - 0.282538235187531*x_2 + 0.472639948129654*x_3 + 0.784502625465393*x_4) + 0.0220050737261772*exp(0.112545028328896*x_1 + 0.32289332151413*x_2 + 0.953174233436584*x_4))/(Abs(0.219335690140724*x_1 + 0.170348897576332*x_2 + 0.0191802494227886*x_3 + 0.0699809938669205*x_4 + 0.123653516173363*x_5) + 1.0e-12)**0.264009 + 1.17662*(-1.08244*(-0.784426*x_2 + 0.237081*x_3)*(0.239201*x_1 - 0.282538*x_2 + 0.47264*x_3 + 0.784503*x_4) - 0.680133*exp(0.112545028328896*x_1 + 0.32289332151413*x_2 + 0.953174233436584*x_4) + 1.70589*sin(0.324400097131729*x_1 + 0.401138007640839*x_3 - 0.762448370456696*x_4) - 0.473111*cos(0.146480903029442*x_2 + 0.220537275075912*x_3 + 0.530765771865845) - 1.46442)*(-0.484547*x_2 + 0.261019*x_3 - 0.12182*(-0.784426*x_2 + 0.237081*x_3)*(0.239201*x_1 - 0.282538*x_2 + 0.47264*x_3 + 0.784503*x_4) + 0.0428498*log(Abs(0.219335690140724*x_1 + 0.170348897576332*x_2 + 0.0191802494227886*x_3 + 0.0699809938669205*x_4 + 0.123653516173363*x_5) + 1.0e-12) + 0.204542*sin(0.324400097131729*x_1 + 0.401138007640839*x_3 - 0.762448370456696*x_4) - 0.166047*cos(0.146480903029442*x_2 + 0.220537275075912*x_3 + 0.530765771865845) - 0.638281) - 0.0132214*exp(0.112545028328896*x_1 + 0.32289332151413*x_2 + 0.953174233436584*x_4) + 0.838595*sin(-1.72765958309174*log(Abs(0.219335690140724*x_1 + 0.170348897576332*x_2 + 0.0191802494227886*x_3 + 0.0699809938669205*x_4 + 0.123653516173363*x_5) + 1.0e-12) + 2.31995177268982*sin(0.324400097131729*x_1 + 0.401138007640839*x_3 - 0.762448370456696*x_4) + 1.806556224823*cos(0.146480903029442*x_2 + 0.220537275075912*x_3 + 0.530765771865845) + 0.745924115180969) + 0.796226*cos(0.146480903029442*x_2 + 0.220537275075912*x_3 + 0.530765771865845) + 0.409095),sqrt(x0)*exp(x2)/(x3**2*log(x1)),"{'complexity': 10.0, 'out_op': 'reg_div', 'run_seed': 1630211519000}"
P9,eql_div,2,26.35778914317781,8748.577537456838,79986.29207919662,0.471405104532862,93.13523931442387,439.369212667303,0.0,0.0,0.0,(3.4942*(1.68057*(0.748828*x_2 + 0.0936048)*(-0.513785*x_1 - 0.381563*x_3 - 0.180932*x_5) + 0.230074*sin(0.434523105621338*x_1 - 0.306676417589188*x_2 + 0.0408647730946541*x_5) - 2.90686*cos(0.835667371749878*x_4) - 2.07748)*(0.370058*x_1 - 2.74965*x_2 + 1.21919*x_3 + 1.33782*(0.748828*x_2 + 0.0936048)*(-0.513785*x_1 - 0.381563*x_3 - 0.180932*x_5) + 2.2898*exp(-0.135384455323219*x_2 + 0.11180391907692*x_5) - 0.537647) + 3.12217*exp(-0.135384455323219*x_2 + 0.11180391907692*x_5) + 0.586021*log(Abs(0.0188625209889501*x_1 - 0.140154654947771*x_2 + 0.0621443913461146*x_3 - 0.19672879576683*(0.748828411102295*x_2 + 0.0936048477888107)*(-0.513785362243652*x_1 - 0.381563484668732*x_3 - 0.180932059884071*x_5) - 0.23528116941452*log(Abs(-0.0745542049407959*x_2 + 0.172377273440361*x_3 + 0.0800147354602814*x_5) + 1.0e-12) - 0.103046596050262*sin(0.434523105621338*x_1 - 0.306676417589188*x_2 + 0.0408647730946541*x_5) + 0.231440469622612*cos(0.835667371749878*x_4)) + 1.0e-12) - 4.74026*sin(0.434523105621338*x_1 - 0.306676417589188*x_2 + 0.0408647730946541*x_5) - 8.64569*sin(0.672067642211914*(0.748828411102295*x_2 + 0.0936048477888107)*(-0.513785362243652*x_1 - 0.381563484668732*x_3 - 0.180932059884071*x_5) + 1.06468510627747*sin(0.434523105621338*x_1 - 0.306676417589188*x_2 + 0.0408647730946541*x_5) + 0.114331305027008) - 14.2081*cos(1.02542948722839*(0.748828411102295*x_2 + 0.0936048477888107)*(-0.513785362243652*x_1 - 0.381563484668732*x_3 - 0.180932059884071*x_5) - 0.452902674674988*log(Abs(-0.0745542049407959*x_2 + 0.172377273440361*x_3 + 0.0800147354602814*x_5) + 1.0e-12) + 2.04406261444092*cos(0.835667371749878*x_4) + 3.05285239219666) + 1.72714)/(1.10952*exp(-0.21903691897144*x_1 + 1.62751542157324*x_2 - 0.721638216852476*x_3 + 0.879134714603424*exp(-0.135384455323219*x_2 + 0.11180391907692*x_5) + 1.18879091739655*sin(0.434523105621338*x_1 - 0.306676417589188*x_2 + 0.0408647730946541*x_5) - 1.33114993572235*cos(0.835667371749878*x_4))/(Abs(-0.0745542049407959*x_2 + 0.172377273440361*x_3 + 0.0800147354602814*x_5) + 1.0e-12)**0.106211 + 1.38295*exp(-0.135384455323219*x_2 + 0.11180391907692*x_5) - 2.09968*sin(0.434523105621338*x_1 - 0.306676417589188*x_2 + 0.0408647730946541*x_5) + 2.31666*sin(0.672067642211914*(0.748828411102295*x_2 + 0.0936048477888107)*(-0.513785362243652*x_1 - 0.381563484668732*x_3 - 0.180932059884071*x_5) + 1.06468510627747*sin(0.434523105621338*x_1 - 0.306676417589188*x_2 + 0.0408647730946541*x_5) + 0.114331305027008) + 1.34843),sqrt(x0)*exp(x2)/(x3**2*log(x1)),"{'complexity': 10.0, 'out_op': 'reg_div', 'run_seed': 1630212519000}"
P9,eql_div,3,0.9706026315105727,322.15874911601685,23021353.340444725,0.5174012663105005,102.22267492662499,16024.098160018193,0.0,0.0,0.0,(5.33226*(Abs(-0.410128176212311*x_1 + 0.467972695827484*x_2 + 0.402453899383545*x_3 + 0.0863036960363388*x_4 - 0.203373357653618*x_5) + 1.0e-12)**0.0666316*exp(0.511059165000916*(0.745685458183289*x_2 + 0.213953852653503*x_4 - 0.402348339557648)*(0.0706799104809761*x_1 - 0.291898667812347*x_2 + 0.119966290891171*x_3 - 0.114265248179436*x_4 + 1.58288633823395) + 0.675330389619645*exp(-0.0474977940320969*x_1 + 0.0828810185194016*x_2 - 0.112228780984879*x_3 + 0.32792991399765*x_4) + 0.991252541542053*sin(0.159786447882652*x_2 + 0.0607281140983105*x_3) + 0.450655519962311*cos(0.255729556083679*x_1 - 1.28914737701416*x_2 + 0.516424834728241*x_3)) + 2.35554*(-0.209719*x_1 - 0.839331*x_3 - 1.36631*x_4 + 0.0224291*(0.745685*x_2 + 0.213954*x_4 - 0.402348)*(0.0706799*x_1 - 0.291899*x_2 + 0.119966*x_3 - 0.114265*x_4 + 1.58289) - 4.00622*exp(-0.0474977940320969*x_1 + 0.0828810185194016*x_2 - 0.112228780984879*x_3 + 0.32792991399765*x_4) - 0.177529)*(0.0620485*x_1 + 0.248329*x_3 + 0.404242*x_4 - 1.39907*(0.745685*x_2 + 0.213954*x_4 - 0.402348)*(0.0706799*x_1 - 0.291899*x_2 + 0.119966*x_3 - 0.114265*x_4 + 1.58289) + 0.797564*exp(-0.0474977940320969*x_1 + 0.0828810185194016*x_2 - 0.112228780984879*x_3 + 0.32792991399765*x_4) - 0.22448*log(Abs(-0.410128176212311*x_1 + 0.467972695827484*x_2 + 0.402453899383545*x_3 + 0.0863036960363388*x_4 - 0.203373357653618*x_5) + 1.0e-12) - 0.578158*cos(0.255729556083679*x_1 - 1.28914737701416*x_2 + 0.516424834728241*x_3) + 0.220452) + 14.4217*sin(0.0528405587560208*x_1 + 0.211476748674912*x_3 + 0.344252726396386*x_4 + 0.30482017993927*(0.745685458183289*x_2 + 0.213953852653503*x_4 - 0.402348339557648)*(0.0706799104809761*x_1 - 0.291898667812347*x_2 + 0.119966290891171*x_3 - 0.114265248179436*x_4 + 1.58288633823395) - 1.3630113875223*exp(-0.0474977940320969*x_1 + 0.0828810185194016*x_2 - 0.112228780984879*x_3 + 0.32792991399765*x_4) + 1.37455224990845*cos(0.255729556083679*x_1 - 1.28914737701416*x_2 + 0.516424834728241*x_3) - 0.501786172389984) + 15.1886*cos(0.141963852867207*x_1 + 0.568163069061029*x_3 + 0.924885060828444*x_4 - 1.91078400611877*(0.745685458183289*x_2 + 0.213953852653503*x_4 - 0.402348339557648)*(0.0706799104809761*x_1 - 0.291898667812347*x_2 + 0.119966290891171*x_3 - 0.114265248179436*x_4 + 1.58288633823395) + 2.32642650418417*exp(-0.0474977940320969*x_1 + 0.0828810185194016*x_2 - 0.112228780984879*x_3 + 0.32792991399765*x_4)))/(-0.295764*x_1 - 1.1837*x_3 - 1.92688*x_4 + 0.661165*(Abs(-0.410128176212311*x_1 + 0.467972695827484*x_2 + 0.402453899383545*x_3 + 0.0863036960363388*x_4 - 0.203373357653618*x_5) + 1.0e-12)**0.0666316*exp(0.511059165000916*(0.745685458183289*x_2 + 0.213953852653503*x_4 - 0.402348339557648)*(0.0706799104809761*x_1 - 0.291898667812347*x_2 + 0.119966290891171*x_3 - 0.114265248179436*x_4 + 1.58288633823395) + 0.675330389619645*exp(-0.0474977940320969*x_1 + 0.0828810185194016*x_2 - 0.112228780984879*x_3 + 0.32792991399765*x_4) + 0.991252541542053*sin(0.159786447882652*x_2 + 0.0607281140983105*x_3) + 0.450655519962311*cos(0.255729556083679*x_1 - 1.28914737701416*x_2 + 0.516424834728241*x_3)) - 0.261397*(-0.209719*x_1 - 0.839331*x_3 - 1.36631*x_4 + 0.0224291*(0.745685*x_2 + 0.213954*x_4 - 0.402348)*(0.0706799*x_1 - 0.291899*x_2 + 0.119966*x_3 - 0.114265*x_4 + 1.58289) - 4.00622*exp(-0.0474977940320969*x_1 + 0.0828810185194016*x_2 - 0.112228780984879*x_3 + 0.32792991399765*x_4) - 0.177529)*(0.0620485*x_1 + 0.248329*x_3 + 0.404242*x_4 - 1.39907*(0.745685*x_2 + 0.213954*x_4 - 0.402348)*(0.0706799*x_1 - 0.291899*x_2 + 0.119966*x_3 - 0.114265*x_4 + 1.58289) + 0.797564*exp(-0.0474977940320969*x_1 + 0.0828810185194016*x_2 - 0.112228780984879*x_3 + 0.32792991399765*x_4) - 0.22448*log(Abs(-0.410128176212311*x_1 + 0.467972695827484*x_2 + 0.402453899383545*x_3 + 0.0863036960363388*x_4 - 0.203373357653618*x_5) + 1.0e-12) - 0.578158*cos(0.255729556083679*x_1 - 1.28914737701416*x_2 + 0.516424834728241*x_3) + 0.220452) + 1.14829*exp(-0.0474977940320969*x_1 + 0.0828810185194016*x_2 - 0.112228780984879*x_3 + 0.32792991399765*x_4) - 0.303889*sin(0.159786447882652*x_2 + 0.0607281140983105*x_3) + 0.123555),sqrt(x0)*exp(x2)/(x3**2*log(x1)),"{'complexity': 9.0, 'out_op': 'reg_div', 'run_seed': 1630213519000}"
P9,eql_div,4,6.087623320514687e+35,2.0205808745585927e+38,1.8302092679436687e+18,0.42078163167195326,83.13358847421897,10288.029302293415,0.0,0.0,0.0,(1.02406*x_4*(0.0473232 - 1.09306*x_4) - 1.5028*(1.0146*x_2 - 0.0919214*x_4 - 0.0597612*x_5 + 0.166615*exp(-0.045257605612278*x_1 + 0.137338072061539*x_2 + 0.477766901254654*x_3) + 2.29311*sin(0.935161292552948*x_2) + 1.49129*cos(0.621632277965546*x_1 - 1.02493941783905*x_2))*(-0.277098*x_2 - 0.0336833*x_4*(0.0473232 - 1.09306*x_4) + 0.0251048*x_4 + 0.0163215*x_5 - 1.55437*exp(-0.045257605612278*x_1 + 0.137338072061539*x_2 + 0.477766901254654*x_3) + 0.239202*log(Abs(-0.303636580705643*x_1 + 0.339406102895737*x_2 + 0.122075743973255*x_3 + 0.168563932180405*x_4 + 0.437830954790115*x_5) + 1.0e-12) - 1.76652*sin(0.935161292552948*x_2)) - 0.352441*exp(-0.045257605612278*x_1 + 0.137338072061539*x_2 + 0.477766901254654*x_3) - 5.03023*exp(-1.39934366612849*x_2 + 0.126778925861797*x_4 + 0.0824232470676312*x_5 + 0.457257293847947*exp(-0.045257605612278*x_1 + 0.137338072061539*x_2 + 0.477766901254654*x_3)) - 3.09136*log(Abs(0.699733757919214*exp(-0.045257605612278*x_1 + 0.137338072061539*x_2 + 0.477766901254654*x_3) - 0.118576064705849*log(Abs(-0.303636580705643*x_1 + 0.339406102895737*x_2 + 0.122075743973255*x_3 + 0.168563932180405*x_4 + 0.437830954790115*x_5) + 1.0e-12) + 0.526691198348999*cos(0.621632277965546*x_1 - 1.02493941783905*x_2)) + 1.0e-12) + 0.035375*log(Abs(-0.303636580705643*x_1 + 0.339406102895737*x_2 + 0.122075743973255*x_3 + 0.168563932180405*x_4 + 0.437830954790115*x_5) + 1.0e-12) - 6.96621*sin(0.332009769954732*exp(-0.045257605612278*x_1 + 0.137338072061539*x_2 + 0.477766901254654*x_3) + 0.561847567558289*cos(0.621632277965546*x_1 - 1.02493941783905*x_2) + 0.294957250356674) + 12.4819*cos(0.444147985333885*x_4*(0.0473232008516788 - 1.093057513237*x_4) + 0.274455726146698*log(Abs(-0.303636580705643*x_1 + 0.339406102895737*x_2 + 0.122075743973255*x_3 + 0.168563932180405*x_4 + 0.437830954790115*x_5) + 1.0e-12) - 1.07372558116913*cos(0.621632277965546*x_1 - 1.02493941783905*x_2) - 1.20375275611877) - 0.188685)/(-0.935538*x_4*(0.0473232 - 1.09306*x_4) + 0.321976*exp(-0.045257605612278*x_1 + 0.137338072061539*x_2 + 0.477766901254654*x_3) - 1.51844*log(Abs(0.699733757919214*exp(-0.045257605612278*x_1 + 0.137338072061539*x_2 + 0.477766901254654*x_3) - 0.118576064705849*log(Abs(-0.303636580705643*x_1 + 0.339406102895737*x_2 + 0.122075743973255*x_3 + 0.168563932180405*x_4 + 0.437830954790115*x_5) + 1.0e-12) + 0.526691198348999*cos(0.621632277965546*x_1 - 1.02493941783905*x_2)) + 1.0e-12) - 0.0323172*log(Abs(-0.303636580705643*x_1 + 0.339406102895737*x_2 + 0.122075743973255*x_3 + 0.168563932180405*x_4 + 0.437830954790115*x_5) + 1.0e-12) + 0.82377*sin(0.332009769954732*exp(-0.045257605612278*x_1 + 0.137338072061539*x_2 + 0.477766901254654*x_3) + 0.561847567558289*cos(0.621632277965546*x_1 - 1.02493941783905*x_2) + 0.294957250356674) + 0.266149),sqrt(x0)*exp(x2)/(x3**2*log(x1)),"{'complexity': 10.0, 'out_op': 'reg_div', 'run_seed': 1630214519000}"
P10,eql_div,0,2.707437930372116,251.98961826830427,457.51498398939754,0.5369462551998831,109.07069567900471,232.4703433483597,0.0,0.0,0.0,(-0.451212*x_1 - 0.482486*x_2 + 1.56631*x_3 + 2.1403*exp(0.277167380400902*x_1 + 0.296378619593288*x_2 - 0.962140739651382*x_3 + 2.32929229736328*(-0.622779250144958*x_3 + 1.19952178001404*x_5)*(-0.353053957223892*x_3 - 0.775023937225342*x_5 - 0.506348192691803) + 4.73053073883057*sin(-0.312963128089905*x_4 + 0.373208165168762*x_5 + 0.396000266075134) + 4.80346202850342*cos(0.0599371790885925*x_3 - 0.787837982177734*x_4) - 1.62192531353257*exp(-1.64118194580078*x_4)) - 31.4*sin(-0.312963128089905*x_4 + 0.373208165168762*x_5 + 0.396000266075134) + 2.13903*cos(0.0402253006073524*exp(-1.64118194580078*x_4)) + 12.7756)/(-0.0503915*x_1 - 0.0538842*x_2 + 0.174926*x_3 + 0.0363625*exp(0.277167380400902*x_1 + 0.296378619593288*x_2 - 0.962140739651382*x_3 + 2.32929229736328*(-0.622779250144958*x_3 + 1.19952178001404*x_5)*(-0.353053957223892*x_3 - 0.775023937225342*x_5 - 0.506348192691803) + 4.73053073883057*sin(-0.312963128089905*x_4 + 0.373208165168762*x_5 + 0.396000266075134) + 4.80346202850342*cos(0.0599371790885925*x_3 - 0.787837982177734*x_4) - 1.62192531353257*exp(-1.64118194580078*x_4)) - 4.51892*sin(0.11208363622427*(-0.622779250144958*x_3 + 1.19952178001404*x_5)*(-0.353053957223892*x_3 - 0.775023937225342*x_5 - 0.506348192691803) + 0.472755134105682*sin(-0.312963128089905*x_4 + 0.373208165168762*x_5 + 0.396000266075134)) + 8.08693*sin(-0.312963128089905*x_4 + 0.373208165168762*x_5 + 0.396000266075134)**2 - 3.50676*sin(-0.312963128089905*x_4 + 0.373208165168762*x_5 + 0.396000266075134) + 2.30206),24.3*(2*x1 + 3*x2**2)/(4*x3**3 + 5*x4**4) + 0.81,"{'complexity': 9.0, 'out_op': 'reg_div', 'run_seed': 1630210520000}"
P10,eql_div,1,1.298679368213577,120.87210368811057,356.66680165010956,0.8557961988164161,173.83916148108125,226.13363919609216,0.0,0.0,0.0,(1.41408*exp(0.772601842880249*(-0.112665750086308*x_2 - 0.407036334276199*x_3 + 0.628046870231628*x_4 - 0.486173510551453*x_5)*(0.108746565878391*x_1 + 0.2704256772995*x_2 - 0.305180311203003*x_3 - 0.613934814929962*x_4 + 0.426025748252869*x_5) + 0.134290784597397*exp(0.187091827392578*x_1 + 0.525929510593414*x_3 + 0.314130336046219*x_4 - 0.279171139001846*x_5)) + 5.14861*log(Abs(0.0783988628921404*x_4 + 0.160698675982637*x_5 - 0.230108305811882*(0.112665750086308*x_2 + 0.407036334276199*x_3 - 0.628046870231628*x_4 + 0.486173510551453*x_5)*(0.108746565878391*x_1 + 0.2704256772995*x_2 - 0.305180311203003*x_3 - 0.613934814929962*x_4 + 0.426025748252869*x_5) + 0.115672074258327*exp(0.187091827392578*x_1 + 0.525929510593414*x_3 + 0.314130336046219*x_4 - 0.279171139001846*x_5) - 0.429137319326401*log(Abs(0.498671382665634*x_1 - 0.216402977705002*x_2 + 0.237487554550171*x_3 + 0.0932450070977211*x_5 - 0.0788704305887222) + 1.0e-12) - 0.00572546557042131) + 1.0e-12) + 7.621*sin(0.281219571828842*exp(0.187091827392578*x_1 + 0.525929510593414*x_3 + 0.314130336046219*x_4 - 0.279171139001846*x_5) + 0.644482135772705) + 17.6364*cos(0.221524519416436*x_4 + 0.454071598167019*x_5 + 0.11724379658699*(-0.112665750086308*x_2 - 0.407036334276199*x_3 + 0.628046870231628*x_4 - 0.486173510551453*x_5)*(0.108746565878391*x_1 + 0.2704256772995*x_2 - 0.305180311203003*x_3 - 0.613934814929962*x_4 + 0.426025748252869*x_5) + 1.40398144721985*sin(0.0701736658811569*x_1 + 0.117964714765549*x_2 - 0.0725269541144371*x_3 + 0.799260854721069*x_4 - 0.150797978043556*x_5 + 0.420566320419312) - 1.26386335851788) + 3.47021)/(-0.454109*(-0.112666*x_2 - 0.407036*x_3 + 0.628047*x_4 - 0.486174*x_5)*(0.108747*x_1 + 0.270426*x_2 - 0.30518*x_3 - 0.613935*x_4 + 0.426026*x_5) + 0.781123*(-0.156877*x_4 - 0.32156*x_5 + 0.30138*(-0.112666*x_2 - 0.407036*x_3 + 0.628047*x_4 - 0.486174*x_5)*(0.108747*x_1 + 0.270426*x_2 - 0.30518*x_3 - 0.613935*x_4 + 0.426026*x_5) - 0.0864813*exp(0.187091827392578*x_1 + 0.525929510593414*x_3 + 0.314130336046219*x_4 - 0.279171139001846*x_5) - 1.36681*cos(0.238874152302742*x_1 + 0.485303461551666*x_3 + 0.519207119941711*x_4) - 0.195967)*(-0.127399*x_4 - 0.261138*x_5 - 0.37196*exp(0.187091827392578*x_1 + 0.525929510593414*x_3 + 0.314130336046219*x_4 - 0.279171139001846*x_5) - 0.0493409*log(Abs(0.498671382665634*x_1 - 0.216402977705002*x_2 + 0.237487554550171*x_3 + 0.0932450070977211*x_5 - 0.0788704305887222) + 1.0e-12) + 0.636333*sin(0.0701736658811569*x_1 + 0.117964714765549*x_2 - 0.0725269541144371*x_3 + 0.799260854721069*x_4 - 0.150797978043556*x_5 + 0.420566320419312) - 0.129471) + 0.0980695*exp(0.772601842880249*(-0.112665750086308*x_2 - 0.407036334276199*x_3 + 0.628046870231628*x_4 - 0.486173510551453*x_5)*(0.108746565878391*x_1 + 0.2704256772995*x_2 - 0.305180311203003*x_3 - 0.613934814929962*x_4 + 0.426025748252869*x_5) + 0.134290784597397*exp(0.187091827392578*x_1 + 0.525929510593414*x_3 + 0.314130336046219*x_4 - 0.279171139001846*x_5)) + 0.635006*sin(0.281219571828842*exp(0.187091827392578*x_1 + 0.525929510593414*x_3 + 0.314130336046219*x_4 - 0.279171139001846*x_5) + 0.644482135772705) - 0.319197*sin(0.0701736658811569*x_1 + 0.117964714765549*x_2 - 0.0725269541144371*x_3 + 0.799260854721069*x_4 - 0.150797978043556*x_5 + 0.420566320419312) + 1.05292),24.3*(2*x1 + 3*x2**2)/(4*x3**3 + 5*x4**4) + 0.81,"{'complexity': 9.0, 'out_op': 'reg_div', 'run_seed': 1630211520000}"
P10,eql_div,2,1.2748484665015456,118.65408799215002,578.2567192218889,0.785120882268726,159.48277875461855,224.23457783358418,0.0,0.0,0.0,(0.668682*x_1 - 0.827004*x_2 + 1.53629*x_3 + 1.42741*(Abs(0.180581718683243*x_1 + 0.170890286564827*x_3 + 0.217833042144775*x_4 + 0.109000608325005*x_5) + 1.0e-12)**0.573396*exp(-1.66330194473267*(-0.162109091877937*x_1 - 0.711282789707184*x_4 + 0.179812505841255)*(0.178129345178604*x_1 - 0.543816030025482*x_4 + 0.715345740318298*x_5)) + 2.21201*(-0.162109*x_1 - 0.711283*x_4 + 0.179812)*(0.178129*x_1 - 0.543816*x_4 + 0.715346*x_5) - 3.44032*(0.171218*x_1 - 0.211757*x_2 + 0.393372*x_3 + 0.25587*(-0.162109*x_1 - 0.711283*x_4 + 0.179812)*(0.178129*x_1 - 0.543816*x_4 + 0.715346*x_5) + 1.05379*sin(0.0557856634259224*x_2 + 0.19634647667408*x_3) - 3.49733)*(-0.19976*x_1 + 0.247057*x_2 - 0.458946*x_3 - 0.575286*(-0.162109*x_1 - 0.711283*x_4 + 0.179812)*(0.178129*x_1 - 0.543816*x_4 + 0.715346*x_5) + 0.180653*exp(-0.0460028685629368*x_1 - 0.222781121730804*x_3 + 0.250975102186203*x_4 + 0.267213672399521*x_5) - 0.49253*log(Abs(0.180581718683243*x_1 + 0.170890286564827*x_3 + 0.217833042144775*x_4 + 0.109000608325005*x_5) + 1.0e-12) + 2.06086*sin(0.0557856634259224*x_2 + 0.19634647667408*x_3)) + 2.6141*exp(-0.0460028685629368*x_1 - 0.222781121730804*x_3 + 0.250975102186203*x_4 + 0.267213672399521*x_5) - 6.3035*log(Abs(-0.260521390691388*exp(-0.0460028685629368*x_1 - 0.222781121730804*x_3 + 0.250975102186203*x_4 + 0.267213672399521*x_5) + 0.261373072862625*sin(0.0557856634259224*x_2 + 0.19634647667408*x_3) + 0.459994494915009*cos(0.48805233836174*x_3 + 0.62077385187149*x_4 - 0.393533170223236*x_5 + 0.282471656799316)) + 1.0e-12) - 1.20817*log(Abs(0.180581718683243*x_1 + 0.170890286564827*x_3 + 0.217833042144775*x_4 + 0.109000608325005*x_5) + 1.0e-12) + 1.13396*sin(0.0557856634259224*x_2 + 0.19634647667408*x_3) - 12.2758*sin(0.539827313302088*exp(-0.0460028685629368*x_1 - 0.222781121730804*x_3 + 0.250975102186203*x_4 + 0.267213672399521*x_5) - 0.410269021987915*log(Abs(0.180581718683243*x_1 + 0.170890286564827*x_3 + 0.217833042144775*x_4 + 0.109000608325005*x_5) + 1.0e-12) - 1.82697486877441*sin(0.0557856634259224*x_2 + 0.19634647667408*x_3) + 0.491767674684525*cos(0.48805233836174*x_3 + 0.62077385187149*x_4 - 0.393533170223236*x_5 + 0.282471656799316) + 0.681721985340118) + 1.47456*cos(0.48805233836174*x_3 + 0.62077385187149*x_4 - 0.393533170223236*x_5 + 0.282471656799316) - 7.80199*cos(0.125748503634437*x_1 - 0.155521652483218*x_2 + 0.288905705629945*x_3 + 1.22048050533201*exp(-0.0460028685629368*x_1 - 0.222781121730804*x_3 + 0.250975102186203*x_4 + 0.267213672399521*x_5) - 0.710351824760437*log(Abs(0.180581718683243*x_1 + 0.170890286564827*x_3 + 0.217833042144775*x_4 + 0.109000608325005*x_5) + 1.0e-12) - 0.946243107318878*cos(0.48805233836174*x_3 + 0.62077385187149*x_4 - 0.393533170223236*x_5 + 0.282471656799316)) + 1.07441)/(0.351448*x_1 - 0.434659*x_2 + 0.807447*x_3 + 0.580464*(Abs(0.180581718683243*x_1 + 0.170890286564827*x_3 + 0.217833042144775*x_4 + 0.109000608325005*x_5) + 1.0e-12)**0.573396*exp(-1.66330194473267*(-0.162109091877937*x_1 - 0.711282789707184*x_4 + 0.179812505841255)*(0.178129345178604*x_1 - 0.543816030025482*x_4 + 0.715345740318298*x_5)) + 1.1626*(-0.162109*x_1 - 0.711283*x_4 + 0.179812)*(0.178129*x_1 - 0.543816*x_4 + 0.715346*x_5) - 0.194303*(0.171218*x_1 - 0.211757*x_2 + 0.393372*x_3 + 0.25587*(-0.162109*x_1 - 0.711283*x_4 + 0.179812)*(0.178129*x_1 - 0.543816*x_4 + 0.715346*x_5) + 1.05379*sin(0.0557856634259224*x_2 + 0.19634647667408*x_3) - 3.49733)*(-0.19976*x_1 + 0.247057*x_2 - 0.458946*x_3 - 0.575286*(-0.162109*x_1 - 0.711283*x_4 + 0.179812)*(0.178129*x_1 - 0.543816*x_4 + 0.715346*x_5) + 0.180653*exp(-0.0460028685629368*x_1 - 0.222781121730804*x_3 + 0.250975102186203*x_4 + 0.267213672399521*x_5) - 0.49253*log(Abs(0.180581718683243*x_1 + 0.170890286564827*x_3 + 0.217833042144775*x_4 + 0.109000608325005*x_5) + 1.0e-12) + 2.06086*sin(0.0557856634259224*x_2 + 0.19634647667408*x_3)) + 1.37393*exp(-0.0460028685629368*x_1 - 0.222781121730804*x_3 + 0.250975102186203*x_4 + 0.267213672399521*x_5) - 0.634992*log(Abs(0.180581718683243*x_1 + 0.170890286564827*x_3 + 0.217833042144775*x_4 + 0.109000608325005*x_5) + 1.0e-12) + 0.595989*sin(0.0557856634259224*x_2 + 0.19634647667408*x_3) + 2.88602*sin(0.539827313302088*exp(-0.0460028685629368*x_1 - 0.222781121730804*x_3 + 0.250975102186203*x_4 + 0.267213672399521*x_5) - 0.410269021987915*log(Abs(0.180581718683243*x_1 + 0.170890286564827*x_3 + 0.217833042144775*x_4 + 0.109000608325005*x_5) + 1.0e-12) - 1.82697486877441*sin(0.0557856634259224*x_2 + 0.19634647667408*x_3) + 0.491767674684525*cos(0.48805233836174*x_3 + 0.62077385187149*x_4 - 0.393533170223236*x_5 + 0.282471656799316) + 0.681721985340118) + 0.775002*cos(0.48805233836174*x_3 + 0.62077385187149*x_4 - 0.393533170223236*x_5 + 0.282471656799316) + 2.0837*cos(0.125748503634437*x_1 - 0.155521652483218*x_2 + 0.288905705629945*x_3 + 1.22048050533201*exp(-0.0460028685629368*x_1 - 0.222781121730804*x_3 + 0.250975102186203*x_4 + 0.267213672399521*x_5) - 0.710351824760437*log(Abs(0.180581718683243*x_1 + 0.170890286564827*x_3 + 0.217833042144775*x_4 + 0.109000608325005*x_5) + 1.0e-12) - 0.946243107318878*cos(0.48805233836174*x_3 + 0.62077385187149*x_4 - 0.393533170223236*x_5 + 0.282471656799316)) + 0.618747),24.3*(2*x1 + 3*x2**2)/(4*x3**3 + 5*x4**4) + 0.81,"{'complexity': 9.0, 'out_op': 'reg_div', 'run_seed': 1630212520000}"
P10,eql_div,3,1.4222510093545504,132.37329835284734,368.70212316184745,0.7772672750036573,157.88746376788518,168.46744302883937,0.0,0.0,0.0,(-0.00320254*x_1 + 0.0169381*x_2 + 0.117547*x_4 - 0.0134553*x_5 - 0.128893*(0.171658*x_2 - 0.314378*x_3 + 0.53165*x_5)*(0.166896*x_1 - 0.102636*x_2 + 0.394533*x_3 + 0.916655*x_5) + 2.66372*(-0.0275652*x_1 + 0.145792*x_2 + 1.01177*x_4 - 0.115814*x_5 - 1.62021*sin(0.586812436580658*x_2 + 0.0683481022715569*x_3 - 0.362829148769379*x_4))*(0.025238*x_1 - 0.133483*x_2 - 0.926347*x_4 + 0.106036*x_5 - 0.482074*(0.171658*x_2 - 0.314378*x_3 + 0.53165*x_5)*(0.166896*x_1 - 0.102636*x_2 + 0.394533*x_3 + 0.916655*x_5) - 0.110369*exp(-0.032691016793251*x_1 - 0.510363578796387*x_2 + 0.244821980595589*x_3) + 0.228203*sin(0.586812436580658*x_2 + 0.0683481022715569*x_3 - 0.362829148769379*x_4) + 1.07595) + 13.2747*exp(-0.0115325203191505*x_1 + 0.0609951997772253*x_2 + 0.423294820947772*x_4 - 0.0484532517100051*x_5 - 0.286606550216675*(0.171658083796501*x_2 - 0.314377814531326*x_3 + 0.531649947166443*x_5)*(0.166896060109138*x_1 - 0.102635830640793*x_2 + 0.394532710313797*x_3 + 0.916654884815216*x_5) + 0.0650552362203598*exp(-0.032691016793251*x_1 - 0.510363578796387*x_2 + 0.244821980595589*x_3) + 0.253833413124084*cos(0.627047538757324*x_1 - 0.1148926243186*x_2 + 0.505458533763885*x_3 + 0.080098956823349*x_4 + 0.501551270484924*x_5 - 0.328928589820862)) + 0.15019*log(Abs(0.0479174815118313*x_2 + 0.357007384300232*x_3 - 0.209519937634468*x_5) + 1.0e-12) + 15.7993*cos(0.0155082290832049*x_1 - 0.0820226199428657*x_2 - 0.569221026395365*x_4 + 0.065156974065518*x_5 + 0.38149619102478*exp(-0.032691016793251*x_1 - 0.510363578796387*x_2 + 0.244821980595589*x_3)) + 0.166586*cos(0.627047538757324*x_1 - 0.1148926243186*x_2 + 0.505458533763885*x_3 + 0.080098956823349*x_4 + 0.501551270484924*x_5 - 0.328928589820862) + 5.94936)/(0.0331722*x_1 - 0.175447*x_2 - 1.21757*x_4 + 0.139371*x_5 + 1.33508*(0.171658*x_2 - 0.314378*x_3 + 0.53165*x_5)*(0.166896*x_1 - 0.102636*x_2 + 0.394533*x_3 + 0.916655*x_5) - 1.14696*(-0.0275652*x_1 + 0.145792*x_2 + 1.01177*x_4 - 0.115814*x_5 - 1.62021*sin(0.586812436580658*x_2 + 0.0683481022715569*x_3 - 0.362829148769379*x_4))*(0.025238*x_1 - 0.133483*x_2 - 0.926347*x_4 + 0.106036*x_5 - 0.482074*(0.171658*x_2 - 0.314378*x_3 + 0.53165*x_5)*(0.166896*x_1 - 0.102636*x_2 + 0.394533*x_3 + 0.916655*x_5) - 0.110369*exp(-0.032691016793251*x_1 - 0.510363578796387*x_2 + 0.244821980595589*x_3) + 0.228203*sin(0.586812436580658*x_2 + 0.0683481022715569*x_3 - 0.362829148769379*x_4) + 1.07595) + 1.6448*exp(-0.0115325203191505*x_1 + 0.0609951997772253*x_2 + 0.423294820947772*x_4 - 0.0484532517100051*x_5 - 0.286606550216675*(0.171658083796501*x_2 - 0.314377814531326*x_3 + 0.531649947166443*x_5)*(0.166896060109138*x_1 - 0.102635830640793*x_2 + 0.394532710313797*x_3 + 0.916654884815216*x_5) + 0.0650552362203598*exp(-0.032691016793251*x_1 - 0.510363578796387*x_2 + 0.244821980595589*x_3) + 0.253833413124084*cos(0.627047538757324*x_1 - 0.1148926243186*x_2 + 0.505458533763885*x_3 + 0.080098956823349*x_4 + 0.501551270484924*x_5 - 0.328928589820862)) - 1.55568*log(Abs(0.0479174815118313*x_2 + 0.357007384300232*x_3 - 0.209519937634468*x_5) + 1.0e-12) + 1.16187*sin(0.00747856700080129*x_1 - 0.0395539462006202*x_2 - 0.274496692131844*x_4 + 0.0314207891503333*x_5 + 0.641736567020416*(0.171658083796501*x_2 - 0.314377814531326*x_3 + 0.531649947166443*x_5)*(0.166896060109138*x_1 - 0.102635830640793*x_2 + 0.394532710313797*x_3 + 0.916654884815216*x_5) + 0.160410568118095*log(Abs(0.0479174815118313*x_2 + 0.357007384300232*x_3 - 0.209519937634468*x_5) + 1.0e-12) - 1.01919507980347*cos(0.627047538757324*x_1 - 0.1148926243186*x_2 + 0.505458533763885*x_3 + 0.080098956823349*x_4 + 0.501551270484924*x_5 - 0.328928589820862) + 0.619823276996613) + 0.323202*cos(0.0155082290832049*x_1 - 0.0820226199428657*x_2 - 0.569221026395365*x_4 + 0.065156974065518*x_5 + 0.38149619102478*exp(-0.032691016793251*x_1 - 0.510363578796387*x_2 + 0.244821980595589*x_3)) - 1.72551*cos(0.627047538757324*x_1 - 0.1148926243186*x_2 + 0.505458533763885*x_3 + 0.080098956823349*x_4 + 0.501551270484924*x_5 - 0.328928589820862) + 0.772124),24.3*(2*x1 + 3*x2**2)/(4*x3**3 + 5*x4**4) + 0.81,"{'complexity': 9.0, 'out_op': 'reg_div', 'run_seed': 1630213520000}"
P10,eql_div,4,1.078499891981533,100.37931914674814,323.32498847102784,0.9839384024884473,199.86887891555008,216.20515457354082,0.0,0.0,0.0,(-0.65642*x_1 + 0.799093*x_2 + 1.08442*x_3 + 0.81447*x_4 - 1.94539*x_5 - 7.11803*(-0.1976*x_1 + 0.240549*x_2 + 0.32644*x_3 + 0.245178*x_4 - 0.585616*x_5 + 2.24905*exp(-0.239481538534164*x_1 + 0.107521414756775*x_2 + 0.280760109424591*x_3 - 0.243858501315117*x_4 - 0.109095886349678*x_5) - 2.30123*log(Abs(-0.179557681083679*x_1 + 0.0972399339079857*x_2 + 0.111305080354214*x_3 - 0.0460284948348999*x_4 + 0.325593709945679*x_5) + 1.0e-12) - 1.68697*cos(0.339496195316315*x_1 + 0.166087970137596*x_4 + 0.361178517341614*x_5 - 0.052968867123127) + 1.57011)*(0.288936*x_1 - 0.351736*x_2 - 0.477329*x_3 - 0.358505*x_4 + 0.856301*x_5 - 2.32216*exp(-0.239481538534164*x_1 + 0.107521414756775*x_2 + 0.280760109424591*x_3 - 0.243858501315117*x_4 - 0.109095886349678*x_5) + 2.48075*log(Abs(-0.179557681083679*x_1 + 0.0972399339079857*x_2 + 0.111305080354214*x_3 - 0.0460284948348999*x_4 + 0.325593709945679*x_5) + 1.0e-12) - 1.85316*sin(0.247400209307671*x_2 + 0.0410926528275013*x_3 + 0.176311954855919*x_4 + 0.323709428310394*x_5) + 1.60995*cos(0.339496195316315*x_1 + 0.166087970137596*x_4 + 0.361178517341614*x_5 - 0.052968867123127) - 1.51435) - 17.1132*exp(-0.239481538534164*x_1 + 0.107521414756775*x_2 + 0.280760109424591*x_3 - 0.243858501315117*x_4 - 0.109095886349678*x_5) - 5.78791*log(Abs(0.0176794891094956*x_1 - 0.0215221085443895*x_2 - 0.0292069050328325*x_3 - 0.021936276436928*x_4 + 0.0523955766390261*x_5 + 0.0357451774179935*(-0.298953115940094*x_1 - 0.259628385305405*x_2 + 0.133997395634651*x_3 - 0.0938742309808731*x_5 + 0.0265962146222591)*(0.0719827190041542*x_1 + 0.144559964537621*x_2 - 0.157601177692413*x_3 - 0.0995269268751144*x_4 - 0.187608540058136*x_5) + 0.164698185909638*exp(-0.239481538534164*x_1 + 0.107521414756775*x_2 + 0.280760109424591*x_3 - 0.243858501315117*x_4 - 0.109095886349678*x_5) + 0.0121589927002788*log(Abs(-0.179557681083679*x_1 + 0.0972399339079857*x_2 + 0.111305080354214*x_3 - 0.0460284948348999*x_4 + 0.325593709945679*x_5) + 1.0e-12) + 0.289763927459717*sin(0.247400209307671*x_2 + 0.0410926528275013*x_3 + 0.176311954855919*x_4 + 0.323709428310394*x_5) - 0.114000663161278*cos(0.339496195316315*x_1 + 0.166087970137596*x_4 + 0.361178517341614*x_5 - 0.052968867123127) - 0.00416371116558872) + 1.0e-12) + 8.15783*sin(0.247400209307671*x_2 + 0.0410926528275013*x_3 + 0.176311954855919*x_4 + 0.323709428310394*x_5) + 2.54086*cos(0.339496195316315*x_1 + 0.166087970137596*x_4 + 0.361178517341614*x_5 - 0.052968867123127) + 11.4547)/(0.170549*x_1 - 0.207618*x_2 - 0.281751*x_3 - 0.211613*x_4 + 0.505446*x_5 - 0.153467*(Abs(-0.179557681083679*x_1 + 0.0972399339079857*x_2 + 0.111305080354214*x_3 - 0.0460284948348999*x_4 + 0.325593709945679*x_5) + 1.0e-12)**0.290659*exp(0.0230821661893754*x_1 - 0.0280990521327089*x_2 - 0.0381322464506657*x_3 - 0.0286397856384493*x_4 + 0.0684071468400402*x_5 - 0.182269483804703*(-0.298953115940094*x_1 - 0.259628385305405*x_2 + 0.133997395634651*x_3 - 0.0938742309808731*x_5 + 0.0265962146222591)*(0.0719827190041542*x_1 + 0.144559964537621*x_2 - 0.157601177692413*x_3 - 0.0995269268751144*x_4 - 0.187608540058136*x_5) + 0.261255126524716*exp(-0.239481538534164*x_1 + 0.107521414756775*x_2 + 0.280760109424591*x_3 - 0.243858501315117*x_4 - 0.109095886349678*x_5) + 0.201275214552879*sin(0.247400209307671*x_2 + 0.0410926528275013*x_3 + 0.176311954855919*x_4 + 0.323709428310394*x_5) + 0.177228152751923*cos(0.339496195316315*x_1 + 0.166087970137596*x_4 + 0.361178517341614*x_5 - 0.052968867123127)) - 2.04483*(-0.1976*x_1 + 0.240549*x_2 + 0.32644*x_3 + 0.245178*x_4 - 0.585616*x_5 + 2.24905*exp(-0.239481538534164*x_1 + 0.107521414756775*x_2 + 0.280760109424591*x_3 - 0.243858501315117*x_4 - 0.109095886349678*x_5) - 2.30123*log(Abs(-0.179557681083679*x_1 + 0.0972399339079857*x_2 + 0.111305080354214*x_3 - 0.0460284948348999*x_4 + 0.325593709945679*x_5) + 1.0e-12) - 1.68697*cos(0.339496195316315*x_1 + 0.166087970137596*x_4 + 0.361178517341614*x_5 - 0.052968867123127) + 1.57011)*(0.288936*x_1 - 0.351736*x_2 - 0.477329*x_3 - 0.358505*x_4 + 0.856301*x_5 - 2.32216*exp(-0.239481538534164*x_1 + 0.107521414756775*x_2 + 0.280760109424591*x_3 - 0.243858501315117*x_4 - 0.109095886349678*x_5) + 2.48075*log(Abs(-0.179557681083679*x_1 + 0.0972399339079857*x_2 + 0.111305080354214*x_3 - 0.0460284948348999*x_4 + 0.325593709945679*x_5) + 1.0e-12) - 1.85316*sin(0.247400209307671*x_2 + 0.0410926528275013*x_3 + 0.176311954855919*x_4 + 0.323709428310394*x_5) + 1.60995*cos(0.339496195316315*x_1 + 0.166087970137596*x_4 + 0.361178517341614*x_5 - 0.052968867123127) - 1.51435) + 4.4463*exp(-0.239481538534164*x_1 + 0.107521414756775*x_2 + 0.280760109424591*x_3 - 0.243858501315117*x_4 - 0.109095886349678*x_5) + 2.04663*sin(0.522487370099744*exp(-0.239481538534164*x_1 + 0.107521414756775*x_2 + 0.280760109424591*x_3 - 0.243858501315117*x_4 - 0.109095886349678*x_5) + 1.33944284915924*log(Abs(-0.179557681083679*x_1 + 0.0972399339079857*x_2 + 0.111305080354214*x_3 - 0.0460284948348999*x_4 + 0.325593709945679*x_5) + 1.0e-12)) - 2.11954*sin(0.247400209307671*x_2 + 0.0410926528275013*x_3 + 0.176311954855919*x_4 + 0.323709428310394*x_5) - 0.660159*cos(0.339496195316315*x_1 + 0.166087970137596*x_4 + 0.361178517341614*x_5 - 0.052968867123127) + 0.873718),24.3*(2*x1 + 3*x2**2)/(4*x3**3 + 5*x4**4) + 0.81,"{'complexity': 9.0, 'out_op': 'reg_div', 'run_seed': 1630214520000}"
P11,eql_div,0,726911082222682.4,4.23951808624108e+16,48478778.33782565,0.9305953564078939,61.49341189334974,421.8446486350762,0.0,0.0,0.0,0.696181*(-0.220693*x_1 - 0.294365*x_2 - 0.250094*x_3 + 0.34962*x_4)*(-0.454962*x_1 + 0.163212*x_2 - 0.150247*x_3 + 0.474783*x_4 + 0.0742945*x_5) - 0.853705*(-0.161988*x_1 + 0.151198*x_2 - 0.116045*x_4 + 0.233956*(-0.220693*x_1 - 0.294365*x_2 - 0.250094*x_3 + 0.34962*x_4)*(-0.454962*x_1 + 0.163212*x_2 - 0.150247*x_3 + 0.474783*x_4 + 0.0742945*x_5) + 0.0909706*exp(-0.0953752025961876*x_1 - 0.152624800801277*x_2 - 0.234054937958717*x_3 - 0.0333793088793755*x_4 - 0.225199341773987*x_5) + 2.10527*cos(0.369747787714005*x_1 + 0.204393744468689*x_2 - 0.152437686920166*x_3 - 0.12986133992672*x_4 + 0.0257071144878864) + 1.12067)*(-0.0915275*x_1 + 0.0854307*x_2 - 0.0655685*x_4 + 0.251286*(-0.220693*x_1 - 0.294365*x_2 - 0.250094*x_3 + 0.34962*x_4)*(-0.454962*x_1 + 0.163212*x_2 - 0.150247*x_3 + 0.474783*x_4 + 0.0742945*x_5) + 0.122018*exp(-0.0953752025961876*x_1 - 0.152624800801277*x_2 - 0.234054937958717*x_3 - 0.0333793088793755*x_4 - 0.225199341773987*x_5) - 0.782136*sin(-0.166644364595413*x_1 + 0.414413273334503*x_2 - 0.299835056066513*x_3 + 0.193800315260887*x_4 + 0.315068423748016*x_5) - 1.18817) + 0.613685*exp(-0.0953752025961876*x_1 - 0.152624800801277*x_2 - 0.234054937958717*x_3 - 0.0333793088793755*x_4 - 0.225199341773987*x_5) + 0.120566*exp(-0.187551045155413*x_1 + 0.175057871132717*x_2 - 0.13435777773771*x_4 + 0.296867668628693*(-0.220692843198776*x_1 - 0.294365137815475*x_2 - 0.25009360909462*x_3 + 0.349619925022125*x_4)*(-0.454962193965912*x_1 + 0.163211897015572*x_2 - 0.1502465903759*x_3 + 0.474783331155777*x_4 + 0.0742945149540901*x_5) - 0.887200791329505*exp(-0.0953752025961876*x_1 - 0.152624800801277*x_2 - 0.234054937958717*x_3 - 0.0333793088793755*x_4 - 0.225199341773987*x_5) + 1.73374330997467*cos(0.369747787714005*x_1 + 0.204393744468689*x_2 - 0.152437686920166*x_3 - 0.12986133992672*x_4 + 0.0257071144878864)) - 1.05675*log(Abs(-0.0982485762532868*x_1 + 0.0917040296228091*x_2 - 0.0703832941071969*x_4 + 0.196385204792023*(0.220692843198776*x_1 + 0.294365137815475*x_2 + 0.25009360909462*x_3 - 0.349619925022125*x_4)*(-0.454962193965912*x_1 + 0.163211897015572*x_2 - 0.1502465903759*x_3 + 0.474783331155777*x_4 + 0.0742945149540901*x_5) - 0.105231781115876*exp(-0.0953752025961876*x_1 - 0.152624800801277*x_2 - 0.234054937958717*x_3 - 0.0333793088793755*x_4 - 0.225199341773987*x_5) + 0.140327677130699*log(Abs(0.0778163373470306*x_1 + 0.37091127038002*x_2 + 0.294493407011032*x_4) + 1.0e-12) + 0.38044661283493*cos(0.369747787714005*x_1 + 0.204393744468689*x_2 - 0.152437686920166*x_3 - 0.12986133992672*x_4 + 0.0257071144878864)) + 1.0e-12) + 2.72075*sin(0.350062519311905*(-0.220692843198776*x_1 - 0.294365137815475*x_2 - 0.25009360909462*x_3 + 0.349619925022125*x_4)*(-0.454962193965912*x_1 + 0.163211897015572*x_2 - 0.1502465903759*x_3 + 0.474783331155777*x_4 + 0.0742945149540901*x_5) + 0.122995182871819*log(Abs(0.0778163373470306*x_1 + 0.37091127038002*x_2 + 0.294493407011032*x_4) + 1.0e-12) + 2.56529927253723*sin(-0.166644364595413*x_1 + 0.414413273334503*x_2 - 0.299835056066513*x_3 + 0.193800315260887*x_4 + 0.315068423748016*x_5) + 1.61194980144501*cos(0.369747787714005*x_1 + 0.204393744468689*x_2 - 0.152437686920166*x_3 - 0.12986133992672*x_4 + 0.0257071144878864) + 1.31855666637421) + 2.37909*cos(0.0967958190322094*x_1 - 0.0903480436501169*x_2 + 0.0693425681989268*x_4 + 0.40505912899971*(-0.220692843198776*x_1 - 0.294365137815475*x_2 - 0.25009360909462*x_3 + 0.349619925022125*x_4)*(-0.454962193965912*x_1 + 0.163211897015572*x_2 - 0.1502465903759*x_3 + 0.474783331155777*x_4 + 0.0742945149540901*x_5) + 0.265234387492256*exp(-0.0953752025961876*x_1 - 0.152624800801277*x_2 - 0.234054937958717*x_3 - 0.0333793088793755*x_4 - 0.225199341773987*x_5) + 0.616957664489746*log(Abs(0.0778163373470306*x_1 + 0.37091127038002*x_2 + 0.294493407011032*x_4) + 1.0e-12) - 0.815820753574371*sin(-0.166644364595413*x_1 + 0.414413273334503*x_2 - 0.299835056066513*x_3 + 0.193800315260887*x_4 + 0.315068423748016*x_5) + 2.16768741607666*cos(0.369747787714005*x_1 + 0.204393744468689*x_2 - 0.152437686920166*x_3 - 0.12986133992672*x_4 + 0.0257071144878864) - 0.487408071756363) + 3.34769,11.0*cos(7.23*x0**3) + 6.87,"{'complexity': 10.0, 'out_op': 'id', 'run_seed': 1630210521000}"
P11,eql_div,1,277797.6718669516,16201820.043717813,6602.482242866702,0.8957977609785368,59.193999099269895,414.30938079620336,0.0,0.0,0.0,-0.733656*(0.0971669*exp(-0.314737886190414*x_1 + 0.280272394418716*x_2 - 0.161917388439178*x_3 + 0.181117922067642*x_5) - 1.12215*sin(0.150410860776901*x_1 - 0.218642592430115*x_2 + 0.32562193274498*x_3 + 0.43131411075592*x_4 + 0.57468056678772*x_5 - 0.933565318584442) - 0.133709*cos(0.166053265333176*x_1 - 0.242564961314201*x_2 + 0.0616840273141861*x_5) - 0.591272)*(-0.264967*x_2 + 0.16367*x_3 + 0.194331*x_4 + 0.166966*exp(-0.314737886190414*x_1 + 0.280272394418716*x_2 - 0.161917388439178*x_3 + 0.181117922067642*x_5) + 0.112344*log(Abs(-0.130940422415733*x_1 + 0.0254999585449696*x_2 - 0.40334478020668*x_3 + 0.324453860521317*x_4 + 0.176051795482635*x_5) + 1.0e-12) + 0.683339*cos(0.166053265333176*x_1 - 0.242564961314201*x_2 + 0.0616840273141861*x_5) + 0.646024) - 0.4018*(-0.217576*x_1 - 0.214139*x_2 + 0.224659*x_3 + 0.153182*x_4 + 0.186883*x_5 - 0.465918)*(0.184449*x_1 + 0.284161*x_2 - 0.380943*x_3 - 0.445171*x_4 - 0.49052*x_5 + 0.248844) + 0.286344*exp(-0.314737886190414*x_1 + 0.280272394418716*x_2 - 0.161917388439178*x_3 + 0.181117922067642*x_5) + 1.08173*exp(0.348409533941275*x_2 - 0.215212372847272*x_3 - 0.255529787134357*x_4 + 0.929576098918915*(-0.217575922608376*x_1 - 0.214138835668564*x_2 + 0.22465868294239*x_3 + 0.153182476758957*x_4 + 0.186883017420769*x_5 - 0.465917855501175)*(0.184448748826981*x_1 + 0.284161418676376*x_2 - 0.380943477153778*x_3 - 0.445171028375626*x_4 - 0.49052020907402*x_5 + 0.248843654990196)) - 0.29227*log(Abs(-0.106344108149639*x_2 + 0.0656886956975988*x_3 + 0.0779946719915259*x_4 - 0.125496312975883*(-0.217575922608376*x_1 - 0.214138835668564*x_2 + 0.22465868294239*x_3 + 0.153182476758957*x_4 + 0.186883017420769*x_5 - 0.465917855501175)*(0.184448748826981*x_1 + 0.284161418676376*x_2 - 0.380943477153778*x_3 - 0.445171028375626*x_4 - 0.49052020907402*x_5 + 0.248843654990196) + 0.104055968738724*exp(-0.314737886190414*x_1 + 0.280272394418716*x_2 - 0.161917388439178*x_3 + 0.181117922067642*x_5) + 0.218770891427994*cos(0.166053265333176*x_1 - 0.242564961314201*x_2 + 0.0616840273141861*x_5) + 0.0282530731501573) + 1.0e-12) + 4.73408*sin(-0.129359442259719*x_2 + 0.0799052546122523*x_3 + 0.0948745298973837*x_4 - 0.331471562385559*(-0.217575922608376*x_1 - 0.214138835668564*x_2 + 0.22465868294239*x_3 + 0.153182476758957*x_4 + 0.186883017420769*x_5 - 0.465917855501175)*(0.184448748826981*x_1 + 0.284161418676376*x_2 - 0.380943477153778*x_3 - 0.445171028375626*x_4 - 0.49052020907402*x_5 + 0.248843654990196) + 0.282692920659395*exp(-0.314737886190414*x_1 + 0.280272394418716*x_2 - 0.161917388439178*x_3 + 0.181117922067642*x_5) + 0.0871294885873795*log(Abs(-0.130940422415733*x_1 + 0.0254999585449696*x_2 - 0.40334478020668*x_3 + 0.324453860521317*x_4 + 0.176051795482635*x_5) + 1.0e-12) - 1.283322930336*sin(0.150410860776901*x_1 - 0.218642592430115*x_2 + 0.32562193274498*x_3 + 0.43131411075592*x_4 + 0.57468056678772*x_5 - 0.933565318584442) + 0.778270615838729) + 0.666512*cos(0.166053265333176*x_1 - 0.242564961314201*x_2 + 0.0616840273141861*x_5) + 2.39616*cos(0.144966359217027*x_2 - 0.0895456384249949*x_3 - 0.106320922086516*x_4 + 0.348779559135437*(-0.217575922608376*x_1 - 0.214138835668564*x_2 + 0.22465868294239*x_3 + 0.153182476758957*x_4 + 0.186883017420769*x_5 - 0.465917855501175)*(0.184448748826981*x_1 + 0.284161418676376*x_2 - 0.380943477153778*x_3 - 0.445171028375626*x_4 - 0.49052020907402*x_5 + 0.248843654990196) - 0.499225044367363*exp(-0.314737886190414*x_1 + 0.280272394418716*x_2 - 0.161917388439178*x_3 + 0.181117922067642*x_5) + 2.62124800682068*sin(0.150410860776901*x_1 - 0.218642592430115*x_2 + 0.32562193274498*x_3 + 0.43131411075592*x_4 + 0.57468056678772*x_5 - 0.933565318584442) + 2.42498707771301*cos(0.166053265333176*x_1 - 0.242564961314201*x_2 + 0.0616840273141861*x_5) + 1.63614243352706) + 2.08868,11.0*cos(7.23*x0**3) + 6.87,"{'complexity': 10.0, 'out_op': 'id', 'run_seed': 1630211521000}"
P11,eql_div,2,5.227613922465484e+37,3.048868605003439e+39,3.9044303829743606e+20,21.05995573796303,1391.6344238479476,695.6006490254829,0.0,0.0,0.0,1.14984*x_1 + 1.6842*x_2 - 1.32276*x_3 + 2.91134*x_5 - 0.0614915*(Abs(0.230386972427368*x_1 + 0.11676798760891*x_3 + 0.0307374969124794*x_4 - 0.235172048211098*x_5) + 1.0e-12)**0.0310277*exp(0.0431266181117245*x_1 + 0.0631685673248255*x_2 - 0.0496121145994066*x_3 + 0.109194668791494*x_5 - 0.193135321140289*(-0.0919826626777649*x_2 - 0.187660366296768*x_4 - 0.0872174873948097*x_5)*(-0.282474309206009*x_1 - 0.172025546431541*x_2 - 0.0896927192807198*x_3 - 0.406182020902634*x_4 - 0.32636684179306*x_5) + 0.333016296928172*exp(0.0667761713266373*x_1 - 0.340222835540771*x_2 + 0.0596058331429958*x_3 - 0.333884030580521*x_5) - 0.192033231258392*sin(0.0230965465307236*x_1 - 0.268855065107346*x_2 + 0.158773109316826*x_3 + 0.292455911636353*x_4 + 0.218981936573982*x_5) + 0.170026525855064*cos(0.0627159103751183*x_1 + 0.34775584936142*x_2 + 0.271773278713226*x_3 + 0.189446344971657*x_4 + 0.249125003814697*x_5 - 0.0932309404015541)) - 2.56371*(-0.0919827*x_2 - 0.18766*x_4 - 0.0872175*x_5)*(-0.282474*x_1 - 0.172026*x_2 - 0.0896927*x_3 - 0.406182*x_4 - 0.326367*x_5) + 0.298915*(-1.412*exp(0.0667761713266373*x_1 - 0.340222835540771*x_2 + 0.0596058331429958*x_3 - 0.333884030580521*x_5) - 1.05628*log(Abs(0.230386972427368*x_1 + 0.11676798760891*x_3 + 0.0307374969124794*x_4 - 0.235172048211098*x_5) + 1.0e-12) - 2.73972*cos(0.0627159103751183*x_1 + 0.34775584936142*x_2 + 0.271773278713226*x_3 + 0.189446344971657*x_4 + 0.249125003814697*x_5 - 0.0932309404015541))*(-1.25367*exp(0.0667761713266373*x_1 - 0.340222835540771*x_2 + 0.0596058331429958*x_3 - 0.333884030580521*x_5) - 1.91738*log(Abs(0.230386972427368*x_1 + 0.11676798760891*x_3 + 0.0307374969124794*x_4 - 0.235172048211098*x_5) + 1.0e-12) - 3.03866*cos(0.0627159103751183*x_1 + 0.34775584936142*x_2 + 0.271773278713226*x_3 + 0.189446344971657*x_4 + 0.249125003814697*x_5 - 0.0932309404015541)) + 3.22949*log(Abs(0.322881877422333*(-0.0919826626777649*x_2 - 0.187660366296768*x_4 - 0.0872174873948097*x_5)*(-0.282474309206009*x_1 - 0.172025546431541*x_2 - 0.0896927192807198*x_3 - 0.406182020902634*x_4 - 0.32636684179306*x_5) + 0.406665414571762*log(Abs(0.230386972427368*x_1 + 0.11676798760891*x_3 + 0.0307374969124794*x_4 - 0.235172048211098*x_5) + 1.0e-12) - 0.426777511835098*sin(0.0230965465307236*x_1 - 0.268855065107346*x_2 + 0.158773109316826*x_3 + 0.292455911636353*x_4 + 0.218981936573982*x_5)) + 1.0e-12) - 7.7887*sin(0.0230965465307236*x_1 - 0.268855065107346*x_2 + 0.158773109316826*x_3 + 0.292455911636353*x_4 + 0.218981936573982*x_5) - 11.2378*sin(0.240069851279259*(-0.0919826626777649*x_2 - 0.187660366296768*x_4 - 0.0872174873948097*x_5)*(-0.282474309206009*x_1 - 0.172025546431541*x_2 - 0.0896927192807198*x_3 - 0.406182020902634*x_4 - 0.32636684179306*x_5) - 0.601284137798006*exp(0.0667761713266373*x_1 - 0.340222835540771*x_2 + 0.0596058331429958*x_3 - 0.333884030580521*x_5) + 0.498131722211838*log(Abs(0.230386972427368*x_1 + 0.11676798760891*x_3 + 0.0307374969124794*x_4 - 0.235172048211098*x_5) + 1.0e-12) - 0.768692135810852*sin(0.0230965465307236*x_1 - 0.268855065107346*x_2 + 0.158773109316826*x_3 + 0.292455911636353*x_4 + 0.218981936573982*x_5) + 0.597410678863525*cos(0.0627159103751183*x_1 + 0.34775584936142*x_2 + 0.271773278713226*x_3 + 0.189446344971657*x_4 + 0.249125003814697*x_5 - 0.0932309404015541) - 0.0514433272182941) + 15.1163*cos(0.177400473168257*exp(0.0667761713266373*x_1 - 0.340222835540771*x_2 + 0.0596058331429958*x_3 - 0.333884030580521*x_5) - 0.172771617770195*sin(0.0230965465307236*x_1 - 0.268855065107346*x_2 + 0.158773109316826*x_3 + 0.292455911636353*x_4 + 0.218981936573982*x_5) + 0.46105569601059*cos(0.0627159103751183*x_1 + 0.34775584936142*x_2 + 0.271773278713226*x_3 + 0.189446344971657*x_4 + 0.249125003814697*x_5 - 0.0932309404015541)) - 0.130832*cos(0.0627159103751183*x_1 + 0.34775584936142*x_2 + 0.271773278713226*x_3 + 0.189446344971657*x_4 + 0.249125003814697*x_5 - 0.0932309404015541) - 8.86902,11.0*cos(7.23*x0**3) + 6.87,"{'complexity': 10.0, 'out_op': 'id', 'run_seed': 1630212521000}"
P11,eql_div,3,3.6366778907633315e+37,2.120996923665159e+39,1.2326016099508738e+20,0.9278984964407044,61.31520434090588,429.6275240587229,0.0,0.0,0.0,0.12394*x_1 + 0.0742284*x_2 - 0.126149*x_3 - 0.290519*(-0.368834*exp(0.213625818490982*x_1 + 0.19622278213501*x_2 - 0.194712430238724*x_3 + 0.275603085756302*x_4 + 0.0311560463160276*x_5) - 2.51732*sin(0.286618053913116*x_1 - 0.128672122955322*x_2 + 0.280672192573547*x_3 + 0.224683657288551*x_4 + 0.0168619677424431))*(-0.178585*x_1 - 0.106956*x_2 + 0.181768*x_3 + 0.315899*exp(0.213625818490982*x_1 + 0.19622278213501*x_2 - 0.194712430238724*x_3 + 0.275603085756302*x_4 + 0.0311560463160276*x_5) + 0.5461*log(Abs(0.263063281774521*x_2 + 0.229726225137711*x_3 - 0.0974185690283775*x_4 + 0.195997700095177*x_5 - 0.168411493301392) + 1.0e-12) + 0.668364*sin(0.286618053913116*x_1 - 0.128672122955322*x_2 + 0.280672192573547*x_3 + 0.224683657288551*x_4 + 0.0168619677424431) - 1.25047*cos(0.30333936214447*x_1 + 0.070734515786171*x_2 - 0.468371480703354*x_3 + 0.0514161549508572*x_5 + 0.0518273301422596) - 0.181272) - 0.0503352*(Abs(0.263063281774521*x_2 + 0.229726225137711*x_3 - 0.0974185690283775*x_4 + 0.195997700095177*x_5 - 0.168411493301392) + 1.0e-12)**0.25202*exp(-0.306360010150069*x_1 - 0.183480779295742*x_2 + 0.311820255715563*x_3 + 0.21735967695713*(-0.0343148112297058*x_2 + 0.24699093401432*x_3 + 0.0517367161810398*x_4 - 0.241478428244591*x_5 - 0.110906630754471)*(0.233646377921104*x_1 + 0.280638515949249*x_2 - 0.261259257793427*x_3 + 0.130967751145363*x_4 - 0.427846282720566*x_5 + 0.0597612746059895) + 0.275664501314511*exp(0.213625818490982*x_1 + 0.19622278213501*x_2 - 0.194712430238724*x_3 + 0.275603085756302*x_4 + 0.0311560463160276*x_5) - 0.190062507987022*sin(0.286618053913116*x_1 - 0.128672122955322*x_2 + 0.280672192573547*x_3 + 0.224683657288551*x_4 + 0.0168619677424431) + 0.25116816163063*cos(0.30333936214447*x_1 + 0.070734515786171*x_2 - 0.468371480703354*x_3 + 0.0514161549508572*x_5 + 0.0518273301422596)) - 0.352155*exp(0.213625818490982*x_1 + 0.19622278213501*x_2 - 0.194712430238724*x_3 + 0.275603085756302*x_4 + 0.0311560463160276*x_5) - 0.679766*log(Abs(0.263063281774521*x_2 + 0.229726225137711*x_3 - 0.0974185690283775*x_4 + 0.195997700095177*x_5 - 0.168411493301392) + 1.0e-12) + 3.6715*sin(-0.0985326873213561*exp(0.213625818490982*x_1 + 0.19622278213501*x_2 - 0.194712430238724*x_3 + 0.275603085756302*x_4 + 0.0311560463160276*x_5) + 2.00788927078247*cos(0.30333936214447*x_1 + 0.070734515786171*x_2 - 0.468371480703354*x_3 + 0.0514161549508572*x_5 + 0.0518273301422596) + 2.7427396774292) - 0.418529*sin(0.286618053913116*x_1 - 0.128672122955322*x_2 + 0.280672192573547*x_3 + 0.224683657288551*x_4 + 0.0168619677424431) + 3.7911*cos(0.30333936214447*x_1 + 0.070734515786171*x_2 - 0.468371480703354*x_3 + 0.0514161549508572*x_5 + 0.0518273301422596) + 3.47235*cos(0.648027658462524*(-0.0343148112297058*x_2 + 0.24699093401432*x_3 + 0.0517367161810398*x_4 - 0.241478428244591*x_5 - 0.110906630754471)*(0.233646377921104*x_1 + 0.280638515949249*x_2 - 0.261259257793427*x_3 + 0.130967751145363*x_4 - 0.427846282720566*x_5 + 0.0597612746059895) + 0.113168860997915*exp(0.213625818490982*x_1 + 0.19622278213501*x_2 - 0.194712430238724*x_3 + 0.275603085756302*x_4 + 0.0311560463160276*x_5) + 0.478847533464432*log(Abs(0.263063281774521*x_2 + 0.229726225137711*x_3 - 0.0974185690283775*x_4 + 0.195997700095177*x_5 - 0.168411493301392) + 1.0e-12) + 0.967347621917725*sin(0.286618053913116*x_1 - 0.128672122955322*x_2 + 0.280672192573547*x_3 + 0.224683657288551*x_4 + 0.0168619677424431) - 0.98757404088974*cos(0.30333936214447*x_1 + 0.070734515786171*x_2 - 0.468371480703354*x_3 + 0.0514161549508572*x_5 + 0.0518273301422596)) + 5.64233,11.0*cos(7.23*x0**3) + 6.87,"{'complexity': 8.0, 'out_op': 'id', 'run_seed': 1630213521000}"
P11,eql_div,4,1.1767540189573338,68.63108939228144,375.3483298955346,0.8746366252192326,57.795678735410675,422.6835265790644,0.0,0.0,0.0,0.0279298*x_3 + 0.150241*x_4 - 1.10224*(0.00874099*x_3 + 0.0470199*x_4 + 0.501577*log(Abs(0.289871335029602*x_1 + 0.159323066473007*x_3 + 0.424143522977829*x_4 - 0.072868824005127*x_5) + 1.0e-12) - 2.314*cos(0.729492008686066*x_1))*(-0.131643*sin(-0.440182656049728*x_2 + 0.0690414756536484*x_3 + 0.564762473106384*x_4) + 1.67903*cos(0.729492008686066*x_1) + 0.689937 + 0.0777664*exp(-0.124562181532383*x_4)) - 0.152198*(-0.14352*x_1 - 0.112929*x_2 - 0.194537*x_3 + 0.353593*x_4 - 0.274486*x_5 + 0.649719)*(0.25101*x_1 - 0.0637146*x_2 + 0.337613*x_3 - 0.245745*x_4 - 0.340386*x_5 + 0.436133) + 0.178299*sin(-0.440182656049728*x_2 + 0.0690414756536484*x_3 + 0.564762473106384*x_4) - 2.54792*sin(0.0239031617201224*x_3 + 0.128580942088847*x_4 + 1.13860547542572*(-0.143519818782806*x_1 - 0.112928584218025*x_2 - 0.194537371397018*x_3 + 0.353593081235886*x_4 - 0.274486392736435*x_5 + 0.649718582630157)*(0.251009672880173*x_1 - 0.0637146309018135*x_2 + 0.33761277794838*x_3 - 0.245745331048965*x_4 - 0.340385675430298*x_5 + 0.436133205890656) + 0.872312843799591*log(Abs(0.289871335029602*x_1 + 0.159323066473007*x_3 + 0.424143522977829*x_4 - 0.072868824005127*x_5) + 1.0e-12) - 0.719695925712585*sin(-0.440182656049728*x_2 + 0.0690414756536484*x_3 + 0.564762473106384*x_4) - 0.194944113492966*cos(0.729492008686066*x_1) - 1.10392642021179 - 1.19915866851807*exp(-0.124562181532383*x_4)) + 2.30096*cos(1.30303394794464*sin(-0.440182656049728*x_2 + 0.0690414756536484*x_3 + 0.564762473106384*x_4) - 0.328789591789246*cos(0.729492008686066*x_1)) + 2.35408 + 1.07059*exp(-0.124562181532383*x_4),11.0*cos(7.23*x0**3) + 6.87,"{'complexity': 8.0, 'out_op': 'id', 'run_seed': 1630214521000}"
P12,eql_div,0,450.0522029694257,473.48176854208486,462.9542390216999,0.9391249184088285,0.9879665508285319,488.00400200797486,0.0,0.0,0.0,-0.109213*x_1 + 0.0219197*x_3 - 0.0995037*x_4 - 0.0331437*x_5 - 0.270775*(-0.0175476*(-0.353532*x_1 - 0.252413*x_3 + 0.186367*x_4)*(-0.363573*x_1 + 0.0635461*x_2 + 0.179556*x_4 - 0.364103*x_5) + 0.0531183*exp(-0.270432442426682*x_1 + 0.282406210899353*x_3 + 0.403590828180313*x_4 - 0.109887555241585*x_5) - 0.35065*cos(0.137070968747139*x_1 + 0.226778656244278*x_4))*(0.421399*(-0.353532*x_1 - 0.252413*x_3 + 0.186367*x_4)*(-0.363573*x_1 + 0.0635461*x_2 + 0.179556*x_4 - 0.364103*x_5) - 0.44973*log(Abs(0.139086022973061*x_1 + 0.153900668025017*x_2 + 0.359326839447021*x_3 + 0.285542279481888*x_4 + 0.492604434490204*x_5) + 1.0e-12) + 0.468606*sin(-0.0384146682918072*x_1 + 0.829021275043488*x_2 + 0.034305714070797*x_5)) + 0.0406975*exp(-0.270432442426682*x_1 + 0.282406210899353*x_3 + 0.403590828180313*x_4 - 0.109887555241585*x_5) + 0.753127*exp(0.115940577547439*x_1 - 0.0232699705405024*x_3 + 0.105632987740893*x_4 + 0.0351852724697101*x_5 - 0.249927252531052*(-0.353531718254089*x_1 - 0.252413064241409*x_3 + 0.186366841197014*x_4)*(-0.363572627305984*x_1 + 0.0635460540652275*x_2 + 0.179556399583817*x_4 - 0.364102602005005*x_5) + 0.572621703147888*cos(0.137070968747139*x_1 + 0.226778656244278*x_4)) + 1.256*sin(0.170973166823387*(-0.353531718254089*x_1 - 0.252413064241409*x_3 + 0.186366841197014*x_4)*(-0.363572627305984*x_1 + 0.0635460540652275*x_2 + 0.179556399583817*x_4 - 0.364102602005005*x_5) - 0.021616486806673*exp(-0.270432442426682*x_1 + 0.282406210899353*x_3 + 0.403590828180313*x_4 - 0.109887555241585*x_5) + 0.0791049748659134*sin(-0.0384146682918072*x_1 + 0.829021275043488*x_2 + 0.034305714070797*x_5)) + 0.273437*cos(0.138472791795047*exp(-0.270432442426682*x_1 + 0.282406210899353*x_3 + 0.403590828180313*x_4 - 0.109887555241585*x_5)) + 0.388133,-2.1*sin(1.3*x4)*cos(9.8*x0) + 2.0,"{'complexity': 9.0, 'out_op': 'id', 'run_seed': 1630210522000}"
P12,eql_div,1,2.2072817084044072e+39,2.3221920481009458e+39,3.865564155345084e+20,1.6675524505091197,1.754277850114464,538.7852930354219,0.0,0.0,0.0,0.0813027*(Abs(0.116842240095139*x_1 + 0.322281092405319*x_3 - 0.113946683704853*x_4 + 0.0862508788704872*x_5 + 0.0525504611432552) + 1.0e-12)**0.238693*exp(-0.0416327819320517*x_1 - 0.0475664660595609*x_3 - 0.0738435141818083*x_4 + 0.0349897084379569*x_5 - 0.11334490776062*(-0.331345438957214*x_3 + 0.428532958030701*x_5 - 0.113334231078625)*(-0.0814672186970711*x_3 - 0.386175692081451*x_4 + 0.482393831014633*x_5) + 0.154115135206327*exp(-0.303047478199005*x_1 + 0.145757153630257*x_2 + 0.0599385686218739*x_3 + 0.264532715082169*x_4 - 0.259295344352722*x_5) + 0.362203478813171*sin(-0.373856872320175*x_1 + 0.168028369545937*x_2 - 0.0704381838440895*x_3 + 0.540073692798615*x_4 + 0.0749275907874107*x_5 + 0.169785112142563) + 0.590926945209503*cos(0.0854064747691154*x_1 - 0.162451937794685*x_2 + 0.0329077430069447*x_3 - 0.285333126783371*x_4 + 0.10601606965065*x_5 - 0.0601827949285507)) + 0.0343979*(-0.331345*x_3 + 0.428533*x_5 - 0.113334)*(-0.0814672*x_3 - 0.386176*x_4 + 0.482394*x_5) - 0.142174*(-0.152314*x_1 - 0.174022*x_3 - 0.270157*x_4 + 0.12801*x_5 + 0.64315*exp(-0.303047478199005*x_1 + 0.145757153630257*x_2 + 0.0599385686218739*x_3 + 0.264532715082169*x_4 - 0.259295344352722*x_5) - 0.35884*cos(0.0854064747691154*x_1 - 0.162451937794685*x_2 + 0.0329077430069447*x_3 - 0.285333126783371*x_4 + 0.10601606965065*x_5 - 0.0601827949285507) - 0.076036)*(-0.219034*x_1 - 0.250252*x_3 - 0.388498*x_4 + 0.184085*x_5 + 0.137159*exp(-0.303047478199005*x_1 + 0.145757153630257*x_2 + 0.0599385686218739*x_3 + 0.264532715082169*x_4 - 0.259295344352722*x_5) + 0.235763*log(Abs(0.116842240095139*x_1 + 0.322281092405319*x_3 - 0.113946683704853*x_4 + 0.0862508788704872*x_5 + 0.0525504611432552) + 1.0e-12) - 1.93847*cos(0.0854064747691154*x_1 - 0.162451937794685*x_2 + 0.0329077430069447*x_3 - 0.285333126783371*x_4 + 0.10601606965065*x_5 - 0.0601827949285507) - 0.109343) + 3.31674*sin(0.0718381553888321*log(Abs(0.116842240095139*x_1 + 0.322281092405319*x_3 - 0.113946683704853*x_4 + 0.0862508788704872*x_5 + 0.0525504611432552) + 1.0e-12) + 0.881924211978912) - 3.66006*cos(0.254757910966873*cos(0.0854064747691154*x_1 - 0.162451937794685*x_2 + 0.0329077430069447*x_3 - 0.285333126783371*x_4 + 0.10601606965065*x_5 - 0.0601827949285507) + 4.71918869018555) + 0.0712996*cos(0.0854064747691154*x_1 - 0.162451937794685*x_2 + 0.0329077430069447*x_3 - 0.285333126783371*x_4 + 0.10601606965065*x_5 - 0.0601827949285507),-2.1*sin(1.3*x4)*cos(9.8*x0) + 2.0,"{'complexity': 8.0, 'out_op': 'id', 'run_seed': 1630211522000}"
P12,eql_div,2,123727622.32856469,130168840.52807488,91926.012183341,0.933238327992024,0.9817738129762722,487.46707688610513,0.0,0.0,0.0,0.2744*(-0.44644*(0.230485*x_1 - 0.239901*x_4 + 0.294823*x_5)*(0.310789*x_2 + 0.223356*x_3 - 0.213768*x_5) + 0.0654747*exp(-0.0475606769323349*x_1 - 0.0174811389297247*x_2 - 0.400827765464783*x_4))*(-0.332761*(0.230485*x_1 - 0.239901*x_4 + 0.294823*x_5)*(0.310789*x_2 + 0.223356*x_3 - 0.213768*x_5) - 0.247495*exp(-0.0475606769323349*x_1 - 0.0174811389297247*x_2 - 0.400827765464783*x_4)) + 0.859149*exp(-0.0320207170296882*x_2 - 0.0488149788678216*x_5 + 0.311834007501602*(0.230484768748283*x_1 - 0.239900797605515*x_4 + 0.294822931289673*x_5)*(0.310789078474045*x_2 + 0.223356023430824*x_3 - 0.21376770734787*x_5) + 0.157046914100647*exp(-0.0475606769323349*x_1 - 0.0174811389297247*x_2 - 0.400827765464783*x_4) + 0.363425552845001*sin(-0.755698502063751*x_1 + 0.493811637163162*x_2 + 0.325514286756516*x_4) - 0.212306439876556*cos(0.279957920312881*x_3)) + 0.866491*sin(0.0659081009603213*x_2 + 0.100475656201371*x_5 - 0.452709943056107*(0.230484768748283*x_1 - 0.239900797605515*x_4 + 0.294822931289673*x_5)*(0.310789078474045*x_2 + 0.223356023430824*x_3 - 0.21376770734787*x_5) - 0.560791075229645*sin(-0.755698502063751*x_1 + 0.493811637163162*x_2 + 0.325514286756516*x_4)) + 0.579212*cos(0.543399393558502*(0.230484768748283*x_1 - 0.239900797605515*x_4 + 0.294822931289673*x_5)*(0.310789078474045*x_2 + 0.223356023430824*x_3 - 0.21376770734787*x_5) + 0.461790502071381*exp(-0.0475606769323349*x_1 - 0.0174811389297247*x_2 - 0.400827765464783*x_4)) + 0.522676,-2.1*sin(1.3*x4)*cos(9.8*x0) + 2.0,"{'complexity': 9.0, 'out_op': 'id', 'run_seed': 1630212522000}"
P12,eql_div,3,4.1355746798786676e+21,4.350871299923051e+21,240117073822.4316,0.9365289157483921,0.9852355363020315,487.0350364623164,0.0,0.0,0.0,-0.0121662*x_2 + 0.0108897*x_5 + 0.0732517*exp(0.208652898669243*exp(-0.343429774045944*x_3 + 0.174776032567024*x_4))/(Abs(0.106642566621304*x_1 - 0.386119186878204*x_3 - 0.311483234167099*x_4 + 0.234755307435989*x_5) + 1.0e-12)**0.21874 + 0.42775*(-0.123152*x_2 + 0.110231*x_5 - 0.0551373*(0.374841*x_1 + 0.0619471*x_4)*(0.277242*x_2 + 0.0887749*x_4 - 0.349776*x_5) - 0.312344*exp(-0.343429774045944*x_3 + 0.174776032567024*x_4) - 1.01887*cos(0.117388136684895*x_4 - 0.0327584408223629*x_5 + 1.16971635818481) + 0.216888)*(-0.0792545*x_2 + 0.0709391*x_5 + 0.191133*(0.374841*x_1 + 0.0619471*x_4)*(0.277242*x_2 + 0.0887749*x_4 - 0.349776*x_5) - 0.324937*log(Abs(0.106642566621304*x_1 - 0.386119186878204*x_3 - 0.311483234167099*x_4 + 0.234755307435989*x_5) + 1.0e-12) + 0.731238*sin(0.160912811756134*x_3 - 0.577340185642242*x_4 + 0.160384595394135*x_5) - 0.319949*cos(0.117388136684895*x_4 - 0.0327584408223629*x_5 + 1.16971635818481) + 0.139578) + 0.660197*sin(0.220991194248199*(0.374840945005417*x_1 + 0.0619470849633217*x_4)*(0.277241736650467*x_2 + 0.0887748822569847*x_4 - 0.349776029586792*x_5) + 0.158106103539467*exp(-0.343429774045944*x_3 + 0.174776032567024*x_4) + 1.21169638633728*cos(0.117388136684895*x_4 - 0.0327584408223629*x_5 + 1.16971635818481) + 0.652453124523163) + 0.222677*cos(0.117388136684895*x_4 - 0.0327584408223629*x_5 + 1.16971635818481) + 1.16088,-2.1*sin(1.3*x4)*cos(9.8*x0) + 2.0,"{'complexity': 7.0, 'out_op': 'id', 'run_seed': 1630213522000}"
P12,eql_div,4,nan,nan,nan,nan,nan,nan,0.0,0.0,0.0,nan,-2.1*sin(1.3*x4)*cos(9.8*x0) + 2.0,"{'complexity': 0.0, 'out_op': 'id', 'run_seed': 1630214522000}"
P13,eql_div,0,1.1068213940272198,499.34309738182753,91.99703594580669,0.9542923400287663,462.24118864805195,70.29352477691737,0.0,0.0,0.0,(-0.601084*x_1 + 0.576447*x_2 - 0.089122*x_3 - 0.116576*x_4 + 0.361924*x_5 + 2.48551*(0.656446*x_1 - 0.62954*x_2 + 0.0973306*x_3 + 0.127313*x_4 - 0.395259*x_5 + 1.25143)*(-0.0878573*x_1 + 0.0842563*x_2 - 0.0130265*x_3 - 0.0170393*x_4 + 0.0529006*x_5 + 0.0932083*(0.755647*x_1 - 0.365472*x_2 - 0.238372*x_3 - 0.209637*x_4)*(0.446278*x_1 - 0.229261*x_2 - 0.219187*x_3 - 0.260427*x_4 - 0.242384*x_5 + 0.540091) - 1.05489*exp(-0.399202018976212*x_1 + 0.375519782304764*x_2 - 0.175309076905251*x_3 - 0.251842170953751*x_4 + 0.13422591984272*x_5) + 0.357137) + 15.8872*exp(0.685029804706573*(0.7556471824646*x_1 - 0.365472286939621*x_2 - 0.238371938467026*x_3 - 0.20963691174984*x_4)*(0.446278423070908*x_1 - 0.229260787367821*x_2 - 0.219187244772911*x_3 - 0.260427117347717*x_4 - 0.24238383769989*x_5 + 0.540091156959534) + 0.349079186910023*exp(-0.399202018976212*x_1 + 0.375519782304764*x_2 - 0.175309076905251*x_3 - 0.251842170953751*x_4 + 0.13422591984272*x_5) + 1.6542444229126*cos(0.0539139658212662*x_1 - 0.0543957948684692*x_4)) + 1.47757*cos(0.0539139658212662*x_1 - 0.0543957948684692*x_4) + 0.9261)/(-0.799068*(0.656446*x_1 - 0.62954*x_2 + 0.0973306*x_3 + 0.127313*x_4 - 0.395259*x_5 + 1.25143)*(-0.0878573*x_1 + 0.0842563*x_2 - 0.0130265*x_3 - 0.0170393*x_4 + 0.0529006*x_5 + 0.0932083*(0.755647*x_1 - 0.365472*x_2 - 0.238372*x_3 - 0.209637*x_4)*(0.446278*x_1 - 0.229261*x_2 - 0.219187*x_3 - 0.260427*x_4 - 0.242384*x_5 + 0.540091) - 1.05489*exp(-0.399202018976212*x_1 + 0.375519782304764*x_2 - 0.175309076905251*x_3 - 0.251842170953751*x_4 + 0.13422591984272*x_5) + 0.357137) + 0.561346*exp(0.685029804706573*(0.7556471824646*x_1 - 0.365472286939621*x_2 - 0.238371938467026*x_3 - 0.20963691174984*x_4)*(0.446278423070908*x_1 - 0.229260787367821*x_2 - 0.219187244772911*x_3 - 0.260427117347717*x_4 - 0.24238383769989*x_5 + 0.540091156959534) + 0.349079186910023*exp(-0.399202018976212*x_1 + 0.375519782304764*x_2 - 0.175309076905251*x_3 - 0.251842170953751*x_4 + 0.13422591984272*x_5) + 1.6542444229126*cos(0.0539139658212662*x_1 - 0.0543957948684692*x_4)) + 1.4247*sin(-0.0584207373607972*x_1 + 0.0560262320421572*x_2 - 0.00866198179522903*x_3 - 0.0113302573314431*x_4 + 0.0351762621358565*x_5 + 1.2607594677742*exp(-0.399202018976212*x_1 + 0.375519782304764*x_2 - 0.175309076905251*x_3 - 0.251842170953751*x_4 + 0.13422591984272*x_5) + 0.740203022956848*log(Abs(0.135665908455849*x_1 - 0.249152347445488*x_2 + 0.122816756367683*x_3 - 0.150153368711472*x_4 + 0.185871630907059*x_5) + 1.0e-12) + 1.81604707241058*sin(0.127536997199059*x_2 + 0.502673327922821*x_3 + 0.32790532708168*x_4 - 0.476211994886398*x_5) + 1.27523076534271*cos(0.0539139658212662*x_1 - 0.0543957948684692*x_4) + 0.848581022957415) + 1.16358*cos(1.49187016487122*(0.7556471824646*x_1 - 0.365472286939621*x_2 - 0.238371938467026*x_3 - 0.20963691174984*x_4)*(0.446278423070908*x_1 - 0.229260787367821*x_2 - 0.219187244772911*x_3 - 0.260427117347717*x_4 - 0.24238383769989*x_5 + 0.540091156959534) - 1.37799429893494*log(Abs(0.135665908455849*x_1 - 0.249152347445488*x_2 + 0.122816756367683*x_3 - 0.150153368711472*x_4 + 0.185871630907059*x_5) + 1.0e-12) - 1.31110894680023*sin(0.127536997199059*x_2 + 0.502673327922821*x_3 + 0.32790532708168*x_4 - 0.476211994886398*x_5) + 0.830381989479065*cos(0.0539139658212662*x_1 - 0.0543957948684692*x_4)) - 0.576829),-3.0*tan(x0)*tan(x2)/(tan(x1)*tan(x3)) + 32.0,"{'complexity': 9.0, 'out_op': 'reg_div', 'run_seed': 1630210523000}"
P13,eql_div,1,1.233391992553487,556.44549443219,94.46207328022412,0.9559067038275667,463.02315598653587,70.34945898047762,0.0,0.0,0.0,(1.47776*x_2 - 0.928246*x_3 + 1.06474*x_4 + 0.680206*x_5 - 3.92742*(1.06817*x_1 - 0.679158*x_3)*(-1.07241*x_1 - 0.123857*x_4 + 0.270164) + 1.4871*(0.24122*(1.06817*x_1 - 0.679158*x_3)*(-1.07241*x_1 - 0.123857*x_4 + 0.270164) - 3.64917*exp(0.179299667477608*x_1 - 0.135543376207352*x_2 - 0.0840896293520927*x_4 - 0.146141722798347*x_5) - 1.17497*cos(0.582993626594543*x_1 + 0.203490078449249*x_2 - 0.202282622456551*x_3 + 0.0987712442874908*x_4) - 4.73182)*(1.70339*(1.06817*x_1 - 0.679158*x_3)*(-1.07241*x_1 - 0.123857*x_4 + 0.270164) - 2.48565*exp(0.179299667477608*x_1 - 0.135543376207352*x_2 - 0.0840896293520927*x_4 - 0.146141722798347*x_5) - 0.501454*cos(0.582993626594543*x_1 + 0.203490078449249*x_2 - 0.202282622456551*x_3 + 0.0987712442874908*x_4) - 3.73351) + 12.9853*exp(0.179299667477608*x_1 - 0.135543376207352*x_2 - 0.0840896293520927*x_4 - 0.146141722798347*x_5) + 2.22734*sin(0.100490067831216*x_2 - 0.0631224048020407*x_3 + 0.0724044500754362*x_4 + 0.0462552514566883*x_5 - 0.492975205183029*(1.06817364692688*x_1 - 0.679157972335815*x_3)*(-1.07240676879883*x_1 - 0.123856976628304*x_4 + 0.270163863897324) + 1.33888602256775*cos(0.582993626594543*x_1 + 0.203490078449249*x_2 - 0.202282622456551*x_3 + 0.0987712442874908*x_4)) + 3.57995*cos(0.582993626594543*x_1 + 0.203490078449249*x_2 - 0.202282622456551*x_3 + 0.0987712442874908*x_4) + 7.68148)/(0.0609275*(0.24122*(1.06817*x_1 - 0.679158*x_3)*(-1.07241*x_1 - 0.123857*x_4 + 0.270164) - 3.64917*exp(0.179299667477608*x_1 - 0.135543376207352*x_2 - 0.0840896293520927*x_4 - 0.146141722798347*x_5) - 1.17497*cos(0.582993626594543*x_1 + 0.203490078449249*x_2 - 0.202282622456551*x_3 + 0.0987712442874908*x_4) - 4.73182)*(1.70339*(1.06817*x_1 - 0.679158*x_3)*(-1.07241*x_1 - 0.123857*x_4 + 0.270164) - 2.48565*exp(0.179299667477608*x_1 - 0.135543376207352*x_2 - 0.0840896293520927*x_4 - 0.146141722798347*x_5) - 0.501454*cos(0.582993626594543*x_1 + 0.203490078449249*x_2 - 0.202282622456551*x_3 + 0.0987712442874908*x_4) - 3.73351) - 1.45703*sin(0.100490067831216*x_2 - 0.0631224048020407*x_3 + 0.0724044500754362*x_4 + 0.0462552514566883*x_5 - 0.492975205183029*(1.06817364692688*x_1 - 0.679157972335815*x_3)*(-1.07240676879883*x_1 - 0.123856976628304*x_4 + 0.270163863897324) + 1.33888602256775*cos(0.582993626594543*x_1 + 0.203490078449249*x_2 - 0.202282622456551*x_3 + 0.0987712442874908*x_4)) + 1.55359*cos(-0.187439233064651*(1.06817364692688*x_1 - 0.679157972335815*x_3)*(-1.07240676879883*x_1 - 0.123856976628304*x_4 + 0.270163863897324) + 0.924818231456578*exp(0.179299667477608*x_1 - 0.135543376207352*x_2 - 0.0840896293520927*x_4 - 0.146141722798347*x_5) + 0.382631570100784*log(Abs(0.228223383426666*x_1 + 0.372342050075531*x_2 + 0.139694735407829*x_4 - 0.259844750165939*x_5) + 1.0e-12) + 0.737192749977112*sin(0.689581453800201*x_5) - 0.694798290729523)),-3.0*tan(x0)*tan(x2)/(tan(x1)*tan(x3)) + 32.0,"{'complexity': 7.0, 'out_op': 'reg_div', 'run_seed': 1630211523000}"
P13,eql_div,2,1.7374859805550231,783.8677819833597,75.31007444706604,0.9375817026184391,454.1468714502597,68.3347054504205,0.0,0.0,0.0,(3.18001*(-3.68468*log(0.137732848525047*Abs(x_3) + 1.0e-12) + 1.64776*sin(0.23217049241066*x_1 + 0.0826381295919418*x_2 - 0.348944932222366*x_5 + 0.968351662158966) + 3.83609*cos(-0.329739421606064*x_1 + 0.161474391818047*x_3 + 0.022268358618021*x_5) + 2.14882)*(1.75861*(0.410432*x_1 + 0.616046*x_2 - 0.476062*x_3 + 0.945658*x_4 - 0.65706*x_5)*(0.817548*x_1 + 0.431929*x_2 - 0.203464*x_3 + 0.670813*x_4 - 0.143238*x_5) - 0.204238*log(0.137732848525047*Abs(x_3) + 1.0e-12) + 5.21116*sin(0.23217049241066*x_1 + 0.0826381295919418*x_2 - 0.348944932222366*x_5 + 0.968351662158966) + 5.20694*cos(-0.329739421606064*x_1 + 0.161474391818047*x_3 + 0.022268358618021*x_5) + 3.00114) - 2.15925*sin(0.23217049241066*x_1 + 0.0826381295919418*x_2 - 0.348944932222366*x_5 + 0.968351662158966) + 1.85662*cos(-0.329739421606064*x_1 + 0.161474391818047*x_3 + 0.022268358618021*x_5) + 4.3819*cos(0.120577345691464*x_1 - 0.158956651419244*x_3 + 0.0602691181872403*x_5 - 0.0606962852180004*(0.410431504249573*x_1 + 0.616045594215393*x_2 - 0.476061761379242*x_3 + 0.945658147335052*x_4 - 0.657060027122498*x_5)*(0.817548334598541*x_1 + 0.431928783655167*x_2 - 0.203463837504387*x_3 + 0.670813202857971*x_4 - 0.143238052725792*x_5) + 0.304829432615842) + 4.07521)/(0.106198*(-3.68468*log(0.137732848525047*Abs(x_3) + 1.0e-12) + 1.64776*sin(0.23217049241066*x_1 + 0.0826381295919418*x_2 - 0.348944932222366*x_5 + 0.968351662158966) + 3.83609*cos(-0.329739421606064*x_1 + 0.161474391818047*x_3 + 0.022268358618021*x_5) + 2.14882)*(1.75861*(0.410432*x_1 + 0.616046*x_2 - 0.476062*x_3 + 0.945658*x_4 - 0.65706*x_5)*(0.817548*x_1 + 0.431929*x_2 - 0.203464*x_3 + 0.670813*x_4 - 0.143238*x_5) - 0.204238*log(0.137732848525047*Abs(x_3) + 1.0e-12) + 5.21116*sin(0.23217049241066*x_1 + 0.0826381295919418*x_2 - 0.348944932222366*x_5 + 0.968351662158966) + 5.20694*cos(-0.329739421606064*x_1 + 0.161474391818047*x_3 + 0.022268358618021*x_5) + 3.00114) + 0.0209071*exp(-0.417782088283936*x_1 + 0.550760521354341*x_3 - 0.208823290236676*x_5 - 0.4810830950737*(0.410431504249573*x_1 + 0.616045594215393*x_2 - 0.476061761379242*x_3 + 0.945658147335052*x_4 - 0.657060027122498*x_5)*(0.817548334598541*x_1 + 0.431928783655167*x_2 - 0.203463837504387*x_3 + 0.670813202857971*x_4 - 0.143238052725792*x_5) + 0.44738844037056*exp(-0.0503253787755966*x_1 + 0.157207414507866*x_3 - 0.118473261594772*x_4 + 0.388681799173355*x_5) - 0.876036882400513*sin(0.23217049241066*x_1 + 0.0826381295919418*x_2 - 0.348944932222366*x_5 + 0.968351662158966)) - 0.454544*sin(0.23217049241066*x_1 + 0.0826381295919418*x_2 - 0.348944932222366*x_5 + 0.968351662158966) + 1.69806*sin(0.218257856699022*x_1 - 0.287728493672372*x_3 + 0.109093532331906*x_5 + 0.749944567680359*(0.410431504249573*x_1 + 0.616045594215393*x_2 - 0.476061761379242*x_3 + 0.945658147335052*x_4 - 0.657060027122498*x_5)*(0.817548334598541*x_1 + 0.431928783655167*x_2 - 0.203463837504387*x_3 + 0.670813202857971*x_4 - 0.143238052725792*x_5) + 0.492205023765564*exp(-0.0503253787755966*x_1 + 0.157207414507866*x_3 - 0.118473261594772*x_4 + 0.388681799173355*x_5) - 0.171366751194*log(0.137732848525047*Abs(x_3) + 1.0e-12) + 1.57026326656342*cos(-0.329739421606064*x_1 + 0.161474391818047*x_3 + 0.022268358618021*x_5) + 0.551773786692525) + 0.390836*cos(-0.329739421606064*x_1 + 0.161474391818047*x_3 + 0.022268358618021*x_5) - 0.839012*cos(0.120577345691464*x_1 - 0.158956651419244*x_3 + 0.0602691181872403*x_5 - 0.0606962852180004*(0.410431504249573*x_1 + 0.616045594215393*x_2 - 0.476061761379242*x_3 + 0.945658147335052*x_4 - 0.657060027122498*x_5)*(0.817548334598541*x_1 + 0.431928783655167*x_2 - 0.203463837504387*x_3 + 0.670813202857971*x_4 - 0.143238052725792*x_5) + 0.304829432615842) + 0.716705),-3.0*tan(x0)*tan(x2)/(tan(x1)*tan(x3)) + 32.0,"{'complexity': 8.0, 'out_op': 'reg_div', 'run_seed': 1630212523000}"
P13,eql_div,3,2.065014978461428,931.6326744759673,91.75354981655073,0.923243976785876,447.2019478106609,67.58518844055327,0.0,0.0,0.0,(0.0500596*x_1 + 0.130831*x_2 - 0.415958*x_3 + 0.0244679*x_5 + 7.99026*exp(-0.0741464040089159*x_1 - 0.193781796472566*x_2 + 0.616100661051156*x_3 - 0.0362409564870303*x_5 - 0.995703756809235*(-0.189619332551956*x_1 - 0.285245507955551*x_2 - 0.508753716945648*x_3 + 0.303292840719223*x_4 - 0.493433058261871*x_5)*(0.162105947732925*x_1 + 0.349337548017502*x_3 - 0.266585558652878*x_4 - 0.142619282007217*x_5 + 0.160743713378906) + 5.0891227722168*cos(0.0675109922885895*x_2 + 0.404284209012985*x_3 - 0.0531471706926823*x_4))/(Abs(-0.141901254653931*x_2 + 0.0315376296639442*x_3 + 0.164222478866577*x_4 + 0.0702455639839172*x_5) + 1.0e-12)**0.957162 + 2.97274*(0.704106*(-0.189619*x_1 - 0.285246*x_2 - 0.508754*x_3 + 0.303293*x_4 - 0.493433*x_5)*(0.162106*x_1 + 0.349338*x_3 - 0.266586*x_4 - 0.142619*x_5 + 0.160744) - 5.92225*cos(0.0675109922885895*x_2 + 0.404284209012985*x_3 - 0.0531471706926823*x_4) - 1.95865)*(-0.301707*x_1 - 0.788512*x_2 + 2.50696*x_3 - 0.147467*x_5 + 4.27198*log(Abs(-0.141901254653931*x_2 + 0.0315376296639442*x_3 + 0.164222478866577*x_4 + 0.0702455639839172*x_5) + 1.0e-12) - 4.02563*cos(0.0675109922885895*x_2 + 0.404284209012985*x_3 - 0.0531471706926823*x_4) - 2.46556) - 3.25496*log(Abs(-0.141901254653931*x_2 + 0.0315376296639442*x_3 + 0.164222478866577*x_4 + 0.0702455639839172*x_5) + 1.0e-12) + 10.1677*sin(5.50357389450073*cos(0.0675109922885895*x_2 + 0.404284209012985*x_3 - 0.0531471706926823*x_4)) + 4.93782*cos(0.0675109922885895*x_2 + 0.404284209012985*x_3 - 0.0531471706926823*x_4) + 2.42419)/(0.015117*x_1 + 0.0395084*x_2 - 0.125611*x_3 + 0.00738883*x_5 + 0.276413*exp(-0.0741464040089159*x_1 - 0.193781796472566*x_2 + 0.616100661051156*x_3 - 0.0362409564870303*x_5 - 0.995703756809235*(-0.189619332551956*x_1 - 0.285245507955551*x_2 - 0.508753716945648*x_3 + 0.303292840719223*x_4 - 0.493433058261871*x_5)*(0.162105947732925*x_1 + 0.349337548017502*x_3 - 0.266585558652878*x_4 - 0.142619282007217*x_5 + 0.160743713378906) + 5.0891227722168*cos(0.0675109922885895*x_2 + 0.404284209012985*x_3 - 0.0531471706926823*x_4))/(Abs(-0.141901254653931*x_2 + 0.0315376296639442*x_3 + 0.164222478866577*x_4 + 0.0702455639839172*x_5) + 1.0e-12)**0.957162 + 0.0581799*(0.704106*(-0.189619*x_1 - 0.285246*x_2 - 0.508754*x_3 + 0.303293*x_4 - 0.493433*x_5)*(0.162106*x_1 + 0.349338*x_3 - 0.266586*x_4 - 0.142619*x_5 + 0.160744) - 5.92225*cos(0.0675109922885895*x_2 + 0.404284209012985*x_3 - 0.0531471706926823*x_4) - 1.95865)*(-0.301707*x_1 - 0.788512*x_2 + 2.50696*x_3 - 0.147467*x_5 + 4.27198*log(Abs(-0.141901254653931*x_2 + 0.0315376296639442*x_3 + 0.164222478866577*x_4 + 0.0702455639839172*x_5) + 1.0e-12) - 4.02563*cos(0.0675109922885895*x_2 + 0.404284209012985*x_3 - 0.0531471706926823*x_4) - 2.46556) - 0.982936*log(Abs(-0.141901254653931*x_2 + 0.0315376296639442*x_3 + 0.164222478866577*x_4 + 0.0702455639839172*x_5) + 1.0e-12) + 1.49113*cos(0.0675109922885895*x_2 + 0.404284209012985*x_3 - 0.0531471706926823*x_4) + 1.51204*cos(0.0548480334996677*x_1 + 0.143345461005432*x_2 - 0.455745766071647*x_3 + 0.0268083829826948*x_5 + 0.784783363342285*(-0.189619332551956*x_1 - 0.285245507955551*x_2 - 0.508753716945648*x_3 + 0.303292840719223*x_4 - 0.493433058261871*x_5)*(0.162105947732925*x_1 + 0.349337548017502*x_3 - 0.266585558652878*x_4 - 0.142619282007217*x_5 + 0.160743713378906) - 0.962785303592682*exp(0.0706580281257629*x_1 - 0.428327828645706*x_2 - 0.154127657413483*x_3 - 0.138578519225121*x_4) + 1.21683633327484*sin(-0.0489113032817841*x_1 + 0.116753824055195*x_4 + 0.566311776638031*x_5) - 1.3192412853241*cos(0.0675109922885895*x_2 + 0.404284209012985*x_3 - 0.0531471706926823*x_4)) + 0.732057),-3.0*tan(x0)*tan(x2)/(tan(x1)*tan(x3)) + 32.0,"{'complexity': 9.0, 'out_op': 'reg_div', 'run_seed': 1630213523000}"
P13,eql_div,4,1.8463265207797397,832.9712532116947,81.4600027759208,0.8869690694930907,429.63106773358777,67.04825581235058,0.0,0.0,0.0,(0.443844*x_1 - 0.413772*x_2 + 0.251866*x_3 + 36.1022*exp(0.108012958229851*x_1 - 0.100694561637654*x_2 + 0.0612936160006345*x_3 - 0.321157902479172*(-0.55527138710022*x_1 - 0.205643400549889*x_2 - 0.292677044868469*x_3 + 0.358636528253555*x_4 - 0.292168140411377*x_5)*(0.177411571145058*x_1 + 0.464048653841019*x_2 + 0.433195471763611*x_3 - 0.610771417617798*x_4 + 0.327520847320557*x_5) + 0.710720837116241*exp(-0.130719065666199*x_1 - 0.0466645732522011*x_3 - 0.162996545433998*x_4) + 0.0571935474872589*sin(-0.552294075489044*x_2 - 0.405050694942474*x_3 + 0.237377986311913*x_4 + 0.184594303369522*x_5 + 0.330555081367493) + 2.74671864509583*cos(0.392777115106583*x_3 - 0.0773212686181068))/(Abs(0.0393953546881676*x_1 - 0.267178475856781*x_2 + 0.297412544488907*x_4 - 0.425981611013412*x_5 + 0.179002791643143) + 1.0e-12)**0.204614 - 4.97218*(-0.555271*x_1 - 0.205643*x_2 - 0.292677*x_3 + 0.358636*x_4 - 0.292168*x_5)*(0.177412*x_1 + 0.464049*x_2 + 0.433195*x_3 - 0.610771*x_4 + 0.327521*x_5) + 0.565859*exp(-0.130719065666199*x_1 - 0.0466645732522011*x_3 - 0.162996545433998*x_4) + 2.00543*sin(0.00477626066576142*x_1 - 0.00445264607032214*x_2 + 0.00271036264503688*x_3 - 0.504906952381134*(-0.55527138710022*x_1 - 0.205643400549889*x_2 - 0.292677044868469*x_3 + 0.358636528253555*x_4 - 0.292168140411377*x_5)*(0.177411571145058*x_1 + 0.464048653841019*x_2 + 0.433195471763611*x_3 - 0.610771417617798*x_4 + 0.327520847320557*x_5) + 2.2895667552948*sin(-0.552294075489044*x_2 - 0.405050694942474*x_3 + 0.237377986311913*x_4 + 0.184594303369522*x_5 + 0.330555081367493) + 0.997208714485168*cos(0.392777115106583*x_3 - 0.0773212686181068) + 0.0586316677446668) + 11.5255*cos(0.392777115106583*x_3 - 0.0773212686181068) + 5.44847)/(-0.0170846*x_1 + 0.015927*x_2 - 0.00969492*x_3 + 1.29923*exp(0.108012958229851*x_1 - 0.100694561637654*x_2 + 0.0612936160006345*x_3 - 0.321157902479172*(-0.55527138710022*x_1 - 0.205643400549889*x_2 - 0.292677044868469*x_3 + 0.358636528253555*x_4 - 0.292168140411377*x_5)*(0.177411571145058*x_1 + 0.464048653841019*x_2 + 0.433195471763611*x_3 - 0.610771417617798*x_4 + 0.327520847320557*x_5) + 0.710720837116241*exp(-0.130719065666199*x_1 - 0.0466645732522011*x_3 - 0.162996545433998*x_4) + 0.0571935474872589*sin(-0.552294075489044*x_2 - 0.405050694942474*x_3 + 0.237377986311913*x_4 + 0.184594303369522*x_5 + 0.330555081367493) + 2.74671864509583*cos(0.392777115106583*x_3 - 0.0773212686181068))/(Abs(0.0393953546881676*x_1 - 0.267178475856781*x_2 + 0.297412544488907*x_4 - 0.425981611013412*x_5 + 0.179002791643143) + 1.0e-12)**0.204614 + 0.861052*(0.390295*(-0.555271*x_1 - 0.205643*x_2 - 0.292677*x_3 + 0.358636*x_4 - 0.292168*x_5)*(0.177412*x_1 + 0.464049*x_2 + 0.433195*x_3 - 0.610771*x_4 + 0.327521*x_5) + 0.944889*exp(-0.130719065666199*x_1 - 0.0466645732522011*x_3 - 0.162996545433998*x_4) + 1.13627*sin(-0.552294075489044*x_2 - 0.405050694942474*x_3 + 0.237377986311913*x_4 + 0.184594303369522*x_5 + 0.330555081367493))*(0.0807369*x_1 - 0.0752666*x_2 + 0.0458154*x_3 - 0.11583*(-0.555271*x_1 - 0.205643*x_2 - 0.292677*x_3 + 0.358636*x_4 - 0.292168*x_5)*(0.177412*x_1 + 0.464049*x_2 + 0.433195*x_3 - 0.610771*x_4 + 0.327521*x_5) - 1.23379*cos(0.392777115106583*x_3 - 0.0773212686181068) + 0.31715) + 0.191391*(-0.555271*x_1 - 0.205643*x_2 - 0.292677*x_3 + 0.358636*x_4 - 0.292168*x_5)*(0.177412*x_1 + 0.464049*x_2 + 0.433195*x_3 - 0.610771*x_4 + 0.327521*x_5) - 0.0217812*exp(-0.130719065666199*x_1 - 0.0466645732522011*x_3 - 0.162996545433998*x_4) - 1.54029*sin(0.00477626066576142*x_1 - 0.00445264607032214*x_2 + 0.00271036264503688*x_3 - 0.504906952381134*(-0.55527138710022*x_1 - 0.205643400549889*x_2 - 0.292677044868469*x_3 + 0.358636528253555*x_4 - 0.292168140411377*x_5)*(0.177411571145058*x_1 + 0.464048653841019*x_2 + 0.433195471763611*x_3 - 0.610771417617798*x_4 + 0.327520847320557*x_5) + 2.2895667552948*sin(-0.552294075489044*x_2 - 0.405050694942474*x_3 + 0.237377986311913*x_4 + 0.184594303369522*x_5 + 0.330555081367493) + 0.997208714485168*cos(0.392777115106583*x_3 - 0.0773212686181068) + 0.0586316677446668) - 0.443645*cos(0.392777115106583*x_3 - 0.0773212686181068) + 2.12002*cos(0.341095358133316*(-0.55527138710022*x_1 - 0.205643400549889*x_2 - 0.292677044868469*x_3 + 0.358636528253555*x_4 - 0.292168140411377*x_5)*(0.177411571145058*x_1 + 0.464048653841019*x_2 + 0.433195471763611*x_3 - 0.610771417617798*x_4 + 0.327520847320557*x_5) + 0.650776624679565*exp(-0.130719065666199*x_1 - 0.0466645732522011*x_3 - 0.162996545433998*x_4) - 1.20785677433014*log(Abs(0.0393953546881676*x_1 - 0.267178475856781*x_2 + 0.297412544488907*x_4 - 0.425981611013412*x_5 + 0.179002791643143) + 1.0e-12) + 1.8550705909729*cos(0.392777115106583*x_3 - 0.0773212686181068)) + 0.208693),-3.0*tan(x0)*tan(x2)/(tan(x1)*tan(x3)) + 32.0,"{'complexity': 9.0, 'out_op': 'reg_div', 'run_seed': 1630214523000}"
P14,eql_div,0,1.3293018396894452,726.0189294204018,200.74372217680315,0.9379058005752561,561.9249572360462,128.1266107012276,0.0,0.0,0.0,(5.51759*(Abs(0.266829609870911*x_1 + 0.244928270578384*x_2 + 0.234784945845604*x_3 + 0.218428000807762*x_4 + 0.117685586214066*x_5) + 1.0e-12)**0.435448*exp(-0.183530256152153*(-0.058424849063158*x_3 - 0.411639869213104*x_4 + 0.349123448133469*x_5 - 0.296644359827042)*(0.395568817853928*x_1 - 0.127256289124489*x_2 + 0.155464291572571*x_3 + 0.17649382352829*x_4 + 0.285644114017487*x_5) + 0.0761426738122213*exp(0.268774390220642*x_1 - 0.58730149269104*x_3 + 0.241640388965607*x_4 + 0.280016273260117*x_5) + 0.938246726989746*cos(0.155671775341034*x_1 - 0.274223029613495*x_3 + 0.249194100499153*x_5)) + 0.418246*(-0.0584248*x_3 - 0.41164*x_4 + 0.349123*x_5 - 0.296644)*(0.395569*x_1 - 0.127256*x_2 + 0.155464*x_3 + 0.176494*x_4 + 0.285644*x_5) - 1.55488*(0.0800537*x_1 - 0.0723155*x_2 - 0.0264654*x_3 + 0.0305836*x_4 + 0.0195312*x_5 - 0.0747418*exp(0.268774390220642*x_1 - 0.58730149269104*x_3 + 0.241640388965607*x_4 + 0.280016273260117*x_5) + 2.1709*sin(0.0552511215209961*x_1 - 0.220941036939621*x_3 + 0.159597635269165*x_4 + 0.0320280566811562*x_5 - 0.349015384912491) - 2.69463*cos(0.155671775341034*x_1 - 0.274223029613495*x_3 + 0.249194100499153*x_5) - 1.38134)*(-0.0932685*x_1 + 0.0842528*x_2 + 0.0308341*x_3 - 0.0356321*x_4 - 0.0227553*x_5 + 0.656874*(-0.0584248*x_3 - 0.41164*x_4 + 0.349123*x_5 - 0.296644)*(0.395569*x_1 - 0.127256*x_2 + 0.155464*x_3 + 0.176494*x_4 + 0.285644*x_5) + 1.45247*exp(0.268774390220642*x_1 - 0.58730149269104*x_3 + 0.241640388965607*x_4 + 0.280016273260117*x_5) - 2.10574*sin(0.0552511215209961*x_1 - 0.220941036939621*x_3 + 0.159597635269165*x_4 + 0.0320280566811562*x_5 - 0.349015384912491) + 0.137483*cos(0.155671775341034*x_1 - 0.274223029613495*x_3 + 0.249194100499153*x_5) + 3.01755) - 0.608599*log(Abs(0.266829609870911*x_1 + 0.244928270578384*x_2 + 0.234784945845604*x_3 + 0.218428000807762*x_4 + 0.117685586214066*x_5) + 1.0e-12) - 3.02997*log(Abs(0.153965580865531*x_1 - 0.139082784384982*x_2 - 0.0509003478162668*x_3 + 0.0588207191420906*x_4 + 0.037563904915288*x_5 - 0.281009078025818*(-0.058424849063158*x_3 - 0.411639869213104*x_4 + 0.349123448133469*x_5 - 0.296644359827042)*(0.395568817853928*x_1 - 0.127256289124489*x_2 + 0.155464291572571*x_3 + 0.17649382352829*x_4 + 0.285644114017487*x_5) + 0.27211457490921*log(Abs(0.266829609870911*x_1 + 0.244928270578384*x_2 + 0.234784945845604*x_3 + 0.218428000807762*x_4 + 0.117685586214066*x_5) + 1.0e-12) - 0.304431349039078*sin(0.0552511215209961*x_1 - 0.220941036939621*x_3 + 0.159597635269165*x_4 + 0.0320280566811562*x_5 - 0.349015384912491) + 0.0208209155971844) + 1.0e-12) + 2.84935*sin(0.0618790909647942*(-0.058424849063158*x_3 - 0.411639869213104*x_4 + 0.349123448133469*x_5 - 0.296644359827042)*(0.395568817853928*x_1 - 0.127256289124489*x_2 + 0.155464291572571*x_3 + 0.17649382352829*x_4 + 0.285644114017487*x_5) + 0.404936599883423*exp(0.268774390220642*x_1 - 0.58730149269104*x_3 + 0.241640388965607*x_4 + 0.280016273260117*x_5) - 1.14445304870605*sin(0.0552511215209961*x_1 - 0.220941036939621*x_3 + 0.159597635269165*x_4 + 0.0320280566811562*x_5 - 0.349015384912491)) - 2.21681*sin(0.0552511215209961*x_1 - 0.220941036939621*x_3 + 0.159597635269165*x_4 + 0.0320280566811562*x_5 - 0.349015384912491) + 0.694101*cos(0.155671775341034*x_1 - 0.274223029613495*x_3 + 0.249194100499153*x_5) + 4.43195)/(0.593549*(Abs(0.266829609870911*x_1 + 0.244928270578384*x_2 + 0.234784945845604*x_3 + 0.218428000807762*x_4 + 0.117685586214066*x_5) + 1.0e-12)**0.435448*exp(-0.183530256152153*(-0.058424849063158*x_3 - 0.411639869213104*x_4 + 0.349123448133469*x_5 - 0.296644359827042)*(0.395568817853928*x_1 - 0.127256289124489*x_2 + 0.155464291572571*x_3 + 0.17649382352829*x_4 + 0.285644114017487*x_5) + 0.0761426738122213*exp(0.268774390220642*x_1 - 0.58730149269104*x_3 + 0.241640388965607*x_4 + 0.280016273260117*x_5) + 0.938246726989746*cos(0.155671775341034*x_1 - 0.274223029613495*x_3 + 0.249194100499153*x_5)) + 0.23847*(-0.0584248*x_3 - 0.41164*x_4 + 0.349123*x_5 - 0.296644)*(0.395569*x_1 - 0.127256*x_2 + 0.155464*x_3 + 0.176494*x_4 + 0.285644*x_5) - 0.347003*log(Abs(0.266829609870911*x_1 + 0.244928270578384*x_2 + 0.234784945845604*x_3 + 0.218428000807762*x_4 + 0.117685586214066*x_5) + 1.0e-12) - 1.69195*sin(0.0618790909647942*(-0.058424849063158*x_3 - 0.411639869213104*x_4 + 0.349123448133469*x_5 - 0.296644359827042)*(0.395568817853928*x_1 - 0.127256289124489*x_2 + 0.155464291572571*x_3 + 0.17649382352829*x_4 + 0.285644114017487*x_5) + 0.404936599883423*exp(0.268774390220642*x_1 - 0.58730149269104*x_3 + 0.241640388965607*x_4 + 0.280016273260117*x_5) - 1.14445304870605*sin(0.0552511215209961*x_1 - 0.220941036939621*x_3 + 0.159597635269165*x_4 + 0.0320280566811562*x_5 - 0.349015384912491)) - 1.26395*sin(0.0552511215209961*x_1 - 0.220941036939621*x_3 + 0.159597635269165*x_4 + 0.0320280566811562*x_5 - 0.349015384912491) + 0.395753*cos(0.155671775341034*x_1 - 0.274223029613495*x_3 + 0.249194100499153*x_5) + 1.18975*cos(0.415406823158264*(-0.058424849063158*x_3 - 0.411639869213104*x_4 + 0.349123448133469*x_5 - 0.296644359827042)*(0.395568817853928*x_1 - 0.127256289124489*x_2 + 0.155464291572571*x_3 + 0.17649382352829*x_4 + 0.285644114017487*x_5) + 0.427822351455688*sin(0.0552511215209961*x_1 - 0.220941036939621*x_3 + 0.159597635269165*x_4 + 0.0320280566811562*x_5 - 0.349015384912491) - 0.849926888942719*cos(0.155671775341034*x_1 - 0.274223029613495*x_3 + 0.249194100499153*x_5)) + 1.57669),-4.2*(cos(x0) - tan(x1))*tanh(x2)/sin(x3) + 22.0,"{'complexity': 10.0, 'out_op': 'reg_div', 'run_seed': 1630210524000}"
P14,eql_div,1,413330.24383121566,225746758.30849645,4997.53557024405,0.9395696741210756,562.9218292785342,126.89703638917732,0.0,0.0,0.0,(1.36898*(-0.339722*(-0.391037*x_1 + 0.283432*x_2 - 0.153553*x_3 + 0.10515*x_4 + 0.182391*x_5)*(0.165761*x_1 + 0.0350982*x_3 - 0.383693*x_4 - 0.270732*x_5 - 0.126917) + 0.846587*sin(-0.308366239070892*x_1 + 0.111968629062176*x_2 - 0.234088078141212*x_3 + 0.336429476737976*x_5 + 0.511599004268646) + 1.03625*cos(0.176519453525543*x_1 - 0.209595277905464*x_4) + 1.09054)*(-0.135013*x_1 + 0.336391*x_3 + 0.115201*x_5 + 0.704504*exp(0.0790451765060425*x_1 - 0.383158028125763*x_3 - 0.114209450781345*x_4 - 0.238694980740547*x_5) + 0.616032*sin(-0.308366239070892*x_1 + 0.111968629062176*x_2 - 0.234088078141212*x_3 + 0.336429476737976*x_5 + 0.511599004268646) + 1.48423*cos(0.176519453525543*x_1 - 0.209595277905464*x_4) + 2.24991) + 1.85451*exp(0.0790451765060425*x_1 - 0.383158028125763*x_3 - 0.114209450781345*x_4 - 0.238694980740547*x_5) + 4.95941*exp(-0.0325328826398916*x_1 + 0.0810569597294517*x_3 + 0.0277589415659136*x_5 - 0.249786376953125*(-0.391036540269852*x_1 + 0.28343203663826*x_2 - 0.153553143143654*x_3 + 0.105149783194065*x_4 + 0.182391211390495*x_5)*(0.16576062142849*x_1 + 0.0350982435047626*x_3 - 0.383692860603333*x_4 - 0.270732015371323*x_5 - 0.126917451620102) + 0.757375240325928*sin(-0.308366239070892*x_1 + 0.111968629062176*x_2 - 0.234088078141212*x_3 + 0.336429476737976*x_5 + 0.511599004268646) + 1.15505015850067*cos(0.176519453525543*x_1 - 0.209595277905464*x_4)) - 0.987077*log(Abs(-0.362479567527771*x_1 + 0.346685141324997*x_3 + 0.267951607704163*x_5) + 1.0e-12) + 2.19946*log(Abs(-0.285459756851196*(-0.391036540269852*x_1 + 0.28343203663826*x_2 - 0.153553143143654*x_3 + 0.105149783194065*x_4 + 0.182391211390495*x_5)*(0.16576062142849*x_1 + 0.0350982435047626*x_3 - 0.383692860603333*x_4 - 0.270732015371323*x_5 - 0.126917451620102) + 0.311033003339944*exp(0.0790451765060425*x_1 - 0.383158028125763*x_3 - 0.114209450781345*x_4 - 0.238694980740547*x_5) + 1.14966082572937*cos(0.176519453525543*x_1 - 0.209595277905464*x_4) + 0.212647467851639) + 1.0e-12) - 0.642431*sin(-0.132789125511211*x_1 + 0.330849341517411*x_3 + 0.113303380350766*x_5 - 0.715486645698547*(-0.391036540269852*x_1 + 0.28343203663826*x_2 - 0.153553143143654*x_3 + 0.105149783194065*x_4 + 0.182391211390495*x_5)*(0.16576062142849*x_1 + 0.0350982435047626*x_3 - 0.383692860603333*x_4 - 0.270732015371323*x_5 - 0.126917451620102) + 0.302035411224707*exp(0.0790451765060425*x_1 - 0.383158028125763*x_3 - 0.114209450781345*x_4 - 0.238694980740547*x_5) - 0.509993851184845*log(Abs(-0.362479567527771*x_1 + 0.346685141324997*x_3 + 0.267951607704163*x_5) + 1.0e-12) + 2.31974816322327*sin(-0.308366239070892*x_1 + 0.111968629062176*x_2 - 0.234088078141212*x_3 + 0.336429476737976*x_5 + 0.511599004268646) - 0.458227634429932*cos(0.176519453525543*x_1 - 0.209595277905464*x_4) + 0.135348675452015) + 6.168*cos(0.176519453525543*x_1 - 0.209595277905464*x_4) + 2.89453*cos(-0.0647938726154615*x_1 + 0.161436488166183*x_3 + 0.05528588854762*x_5 + 0.317116886137289*exp(0.0790451765060425*x_1 - 0.383158028125763*x_3 - 0.114209450781345*x_4 - 0.238694980740547*x_5) + 0.498168349266052*sin(-0.308366239070892*x_1 + 0.111968629062176*x_2 - 0.234088078141212*x_3 + 0.336429476737976*x_5 + 0.511599004268646) - 0.0623766703635589) + 8.1145)/(0.222333*(-0.339722*(-0.391037*x_1 + 0.283432*x_2 - 0.153553*x_3 + 0.10515*x_4 + 0.182391*x_5)*(0.165761*x_1 + 0.0350982*x_3 - 0.383693*x_4 - 0.270732*x_5 - 0.126917) + 0.846587*sin(-0.308366239070892*x_1 + 0.111968629062176*x_2 - 0.234088078141212*x_3 + 0.336429476737976*x_5 + 0.511599004268646) + 1.03625*cos(0.176519453525543*x_1 - 0.209595277905464*x_4) + 1.09054)*(-0.135013*x_1 + 0.336391*x_3 + 0.115201*x_5 + 0.704504*exp(0.0790451765060425*x_1 - 0.383158028125763*x_3 - 0.114209450781345*x_4 - 0.238694980740547*x_5) + 0.616032*sin(-0.308366239070892*x_1 + 0.111968629062176*x_2 - 0.234088078141212*x_3 + 0.336429476737976*x_5 + 0.511599004268646) + 1.48423*cos(0.176519453525543*x_1 - 0.209595277905464*x_4) + 2.24991) - 0.318725*log(Abs(-0.285459756851196*(-0.391036540269852*x_1 + 0.28343203663826*x_2 - 0.153553143143654*x_3 + 0.105149783194065*x_4 + 0.182391211390495*x_5)*(0.16576062142849*x_1 + 0.0350982435047626*x_3 - 0.383692860603333*x_4 - 0.270732015371323*x_5 - 0.126917451620102) + 0.311033003339944*exp(0.0790451765060425*x_1 - 0.383158028125763*x_3 - 0.114209450781345*x_4 - 0.238694980740547*x_5) + 1.14966082572937*cos(0.176519453525543*x_1 - 0.209595277905464*x_4) + 0.212647467851639) + 1.0e-12) - 1.31701*sin(-0.132789125511211*x_1 + 0.330849341517411*x_3 + 0.113303380350766*x_5 - 0.715486645698547*(-0.391036540269852*x_1 + 0.28343203663826*x_2 - 0.153553143143654*x_3 + 0.105149783194065*x_4 + 0.182391211390495*x_5)*(0.16576062142849*x_1 + 0.0350982435047626*x_3 - 0.383692860603333*x_4 - 0.270732015371323*x_5 - 0.126917451620102) + 0.302035411224707*exp(0.0790451765060425*x_1 - 0.383158028125763*x_3 - 0.114209450781345*x_4 - 0.238694980740547*x_5) - 0.509993851184845*log(Abs(-0.362479567527771*x_1 + 0.346685141324997*x_3 + 0.267951607704163*x_5) + 1.0e-12) + 2.31974816322327*sin(-0.308366239070892*x_1 + 0.111968629062176*x_2 - 0.234088078141212*x_3 + 0.336429476737976*x_5 + 0.511599004268646) - 0.458227634429932*cos(0.176519453525543*x_1 - 0.209595277905464*x_4) + 0.135348675452015) + 1.29301*cos(-0.0647938726154615*x_1 + 0.161436488166183*x_3 + 0.05528588854762*x_5 + 0.317116886137289*exp(0.0790451765060425*x_1 - 0.383158028125763*x_3 - 0.114209450781345*x_4 - 0.238694980740547*x_5) + 0.498168349266052*sin(-0.308366239070892*x_1 + 0.111968629062176*x_2 - 0.234088078141212*x_3 + 0.336429476737976*x_5 + 0.511599004268646) - 0.0623766703635589)),-4.2*(cos(x0) - tan(x1))*tanh(x2)/sin(x3) + 22.0,"{'complexity': 10.0, 'out_op': 'reg_div', 'run_seed': 1630211524000}"
P14,eql_div,2,1.2024509317950094,656.7373279091604,152.05671192254476,0.9506217329935451,569.5434193203845,129.44966669797867,0.0,0.0,0.0,(-1.54421*x_1 - 1.23376*x_3 - 1.32025*x_4 + 2.07986*x_5 + 20.2824*exp(-0.759563254834148*x_1 - 0.606862831516082*x_3 - 0.649404674452626*x_4 + 1.02303840793883*x_5 + 0.111499110614061*exp(0.419001877307892*x_1 + 0.134832918643951*x_2 + 0.224717006087303*x_3 + 0.36155241727829*x_4 - 0.442552268505096*x_5) + 4.50430727005005*sin(-0.359407186508179*x_1 - 0.471341282129288*x_2 + 0.131065353751183*x_3 + 0.211201339960098*x_4 + 0.146686151623726*x_5) + 3.1010115146637*cos(0.259894192218781*x_2))/(Abs(0.257616937160492*x_1 - 0.315367221832275*x_2 + 0.403797775506973*x_4) + 1.0e-12)**1.0496 - 1.33158*(0.153144*x_1 + 0.218377*x_2 - 0.378969*x_4 - 0.394334*x_5)*(-0.190141*x_1 + 0.0654975*x_2 + 0.326364*x_3 + 0.507116*x_4 + 0.351574*x_5 + 0.631997) + 1.14443*(-0.508294*x_1 - 0.406108*x_3 - 0.434577*x_4 + 0.68461*x_5 - 0.766889*(0.153144*x_1 + 0.218377*x_2 - 0.378969*x_4 - 0.394334*x_5)*(-0.190141*x_1 + 0.0654975*x_2 + 0.326364*x_3 + 0.507116*x_4 + 0.351574*x_5 + 0.631997) + 0.344745*exp(0.419001877307892*x_1 + 0.134832918643951*x_2 + 0.224717006087303*x_3 + 0.36155241727829*x_4 - 0.442552268505096*x_5) - 1.18242*log(Abs(0.257616937160492*x_1 - 0.315367221832275*x_2 + 0.403797775506973*x_4) + 1.0e-12) + 1.14363*cos(0.259894192218781*x_2) + 0.83183)*(-0.351618*x_1 - 0.28093*x_3 - 0.300623*x_4 + 0.473586*x_5 - 0.671081*(0.153144*x_1 + 0.218377*x_2 - 0.378969*x_4 - 0.394334*x_5)*(-0.190141*x_1 + 0.0654975*x_2 + 0.326364*x_3 + 0.507116*x_4 + 0.351574*x_5 + 0.631997) + 0.821095*exp(0.419001877307892*x_1 + 0.134832918643951*x_2 + 0.224717006087303*x_3 + 0.36155241727829*x_4 - 0.442552268505096*x_5) - 0.0757237*log(Abs(0.257616937160492*x_1 - 0.315367221832275*x_2 + 0.403797775506973*x_4) + 1.0e-12) + 0.526077*cos(0.259894192218781*x_2) + 0.367357) + 1.00025*exp(0.419001877307892*x_1 + 0.134832918643951*x_2 + 0.224717006087303*x_3 + 0.36155241727829*x_4 - 0.442552268505096*x_5) - 2.50138*log(Abs(0.257616937160492*x_1 - 0.315367221832275*x_2 + 0.403797775506973*x_4) + 1.0e-12) + 1.56746*sin(-0.359407186508179*x_1 - 0.471341282129288*x_2 + 0.131065353751183*x_3 + 0.211201339960098*x_4 + 0.146686151623726*x_5) + 12.7947*sin(-0.59668752375584*x_1 - 0.47673117135696*x_3 - 0.510150622279923*x_4 + 0.803664804024024*x_5 + 0.451358801611397*exp(0.419001877307892*x_1 + 0.134832918643951*x_2 + 0.224717006087303*x_3 + 0.36155241727829*x_4 - 0.442552268505096*x_5) + 0.333995401859283*sin(-0.359407186508179*x_1 - 0.471341282129288*x_2 + 0.131065353751183*x_3 + 0.211201339960098*x_4 + 0.146686151623726*x_5) + 0.233453914523125*cos(0.259894192218781*x_2) + 0.623396149956982) + 4.36882)/(0.649748*x_1 + 0.519124*x_3 + 0.555516*x_4 - 0.87513*x_5 + 0.980897*exp(-0.759563254834148*x_1 - 0.606862831516082*x_3 - 0.649404674452626*x_4 + 1.02303840793883*x_5 + 0.111499110614061*exp(0.419001877307892*x_1 + 0.134832918643951*x_2 + 0.224717006087303*x_3 + 0.36155241727829*x_4 - 0.442552268505096*x_5) + 4.50430727005005*sin(-0.359407186508179*x_1 - 0.471341282129288*x_2 + 0.131065353751183*x_3 + 0.211201339960098*x_4 + 0.146686151623726*x_5) + 3.1010115146637*cos(0.259894192218781*x_2))/(Abs(0.257616937160492*x_1 - 0.315367221832275*x_2 + 0.403797775506973*x_4) + 1.0e-12)**1.0496 + 0.56028*(0.153144*x_1 + 0.218377*x_2 - 0.378969*x_4 - 0.394334*x_5)*(-0.190141*x_1 + 0.0654975*x_2 + 0.326364*x_3 + 0.507116*x_4 + 0.351574*x_5 + 0.631997) + 0.143166*(-0.508294*x_1 - 0.406108*x_3 - 0.434577*x_4 + 0.68461*x_5 - 0.766889*(0.153144*x_1 + 0.218377*x_2 - 0.378969*x_4 - 0.394334*x_5)*(-0.190141*x_1 + 0.0654975*x_2 + 0.326364*x_3 + 0.507116*x_4 + 0.351574*x_5 + 0.631997) + 0.344745*exp(0.419001877307892*x_1 + 0.134832918643951*x_2 + 0.224717006087303*x_3 + 0.36155241727829*x_4 - 0.442552268505096*x_5) - 1.18242*log(Abs(0.257616937160492*x_1 - 0.315367221832275*x_2 + 0.403797775506973*x_4) + 1.0e-12) + 1.14363*cos(0.259894192218781*x_2) + 0.83183)*(-0.351618*x_1 - 0.28093*x_3 - 0.300623*x_4 + 0.473586*x_5 - 0.671081*(0.153144*x_1 + 0.218377*x_2 - 0.378969*x_4 - 0.394334*x_5)*(-0.190141*x_1 + 0.0654975*x_2 + 0.326364*x_3 + 0.507116*x_4 + 0.351574*x_5 + 0.631997) + 0.821095*exp(0.419001877307892*x_1 + 0.134832918643951*x_2 + 0.224717006087303*x_3 + 0.36155241727829*x_4 - 0.442552268505096*x_5) - 0.0757237*log(Abs(0.257616937160492*x_1 - 0.315367221832275*x_2 + 0.403797775506973*x_4) + 1.0e-12) + 0.526077*cos(0.259894192218781*x_2) + 0.367357) - 0.420871*exp(0.419001877307892*x_1 + 0.134832918643951*x_2 + 0.224717006087303*x_3 + 0.36155241727829*x_4 - 0.442552268505096*x_5) + 1.05249*log(Abs(0.257616937160492*x_1 - 0.315367221832275*x_2 + 0.403797775506973*x_4) + 1.0e-12) - 0.242178*log(Abs(0.0481090333991285*x_1 + 0.0384373309849906*x_3 + 0.0411318359253876*x_4 - 0.0647969588087394*x_5 + 0.199613511562347*(0.153144255280495*x_1 + 0.218376845121384*x_2 - 0.378968775272369*x_4 - 0.394334107637405*x_5)*(-0.190140873193741*x_1 + 0.0654974654316902*x_2 + 0.32636359333992*x_3 + 0.507116317749023*x_4 + 0.351574271917343*x_5 + 0.631997406482697) - 0.187260553240776*log(Abs(0.257616937160492*x_1 - 0.315367221832275*x_2 + 0.403797775506973*x_4) + 1.0e-12) - 0.402888357639313*sin(-0.359407186508179*x_1 - 0.471341282129288*x_2 + 0.131065353751183*x_3 + 0.211201339960098*x_4 + 0.146686151623726*x_5) + 0.0956807658076286*cos(0.259894192218781*x_2) - 0.0502624657046469) + 1.0e-12) - 0.659531*sin(-0.359407186508179*x_1 - 0.471341282129288*x_2 + 0.131065353751183*x_3 + 0.211201339960098*x_4 + 0.146686151623726*x_5) + 1.53713*cos(0.214158475399017*(0.153144255280495*x_1 + 0.218376845121384*x_2 - 0.378968775272369*x_4 - 0.394334107637405*x_5)*(-0.190140873193741*x_1 + 0.0654974654316902*x_2 + 0.32636359333992*x_3 + 0.507116317749023*x_4 + 0.351574271917343*x_5 + 0.631997406482697) - 0.166234299167451*exp(0.419001877307892*x_1 + 0.134832918643951*x_2 + 0.224717006087303*x_3 + 0.36155241727829*x_4 - 0.442552268505096*x_5) + 0.752783358097076*cos(0.259894192218781*x_2)) - 1.29822),-4.2*(cos(x0) - tan(x1))*tanh(x2)/sin(x3) + 22.0,"{'complexity': 10.0, 'out_op': 'reg_div', 'run_seed': 1630212524000}"
P14,eql_div,3,2.4517952185577876,1339.0861929080343,372.2225218731456,0.934510049136428,559.8904698910726,140.8503837672281,0.0,0.0,0.0,(-0.136404*x_1*(-0.20577*x_1 - 0.33337*x_5) - 0.667041*x_1 + 1.71672*x_2 + 0.412349*x_4 + 0.344705*x_5 + 1.53632*(-0.120842*x_1*(-0.20577*x_1 - 0.33337*x_5) - 0.314462*log(Abs(0.130960002541542*x_1 - 0.183987572789192*x_3) + 1.0e-12) + 2.22863)*(-0.168774*x_1*(-0.20577*x_1 - 0.33337*x_5) - 0.0704941*x_1 + 0.181426*x_2 + 0.0435778*x_4 + 0.036429*x_5 + 0.0421607*sin(0.132526263594627*x_1 - 0.107974238693714*x_3 + 0.368780791759491*x_4 + 0.555331707000732) - 0.112378*cos(-0.366643190383911*x_1 + 0.258363723754883*x_2 + 0.140362918376923*x_3 + 0.0647873356938362*x_4 + 0.22504335641861*x_5 - 0.12429167330265) + 2.32341) + 1.33561*exp(-0.108251430094242*x_2 - 0.0471441857516766*x_3 - 0.488231718540192*x_4) - 4.86919*log(0.0144021638663125*Abs(x_1*(0.205770298838615*x_1 + 0.333370417356491*x_5)) + 1.0e-12) + 0.982192*sin(0.132526263594627*x_1 - 0.107974238693714*x_3 + 0.368780791759491*x_4 + 0.555331707000732) - 2.2018*sin(0.257299998871126*x_1*(-0.205770298838615*x_1 - 0.333370417356491*x_5) + 0.543709878916665*exp(-0.108251430094242*x_2 - 0.0471441857516766*x_3 - 0.488231718540192*x_4) + 0.221286997199059*log(Abs(0.130960002541542*x_1 - 0.183987572789192*x_3) + 1.0e-12) + 0.307596176862717*cos(-0.366643190383911*x_1 + 0.258363723754883*x_2 + 0.140362918376923*x_3 + 0.0647873356938362*x_4 + 0.22504335641861*x_5 - 0.12429167330265) - 0.776833891868591) - 2.1996*cos(-0.366643190383911*x_1 + 0.258363723754883*x_2 + 0.140362918376923*x_3 + 0.0647873356938362*x_4 + 0.22504335641861*x_5 - 0.12429167330265) + 1.10842*cos(-0.0920112538821694*x_1 + 0.236802739677196*x_2 + 0.056879201231671*x_4 + 0.0475484372991206*x_5 + 1.42916178703308*sin(0.132526263594627*x_1 - 0.107974238693714*x_3 + 0.368780791759491*x_4 + 0.555331707000732) + 3.63694429397583*cos(-0.366643190383911*x_1 + 0.258363723754883*x_2 + 0.140362918376923*x_3 + 0.0647873356938362*x_4 + 0.22504335641861*x_5 - 0.12429167330265) - 0.74481234327498) + 14.2297 + 7.22121*exp(-0.502204477787018*sin(0.132526263594627*x_1 - 0.107974238693714*x_3 + 0.368780791759491*x_4 + 0.555331707000732)))/(-0.068936*log(0.0144021638663125*Abs(x_1*(0.205770298838615*x_1 + 0.333370417356491*x_5)) + 1.0e-12) - 1.05351*sin(0.257299998871126*x_1*(-0.205770298838615*x_1 - 0.333370417356491*x_5) + 0.543709878916665*exp(-0.108251430094242*x_2 - 0.0471441857516766*x_3 - 0.488231718540192*x_4) + 0.221286997199059*log(Abs(0.130960002541542*x_1 - 0.183987572789192*x_3) + 1.0e-12) + 0.307596176862717*cos(-0.366643190383911*x_1 + 0.258363723754883*x_2 + 0.140362918376923*x_3 + 0.0647873356938362*x_4 + 0.22504335641861*x_5 - 0.12429167330265) - 0.776833891868591) - 0.77269*cos(-0.0920112538821694*x_1 + 0.236802739677196*x_2 + 0.056879201231671*x_4 + 0.0475484372991206*x_5 + 1.42916178703308*sin(0.132526263594627*x_1 - 0.107974238693714*x_3 + 0.368780791759491*x_4 + 0.555331707000732) + 3.63694429397583*cos(-0.366643190383911*x_1 + 0.258363723754883*x_2 + 0.140362918376923*x_3 + 0.0647873356938362*x_4 + 0.22504335641861*x_5 - 0.12429167330265) - 0.74481234327498) + 0.615794 + 1.76646*exp(-0.502204477787018*sin(0.132526263594627*x_1 - 0.107974238693714*x_3 + 0.368780791759491*x_4 + 0.555331707000732))),-4.2*(cos(x0) - tan(x1))*tanh(x2)/sin(x3) + 22.0,"{'complexity': 10.0, 'out_op': 'reg_div', 'run_seed': 1630213524000}"
P14,eql_div,4,1.2400040789941211,677.2475648710197,173.09722578136328,0.9440094503507873,565.5818203634473,143.82804555949892,0.0,0.0,0.0,(5.72327*x_1 - 5.38305*x_3 + 3.76519*x_5 + 1.90401*(1.62311*x_1 - 1.52663*x_3 + 1.0678*x_5 - 1.036*(-0.374206*x_1 + 0.232384*x_3 + 0.310815*x_4)*(0.156667*x_2 - 0.385805*x_3 + 0.0362257*x_4 + 0.154193*x_5 - 0.209774) - 0.153875*exp(-0.191971674561501*x_1 - 0.341126412153244*x_2 + 0.276418060064316*x_3 + 0.351071894168854*x_4 - 0.262203484773636*x_5) + 1.48412*sin(0.627152383327484*x_1 - 0.498232543468475*x_3 + 0.446666181087494*x_5))*(0.966711*x_1 - 0.909245*x_3 + 0.635975*x_5 - 1.7225*(-0.374206*x_1 + 0.232384*x_3 + 0.310815*x_4)*(0.156667*x_2 - 0.385805*x_3 + 0.0362257*x_4 + 0.154193*x_5 - 0.209774) - 0.636388*exp(-0.191971674561501*x_1 - 0.341126412153244*x_2 + 0.276418060064316*x_3 + 0.351071894168854*x_4 - 0.262203484773636*x_5) + 2.8076*sin(0.627152383327484*x_1 - 0.498232543468475*x_3 + 0.446666181087494*x_5) - 1.70574*cos(0.224467173218727*x_1 - 0.44292426109314*x_3 - 0.337498784065247*x_4 + 0.668892681598663*x_5)) + 1.73905*exp(-0.191971674561501*x_1 - 0.341126412153244*x_2 + 0.276418060064316*x_3 + 0.351071894168854*x_4 - 0.262203484773636*x_5) + 4.41864*exp(0.202318157076409*x_1 - 0.190291289502111*x_3 + 0.133100058562561*x_5 + 0.108000807464123*exp(-0.191971674561501*x_1 - 0.341126412153244*x_2 + 0.276418060064316*x_3 + 0.351071894168854*x_4 - 0.262203484773636*x_5) + 0.490068435668945*cos(0.224467173218727*x_1 - 0.44292426109314*x_3 - 0.337498784065247*x_4 + 0.668892681598663*x_5)) - 3.66955*log(Abs(0.262324333683921*x_1 - 0.246730379743639*x_3 + 0.172576622287679*x_5 + 0.104054547846317*exp(-0.191971674561501*x_1 - 0.341126412153244*x_2 + 0.276418060064316*x_3 + 0.351071894168854*x_4 - 0.262203484773636*x_5) - 0.0655902102589607*sin(0.627152383327484*x_1 - 0.498232543468475*x_3 + 0.446666181087494*x_5) + 0.207736238837242*cos(0.224467173218727*x_1 - 0.44292426109314*x_3 - 0.337498784065247*x_4 + 0.668892681598663*x_5)) + 1.0e-12) + 8.16785*sin(0.627152383327484*x_1 - 0.498232543468475*x_3 + 0.446666181087494*x_5) + 17.3716*cos(0.224467173218727*x_1 - 0.44292426109314*x_3 - 0.337498784065247*x_4 + 0.668892681598663*x_5) + 2.72858*cos(0.0727142218116317*x_1 - 0.0683917016328506*x_3 + 0.0478368690250774*x_5 + 0.893859505653381*(-0.374206304550171*x_1 + 0.232383608818054*x_3 + 0.310815244913101*x_4)*(0.156666591763496*x_2 - 0.385805040597916*x_3 + 0.0362257063388824*x_4 + 0.154192939400673*x_5 - 0.209774047136307) - 1.79906690120697*sin(0.627152383327484*x_1 - 0.498232543468475*x_3 + 0.446666181087494*x_5) - 0.508712530136108) + 15.6685)/(-0.105997*x_1 + 0.099696*x_3 - 0.0697328*x_5 + 0.0675733*(1.62311*x_1 - 1.52663*x_3 + 1.0678*x_5 - 1.036*(-0.374206*x_1 + 0.232384*x_3 + 0.310815*x_4)*(0.156667*x_2 - 0.385805*x_3 + 0.0362257*x_4 + 0.154193*x_5 - 0.209774) - 0.153875*exp(-0.191971674561501*x_1 - 0.341126412153244*x_2 + 0.276418060064316*x_3 + 0.351071894168854*x_4 - 0.262203484773636*x_5) + 1.48412*sin(0.627152383327484*x_1 - 0.498232543468475*x_3 + 0.446666181087494*x_5))*(0.966711*x_1 - 0.909245*x_3 + 0.635975*x_5 - 1.7225*(-0.374206*x_1 + 0.232384*x_3 + 0.310815*x_4)*(0.156667*x_2 - 0.385805*x_3 + 0.0362257*x_4 + 0.154193*x_5 - 0.209774) - 0.636388*exp(-0.191971674561501*x_1 - 0.341126412153244*x_2 + 0.276418060064316*x_3 + 0.351071894168854*x_4 - 0.262203484773636*x_5) + 2.8076*sin(0.627152383327484*x_1 - 0.498232543468475*x_3 + 0.446666181087494*x_5) - 1.70574*cos(0.224467173218727*x_1 - 0.44292426109314*x_3 - 0.337498784065247*x_4 + 0.668892681598663*x_5)) - 0.0322078*exp(-0.191971674561501*x_1 - 0.341126412153244*x_2 + 0.276418060064316*x_3 + 0.351071894168854*x_4 - 0.262203484773636*x_5) + 1.3339*exp(0.202318157076409*x_1 - 0.190291289502111*x_3 + 0.133100058562561*x_5 + 0.108000807464123*exp(-0.191971674561501*x_1 - 0.341126412153244*x_2 + 0.276418060064316*x_3 + 0.351071894168854*x_4 - 0.262203484773636*x_5) + 0.490068435668945*cos(0.224467173218727*x_1 - 0.44292426109314*x_3 - 0.337498784065247*x_4 + 0.668892681598663*x_5)) - 0.151272*sin(0.627152383327484*x_1 - 0.498232543468475*x_3 + 0.446666181087494*x_5) + 0.835636*sin(0.318453714666429*x_1 - 0.299523131716379*x_3 + 0.209502739072296*x_5 + 0.712034225463867*(-0.374206304550171*x_1 + 0.232383608818054*x_3 + 0.310815244913101*x_4)*(0.156666591763496*x_2 - 0.385805040597916*x_3 + 0.0362257063388824*x_4 + 0.154192939400673*x_5 - 0.209774047136307) + 0.380799233913422*exp(-0.191971674561501*x_1 - 0.341126412153244*x_2 + 0.276418060064316*x_3 + 0.351071894168854*x_4 - 0.262203484773636*x_5)) - 0.321728*cos(0.224467173218727*x_1 - 0.44292426109314*x_3 - 0.337498784065247*x_4 + 0.668892681598663*x_5) + 0.67399*cos(0.0727142218116317*x_1 - 0.0683917016328506*x_3 + 0.0478368690250774*x_5 + 0.893859505653381*(-0.374206304550171*x_1 + 0.232383608818054*x_3 + 0.310815244913101*x_4)*(0.156666591763496*x_2 - 0.385805040597916*x_3 + 0.0362257063388824*x_4 + 0.154192939400673*x_5 - 0.209774047136307) - 1.79906690120697*sin(0.627152383327484*x_1 - 0.498232543468475*x_3 + 0.446666181087494*x_5) - 0.508712530136108) - 0.223724),-4.2*(cos(x0) - tan(x1))*tanh(x2)/sin(x3) + 22.0,"{'complexity': 9.0, 'out_op': 'reg_div', 'run_seed': 1630214524000}"
P15,eql_div,0,1.249197638013844,551.0312108682697,69.70412118110264,0.9759405738411578,632.9521363050218,139.72632769268424,0.0,0.0,0.0,(2.74013*exp(-0.0708264344713214*x_1 + 0.0940345584895184*x_2 + 0.312669080652427*x_3 - 0.556439578533173*(-0.750171899795532*x_2 - 0.330746322870255*x_3 + 0.1632469445467*x_5)*(-0.0507282577455044*x_1 - 0.195912644267082*x_2 + 0.168473795056343*x_3 - 0.100695878267288*x_5 - 1.16321492195129) + 0.16255254007977*exp(0.147989168763161*x_1 + 0.235211089253426*x_2 + 0.374970465898514*x_3 - 0.0853524431586266*x_5) + 0.696690738201141*sin(0.179755717515945*x_1 - 0.0724784061312675*x_2 - 0.229926154017448*x_4 + 0.281498432159424*x_5 + 0.357378005981445) + 0.352733194828033*cos(0.3267962038517*x_1 - 0.0706174075603485*x_2 - 0.340414881706238*x_3 + 0.387607365846634*x_4 + 0.139727041125298*x_5 - 0.0680777281522751))/(Abs(0.0616771876811981*x_1 - 0.426740288734436*x_2 + 0.164694413542747*x_4 + 0.169610843062401*x_5) + 1.0e-12)**0.126175 - 1.40352*(-0.151227*x_1 + 0.20078*x_2 + 0.667603*x_3 + 2.67298*(-0.750172*x_2 - 0.330746*x_3 + 0.163247*x_5)*(-0.0507283*x_1 - 0.195913*x_2 + 0.168474*x_3 - 0.100696*x_5 - 1.16321) + 0.160422*exp(0.147989168763161*x_1 + 0.235211089253426*x_2 + 0.374970465898514*x_3 - 0.0853524431586266*x_5) - 2.50591*sin(0.179755717515945*x_1 - 0.0724784061312675*x_2 - 0.229926154017448*x_4 + 0.281498432159424*x_5 + 0.357378005981445) + 0.321163)*(0.0883714*x_1 - 0.117329*x_2 - 0.390123*x_3 - 2.26932*(-0.750172*x_2 - 0.330746*x_3 + 0.163247*x_5)*(-0.0507283*x_1 - 0.195913*x_2 + 0.168474*x_3 - 0.100696*x_5 - 1.16321) - 0.256537*exp(0.147989168763161*x_1 + 0.235211089253426*x_2 + 0.374970465898514*x_3 - 0.0853524431586266*x_5) + 1.35495*log(Abs(0.0616771876811981*x_1 - 0.426740288734436*x_2 + 0.164694413542747*x_4 + 0.169610843062401*x_5) + 1.0e-12) - 0.766674) - 6.37445*log(Abs(-0.0154724838835156*x_1 + 0.0205424457913621*x_2 + 0.0683045440220091*x_3 + 0.338643729686737*sin(0.179755717515945*x_1 - 0.0724784061312675*x_2 - 0.229926154017448*x_4 + 0.281498432159424*x_5 + 0.357378005981445) + 0.179363176226616*cos(0.3267962038517*x_1 - 0.0706174075603485*x_2 - 0.340414881706238*x_3 + 0.387607365846634*x_4 + 0.139727041125298*x_5 - 0.0680777281522751) + 0.174356925338131) + 1.0e-12) + 2.7521)/(-0.0511206*x_1 + 0.0678716*x_2 + 0.225676*x_3 - 0.491735*exp(-0.0708264344713214*x_1 + 0.0940345584895184*x_2 + 0.312669080652427*x_3 - 0.556439578533173*(-0.750171899795532*x_2 - 0.330746322870255*x_3 + 0.1632469445467*x_5)*(-0.0507282577455044*x_1 - 0.195912644267082*x_2 + 0.168473795056343*x_3 - 0.100695878267288*x_5 - 1.16321492195129) + 0.16255254007977*exp(0.147989168763161*x_1 + 0.235211089253426*x_2 + 0.374970465898514*x_3 - 0.0853524431586266*x_5) + 0.696690738201141*sin(0.179755717515945*x_1 - 0.0724784061312675*x_2 - 0.229926154017448*x_4 + 0.281498432159424*x_5 + 0.357378005981445) + 0.352733194828033*cos(0.3267962038517*x_1 - 0.0706174075603485*x_2 - 0.340414881706238*x_3 + 0.387607365846634*x_4 + 0.139727041125298*x_5 - 0.0680777281522751))/(Abs(0.0616771876811981*x_1 - 0.426740288734436*x_2 + 0.164694413542747*x_4 + 0.169610843062401*x_5) + 1.0e-12)**0.126175 - 0.0917872*(-0.151227*x_1 + 0.20078*x_2 + 0.667603*x_3 + 2.67298*(-0.750172*x_2 - 0.330746*x_3 + 0.163247*x_5)*(-0.0507283*x_1 - 0.195913*x_2 + 0.168474*x_3 - 0.100696*x_5 - 1.16321) + 0.160422*exp(0.147989168763161*x_1 + 0.235211089253426*x_2 + 0.374970465898514*x_3 - 0.0853524431586266*x_5) - 2.50591*sin(0.179755717515945*x_1 - 0.0724784061312675*x_2 - 0.229926154017448*x_4 + 0.281498432159424*x_5 + 0.357378005981445) + 0.321163)*(0.0883714*x_1 - 0.117329*x_2 - 0.390123*x_3 - 2.26932*(-0.750172*x_2 - 0.330746*x_3 + 0.163247*x_5)*(-0.0507283*x_1 - 0.195913*x_2 + 0.168474*x_3 - 0.100696*x_5 - 1.16321) - 0.256537*exp(0.147989168763161*x_1 + 0.235211089253426*x_2 + 0.374970465898514*x_3 - 0.0853524431586266*x_5) + 1.35495*log(Abs(0.0616771876811981*x_1 - 0.426740288734436*x_2 + 0.164694413542747*x_4 + 0.169610843062401*x_5) + 1.0e-12) - 0.766674) + 1.49553*exp(0.147989168763161*x_1 + 0.235211089253426*x_2 + 0.374970465898514*x_3 - 0.0853524431586266*x_5) + 2.98541*sin(0.179755717515945*x_1 - 0.0724784061312675*x_2 - 0.229926154017448*x_4 + 0.281498432159424*x_5 + 0.357378005981445) + 3.31466*sin(0.152708025838933*x_1 - 0.202746783665702*x_2 - 0.674142054498589*x_3 + 1.14067582612072*exp(0.147989168763161*x_1 + 0.235211089253426*x_2 + 0.374970465898514*x_3 - 0.0853524431586266*x_5) + 0.0643869191408157*log(Abs(0.0616771876811981*x_1 - 0.426740288734436*x_2 + 0.164694413542747*x_4 + 0.169610843062401*x_5) + 1.0e-12) + 0.700739741325378*cos(0.3267962038517*x_1 - 0.0706174075603485*x_2 - 0.340414881706238*x_3 + 0.387607365846634*x_4 + 0.139727041125298*x_5 - 0.0680777281522751) + 0.800598714660055) + 1.82366*cos(1.33763039112091*(-0.750171899795532*x_2 - 0.330746322870255*x_3 + 0.1632469445467*x_5)*(-0.0507282577455044*x_1 - 0.195912644267082*x_2 + 0.168473795056343*x_3 - 0.100695878267288*x_5 - 1.16321492195129) - 0.937281622552951*exp(0.147989168763161*x_1 + 0.235211089253426*x_2 + 0.374970465898514*x_3 - 0.0853524431586266*x_5) + 1.26315152645111) + 0.108566),-6.0*(log(x2) - tan(x3))*exp(-x1)*tan(x0) + 12.0,"{'complexity': 9.0, 'out_op': 'reg_div', 'run_seed': 1630210525000}"
P15,eql_div,1,4.536880123853213,2001.2546230761573,186.66974424476888,0.91219319950867,591.608392793287,124.48477175057924,0.0,0.0,0.0,(2.62956*x_2 + 0.646142*x_3 + 0.949654*x_4 + 1.01984*x_5 + 3.15625*exp(-0.631743550300598*(0.413569867610931*x_2 - 0.340950071811676*x_3 + 0.204143509268761*x_4 - 0.245927900075912*x_5)*(-0.100650317966938*x_1 - 0.311567932367325*x_2 + 0.344994455575943*x_3 - 0.292943269014359*x_4 - 0.307522922754288*x_5) - 0.585087276697457*exp(-0.045746698975563*x_1 - 0.246682420372963*x_2 - 0.0827138498425484*x_4 - 0.340622782707214*x_5) - 1.8922723531723*sin(-0.170037895441055*x_2 - 0.281214147806168*x_3 + 0.228848502039909*x_4 + 0.482502847909927*x_5 + 0.618196308612823))/(Abs(0.348742216825485*x_1 - 0.216870248317719*x_2 - 0.0775213316082954*x_3 + 0.256433099508286*x_4 + 0.0579607225954533*x_5) + 1.0e-12)**1.14542 - 1.90957*(-0.197034*(0.41357*x_2 - 0.34095*x_3 + 0.204144*x_4 - 0.245928*x_5)*(-0.10065*x_1 - 0.311568*x_2 + 0.344994*x_3 - 0.292943*x_4 - 0.307523*x_5) + 3.17703*exp(-0.045746698975563*x_1 - 0.246682420372963*x_2 - 0.0827138498425484*x_4 - 0.340622782707214*x_5) - 0.0742186*log(Abs(0.348742216825485*x_1 - 0.216870248317719*x_2 - 0.0775213316082954*x_3 + 0.256433099508286*x_4 + 0.0579607225954533*x_5) + 1.0e-12) + 1.88992*sin(-0.170037895441055*x_2 - 0.281214147806168*x_3 + 0.228848502039909*x_4 + 0.482502847909927*x_5 + 0.618196308612823) + 2.11604)*(-0.796144*x_2 - 0.19563*x_3 - 0.287523*x_4 - 0.308773*x_5 - 0.339227*exp(-0.045746698975563*x_1 - 0.246682420372963*x_2 - 0.0827138498425484*x_4 - 0.340622782707214*x_5) - 1.09951*log(Abs(0.348742216825485*x_1 - 0.216870248317719*x_2 - 0.0775213316082954*x_3 + 0.256433099508286*x_4 + 0.0579607225954533*x_5) + 1.0e-12) - 1.06353*sin(-0.170037895441055*x_2 - 0.281214147806168*x_3 + 0.228848502039909*x_4 + 0.482502847909927*x_5 + 0.618196308612823) - 1.94199*cos(0.45959597826004*x_2 + 0.953226625919342*x_4 + 0.230602979660034*x_5) - 2.00626) + 1.97915*exp(-0.045746698975563*x_1 - 0.246682420372963*x_2 - 0.0827138498425484*x_4 - 0.340622782707214*x_5) + 4.71394*log(Abs(0.348742216825485*x_1 - 0.216870248317719*x_2 - 0.0775213316082954*x_3 + 0.256433099508286*x_4 + 0.0579607225954533*x_5) + 1.0e-12) + 3.31529*log(Abs(0.210219787949177*x_2 + 0.0516556351784558*x_3 + 0.0759198554920593*x_4 + 0.0815307381580124*x_5 - 0.346254527568817*(0.413569867610931*x_2 - 0.340950071811676*x_3 + 0.204143509268761*x_4 - 0.245927900075912*x_5)*(-0.100650317966938*x_1 - 0.311567932367325*x_2 + 0.344994455575943*x_3 - 0.292943269014359*x_4 - 0.307522922754288*x_5) - 0.246227771043777*log(Abs(0.348742216825485*x_1 - 0.216870248317719*x_2 - 0.0775213316082954*x_3 + 0.256433099508286*x_4 + 0.0579607225954533*x_5) + 1.0e-12) - 0.23844601213932*cos(0.45959597826004*x_2 + 0.953226625919342*x_4 + 0.230602979660034*x_5) + 0.228872273095586) + 1.0e-12) - 0.498921*sin(-0.170037895441055*x_2 - 0.281214147806168*x_3 + 0.228848502039909*x_4 + 0.482502847909927*x_5 + 0.618196308612823) + 7.09446*cos(0.0151155702722385*x_2 + 0.00371422876559002*x_3 + 0.00545891479552751*x_4 + 0.00586235774470889*x_5 + 0.900024473667145*(0.413569867610931*x_2 - 0.340950071811676*x_3 + 0.204143509268761*x_4 - 0.245927900075912*x_5)*(-0.100650317966938*x_1 - 0.311567932367325*x_2 + 0.344994455575943*x_3 - 0.292943269014359*x_4 - 0.307522922754288*x_5) + 1.09641509008632*exp(-0.045746698975563*x_1 - 0.246682420372963*x_2 - 0.0827138498425484*x_4 - 0.340622782707214*x_5) + 0.31918329000473*log(Abs(0.348742216825485*x_1 - 0.216870248317719*x_2 - 0.0775213316082954*x_3 + 0.256433099508286*x_4 + 0.0579607225954533*x_5) + 1.0e-12) + 0.0164567520550429) + 7.44479)/(0.812971*x_2 + 0.199765*x_3 + 0.2936*x_4 + 0.315299*x_5 + 0.370866*exp(-0.631743550300598*(0.413569867610931*x_2 - 0.340950071811676*x_3 + 0.204143509268761*x_4 - 0.245927900075912*x_5)*(-0.100650317966938*x_1 - 0.311567932367325*x_2 + 0.344994455575943*x_3 - 0.292943269014359*x_4 - 0.307522922754288*x_5) - 0.585087276697457*exp(-0.045746698975563*x_1 - 0.246682420372963*x_2 - 0.0827138498425484*x_4 - 0.340622782707214*x_5) - 1.8922723531723*sin(-0.170037895441055*x_2 - 0.281214147806168*x_3 + 0.228848502039909*x_4 + 0.482502847909927*x_5 + 0.618196308612823))/(Abs(0.348742216825485*x_1 - 0.216870248317719*x_2 - 0.0775213316082954*x_3 + 0.256433099508286*x_4 + 0.0579607225954533*x_5) + 1.0e-12)**1.14542 + 0.611886*exp(-0.045746698975563*x_1 - 0.246682420372963*x_2 - 0.0827138498425484*x_4 - 0.340622782707214*x_5) + 1.45739*log(Abs(0.348742216825485*x_1 - 0.216870248317719*x_2 - 0.0775213316082954*x_3 + 0.256433099508286*x_4 + 0.0579607225954533*x_5) + 1.0e-12) - 1.462*log(Abs(0.210219787949177*x_2 + 0.0516556351784558*x_3 + 0.0759198554920593*x_4 + 0.0815307381580124*x_5 - 0.346254527568817*(0.413569867610931*x_2 - 0.340950071811676*x_3 + 0.204143509268761*x_4 - 0.245927900075912*x_5)*(-0.100650317966938*x_1 - 0.311567932367325*x_2 + 0.344994455575943*x_3 - 0.292943269014359*x_4 - 0.307522922754288*x_5) - 0.246227771043777*log(Abs(0.348742216825485*x_1 - 0.216870248317719*x_2 - 0.0775213316082954*x_3 + 0.256433099508286*x_4 + 0.0579607225954533*x_5) + 1.0e-12) - 0.23844601213932*cos(0.45959597826004*x_2 + 0.953226625919342*x_4 + 0.230602979660034*x_5) + 0.228872273095586) + 1.0e-12) - 0.154249*sin(-0.170037895441055*x_2 - 0.281214147806168*x_3 + 0.228848502039909*x_4 + 0.482502847909927*x_5 + 0.618196308612823) + 1.85998*sin(0.061447723713969*x_2 + 0.0150990600346468*x_3 + 0.0221915470003631*x_4 + 0.0238316208069846*x_5 + 0.248158648610115*(0.413569867610931*x_2 - 0.340950071811676*x_3 + 0.204143509268761*x_4 - 0.245927900075912*x_5)*(-0.100650317966938*x_1 - 0.311567932367325*x_2 + 0.344994455575943*x_3 - 0.292943269014359*x_4 - 0.307522922754288*x_5) + 0.407347344902902*exp(-0.045746698975563*x_1 - 0.246682420372963*x_2 - 0.0827138498425484*x_4 - 0.340622782707214*x_5) + 2.25666213035583*sin(-0.170037895441055*x_2 - 0.281214147806168*x_3 + 0.228848502039909*x_4 + 0.482502847909927*x_5 + 0.618196308612823) + 0.0668998876850058) + 2.10759*cos(0.0151155702722385*x_2 + 0.00371422876559002*x_3 + 0.00545891479552751*x_4 + 0.00586235774470889*x_5 + 0.900024473667145*(0.413569867610931*x_2 - 0.340950071811676*x_3 + 0.204143509268761*x_4 - 0.245927900075912*x_5)*(-0.100650317966938*x_1 - 0.311567932367325*x_2 + 0.344994455575943*x_3 - 0.292943269014359*x_4 - 0.307522922754288*x_5) + 1.09641509008632*exp(-0.045746698975563*x_1 - 0.246682420372963*x_2 - 0.0827138498425484*x_4 - 0.340622782707214*x_5) + 0.31918329000473*log(Abs(0.348742216825485*x_1 - 0.216870248317719*x_2 - 0.0775213316082954*x_3 + 0.256433099508286*x_4 + 0.0579607225954533*x_5) + 1.0e-12) + 0.0164567520550429) + 1.46023),-6.0*(log(x2) - tan(x3))*exp(-x1)*tan(x0) + 12.0,"{'complexity': 10.0, 'out_op': 'reg_div', 'run_seed': 1630211525000}"
P15,eql_div,2,1.2756321892310234,562.6917058313575,106.15890444525517,0.9770162643684551,633.6497818743377,121.6659309420441,0.0,0.0,0.0,(6.66899*exp(0.00838946728944134*x_1 - 0.00544579206545692*x_2 - 0.0174499344713106*x_3 + 0.00445601970083864*x_5 - 0.779834985733032*exp(-0.0790535658597946*x_1 - 0.25219064950943*x_2 - 0.440985709428787*x_3 - 0.449715912342072*x_5) + 0.540299296379089*sin(0.0742017105221748*x_1 + 1.1287921667099*x_2 - 0.343014597892761*x_3 + 0.361423373222351*x_5))/(Abs(0.149970039725304*x_1 - 0.0935980007052422*x_2 - 0.352174073457718*x_3 + 0.296318858861923*x_4 + 0.131071269512177*x_5 - 0.100550964474678) + 1.0e-12)**0.217618 + 2.31247*(0.433416*log(Abs(0.149970039725304*x_1 - 0.0935980007052422*x_2 - 0.352174073457718*x_3 + 0.296318858861923*x_4 + 0.131071269512177*x_5 - 0.100550964474678) + 1.0e-12) - 1.69011*cos(0.216632023453712*x_1 - 0.136312305927277*x_2 + 0.139057323336601*x_4 - 0.140762507915497*x_5 + 0.0277437027543783) - 1.45222)*(0.126027*x_1 - 0.0818068*x_2 - 0.262133*x_3 + 0.0669384*x_5 - 2.11026*(0.248238*x_1 - 0.255011*x_3 + 0.110602*x_4 - 0.0479438*x_5)*(0.338987*x_1 - 0.0641249*x_2 - 0.167328*x_3 + 0.0958456*x_4 - 0.156185*x_5 - 0.0408634) - 0.414875*exp(-0.0790535658597946*x_1 - 0.25219064950943*x_2 - 0.440985709428787*x_3 - 0.449715912342072*x_5) - 0.742042) + 0.113919*(0.248238*x_1 - 0.255011*x_3 + 0.110602*x_4 - 0.0479438*x_5)*(0.338987*x_1 - 0.0641249*x_2 - 0.167328*x_3 + 0.0958456*x_4 - 0.156185*x_5 - 0.0408634) + 0.0201986*exp(-0.0790535658597946*x_1 - 0.25219064950943*x_2 - 0.440985709428787*x_3 - 0.449715912342072*x_5) - 3.38902*log(Abs(0.0520411575204127*x_1 - 0.0337810867989843*x_2 - 0.108244630703224*x_3 + 0.0276413764026784*x_5 - 0.401895374059677*(0.248238459229469*x_1 - 0.255011409521103*x_3 + 0.110602147877216*x_4 - 0.0479438118636608*x_5)*(0.338986486196518*x_1 - 0.0641248673200607*x_2 - 0.167328268289566*x_3 + 0.0958456248044968*x_4 - 0.156185045838356*x_5 - 0.0408633872866631) + 0.362375199794769*exp(-0.0790535658597946*x_1 - 0.25219064950943*x_2 - 0.440985709428787*x_3 - 0.449715912342072*x_5) - 0.14416366815567*log(Abs(0.149970039725304*x_1 - 0.0935980007052422*x_2 - 0.352174073457718*x_3 + 0.296318858861923*x_4 + 0.131071269512177*x_5 - 0.100550964474678) + 1.0e-12) + 0.202473893761635*cos(0.216632023453712*x_1 - 0.136312305927277*x_2 + 0.139057323336601*x_4 - 0.140762507915497*x_5 + 0.0277437027543783)) + 1.0e-12) + 0.10381*sin(0.0742017105221748*x_1 + 1.1287921667099*x_2 - 0.343014597892761*x_3 + 0.361423373222351*x_5) + 3.37181*sin(0.430918157100677*(0.248238459229469*x_1 - 0.255011409521103*x_3 + 0.110602147877216*x_4 - 0.0479438118636608*x_5)*(0.338986486196518*x_1 - 0.0641248673200607*x_2 - 0.167328268289566*x_3 + 0.0958456248044968*x_4 - 0.156185045838356*x_5 - 0.0408633872866631) - 2.1682984828949*sin(0.0742017105221748*x_1 + 1.1287921667099*x_2 - 0.343014597892761*x_3 + 0.361423373222351*x_5) + 0.923983633518219*cos(0.216632023453712*x_1 - 0.136312305927277*x_2 + 0.139057323336601*x_4 - 0.140762507915497*x_5 + 0.0277437027543783) + 0.594545423984528) + 0.128543*cos(0.216632023453712*x_1 - 0.136312305927277*x_2 + 0.139057323336601*x_4 - 0.140762507915497*x_5 + 0.0277437027543783) + 3.97334)/(0.72207*(0.248238*x_1 - 0.255011*x_3 + 0.110602*x_4 - 0.0479438*x_5)*(0.338987*x_1 - 0.0641249*x_2 - 0.167328*x_3 + 0.0958456*x_4 - 0.156185*x_5 - 0.0408634) + 0.128028*exp(-0.0790535658597946*x_1 - 0.25219064950943*x_2 - 0.440985709428787*x_3 - 0.449715912342072*x_5) + 0.657991*sin(0.0742017105221748*x_1 + 1.1287921667099*x_2 - 0.343014597892761*x_3 + 0.361423373222351*x_5) + 1.43394*sin(0.430918157100677*(0.248238459229469*x_1 - 0.255011409521103*x_3 + 0.110602147877216*x_4 - 0.0479438118636608*x_5)*(0.338986486196518*x_1 - 0.0641248673200607*x_2 - 0.167328268289566*x_3 + 0.0958456248044968*x_4 - 0.156185045838356*x_5 - 0.0408633872866631) - 2.1682984828949*sin(0.0742017105221748*x_1 + 1.1287921667099*x_2 - 0.343014597892761*x_3 + 0.361423373222351*x_5) + 0.923983633518219*cos(0.216632023453712*x_1 - 0.136312305927277*x_2 + 0.139057323336601*x_4 - 0.140762507915497*x_5 + 0.0277437027543783) + 0.594545423984528) + 0.814763*cos(0.216632023453712*x_1 - 0.136312305927277*x_2 + 0.139057323336601*x_4 - 0.140762507915497*x_5 + 0.0277437027543783) + 2.64631*cos(0.0212134353465343*x_1 - 0.0137701184003225*x_2 - 0.0441235472929602*x_3 + 0.0112674002490709*x_5 + 0.563718974590302*(0.248238459229469*x_1 - 0.255011409521103*x_3 + 0.110602147877216*x_4 - 0.0479438118636608*x_5)*(0.338986486196518*x_1 - 0.0641248673200607*x_2 - 0.167328268289566*x_3 + 0.0958456248044968*x_4 - 0.156185045838356*x_5 - 0.0408633872866631) + 0.290823101997375*exp(-0.0790535658597946*x_1 - 0.25219064950943*x_2 - 0.440985709428787*x_3 - 0.449715912342072*x_5) - 0.111864142119884*sin(0.0742017105221748*x_1 + 1.1287921667099*x_2 - 0.343014597892761*x_3 + 0.361423373222351*x_5) - 0.966647624969482) + 0.230175),-6.0*(log(x2) - tan(x3))*exp(-x1)*tan(x0) + 12.0,"{'complexity': 10.0, 'out_op': 'reg_div', 'run_seed': 1630212525000}"
P15,eql_div,3,1.2205120216607586,538.3777528144464,89.65453536882082,0.9191243825435859,596.103653290352,121.14243503548592,0.0,0.0,0.0,(-3.28026*x_2*(0.387676*x_1 - 0.505279*x_2) + 13.2969*x_2 + 3.66432*x_3 + 1.87087*x_4 + 2.48192*exp(-0.189725950360298*x_1 - 0.226496130228043*x_2 + 0.458452820777893*x_3 - 0.441395163536072*x_4 + 0.0460916645824909*x_5) + 9.16807*sin(0.256294578313828*x_1 + 0.0372400432825089*x_2 + 0.301703333854675*x_3 - 0.296239137649536*x_4 - 0.203283593058586*x_5 + 0.0955558344721794) - 7.82795*sin(0.861880535742728*x_2 + 0.237514945254418*x_3 + 0.121266459044518*x_4 - 0.0638690590858459*exp(-0.189725950360298*x_1 - 0.226496130228043*x_2 + 0.458452820777893*x_3 - 0.441395163536072*x_4 + 0.0460916645824909*x_5) + 0.876719176769257*log(Abs(0.333229243755341*x_1 + 0.27372282743454*x_3 + 0.198113173246384*x_5) + 1.0e-12) - 1.48501539230347*sin(0.256294578313828*x_1 + 0.0372400432825089*x_2 + 0.301703333854675*x_3 - 0.296239137649536*x_4 - 0.203283593058586*x_5 + 0.0955558344721794) - 2.12125897407532*cos(0.345939099788666*x_1 - 0.224434614181519*x_3 + 0.149289131164551*x_5 + 0.555894315242767) + 1.21191755249734) + 39.1114)/(0.751708*exp(0.273996119452448*x_2 + 0.0755071852917411*x_3 + 0.0385512119371674*x_4 + 0.0489190444350243*exp(-0.189725950360298*x_1 - 0.226496130228043*x_2 + 0.458452820777893*x_3 - 0.441395163536072*x_4 + 0.0460916645824909*x_5) + 0.776165008544922*sin(0.256294578313828*x_1 + 0.0372400432825089*x_2 + 0.301703333854675*x_3 - 0.296239137649536*x_4 - 0.203283593058586*x_5 + 0.0955558344721794) + 0.584024786949158*cos(0.345939099788666*x_1 - 0.224434614181519*x_3 + 0.149289131164551*x_5 + 0.555894315242767))/(Abs(0.333229243755341*x_1 + 0.27372282743454*x_3 + 0.198113173246384*x_5) + 1.0e-12)**0.233439 + 0.687611*(0.372244*x_2 + 0.102582*x_3 + 0.0523747*x_4 + 0.074906*exp(-0.189725950360298*x_1 - 0.226496130228043*x_2 + 0.458452820777893*x_3 - 0.441395163536072*x_4 + 0.0460916645824909*x_5) - 0.845103*sin(0.256294578313828*x_1 + 0.0372400432825089*x_2 + 0.301703333854675*x_3 - 0.296239137649536*x_4 - 0.203283593058586*x_5 + 0.0955558344721794) - 0.918662*cos(0.345939099788666*x_1 - 0.224434614181519*x_3 + 0.149289131164551*x_5 + 0.555894315242767) + 0.129449)*(1.1166*x_2 + 0.307709*x_3 + 0.157105*x_4 - 0.0744305*exp(-0.189725950360298*x_1 - 0.226496130228043*x_2 + 0.458452820777893*x_3 - 0.441395163536072*x_4 + 0.0460916645824909*x_5) + 1.49501*log(Abs(0.333229243755341*x_1 + 0.27372282743454*x_3 + 0.198113173246384*x_5) + 1.0e-12) - 2.30915*cos(0.345939099788666*x_1 - 0.224434614181519*x_3 + 0.149289131164551*x_5 + 0.555894315242767) + 1.2022) + 2.7805*sin(0.861880535742728*x_2 + 0.237514945254418*x_3 + 0.121266459044518*x_4 - 0.0638690590858459*exp(-0.189725950360298*x_1 - 0.226496130228043*x_2 + 0.458452820777893*x_3 - 0.441395163536072*x_4 + 0.0460916645824909*x_5) + 0.876719176769257*log(Abs(0.333229243755341*x_1 + 0.27372282743454*x_3 + 0.198113173246384*x_5) + 1.0e-12) - 1.48501539230347*sin(0.256294578313828*x_1 + 0.0372400432825089*x_2 + 0.301703333854675*x_3 - 0.296239137649536*x_4 - 0.203283593058586*x_5 + 0.0955558344721794) - 2.12125897407532*cos(0.345939099788666*x_1 - 0.224434614181519*x_3 + 0.149289131164551*x_5 + 0.555894315242767) + 1.21191755249734) + 2.40663*cos(0.281479307443174*x_2*(0.387676507234573*x_1 - 0.505279362201691*x_2) + 0.368423969888809*x_2 + 0.101529383028875*x_3 + 0.0518371959949637*x_4 - 0.096275731921196*exp(-0.189725950360298*x_1 - 0.226496130228043*x_2 + 0.458452820777893*x_3 - 0.441395163536072*x_4 + 0.0460916645824909*x_5) + 2.62276363372803*sin(0.256294578313828*x_1 + 0.0372400432825089*x_2 + 0.301703333854675*x_3 - 0.296239137649536*x_4 - 0.203283593058586*x_5 + 0.0955558344721794) + 2.41895389556885*cos(0.345939099788666*x_1 - 0.224434614181519*x_3 + 0.149289131164551*x_5 + 0.555894315242767) + 0.396668368479958) + 3.72199),-6.0*(log(x2) - tan(x3))*exp(-x1)*tan(x0) + 12.0,"{'complexity': 9.0, 'out_op': 'reg_div', 'run_seed': 1630213525000}"
P15,eql_div,4,6802.3463249049655,3000570.1404601657,1329.3135849206826,0.9734452553394795,631.3337824638833,154.06007711898147,0.0,0.0,0.0,(0.342146*x_1 + 2.82423*x_2 - 0.197741*x_4 - 2.08164*x_5 + 16.7349*(Abs(-0.257299989461899*x_3 + 0.456438332796097*x_4 + 0.329871237277985*x_5) + 1.0e-12)**0.0670287*exp(-0.00846797401722965*x_1 - 0.0698985675092296*x_2 + 0.00489402646005152*x_4 + 0.0515198871339753*x_5) + 1.40576*(-0.0679213*x_1 - 0.560654*x_2 + 0.0392548*x_4 + 0.413239*x_5 - 0.28426*(-0.117044*x_1 + 0.0579567*x_2 - 0.0617957*x_3 + 0.417581*x_4)*(-0.202819*x_1 + 0.294395*x_2 - 0.336185*x_3 - 0.469834*x_4 + 0.194561*x_5))*(-0.0344423*x_1 - 0.284302*x_2 + 0.0199057*x_4 + 0.20955*x_5 + 0.245346*exp(0.100219532847404*x_1 + 0.344230502843857*x_2 - 0.167158037424088*x_3 - 0.3340924680233*x_4 + 0.488401710987091*x_5) - 1.31436*log(Abs(-0.257299989461899*x_3 + 0.456438332796097*x_4 + 0.329871237277985*x_5) + 1.0e-12)) - 2.54695*log(Abs(-0.257299989461899*x_3 + 0.456438332796097*x_4 + 0.329871237277985*x_5) + 1.0e-12) - 4.44059*log(Abs(0.0107431813607142*x_1 + 0.088679179468178*x_2 - 0.00620897203244708*x_4 - 0.0653624456142223*x_5 - 0.393597990274429*(0.117043636739254*x_1 - 0.0579566918313503*x_2 + 0.0617956928908825*x_3 - 0.417580813169479*x_4)*(0.202819108963013*x_1 - 0.294395327568054*x_2 + 0.336184948682785*x_3 + 0.469833970069885*x_4 - 0.194560661911964*x_5) + 0.176128104329109*log(Abs(-0.257299989461899*x_3 + 0.456438332796097*x_4 + 0.329871237277985*x_5) + 1.0e-12) + 0.107140429317951*sin(0.0176362302154303*x_1 + 0.404389798641205*x_2 + 0.117168880999088*x_3)) + 1.0e-12) + 11.2742*sin(0.0176362302154303*x_1 + 0.404389798641205*x_2 + 0.117168880999088*x_3) + 12.8673*cos(0.809130966663361*(-0.117043636739254*x_1 + 0.0579566918313503*x_2 - 0.0617956928908825*x_3 + 0.417580813169479*x_4)*(-0.202819108963013*x_1 + 0.294395327568054*x_2 - 0.336184948682785*x_3 - 0.469833970069885*x_4 + 0.194560661911964*x_5) + 3.82963109016418*cos(-0.18953312933445*x_1 + 0.226735427975655*x_3 + 0.0856757014989853*x_4 + 0.338477104902267*x_5)) + 3.8174*cos(-0.18953312933445*x_1 + 0.226735427975655*x_3 + 0.0856757014989853*x_4 + 0.338477104902267*x_5) + 7.5956)/(0.028193*x_1 + 0.232718*x_2 - 0.016294*x_4 - 0.171529*x_5 + 2.61542*(Abs(-0.257299989461899*x_3 + 0.456438332796097*x_4 + 0.329871237277985*x_5) + 1.0e-12)**0.0670287*exp(-0.00846797401722965*x_1 - 0.0698985675092296*x_2 + 0.00489402646005152*x_4 + 0.0515198871339753*x_5) - 0.20987*log(Abs(-0.257299989461899*x_3 + 0.456438332796097*x_4 + 0.329871237277985*x_5) + 1.0e-12) + 0.929*sin(0.0176362302154303*x_1 + 0.404389798641205*x_2 + 0.117168880999088*x_3) + 1.59544*sin(-0.0321593409596925*x_1 - 0.265458049416502*x_2 + 0.0185863425270694*x_4 + 0.195660214967031*x_5 + 0.363647997379303*exp(0.100219532847404*x_1 + 0.344230502843857*x_2 - 0.167158037424088*x_3 - 0.3340924680233*x_4 + 0.488401710987091*x_5) + 0.300574511289597*sin(0.0176362302154303*x_1 + 0.404389798641205*x_2 + 0.117168880999088*x_3) + 4.28059005737305*cos(-0.18953312933445*x_1 + 0.226735427975655*x_3 + 0.0856757014989853*x_4 + 0.338477104902267*x_5)) + 0.314556*cos(-0.18953312933445*x_1 + 0.226735427975655*x_3 + 0.0856757014989853*x_4 + 0.338477104902267*x_5) + 0.625207),-6.0*(log(x2) - tan(x3))*exp(-x1)*tan(x0) + 12.0,"{'complexity': 10.0, 'out_op': 'reg_div', 'run_seed': 1630214525000}"
