Frequency	Magnitude	Phase
0.3125	-82.60929	-21.67635
0.625	-77.56336	-79.84968
0.9375	-74.95546	-92.19783
1.25	-69.92545	-77.40391
1.5625	-68.86838	-86.80212
1.875	-68.23221	-87.30145
2.1875	-66.53156	-92.66358
2.5	-66.10418	-94.73035
2.8125	-64.14905	-107.2867
3.125	-63.68758	-110.4185
3.4375	-64.78386	-108.088
3.75	-63.08855	-107.5748
4.0625	-63.08016	-100.4646
4.375	-61.66315	-108.2063
4.6875	-62.83584	-110.5822
5	-61.83447	-111.2547
5.3125	-61.82274	-109.7351
5.625	-61.78845	-113.1663
5.9375	-61.40584	-108.6666
6.25	-60.88203	-114.0131
6.5625	-60.98862	-115.2668
6.875	-60.37022	-121.9696
7.1875	-59.66686	-115.8444
7.5	-61.01764	-119.6114
7.8125	-60.29358	-121.3767
8.125	-60.37769	-132.3739
8.4375	-60.73316	-129.3815
8.75	-60.69875	-124.8745
9.0625	-60.02748	-125.6033
9.375	-60.19386	-134.2866
9.6875	-61.32383	-141.9734
10	-60.8988	-139.0333
10.3125	-60.58434	-149.8396
10.625	-61.84238	-151.9444
10.9375	-61.89014	-160.8394
11.25	-61.48648	-153.857
11.5625	-60.86882	-151.851
11.875	-60.32043	-162.977
12.1875	-60.40589	-178.5257
12.5	-60.90768	172.5247
12.8125	-60.73884	174.6341
13.125	-58.62989	165.7523
13.4375	-58.23787	166.618
13.75	-57.66588	163.7545
14.0625	-57.43372	157.9608
14.375	-56.58569	143.7099
14.6875	-54.68161	132.2201
15	-54.0471	129.1845
15.3125	-52.90959	122.1584
15.625	-51.80893	116.7573
15.9375	-51.31399	106.9223
16.25	-50.96867	102.8948
16.5625	-50.20101	91.7078
16.875	-50.79644	95.19444
17.1875	-50.71148	95.93053
17.5	-49.93321	102.7108
17.8125	-47.54499	103.9754
18.125	-46.06668	107.4554
18.4375	-43.91713	102.1295
18.75	-42.42672	102.3125
19.0625	-40.90652	96.6566
19.375	-38.87069	93.06764
19.6875	-37.07314	90.85293
20	-34.94007	87.64848
20.3125	-32.50896	85.3444
20.625	-29.46117	78.03013
20.9375	-25.6154	71.35239
21.25	-19.54017	56.85616
21.5625	-11.931	-27.19554
21.875	-21.29328	-72.70026
22.1875	-25.23158	-78.32937
22.5	-27.44191	-79.7693
22.8125	-28.76993	-82.83049
23.125	-29.82043	-84.60658
23.4375	-30.39522	-88.97442
23.75	-30.70086	-92.30651
24.0625	-30.9298	-94.09019
24.375	-31.2303	-98.89038
24.6875	-31.25756	-100.7372
25	-31.46646	-105.9828
25.3125	-31.33912	-111.1244
25.625	-31.43141	-117.16
25.9375	-31.4965	-123.9632
26.25	-31.77253	-132.4739
26.5625	-32.09534	-141.4374
26.875	-33.15406	-146.5396
27.1875	-34.30065	-153.7219
27.5	-35.79813	-153.6361
27.8125	-37.16887	-154.3969
28.125	-38.76187	-149.0922
28.4375	-39.23351	-139.1418
28.75	-38.77859	-132.8035
29.0625	-37.95109	-126.842
29.375	-36.9538	-125.6979
29.6875	-35.82568	-125.9022
30	-34.41069	-128.296
30.3125	-32.94658	-135.7928
30.625	-31.40521	-150.3814
30.9375	-31.28725	178.224
31.25	-35.65707	156.2955
31.5625	-40.59747	166.898
31.875	-40.5094	-163.0761
32.1875	-37.25261	-167.0308
32.5	-37.64453	176.0105
32.8125	-39.87156	164.1227
33.125	-42.20182	162.1023
33.4375	-44.38831	166.8226
33.75	-45.46021	171.4444
34.0625	-46.63334	-179.57
34.375	-47.93467	-168.0289
34.6875	-47.8392	-156.3977
35	-47.78833	-146.3799
35.3125	-47.78622	-141.2413
35.625	-47.02003	-135.49
35.9375	-46.39405	-137.6864
36.25	-46.50134	-130.1039
36.5625	-46.01852	-126.5779
36.875	-46.35764	-121.2817
37.1875	-45.57895	-121.9495
37.5	-45.49339	-122.4399
37.8125	-45.47469	-117.5657
38.125	-44.72426	-116.7147
38.4375	-44.98016	-118.5815
38.75	-44.82631	-115.1015
39.0625	-44.49764	-110.0203
39.375	-44.23135	-109.1371
39.6875	-43.82845	-109.519
40	-43.65261	-108.8349
40.3125	-42.92364	-105.3143
40.625	-41.86275	-105.7291
40.9375	-41.71328	-127.0372
41.25	-43.28432	-116.9935
41.5625	-43.47725	-109.8538
41.875	-43.02986	-109.283
42.1875	-43.10583	-109.3744
42.5	-43.02433	-104.1956
42.8125	-42.77727	-106.6259
43.125	-41.98529	-109.1752
43.4375	-41.94086	-104.234
43.75	-41.86939	-107.2736
44.0625	-41.31347	-109.2435
44.375	-42.37642	-111.6463
44.6875	-42.6444	-109.4815
45	-42.96313	-108.3632
45.3125	-42.667	-108.4249
45.625	-41.61135	-104.4471
45.9375	-42.19711	-106.9265
46.25	-42.26107	-103.1038
46.5625	-42.204	-105.8554
46.875	-42.01382	-101.5702
47.1875	-41.72622	-102.5033
47.5	-41.48485	-101.0271
47.8125	-42.02878	-100.357
48.125	-41.34536	-100.3091
48.4375	-41.20845	-103.4946
48.75	-40.85534	-100.8473
49.0625	-41.11494	-99.23952
49.375	-40.8637	-101.0839
49.6875	-40.47972	-100.993
50	-40.47527	-101.1738
50.3125	-40.41396	-100.7904
50.625	-40.00992	-100.0443
50.9375	-39.89103	-99.46594
51.25	-39.97067	-100.644
51.5625	-40.02238	-100.6356
51.875	-39.48453	-99.89068
52.1875	-39.75031	-98.91437
52.5	-39.23858	-98.41134
52.8125	-39.35918	-100.3749
53.125	-39.1009	-99.84782
53.4375	-38.74118	-100.2945
53.75	-38.75075	-99.63812
54.0625	-38.84289	-99.70124
54.375	-38.72425	-101.0749
54.6875	-38.28748	-100.4995
55	-38.08754	-100.4457
55.3125	-37.99056	-100.17
55.625	-37.76068	-100.4145
55.9375	-37.73983	-100.9178
56.25	-37.64873	-99.59599
56.5625	-37.26921	-101.9205
56.875	-37.37959	-101.4153
57.1875	-36.94463	-103.0963
57.5	-36.70444	-102.4474
57.8125	-36.68187	-102.3111
58.125	-36.81221	-102.6705
58.4375	-36.18637	-102.0105
58.75	-36.43072	-103.4641
59.0625	-36.07941	-105.398
59.375	-36.11299	-104.5684
59.6875	-36.14262	-106.3725
60	-36.10259	-104.4608
60.3125	-35.86896	-105.7018
60.625	-35.74869	-106.4732
60.9375	-35.70658	-106.2196
61.25	-35.70649	-104.9604
61.5625	-35.35328	-105.4302
61.875	-35.45262	-105.0292
62.1875	-35.50262	-105.3075
62.5	-35.09816	-105.9528
62.8125	-35.02079	-104.903
63.125	-34.99136	-103.7341
63.4375	-34.71529	-104.1363
63.75	-34.92075	-104.2831
64.0625	-34.62398	-105.4789
64.375	-34.55361	-105.5765
64.6875	-34.35203	-106.6146
65	-34.41481	-105.9428
65.3125	-34.37698	-106.0693
65.625	-34.54409	-106.7819
65.9375	-34.38797	-104.7264
66.25	-34.4062	-102.9191
66.5625	-34.11491	-104.2892
66.875	-33.80446	-103.046
67.1875	-33.80167	-101.989
67.5	-33.48616	-102.5069
67.8125	-33.16166	-102.251
68.125	-33.10206	-103.0338
68.4375	-32.80056	-102.385
68.75	-32.76706	-102.6889
69.0625	-32.54627	-103.0362
69.375	-32.29137	-102.7989
69.6875	-32.31665	-103.0732
70	-32.04187	-103.0986
70.3125	-31.89791	-104.0877
70.625	-31.8944	-103.6599
70.9375	-31.8297	-103.8471
71.25	-31.76288	-101.7955
71.5625	-31.42113	-103.5267
71.875	-31.40598	-103.206
72.1875	-31.22291	-103.6828
72.5	-30.99712	-102.4576
72.8125	-30.83786	-102.9108
73.125	-30.67957	-102.8578
73.4375	-30.66822	-103.2041
73.75	-30.28174	-103.7522
74.0625	-30.19378	-103.2472
74.375	-29.99872	-103.3303
74.6875	-29.80922	-103.9171
75	-29.55579	-103.8854
75.3125	-29.40503	-104.172
75.625	-29.23245	-104.2878
75.9375	-29.08401	-105.1662
76.25	-28.82134	-105.1441
76.5625	-28.58109	-105.4844
76.875	-28.41338	-106.3363
77.1875	-28.1759	-106.6036
77.5	-27.97391	-107.4896
77.8125	-27.75915	-107.4814
78.125	-27.53948	-109.1484
78.4375	-27.37885	-109.5681
78.75	-27.06442	-109.7254
79.0625	-26.79813	-109.9608
79.375	-26.62319	-111.5086
79.6875	-26.27069	-112.9083
80	-26.0681	-114.3317
80.3125	-25.78531	-115.0463
80.625	-25.509	-116.5514
80.9375	-25.21955	-119.3077
81.25	-25.04255	-119.9468
81.5625	-24.78932	-122.9329
81.875	-24.60956	-124.6322
82.1875	-24.39005	-126.7067
82.5	-24.16271	-129.2611
82.8125	-24.00785	-132.4366
83.125	-23.76394	-134.953
83.4375	-23.7564	-138.0414
83.75	-23.6085	-141.1873
84.0625	-23.58685	-144.1927
84.375	-23.68187	-147.2271
84.6875	-23.75728	-150.8697
85	-23.68232	-153.9124
85.3125	-23.64394	-157.1406
85.625	-23.79534	-161.2231
85.9375	-23.84546	-165.581
86.25	-24.15645	-170.2358
86.5625	-24.60572	-175.3347
86.875	-25.18397	179.778
87.1875	-26.05505	174.0605
87.5	-27.13043	170.1737
87.8125	-28.21436	167.7747
88.125	-29.3115	168.3898
88.4375	-30.63023	172.37
88.75	-31.95611	175.9425
89.0625	-32.5926	-177.9157
89.375	-33.48641	-171.259
89.6875	-33.34314	-164.6012
90	-33.47015	-159.1576
90.3125	-33.60741	-154.2045
90.625	-33.52367	-148.8127
90.9375	-33.16142	-144.6583
91.25	-32.63524	-140.4826
91.5625	-32.35498	-136.5062
91.875	-31.91743	-135.9227
92.1875	-31.62478	-133.5363
92.5	-30.96705	-132.9939
92.8125	-30.72329	-132.6735
93.125	-30.51831	-133.1193
93.4375	-30.1557	-132.4745
93.75	-30.00224	-132.7323
94.0625	-29.96361	-133.7014
94.375	-29.71004	-134.5893
94.6875	-29.67724	-135.8282
95	-29.62821	-135.9346
95.3125	-29.72516	-137.5104
95.625	-29.80681	-136.3162
95.9375	-30.0141	-136.9224
96.25	-30.0757	-136.6015
96.5625	-30.29257	-136.9219
96.875	-30.61545	-134.7946
97.1875	-30.7845	-133.1826
97.5	-31.05237	-128.3852
97.8125	-30.67344	-127.0312
98.125	-30.6202	-124.5754
98.4375	-30.43129	-122.5229
98.75	-30.3266	-120.9369
99.0625	-30.12976	-118.9535
99.375	-30.00687	-118.0261
99.6875	-29.7552	-116.1472
100	-29.43315	-114.8696
100.3125	-29.22552	-114.0305
100.625	-28.93372	-112.1567
100.9375	-28.74883	-113.2063
101.25	-28.49517	-111.3387
101.5625	-28.40324	-112.1747
101.875	-28.14927	-111.0191
102.1875	-27.92939	-109.9239
102.5	-27.73008	-108.7229
102.8125	-27.44658	-108.4447
103.125	-27.24193	-107.031
103.4375	-26.95946	-107.391
103.75	-26.88684	-107.0808
104.0625	-26.66744	-106.6161
104.375	-26.43665	-106.3397
104.6875	-26.07806	-105.6413
105	-25.95876	-105.1916
105.3125	-25.71437	-105.7531
105.625	-25.48359	-104.8905
105.9375	-25.36906	-105.0999
106.25	-25.19829	-105.946
106.5625	-25.06103	-105.8799
106.875	-24.79959	-105.9624
107.1875	-24.56244	-105.9628
107.5	-24.45153	-105.7582
107.8125	-24.30846	-105.7303
108.125	-24.09088	-105.6944
108.4375	-23.9232	-105.4687
108.75	-23.76696	-106.0463
109.0625	-23.62142	-106.0667
109.375	-23.36073	-106.1846
109.6875	-23.15758	-105.7313
110	-22.97338	-105.7806
110.3125	-22.9044	-106.3306
110.625	-22.55832	-106.4028
110.9375	-22.50856	-106.0511
111.25	-22.2208	-106.0429
111.5625	-22.16709	-106.2249
111.875	-21.90408	-106.2136
112.1875	-21.80968	-106.9297
112.5	-21.64996	-106.6955
112.8125	-21.52145	-107.2423
113.125	-21.35912	-107.4098
113.4375	-21.23641	-107.3239
113.75	-21.09394	-107.5619
114.0625	-20.9614	-107.8882
114.375	-20.79741	-107.577
114.6875	-20.70547	-107.8035
115	-20.56997	-107.8062
115.3125	-20.42871	-107.2922
115.625	-20.23891	-106.9934
115.9375	-20.02847	-106.5249
116.25	-19.79097	-107.5794
116.5625	-19.73562	-108.6751
116.875	-19.75984	-108.6701
117.1875	-19.73126	-108.6302
117.5	-19.63145	-107.6771
117.8125	-19.52599	-106.552
118.125	-19.30652	-105.1404
118.4375	-19.07631	-104.5456
118.75	-18.81387	-103.8286
119.0625	-18.59691	-104.0456
119.375	-18.32809	-103.436
119.6875	-18.08137	-103.6357
120	-17.90529	-103.8739
120.3125	-17.70947	-104.1444
120.625	-17.59418	-103.7019
120.9375	-17.38293	-102.9583
121.25	-17.1096	-102.6681
121.5625	-16.83131	-102.2058
121.875	-16.59493	-102.3357
122.1875	-16.32488	-101.8821
122.5	-16.06742	-102.0805
122.8125	-15.8204	-101.8725
123.125	-15.58098	-101.9651
123.4375	-15.35915	-101.7727
123.75	-15.09719	-102.004
124.0625	-14.88733	-101.917
124.375	-14.67699	-101.7848
124.6875	-14.45873	-101.8946
125	-14.22012	-100.9695
125.3125	-13.93297	-100.6873
125.625	-13.65084	-100.4948
125.9375	-13.33111	-100.2971
126.25	-13.01302	-99.98259
126.5625	-12.69258	-100.2754
126.875	-12.35094	-100.1487
127.1875	-12.02491	-100.1619
127.5	-11.67572	-100.3036
127.8125	-11.28634	-100.5296
128.125	-10.96412	-100.4802
128.4375	-10.60268	-100.5658
128.75	-10.26776	-100.7436
129.0625	-9.916238	-100.8985
129.375	-9.541813	-100.9702
129.6875	-9.198572	-101.3413
130	-8.815258	-101.4335
130.3125	-8.428438	-101.16
130.625	-7.989852	-101.6116
130.9375	-7.555512	-101.8535
131.25	-7.094101	-102.4826
131.5625	-6.659792	-102.742
131.875	-6.235101	-102.6796
132.1875	-5.700867	-103.1359
132.5	-5.172629	-103.6084
132.8125	-4.628194	-104.1457
133.125	-4.061274	-104.7735
133.4375	-3.484863	-105.7539
133.75	-2.865368	-106.6292
134.0625	-2.206293	-107.498
134.375	-1.518095	-108.8091
134.6875	-0.7984918	-110.2792
135	-0.04990316	-111.6547
135.3125	0.762744	-112.9669
135.625	1.693487	-115.3829
135.9375	2.616479	-118.4315
136.25	3.579274	-121.7177
136.5625	4.58785	-125.8881
136.875	5.62221	-130.6466
137.1875	6.694209	-136.4989
137.5	7.777043	-143.2101
137.8125	8.853333	-151.7454
138.125	9.900381	-161.8128
138.4375	10.84627	-174.0157
138.75	11.55398	171.4839
139.0625	11.809	154.8505
139.375	11.38417	136.8078
139.6875	10.14462	120.0262
140	8.241076	107.4548
140.3125	6.187467	100.8462
140.625	4.459624	98.43668
140.9375	3.135546	97.48247
141.25	2.067299	96.86517
141.5625	1.159149	96.32761
141.875	0.3683075	96.01899
142.1875	-0.3191582	95.63747
142.5	-0.9292451	95.70731
142.8125	-1.486359	95.29462
143.125	-1.990487	95.07552
143.4375	-2.459074	95.02188
143.75	-2.910827	94.72702
144.0625	-3.323617	94.65623
144.375	-3.710926	94.50411
144.6875	-4.070629	94.21258
145	-4.41187	94.21301
145.3125	-4.7559	94.00803
145.625	-5.052717	94.15405
145.9375	-5.356431	94.00653
146.25	-5.617073	93.7956
146.5625	-5.889172	94.04192
146.875	-6.153289	93.87437
147.1875	-6.383663	93.69775
147.5	-6.626435	93.63599
147.8125	-6.817084	93.58157
148.125	-7.047173	93.6209
148.4375	-7.260976	93.46888
148.75	-7.441807	93.28177
149.0625	-7.638216	93.83232
149.375	-7.815652	93.38062
149.6875	-7.999838	93.32149
150	-8.161429	93.71413
150.3125	-8.335866	93.25354
150.625	-8.50112	93.04527
150.9375	-8.650493	93.05363
151.25	-8.780715	93.07854
151.5625	-8.905078	93.08237
151.875	-9.034553	93.18414
152.1875	-9.164358	93.40379
152.5	-9.32084	93.41238
152.8125	-9.468159	93.25977
153.125	-9.569269	93.3159
153.4375	-9.673042	93.28212
153.75	-9.800957	92.87337
154.0625	-9.900345	93.50577
154.375	-10.01008	93.24326
154.6875	-10.11903	93.51006
155	-10.21101	93.39802
155.3125	-10.28695	93.20634
155.625	-10.39208	93.11845
155.9375	-10.49821	93.22382
156.25	-10.57211	93.2317
156.5625	-10.65841	93.66723
156.875	-10.74557	93.22478
157.1875	-10.8193	93.32679
157.5	-10.85167	93.58724
157.8125	-10.91012	93.8445
158.125	-10.97437	93.56299
158.4375	-11.02185	93.61147
158.75	-11.01921	93.61594
159.0625	-11.08124	93.20665
159.375	-11.06992	93.18253
159.6875	-11.11846	92.53571
160	-11.12956	92.37054
160.3125	-11.20314	91.53851
160.625	-11.31281	90.75872
160.9375	-11.49009	90.39058
161.25	-11.61523	90.39624
161.5625	-11.74525	90.16797
161.875	-11.83682	90.28692
162.1875	-11.90956	90.44987
162.5	-12.00015	90.56697
162.8125	-12.08289	90.86676
163.125	-12.16164	90.42907
163.4375	-12.22845	90.86317
163.75	-12.28879	90.94305
164.0625	-12.33873	90.99863
164.375	-12.38284	91.20308
164.6875	-12.44069	91.20506
165	-12.48035	91.18245
165.3125	-12.52028	91.48946
165.625	-12.5606	91.76628
165.9375	-12.59709	91.66702
166.25	-12.62463	91.54313
166.5625	-12.66045	91.3064
166.875	-12.67375	91.16098
167.1875	-12.73586	91.28869
167.5	-12.81413	91.36923
167.8125	-12.82359	91.07531
168.125	-12.85192	91.24587
168.4375	-12.90195	91.07584
168.75	-12.94296	91.12864
169.0625	-12.94343	91.17044
169.375	-13.01142	91.23829
169.6875	-13.06686	91.00679
170	-13.03519	91.2635
170.3125	-13.1033	91.55803
170.625	-13.17261	91.15814
170.9375	-13.1455	91.00132
171.25	-13.12627	90.91954
171.5625	-13.16001	90.88322
171.875	-13.19436	91.542
172.1875	-13.23413	91.28809
172.5	-13.25097	91.41022
172.8125	-13.30375	90.81046
173.125	-13.29503	90.94745
173.4375	-13.3084	90.64328
173.75	-13.26398	91.17843
174.0625	-13.36153	91.60008
174.375	-13.45719	91.10491
174.6875	-13.4472	90.75101
175	-13.4537	91.23806
175.3125	-13.51912	90.84294
175.625	-13.54546	91.0912
175.9375	-13.53025	90.98829
176.25	-13.55888	90.89722
176.5625	-13.58807	91.11543
176.875	-13.62543	90.87843
177.1875	-13.64156	90.99525
177.5	-13.70995	90.5878
177.8125	-13.71315	90.75613
178.125	-13.76714	90.81333
178.4375	-13.81922	91.46592
178.75	-13.81262	91.55753
179.0625	-13.85034	91.44174
179.375	-13.8345	91.48939
179.6875	-13.82303	91.39346
180	-13.8704	91.46864
180.3125	-13.85033	91.67165
180.625	-13.87942	91.77615
180.9375	-13.83531	91.502
181.25	-13.86557	91.45957
181.5625	-13.86097	91.61745
181.875	-13.88162	91.79641
182.1875	-13.86465	91.60725
182.5	-13.88035	91.68208
182.8125	-13.87127	91.48951
183.125	-13.86968	91.70262
183.4375	-13.9455	91.38677
183.75	-13.92092	91.20248
184.0625	-13.97548	91.60231
184.375	-13.97679	91.51183
184.6875	-13.989	91.72884
185	-14.01866	91.49467
185.3125	-14.02414	91.99649
185.625	-13.99911	91.65495
185.9375	-14.00235	91.9236
186.25	-14.0443	91.66213
186.5625	-13.99296	91.85068
186.875	-14.04973	92.18941
187.1875	-14.02639	91.69813
187.5	-14.02718	91.94405
187.8125	-14.0433	91.98072
188.125	-14.03906	92.14468
188.4375	-14.04299	91.71377
188.75	-14.08295	91.98463
189.0625	-13.98774	91.81615
189.375	-14.03733	91.59386
189.6875	-14.0493	91.89816
190	-14.02427	91.67068
190.3125	-14.07356	92.01904
190.625	-14.06274	91.86079
190.9375	-14.08347	91.86086
191.25	-14.05301	91.83967
191.5625	-14.01642	91.86645
191.875	-14.09814	92.14085
192.1875	-14.09224	91.72027
192.5	-14.04224	91.57108
192.8125	-14.03233	91.63729
193.125	-14.01881	92.06432
193.4375	-14.03515	91.7317
193.75	-14.02482	91.75175
194.0625	-14.02525	91.89949
194.375	-14.00726	91.60156
194.6875	-13.98002	92.04021
195	-13.9889	91.96786
195.3125	-13.98895	92.18923
195.625	-14.02929	92.21773
195.9375	-14.02529	91.7257
196.25	-13.96548	92.30153
196.5625	-14.00214	92.46708
196.875	-14.00979	92.17774
197.1875	-14.00847	92.17945
197.5	-13.98304	92.22322
197.8125	-14.01829	91.94942
198.125	-13.97457	92.07328
198.4375	-13.97233	92.27201
198.75	-13.95752	92.09866
199.0625	-13.92366	92.24803
199.375	-13.95749	92.19637
199.6875	-13.90734	92.48251
200	-13.92227	92.37582
200.3125	-13.91965	92.51069
200.625	-13.89655	92.55826
200.9375	-13.89497	92.22154
201.25	-13.82731	92.65384
201.5625	-13.84474	92.8952
201.875	-13.83295	92.62218
202.1875	-13.8136	92.58612
202.5	-13.79831	92.63904
202.8125	-13.76197	92.8503
203.125	-13.75914	92.86144
203.4375	-13.72762	92.7373
203.75	-13.7323	93.06367
204.0625	-13.67022	92.57072
204.375	-13.70756	93.06503
204.6875	-13.64891	92.95762
205	-13.62915	93.13274
205.3125	-13.6036	92.96885
205.625	-13.59446	92.67667
205.9375	-13.52591	92.89261
206.25	-13.52605	92.71432
206.5625	-13.51263	92.91136
206.875	-13.53033	92.64149
207.1875	-13.46995	92.46423
207.5	-13.47662	92.46419
207.8125	-13.43364	92.77607
208.125	-13.42396	92.35389
208.4375	-13.38904	92.06071
208.75	-13.38063	92.14759
209.0625	-13.39585	92.05589
209.375	-13.38992	92.26328
209.6875	-13.32758	92.23708
210	-13.35687	91.92505
210.3125	-13.3092	92.03232
210.625	-13.32486	91.90348
210.9375	-13.29311	91.89654
211.25	-13.31592	92.07386
211.5625	-13.24469	91.7786
211.875	-13.27515	91.76305
212.1875	-13.24023	92.14254
212.5	-13.31931	91.81371
212.8125	-13.20194	91.96557
213.125	-13.2508	91.75229
213.4375	-13.22413	91.5893
213.75	-13.19552	91.91466
214.0625	-13.19658	91.93913
214.375	-13.21124	92.0714
214.6875	-13.17439	91.64294
215	-13.25153	91.95249
215.3125	-13.26296	91.62109
215.625	-13.20514	91.401
215.9375	-13.20137	91.2917
216.25	-13.18046	91.42375
216.5625	-13.07719	91.0343
216.875	-13.04803	91.75027
217.1875	-13.11252	91.83768
217.5	-13.11654	91.45803
217.8125	-13.05602	91.57104
218.125	-13.09223	91.73982
218.4375	-13.06511	91.45962
218.75	-13.02146	91.60586
219.0625	-13.003	91.83566
219.375	-13.02364	91.94219
219.6875	-12.96716	91.76055
220	-12.95722	91.89797
220.3125	-12.93564	91.94
220.625	-12.91171	91.88535
220.9375	-12.84682	91.69359
221.25	-12.81895	91.79835
221.5625	-12.82409	91.7869
221.875	-12.82114	92.04174
222.1875	-12.74342	91.79244
222.5	-12.72249	91.80019
222.8125	-12.74247	92.02768
223.125	-12.68309	91.67393
223.4375	-12.70485	91.57701
223.75	-12.66432	91.52112
224.0625	-12.65409	91.49894
224.375	-12.62352	91.57323
224.6875	-12.56637	91.47167
225	-12.58269	91.28075
225.3125	-12.55229	91.34081
225.625	-12.54987	91.27097
225.9375	-12.49521	91.40996
226.25	-12.50391	91.57767
226.5625	-12.48575	91.10445
226.875	-12.45783	90.93682
227.1875	-12.43871	91.0536
227.5	-12.42681	91.0916
227.8125	-12.41118	91.04298
228.125	-12.35211	90.77151
228.4375	-12.3682	91.02529
228.75	-12.31863	91.06727
229.0625	-12.33535	90.85101
229.375	-12.27636	90.86591
229.6875	-12.23942	90.89146
230	-12.21107	90.92904
230.3125	-12.24534	90.70953
230.625	-12.18554	90.72879
230.9375	-12.18842	90.52242
231.25	-12.14928	90.705
231.5625	-12.12978	90.94686
231.875	-12.1294	90.49947
232.1875	-12.11056	90.5013
232.5	-12.06701	90.55079
232.8125	-12.07122	90.369
233.125	-12.00519	90.51089
233.4375	-11.99063	90.3832
233.75	-12.00871	90.5134
234.0625	-11.9836	90.25138
234.375	-11.96064	90.58732
234.6875	-11.98243	90.26019
235	-11.91495	89.80301
235.3125	-11.87517	90.14881
235.625	-11.91873	90.26732
235.9375	-11.91052	90.48689
236.25	-11.93896	90.10088
236.5625	-11.9259	89.88172
236.875	-11.9133	89.87184
237.1875	-11.88792	89.53529
237.5	-11.83724	89.47963
237.8125	-11.8462	89.40765
238.125	-11.80739	89.58413
238.4375	-11.79776	89.85854
238.75	-11.8872	89.69552
239.0625	-11.85059	89.87006
239.375	-11.83877	90.18262
239.6875	-11.89838	89.90355
240	-11.85819	90.23048
240.3125	-11.96371	90.39157
240.625	-11.91104	91.0062
240.9375	-11.93218	91.20034
241.25	-11.9419	91.93267
241.5625	-11.88551	92.37282
241.875	-11.85047	92.72992
242.1875	-11.7688	93.34972
242.5	-11.70045	93.63305
242.8125	-11.64819	94.22038
243.125	-11.52336	94.08243
243.4375	-11.40729	94.65507
243.75	-11.29528	94.71614
244.0625	-11.20357	94.60479
244.375	-11.12833	94.64252
244.6875	-11.04833	94.70563
245	-10.98532	94.57705
245.3125	-10.8968	94.14867
245.625	-10.808	93.87703
245.9375	-10.75257	94.30735
246.25	-10.64963	93.89167
246.5625	-10.61081	93.61449
246.875	-10.54861	93.45142
247.1875	-10.46165	93.52061
247.5	-10.42395	93.11247
247.8125	-10.35805	93.08481
248.125	-10.27182	92.83501
248.4375	-10.1861	92.667
248.75	-10.11116	92.4522
249.0625	-10.01014	92.51093
249.375	-9.940744	92.47804
249.6875	-9.817215	91.82269
250	-9.687991	91.54798
250.3125	-9.540318	91.39561
250.625	-9.416521	90.98438
250.9375	-9.265997	90.28855
251.25	-9.040328	89.34531
251.5625	-8.826341	87.85857
251.875	-8.524638	85.86921
252.1875	-8.185363	82.6065
252.5	-7.952392	77.21208
252.8125	-8.045036	68.57575
253.125	-9.225053	56.91418
253.4375	-12.5909	55.28287
253.75	-13.99242	75.20974
254.0625	-13.09901	84.82936
254.375	-12.37764	87.91902
254.6875	-12.00182	89.22394
255	-11.62975	90.05781
255.3125	-11.4261	90.37497
255.625	-11.21631	90.40041
255.9375	-11.11691	90.52409
256.25	-10.95679	90.55012
256.5625	-10.85948	91.02686
256.875	-10.85082	91.15416
257.1875	-10.72842	90.616
257.5	-10.5932	90.79189
257.8125	-10.47114	91.01337
258.125	-10.45839	91.37016
258.4375	-10.38006	91.23218
258.75	-10.37519	91.44608
259.0625	-10.37364	91.10775
259.375	-10.2769	90.80392
259.6875	-10.16712	90.51145
260	-10.09056	91.12551
260.3125	-10.0864	91.49528
260.625	-10.05267	90.77196
260.9375	-9.952674	91.18244
261.25	-9.98917	91.05314
261.5625	-9.901173	90.94836
261.875	-9.881251	90.70992
262.1875	-9.800406	90.81904
262.5	-9.800195	90.8876
262.8125	-9.729959	90.71516
263.125	-9.709805	90.64734
263.4375	-9.677372	90.72817
263.75	-9.630431	90.72796
264.0625	-9.64168	90.70844
264.375	-9.594079	90.63562
264.6875	-9.535319	90.75925
265	-9.510567	90.60892
265.3125	-9.468539	90.99837
265.625	-9.431567	90.87392
265.9375	-9.415552	90.87625
266.25	-9.340225	90.98415
266.5625	-9.301523	91.02238
266.875	-9.285138	91.15132
267.1875	-9.229699	91.40751
267.5	-9.211565	91.25816
267.8125	-9.149737	91.09092
268.125	-9.132586	91.02778
268.4375	-9.076179	91.28806
268.75	-9.01058	91.07406
269.0625	-9.005344	91.38887
269.375	-8.957101	91.06146
269.6875	-8.883537	91.35617
270	-8.86503	91.30824
270.3125	-8.795057	91.39516
270.625	-8.786851	91.3906
270.9375	-8.772026	91.14963
271.25	-8.690411	91.2075
271.5625	-8.632318	91.28542
271.875	-8.631502	91.39547
272.1875	-8.536789	91.30932
272.5	-8.514744	91.17041
272.8125	-8.450614	91.38556
273.125	-8.404705	91.58198
273.4375	-8.365415	91.34414
273.75	-8.307531	91.46764
274.0625	-8.254258	91.40842
274.375	-8.185787	91.35381
274.6875	-8.161704	91.34006
275	-8.063916	91.2776
275.3125	-8.023764	91.19595
275.625	-7.977872	91.06284
275.9375	-7.893695	90.67815
276.25	-7.820866	90.66669
276.5625	-7.773201	90.60157
276.875	-7.764263	90.07672
277.1875	-7.700474	89.95028
277.5	-7.676249	89.3615
277.8125	-7.663451	89.33747
278.125	-7.660825	89.35374
278.4375	-7.675042	88.75188
278.75	-7.643517	88.68838
279.0625	-7.604999	89.05119
279.375	-7.588587	89.15836
279.6875	-7.591662	89.49043
280	-7.58533	89.69865
280.3125	-7.565646	89.32791
280.625	-7.517017	89.29541
280.9375	-7.480712	89.2915
281.25	-7.416003	89.32769
281.5625	-7.383852	89.21974
281.875	-7.37303	89.28667
282.1875	-7.311337	89.08849
282.5	-7.297839	89.40947
282.8125	-7.240456	89.3206
283.125	-7.244948	89.42428
283.4375	-7.16312	89.20812
283.75	-7.151386	89.2454
284.0625	-7.119922	89.54737
284.375	-7.090303	89.12038
284.6875	-7.052999	89.27723
285	-6.984829	89.29433
285.3125	-6.96292	89.42642
285.625	-6.91195	89.40401
285.9375	-6.879587	89.33238
286.25	-6.83923	89.29256
286.5625	-6.805634	88.87715
286.875	-6.746355	89.21726
287.1875	-6.706686	89.03407
287.5	-6.673524	89.28348
287.8125	-6.618062	89.02485
288.125	-6.586863	89.1931
288.4375	-6.545052	89.16718
288.75	-6.500973	89.08089
289.0625	-6.46697	89.03633
289.375	-6.413049	89.24288
289.6875	-6.352687	88.92226
290	-6.310856	88.95499
290.3125	-6.280313	89.07761
290.625	-6.229062	88.89886
290.9375	-6.19683	88.92963
291.25	-6.156807	88.9327
291.5625	-6.116429	88.86938
291.875	-6.075616	88.88647
292.1875	-6.026002	89.02351
292.5	-5.999315	88.74522
292.8125	-5.935339	88.97211
293.125	-5.896699	88.45017
293.4375	-5.856042	88.7702
293.75	-5.802701	88.79417
294.0625	-5.744534	88.62984
294.375	-5.71011	88.8363
294.6875	-5.670566	88.65194
295	-5.626706	88.75132
295.3125	-5.606737	88.54727
295.625	-5.556061	88.62642
295.9375	-5.490741	88.65833
296.25	-5.470915	88.52452
296.5625	-5.440213	88.33511
296.875	-5.362158	88.46127
297.1875	-5.33637	88.57863
297.5	-5.288639	88.45115
297.8125	-5.217933	88.47958
298.125	-5.212545	88.42359
298.4375	-5.141303	88.38654
298.75	-5.122748	88.31189
299.0625	-5.041285	88.21316
299.375	-4.993668	88.26412
299.6875	-4.948643	88.17024
300	-4.868052	88.22114
300.3125	-4.861747	88.52652
300.625	-4.827805	87.97519
300.9375	-4.792942	87.80093
301.25	-4.738828	87.7957
301.5625	-4.681668	87.87833
301.875	-4.625611	88.18565
302.1875	-4.604462	88.19492
302.5	-4.616135	87.92542
302.8125	-4.523525	87.73366
303.125	-4.443117	87.81258
303.4375	-4.461289	87.82028
303.75	-4.386091	87.944
304.0625	-4.346594	87.93508
304.375	-4.299841	87.70763
304.6875	-4.270529	88.07097
305	-4.21395	87.9059
305.3125	-4.178127	87.81552
305.625	-4.138089	87.80604
305.9375	-4.061443	87.75418
306.25	-4.019414	87.56708
306.5625	-3.9836	87.6325
306.875	-3.935467	87.72735
307.1875	-3.876846	87.53851
307.5	-3.832962	87.66178
307.8125	-3.775454	87.65276
308.125	-3.743076	87.65898
308.4375	-3.691825	87.5585
308.75	-3.646077	87.75205
309.0625	-3.581999	87.79681
309.375	-3.555631	87.67559
309.6875	-3.479589	87.70258
310	-3.433981	87.72099
310.3125	-3.390711	87.69749
310.625	-3.329265	87.73244
310.9375	-3.269347	87.57312
311.25	-3.234669	87.683
311.5625	-3.172573	87.58248
311.875	-3.135295	87.48389
312.1875	-3.075385	87.30017
312.5	-3.031378	87.40962
312.8125	-2.970465	87.31322
313.125	-2.909464	87.27243
313.4375	-2.859795	87.39448
313.75	-2.799558	87.36417
314.0625	-2.748634	87.29233
314.375	-2.698936	87.46929
314.6875	-2.639699	87.3176
315	-2.584578	87.25542
315.3125	-2.524231	87.21196
315.625	-2.494165	87.12904
315.9375	-2.42263	87.19088
316.25	-2.379163	87.05804
316.5625	-2.315582	87.1822
316.875	-2.263124	86.98412
317.1875	-2.201821	86.9806
317.5	-2.139175	86.90254
317.8125	-2.102088	86.81071
318.125	-2.029117	86.83423
318.4375	-1.979303	86.90089
318.75	-1.906404	86.71991
319.0625	-1.871212	86.73161
319.375	-1.793531	86.74606
319.6875	-1.743042	86.65295
320	-1.672776	86.85075
320.3125	-1.627827	86.63837
320.625	-1.544854	86.76092
320.9375	-1.498041	86.65108
321.25	-1.441799	86.40921
321.5625	-1.379749	86.73743
321.875	-1.329902	86.74682
322.1875	-1.266014	86.41261
322.5	-1.197837	86.33724
322.8125	-1.122428	86.35011
323.125	-1.063395	86.40013
323.4375	-1.009733	86.31559
323.75	-0.9497699	86.14592
324.0625	-0.8873631	86.07681
324.375	-0.831021	85.93112
324.6875	-0.7671946	85.91458
325	-0.7041133	85.82381
325.3125	-0.6407617	85.76311
325.625	-0.6051474	85.8775
325.9375	-0.5247538	85.63627
326.25	-0.472752	85.638
326.5625	-0.4038607	85.66559
326.875	-0.343923	85.41737
327.1875	-0.2877819	85.36783
327.5	-0.2246054	85.30034
327.8125	-0.1660145	85.12994
328.125	-0.1088457	85.05564
328.4375	-0.04601334	85.12113
328.75	0.01737281	84.90858
329.0625	0.06597444	84.81318
329.375	0.1376757	84.84602
329.6875	0.1902028	84.88097
330	0.2544821	84.66017
330.3125	0.313892	84.67568
330.625	0.3711295	84.70265
330.9375	0.4361705	84.54874
331.25	0.4976338	84.47509
331.5625	0.5478433	84.44238
331.875	0.6127583	84.38049
332.1875	0.6640833	84.23798
332.5	0.7246672	84.10065
332.8125	0.7799469	84.2638
333.125	0.8445639	84.12451
333.4375	0.9031811	83.96523
333.75	0.96654	83.86694
334.0625	1.019368	83.76237
334.375	1.07997	83.74296
334.6875	1.133181	83.66164
335	1.199411	83.60648
335.3125	1.250103	83.60213
335.625	1.315975	83.62086
335.9375	1.356621	83.56473
336.25	1.426542	83.60918
336.5625	1.467021	83.47379
336.875	1.529485	83.70249
337.1875	1.588408	83.59504
337.5	1.648348	83.53548
337.8125	1.702966	83.54829
338.125	1.767235	83.68233
338.4375	1.823708	83.65549
338.75	1.881597	83.48698
339.0625	1.931432	83.62414
339.375	1.991485	83.62304
339.6875	2.056075	83.72267
340	2.09999	83.72066
340.3125	2.168446	83.85204
340.625	2.229348	83.84223
340.9375	2.276742	83.96644
341.25	2.344362	83.99053
341.5625	2.408078	84.22018
341.875	2.485173	84.38919
342.1875	2.54904	84.5899
342.5	2.639117	84.66264
342.8125	2.704957	85.05696
343.125	2.791271	85.14017
343.4375	2.879818	85.16588
343.75	2.98555	85.63873
344.0625	3.055746	85.69378
344.375	3.139978	85.82108
344.6875	3.251481	85.91623
345	3.377136	86.13639
345.3125	3.46366	86.26151
345.625	3.557431	86.31702
345.9375	3.682412	86.45549
346.25	3.801032	86.64415
346.5625	3.897774	86.60778
346.875	4.025461	86.65854
347.1875	4.134658	86.82789
347.5	4.260149	86.64284
347.8125	4.370633	86.78788
348.125	4.497454	86.86312
348.4375	4.620409	86.64151
348.75	4.73752	86.67397
349.0625	4.860531	86.59401
349.375	4.982227	86.72013
349.6875	5.100832	86.65473
350	5.220134	86.62926
350.3125	5.333528	86.55659
350.625	5.45866	86.31918
350.9375	5.584537	86.28275
351.25	5.700584	86.25224
351.5625	5.819936	86.26902
351.875	5.940542	86.00208
352.1875	6.064505	85.83189
352.5	6.191364	85.82598
352.8125	6.309559	85.70611
353.125	6.435527	85.53513
353.4375	6.557455	85.31089
353.75	6.674355	85.12168
354.0625	6.795609	85.01611
354.375	6.912723	84.75986
354.6875	7.025942	84.47221
355	7.143495	84.33351
355.3125	7.251862	84.08821
355.625	7.355621	84.05306
355.9375	7.462412	83.89972
356.25	7.563434	83.79121
356.5625	7.667654	83.52766
356.875	7.76618	83.36654
357.1875	7.864266	83.38482
357.5	7.965761	83.5256
357.8125	8.063944	83.5546
358.125	8.172603	83.69012
358.4375	8.282198	83.80498
358.75	8.402301	84.09753
359.0625	8.531708	84.44076
359.375	8.685286	84.76971
359.6875	8.853735	85.02872
360	9.038521	85.19404
360.3125	9.238681	85.3209
360.625	9.443605	85.44743
360.9375	9.65825	85.35509
361.25	9.862753	85.23454
361.5625	10.07029	84.92262
361.875	10.26558	84.73038
362.1875	10.45893	84.39124
362.5	10.64494	84.08492
362.8125	10.83082	83.90668
363.125	11.01038	83.45178
363.4375	11.19596	83.2514
363.75	11.37613	82.88676
364.0625	11.56271	82.78143
364.375	11.74546	82.61993
364.6875	11.93886	82.32806
365	12.13272	82.08765
365.3125	12.32423	81.86626
365.625	12.52163	81.58685
365.9375	12.72857	81.29256
366.25	12.93332	80.98
366.5625	13.14919	80.71043
366.875	13.35708	80.47484
367.1875	13.57682	79.96551
367.5	13.80054	79.84458
367.8125	14.02766	79.56353
368.125	14.25968	79.1163
368.4375	14.49787	78.85323
368.75	14.74017	78.41448
369.0625	14.99118	78.20701
369.375	15.24466	77.73042
369.6875	15.5065	77.36548
370	15.77429	76.9285
370.3125	16.04747	76.4866
370.625	16.32412	75.9669
370.9375	16.61257	75.52219
371.25	16.90952	74.92045
371.5625	17.21026	74.36163
371.875	17.52203	73.76844
372.1875	17.84399	72.98596
372.5	18.17144	72.29345
372.8125	18.51031	71.5667
373.125	18.85801	70.69022
373.4375	19.21724	69.76067
373.75	19.5885	68.801
374.0625	19.97332	67.90303
374.375	20.36974	66.8955
374.6875	20.78132	65.62655
375	21.20546	64.49957
375.3125	21.64518	63.14846
375.625	22.10097	61.5662
375.9375	22.5731	59.95759
376.25	23.06234	58.04501
376.5625	23.56741	56.05891
376.875	24.09156	53.76552
377.1875	24.63249	51.43404
377.5	25.18776	48.69995
377.8125	25.7561	45.51552
378.125	26.33567	41.96873
378.4375	26.9171	37.96725
378.75	27.49422	33.5176
379.0625	28.05669	28.5763
379.375	28.59295	22.87328
379.6875	29.08431	16.64511
380	29.50778	9.918117
380.3125	29.84071	2.40413
380.625	30.05525	-5.561451
380.9375	30.12306	-14.0655
381.25	30.02103	-22.83916
381.5625	29.73554	-31.34631
381.875	29.26502	-39.75449
382.1875	28.62559	-47.30053
382.5	27.84768	-53.92848
382.8125	26.977	-59.54304
383.125	26.06277	-63.97647
383.4375	25.15474	-67.14684
383.75	24.29075	-69.42655
384.0625	23.49658	-70.99459
384.375	22.78275	-72.26775
384.6875	22.14581	-72.93031
385	21.579	-73.46597
385.3125	21.06659	-73.93805
385.625	20.60185	-74.28194
385.9375	20.17013	-74.76867
386.25	19.76429	-75.14291
386.5625	19.38697	-75.63531
386.875	19.02405	-75.91505
387.1875	18.67678	-76.21139
387.5	18.34995	-76.59004
387.8125	18.03799	-76.90236
388.125	17.73144	-77.22908
388.4375	17.43728	-77.56154
388.75	17.16424	-77.685
389.0625	16.89467	-77.85802
389.375	16.6337	-78.05268
389.6875	16.39086	-78.31274
390	16.14628	-78.61197
390.3125	15.92038	-78.6074
390.625	15.69641	-78.86027
390.9375	15.48223	-78.91734
391.25	15.27398	-79.09391
391.5625	15.06901	-79.29644
391.875	14.87249	-79.52885
392.1875	14.68201	-79.67207
392.5	14.49583	-79.7231
392.8125	14.31207	-79.93246
393.125	14.13625	-79.83694
393.4375	13.96781	-80.16592
393.75	13.79861	-80.06959
394.0625	13.63768	-80.17982
394.375	13.47817	-80.20409
394.6875	13.32471	-80.30634
395	13.17336	-80.5135
395.3125	13.03082	-80.46656
395.625	12.89406	-80.55985
395.9375	12.75707	-80.66889
396.25	12.62523	-80.78782
396.5625	12.49453	-80.73563
396.875	12.37186	-80.8997
397.1875	12.25211	-80.91443
397.5	12.13237	-81.13019
397.8125	12.02296	-81.26145
398.125	11.91174	-81.37872
398.4375	11.80615	-81.45246
398.75	11.70774	-81.47981
399.0625	11.60846	-81.55287
399.375	11.51646	-81.77042
399.6875	11.43111	-81.77778
400	11.35478	-81.98792
400.3125	11.2724	-82.10072
400.625	11.20299	-82.55659
400.9375	11.12779	-82.58673
401.25	11.04922	-83.09235
401.5625	10.96741	-83.68855
401.875	10.87509	-83.95943
402.1875	10.76259	-84.6692
402.5	10.64124	-85.1634
402.8125	10.50047	-85.70715
403.125	10.34263	-86.04089
403.4375	10.18208	-86.25996
403.75	10.01787	-86.54987
404.0625	9.860806	-86.45474
404.375	9.710405	-86.51081
404.6875	9.574608	-86.59941
405	9.449816	-86.43919
405.3125	9.336857	-86.38963
405.625	9.223231	-86.21217
405.9375	9.121729	-86.07259
406.25	9.02301	-85.91254
406.5625	8.927827	-85.89805
406.875	8.834983	-85.80502
407.1875	8.746523	-85.66472
407.5	8.655619	-85.6671
407.8125	8.578137	-85.52577
408.125	8.5072	-85.36709
408.4375	8.417941	-85.29719
408.75	8.354479	-85.13287
409.0625	8.291401	-85.09573
409.375	8.217427	-85.10602
409.6875	8.144169	-85.17065
410	8.077953	-85.20492
410.3125	8.010265	-85.08865
410.625	7.93664	-85.13512
410.9375	7.874334	-85.16154
411.25	7.804329	-85.09892
411.5625	7.742503	-85.19823
411.875	7.680147	-85.12657
412.1875	7.617454	-85.06945
412.5	7.555463	-84.98557
412.8125	7.501876	-85.21865
413.125	7.43829	-85.16736
413.4375	7.383222	-85.02348
413.75	7.32891	-85.1814
414.0625	7.268258	-85.2285
414.375	7.224899	-85.1469
414.6875	7.161494	-85.23998
415	7.116663	-85.20409
415.3125	7.053609	-85.29873
415.625	7.00522	-85.17777
415.9375	6.949632	-85.2673
416.25	6.895389	-85.43176
416.5625	6.838883	-85.33991
416.875	6.785725	-85.40704
417.1875	6.729069	-85.59087
417.5	6.663654	-85.69279
417.8125	6.616755	-85.75389
418.125	6.547426	-85.83044
418.4375	6.48891	-85.79321
418.75	6.435387	-85.84494
419.0625	6.386319	-85.71111
419.375	6.32283	-85.82899
419.6875	6.27835	-85.79174
420	6.227693	-85.72079
420.3125	6.173517	-85.91
420.625	6.119322	-85.95974
420.9375	6.071092	-85.92195
421.25	6.01263	-85.87879
421.5625	5.968909	-85.80584
421.875	5.918523	-85.87798
422.1875	5.858481	-85.95721
422.5	5.810967	-85.84315
422.8125	5.771455	-85.77259
423.125	5.722678	-85.79588
423.4375	5.687511	-85.76379
423.75	5.63689	-85.76156
424.0625	5.606176	-85.73007
424.375	5.556703	-85.90143
424.6875	5.514207	-85.91833
425	5.473654	-85.94352
425.3125	5.420535	-85.93851
425.625	5.3793	-85.99855
425.9375	5.33146	-85.86794
426.25	5.284246	-85.94714
426.5625	5.244211	-85.91257
426.875	5.199124	-85.97106
427.1875	5.152814	-85.91312
427.5	5.106777	-85.95541
427.8125	5.075043	-85.81624
428.125	5.025193	-85.71955
428.4375	4.98916	-85.8298
428.75	4.945802	-85.78944
429.0625	4.913068	-85.75349
429.375	4.867472	-85.7742
429.6875	4.821126	-85.67065
430	4.795461	-85.76011
430.3125	4.754639	-85.8018
430.625	4.700819	-85.70358
430.9375	4.684364	-85.84288
431.25	4.65029	-85.70673
431.5625	4.591016	-85.67558
431.875	4.559775	-85.68176
432.1875	4.53313	-85.66
432.5	4.482336	-85.6571
432.8125	4.461954	-85.5697
433.125	4.414188	-85.60085
433.4375	4.390244	-85.52006
433.75	4.341964	-85.5444
434.0625	4.312362	-85.3046
434.375	4.285603	-85.23551
434.6875	4.255154	-85.23788
435	4.217134	-85.25684
435.3125	4.191956	-85.17886
435.625	4.167031	-85.24334
435.9375	4.14438	-85.19605
436.25	4.109563	-85.19587
436.5625	4.072121	-85.135
436.875	4.053756	-85.06964
437.1875	4.018973	-85.15587
437.5	3.997901	-85.0248
437.8125	3.967242	-85.01654
438.125	3.93161	-84.85265
438.4375	3.915022	-84.90777
438.75	3.891271	-84.76822
439.0625	3.861442	-84.76477
439.375	3.839164	-84.66623
439.6875	3.809347	-84.59235
440	3.790856	-84.65746
440.3125	3.758608	-84.47225
440.625	3.731706	-84.39813
440.9375	3.712541	-84.41763
441.25	3.692864	-84.28716
441.5625	3.670266	-84.38615
441.875	3.653594	-84.30199
442.1875	3.626806	-84.3609
442.5	3.611842	-84.14274
442.8125	3.585873	-84.34413
443.125	3.561728	-84.28209
443.4375	3.545554	-84.17105
443.75	3.518429	-83.99109
444.0625	3.504875	-84.13239
444.375	3.485289	-84.03954
444.6875	3.462481	-84.01723
445	3.447632	-83.94884
445.3125	3.433007	-83.94949
445.625	3.407151	-83.80082
445.9375	3.393408	-83.80256
446.25	3.380363	-83.72088
446.5625	3.366359	-83.62286
446.875	3.350693	-83.673
447.1875	3.329247	-83.76466
447.5	3.325858	-83.6292
447.8125	3.309203	-83.47543
448.125	3.291538	-83.54148
448.4375	3.278176	-83.53864
448.75	3.28016	-83.54077
449.0625	3.246847	-83.36315
449.375	3.244465	-83.35959
449.6875	3.229883	-83.41756
450	3.226633	-83.2655
450.3125	3.195973	-83.35237
450.625	3.201751	-83.5051
450.9375	3.170718	-83.37801
451.25	3.154537	-83.40851
451.5625	3.151649	-83.33378
451.875	3.126231	-83.33817
452.1875	3.129361	-83.26682
452.5	3.132629	-83.21429
452.8125	3.094622	-83.27939
453.125	3.100798	-83.33454
453.4375	3.087167	-83.1703
453.75	3.06324	-83.27504
454.0625	3.065793	-83.33143
454.375	3.059031	-83.1553
454.6875	3.03565	-83.23158
455	3.014091	-83.08184
455.3125	3.001772	-83.25574
455.625	2.999433	-83.11837
455.9375	2.997966	-83.09969
456.25	2.993667	-83.03538
456.5625	2.987309	-82.95768
456.875	2.971686	-83.14257
457.1875	2.962437	-83.07875
457.5	2.953854	-82.9569
457.8125	2.945206	-82.92735
458.125	2.933164	-83.19022
458.4375	2.925529	-83.00892
458.75	2.92308	-83.03918
459.0625	2.913434	-83.09089
459.375	2.908615	-82.99703
459.6875	2.894178	-82.91481
460	2.89461	-82.97652
460.3125	2.879245	-83.05096
460.625	2.875066	-83.10152
460.9375	2.874425	-83.01247
461.25	2.870459	-83.08536
461.5625	2.868541	-82.95219
461.875	2.863163	-82.8281
462.1875	2.855205	-82.91657
462.5	2.85324	-82.9486
462.8125	2.841244	-82.95352
463.125	2.839876	-83.16061
463.4375	2.826123	-83.12723
463.75	2.816128	-83.26049
464.0625	2.813986	-83.18559
464.375	2.786118	-83.10987
464.6875	2.790037	-83.09205
465	2.785493	-83.09733
465.3125	2.777976	-83.09931
465.625	2.778974	-83.12279
465.9375	2.758867	-82.99379
466.25	2.762825	-82.93675
466.5625	2.753625	-83.11794
466.875	2.755735	-83.146
467.1875	2.749462	-82.99225
467.5	2.735057	-82.93779
467.8125	2.748814	-83.06416
468.125	2.738886	-83.0244
468.4375	2.727046	-83.17697
468.75	2.715032	-83.11935
469.0625	2.718997	-83.13146
469.375	2.71024	-83.11634
469.6875	2.699816	-83.0501
470	2.699062	-83.19708
470.3125	2.693892	-83.22802
470.625	2.689303	-83.22633
470.9375	2.681223	-83.22327
471.25	2.696651	-83.21046
471.5625	2.66222	-83.25986
471.875	2.684313	-83.13871
472.1875	2.661031	-83.24517
472.5	2.676379	-83.2188
472.8125	2.674352	-83.09106
473.125	2.652947	-83.29684
473.4375	2.680869	-83.21959
473.75	2.673516	-83.12411
474.0625	2.646958	-83.21422
474.375	2.670776	-83.28481
474.6875	2.650124	-83.28559
475	2.65289	-83.45646
475.3125	2.656706	-83.31245
475.625	2.652267	-83.40257
475.9375	2.64512	-83.23648
476.25	2.628417	-83.5109
476.5625	2.644822	-83.64626
476.875	2.627992	-83.74944
477.1875	2.628535	-83.56036
477.5	2.628378	-83.56174
477.8125	2.618282	-83.61836
478.125	2.622004	-83.63659
478.4375	2.601361	-83.5819
478.75	2.608383	-83.60241
479.0625	2.59733	-83.6638
479.375	2.586119	-83.65366
479.6875	2.592066	-83.63335
480	2.584753	-83.74311
480.3125	2.564379	-83.60919
480.625	2.564071	-83.72401
480.9375	2.556471	-83.77406
481.25	2.551384	-83.87015
481.5625	2.537522	-83.6879
481.875	2.530729	-83.82468
482.1875	2.530519	-83.77261
482.5	2.520935	-83.8899
482.8125	2.51267	-83.73977
483.125	2.498536	-83.80543
483.4375	2.499123	-83.7458
483.75	2.501441	-83.66216
484.0625	2.494099	-83.7466
484.375	2.492621	-83.74231
484.6875	2.482134	-83.73036
485	2.491093	-83.56795
485.3125	2.477821	-83.67249
485.625	2.466419	-83.61044
485.9375	2.464291	-83.59534
486.25	2.4779	-83.54601
486.5625	2.462181	-83.43642
486.875	2.466181	-83.37605
487.1875	2.461404	-83.56378
487.5	2.463859	-83.35549
487.8125	2.457046	-83.4521
488.125	2.46448	-83.41495
488.4375	2.465175	-83.53948
488.75	2.465729	-83.40655
489.0625	2.457664	-83.46758
489.375	2.455614	-83.41769
489.6875	2.461102	-83.37608
490	2.465984	-83.3386
490.3125	2.455511	-83.27406
490.625	2.471405	-83.34657
490.9375	2.462567	-83.27135
491.25	2.465449	-83.21869
491.5625	2.491289	-83.19563
491.875	2.473838	-83.33967
492.1875	2.490704	-83.20521
492.5	2.488716	-83.12026
492.8125	2.4884	-83.16743
493.125	2.503465	-83.27319
493.4375	2.494298	-83.25475
493.75	2.494249	-83.12983
494.0625	2.515394	-83.25277
494.375	2.489956	-83.29319
494.6875	2.508931	-83.338
495	2.521331	-83.18916
495.3125	2.507792	-83.40073
495.625	2.519245	-83.26894
495.9375	2.519423	-83.39845
496.25	2.510284	-83.28336
496.5625	2.519134	-83.38341
496.875	2.511011	-83.46353
497.1875	2.509304	-83.49849
497.5	2.495605	-83.2917
497.8125	2.501204	-83.57494
498.125	2.489573	-83.43363
498.4375	2.490916	-83.27592
498.75	2.476119	-83.16398
499.0625	2.478486	-83.08963
499.375	2.492643	-82.96992
499.6875	2.486514	-82.87725
500	2.493301	-82.72874
500.3125	2.514535	-82.71669
500.625	2.528744	-82.49496
500.9375	2.541903	-82.67481
501.25	2.539735	-82.62251
501.5625	2.559402	-82.67357
501.875	2.567098	-82.51034
502.1875	2.589326	-82.64423
502.5	2.578364	-82.58432
502.8125	2.591822	-82.66216
503.125	2.604317	-82.53503
503.4375	2.609651	-82.47363
503.75	2.613318	-82.59713
504.0625	2.63166	-82.28696
504.375	2.637374	-82.27933
504.6875	2.656254	-82.32422
505	2.656815	-82.43591
505.3125	2.670312	-82.24029
505.625	2.676958	-82.2196
505.9375	2.705472	-82.29512
506.25	2.712707	-82.23032
506.5625	2.7254	-82.0815
506.875	2.736335	-82.20729
507.1875	2.750918	-82.09581
507.5	2.774845	-82.22689
507.8125	2.775577	-82.16157
508.125	2.807663	-82.19373
508.4375	2.801587	-82.04704
508.75	2.830797	-82.09248
509.0625	2.838384	-82.23857
509.375	2.834126	-82.28918
509.6875	2.877636	-82.10398
510	2.865367	-82.05511
510.3125	2.902592	-81.98941
510.625	2.910121	-82.16309
510.9375	2.923901	-81.96932
511.25	2.95387	-81.9856
511.5625	2.959468	-81.9841
511.875	2.991843	-81.96103
512.1875	3.003184	-82.00966
512.5	3.031443	-81.88179
512.8125	3.056617	-81.88348
513.125	3.083513	-81.78378
513.4375	3.119352	-81.92741
513.75	3.145087	-81.98628
514.0625	3.170929	-81.91724
514.375	3.219098	-81.92809
514.6875	3.260397	-81.91929
515	3.277812	-82.11551
515.3125	3.326733	-82.04695
515.625	3.347933	-82.16385
515.9375	3.426693	-82.35167
516.25	3.444007	-82.43375
516.5625	3.493179	-82.74513
516.875	3.566685	-82.77852
517.1875	3.591811	-83.09383
517.5	3.639787	-83.56857
517.8125	3.662344	-83.86331
518.125	3.698178	-84.40221
518.4375	3.72735	-84.73482
518.75	3.722059	-85.46268
519.0625	3.718729	-85.89609
519.375	3.702409	-86.35937
519.6875	3.665056	-86.89695
520	3.621688	-87.41765
520.3125	3.572577	-87.75731
520.625	3.488143	-87.90727
520.9375	3.429861	-88.00066
521.25	3.3663	-88.11798
521.5625	3.292167	-88.11761
521.875	3.244958	-88.01718
522.1875	3.217299	-87.80977
522.5	3.179014	-87.59825
522.8125	3.158586	-87.35177
523.125	3.155042	-87.25687
523.4375	3.151798	-87.1108
523.75	3.146361	-86.98756
524.0625	3.148854	-86.91212
524.375	3.146119	-86.78695
524.6875	3.155349	-86.76028
525	3.14764	-86.68784
525.3125	3.155574	-86.60305
525.625	3.16499	-86.40705
525.9375	3.161943	-86.40408
526.25	3.164867	-86.27502
526.5625	3.170265	-86.2955
526.875	3.181916	-86.23055
527.1875	3.187553	-86.23572
527.5	3.197134	-86.19592
527.8125	3.202665	-86.05375
528.125	3.216861	-86.09978
528.4375	3.232236	-86.13171
528.75	3.226458	-86.09227
529.0625	3.240583	-86.04756
529.375	3.252054	-86.00357
529.6875	3.259477	-86.01764
530	3.271886	-86.04188
530.3125	3.276012	-86.07909
530.625	3.288152	-85.93507
530.9375	3.301929	-85.8919
531.25	3.30726	-85.79182
531.5625	3.31758	-85.7729
531.875	3.340957	-85.79009
532.1875	3.336897	-85.77133
532.5	3.344581	-85.69547
532.8125	3.369698	-85.69334
533.125	3.364237	-85.82301
533.4375	3.386855	-85.80994
533.75	3.399899	-85.73955
534.0625	3.42778	-85.71266
534.375	3.42942	-85.70586
534.6875	3.432139	-85.80619
535	3.455677	-85.66775
535.3125	3.459809	-85.742
535.625	3.487317	-85.83778
535.9375	3.490264	-85.78094
536.25	3.501898	-85.63516
536.5625	3.51217	-85.81249
536.875	3.529383	-85.64277
537.1875	3.530357	-85.7915
537.5	3.551925	-85.84478
537.8125	3.569871	-85.68536
538.125	3.585195	-85.7957
538.4375	3.58897	-85.70068
538.75	3.601933	-85.72276
539.0625	3.622405	-85.62723
539.375	3.627239	-85.76452
539.6875	3.664851	-85.83874
540	3.668168	-85.67812
540.3125	3.699817	-85.7993
540.625	3.727479	-85.56026
540.9375	3.745198	-85.81852
541.25	3.762611	-85.79626
541.5625	3.79532	-85.86948
541.875	3.809317	-86.10056
542.1875	3.813022	-85.9886
542.5	3.841374	-86.09462
542.8125	3.849875	-86.30093
543.125	3.862245	-86.41638
543.4375	3.880824	-86.42297
543.75	3.883451	-86.44247
544.0625	3.903629	-86.47987
544.375	3.906265	-86.48072
544.6875	3.907706	-86.69598
545	3.923381	-86.65339
545.3125	3.926087	-86.84247
545.625	3.94178	-86.77036
545.9375	3.954752	-86.70201
546.25	3.95133	-86.84615
546.5625	3.966009	-86.87991
546.875	3.97377	-87.02539
547.1875	3.991378	-86.99076
547.5	4.009383	-87.04547
547.8125	4.015236	-87.07253
548.125	4.011229	-87.13398
548.4375	4.033566	-87.12997
548.75	4.045623	-87.18718
549.0625	4.04065	-87.20458
549.375	4.053954	-87.18742
549.6875	4.064418	-87.44527
550	4.077577	-87.43459
550.3125	4.090706	-87.29174
550.625	4.100206	-87.35915
550.9375	4.109508	-87.50804
551.25	4.112367	-87.53175
551.5625	4.121335	-87.43068
551.875	4.12764	-87.4604
552.1875	4.134842	-87.46602
552.5	4.14564	-87.61919
552.8125	4.143688	-87.66535
553.125	4.154744	-87.72671
553.4375	4.166632	-87.69315
553.75	4.176207	-87.78015
554.0625	4.179736	-87.72258
554.375	4.195607	-87.73584
554.6875	4.208599	-87.59966
555	4.217444	-87.737
555.3125	4.216784	-87.66996
555.625	4.225307	-87.71989
555.9375	4.227124	-87.60119
556.25	4.247368	-87.6591
556.5625	4.247234	-87.63937
556.875	4.267292	-87.76498
557.1875	4.289695	-87.59271
557.5	4.297945	-87.52029
557.8125	4.302061	-87.66898
558.125	4.316352	-87.55202
558.4375	4.323399	-87.6694
558.75	4.325847	-87.40595
559.0625	4.338695	-87.69608
559.375	4.375854	-87.54029
559.6875	4.368965	-87.57258
560	4.388023	-87.42827
560.3125	4.41639	-87.49282
560.625	4.428164	-87.6967
560.9375	4.454157	-87.46992
561.25	4.466873	-87.62724
561.5625	4.479023	-87.33269
561.875	4.491701	-87.44962
562.1875	4.516268	-87.37096
562.5	4.52092	-87.32787
562.8125	4.547601	-87.34435
563.125	4.555516	-87.5163
563.4375	4.572585	-87.38733
563.75	4.605801	-87.32166
564.0625	4.615006	-87.37617
564.375	4.645292	-87.2551
564.6875	4.660657	-87.38159
565	4.677264	-87.37666
565.3125	4.708179	-87.41797
565.625	4.721588	-87.38271
565.9375	4.746603	-87.41171
566.25	4.758348	-87.40055
566.5625	4.78975	-87.50584
566.875	4.808003	-87.43851
567.1875	4.829507	-87.47771
567.5	4.859671	-87.36602
567.8125	4.879885	-87.42794
568.125	4.904628	-87.38922
568.4375	4.926394	-87.56773
568.75	4.943498	-87.44666
569.0625	4.968417	-87.53704
569.375	4.984619	-87.45393
569.6875	5.01556	-87.51317
570	5.03694	-87.62352
570.3125	5.060729	-87.63142
570.625	5.088965	-87.64591
570.9375	5.105273	-87.7045
571.25	5.120366	-87.7907
571.5625	5.150198	-87.73918
571.875	5.165053	-87.84847
572.1875	5.182348	-87.8592
572.5	5.202528	-87.86494
572.8125	5.226278	-87.87404
573.125	5.248124	-87.79937
573.4375	5.269658	-87.88979
573.75	5.292104	-88.0146
574.0625	5.312729	-88.04307
574.375	5.335588	-88.04246
574.6875	5.356744	-87.94438
575	5.387028	-88.19388
575.3125	5.400229	-88.08588
575.625	5.421042	-88.15852
575.9375	5.444889	-88.21292
576.25	5.469818	-88.23582
576.5625	5.495054	-88.36498
576.875	5.515349	-88.34451
577.1875	5.53258	-88.34461
577.5	5.565746	-88.36543
577.8125	5.58755	-88.42435
578.125	5.606019	-88.44002
578.4375	5.622924	-88.40723
578.75	5.645101	-88.53499
579.0625	5.664478	-88.4313
579.375	5.698927	-88.4407
579.6875	5.718762	-88.47543
580	5.738541	-88.50562
580.3125	5.758345	-88.60596
580.625	5.783581	-88.52022
580.9375	5.807803	-88.44264
581.25	5.818924	-88.56512
581.5625	5.864186	-88.33598
581.875	5.871232	-88.45083
582.1875	5.917368	-88.42988
582.5	5.934608	-88.43115
582.8125	5.978062	-88.36489
583.125	6.000752	-88.16634
583.4375	6.035966	-88.13379
583.75	6.065086	-88.20984
584.0625	6.1111	-88.02746
584.375	6.1516	-88.13294
584.6875	6.205537	-87.89869
585	6.235824	-88.05122
585.3125	6.285363	-88.01375
585.625	6.341037	-87.89858
585.9375	6.394538	-87.877
586.25	6.447702	-87.7737
586.5625	6.507626	-87.79198
586.875	6.568632	-87.90807
587.1875	6.626076	-88.03146
587.5	6.687353	-87.87895
587.8125	6.752935	-88.07335
588.125	6.818559	-87.89277
588.4375	6.880059	-87.92717
588.75	6.954829	-88.12389
589.0625	7.029461	-88.13491
589.375	7.091032	-88.33748
589.6875	7.174234	-88.41584
590	7.25512	-88.55628
590.3125	7.333827	-88.67343
590.625	7.410014	-88.92583
590.9375	7.502084	-88.99346
591.25	7.585137	-89.21461
591.5625	7.675878	-89.3448
591.875	7.778816	-89.62742
592.1875	7.871214	-89.82693
592.5	7.967963	-89.93074
592.8125	8.080862	-90.29848
593.125	8.184943	-90.56612
593.4375	8.309402	-90.87469
593.75	8.432717	-91.38464
594.0625	8.575543	-91.84288
594.375	8.707651	-92.23927
594.6875	8.852705	-92.71073
595	9.023607	-93.37931
595.3125	9.191969	-94.04787
595.625	9.378661	-94.63136
595.9375	9.577789	-95.60571
596.25	9.790871	-96.67044
596.5625	10.01657	-97.8273
596.875	10.26598	-99.4611
597.1875	10.53021	-101.2072
597.5	10.81798	-103.1805
597.8125	11.11856	-105.6308
598.125	11.4233	-108.8555
598.4375	11.73165	-112.5765
598.75	12.02218	-117.2142
599.0625	12.26916	-122.9296
599.375	12.41521	-130.0814
599.6875	12.37466	-138.6749
600	12.00899	-148.901
600.3125	11.13486	-160.3203
600.625	9.58208	-171.1508
600.9375	7.271543	-179.0383
601.25	4.43672	178.3894
601.5625	1.408404	-176.9851
601.875	-1.118029	-163.5477
602.1875	-2.44335	-145.3421
602.5	-2.416399	-128.4745
602.8125	-1.774186	-116.6137
603.125	-0.9902288	-109.3709
603.4375	-0.2461607	-104.0754
603.75	0.3953345	-100.933
604.0625	0.924655	-98.32668
604.375	1.37615	-96.65089
604.6875	1.759707	-95.11036
605	2.13094	-93.97739
605.3125	2.44309	-93.00129
605.625	2.721488	-92.12779
605.9375	2.991322	-91.6786
606.25	3.204698	-91.05282
606.5625	3.40759	-90.64927
606.875	3.612719	-90.32748
607.1875	3.78768	-89.91641
607.5	3.973613	-89.71969
607.8125	4.123456	-89.57545
608.125	4.262257	-89.33354
608.4375	4.397563	-89.31277
608.75	4.518272	-89.06031
609.0625	4.638596	-89.03909
609.375	4.750772	-88.8422
609.6875	4.84945	-88.88564
610	4.950417	-88.90501
610.3125	5.044404	-88.76371
610.625	5.129112	-88.80901
610.9375	5.218122	-88.64912
611.25	5.308772	-88.70159
611.5625	5.388109	-88.59346
611.875	5.470099	-88.68095
612.1875	5.545655	-88.5979
612.5	5.615628	-88.56537
612.8125	5.692533	-88.59357
613.125	5.753884	-88.64209
613.4375	5.820346	-88.68884
613.75	5.890823	-88.50655
614.0625	5.959934	-88.67729
614.375	6.017296	-88.66058
614.6875	6.082993	-88.85185
615	6.138821	-88.81179
615.3125	6.196886	-88.7622
615.625	6.25054	-88.80383
615.9375	6.312948	-88.89098
616.25	6.360331	-88.96638
616.5625	6.411196	-89.08543
616.875	6.457639	-89.14178
617.1875	6.512861	-89.09731
617.5	6.558335	-89.23143
617.8125	6.605652	-89.22857
618.125	6.664021	-89.34125
618.4375	6.699986	-89.49828
618.75	6.745185	-89.46085
619.0625	6.782887	-89.51928
619.375	6.830801	-89.58817
619.6875	6.868573	-89.75112
620	6.902245	-89.73322
620.3125	6.934316	-89.88419
620.625	6.965308	-89.89655
620.9375	6.991661	-90.03421
621.25	7.016907	-90.05495
621.5625	7.050887	-90.09248
621.875	7.062574	-89.99614
622.1875	7.097153	-90.17053
622.5	7.103278	-90.04882
622.8125	7.134481	-90.16092
623.125	7.155523	-89.99004
623.4375	7.181816	-89.87604
623.75	7.210125	-89.75283
624.0625	7.251114	-89.70782
624.375	7.28221	-89.501
624.6875	7.333714	-89.51129
625	7.366329	-89.4509
625.3125	7.424143	-89.2898
625.625	7.460556	-89.22509
625.9375	7.522941	-89.42939
626.25	7.56222	-89.26801
626.5625	7.622867	-89.38513
626.875	7.654296	-89.32027
627.1875	7.712017	-89.30676
627.5	7.751755	-89.26877
627.8125	7.798306	-89.46906
628.125	7.837174	-89.3726
628.4375	7.880005	-89.49548
628.75	7.91903	-89.48167
629.0625	7.965657	-89.46764
629.375	8.005332	-89.60561
629.6875	8.056251	-89.62703
630	8.089655	-89.53281
630.3125	8.132021	-89.57154
630.625	8.168629	-89.72964
630.9375	8.214031	-89.71733
631.25	8.245696	-89.84881
631.5625	8.286508	-89.82101
631.875	8.333863	-89.86037
632.1875	8.361281	-89.9643
632.5	8.398058	-89.98256
632.8125	8.43409	-89.9991
633.125	8.479842	-90.04647
633.4375	8.511026	-90.00227
633.75	8.550107	-90.1371
634.0625	8.589384	-90.14965
634.375	8.623888	-90.14576
634.6875	8.659254	-90.19373
635	8.698044	-90.21568
635.3125	8.741238	-90.25062
635.625	8.774698	-90.22105
635.9375	8.825434	-90.30199
636.25	8.864381	-90.33803
636.5625	8.894537	-90.25604
636.875	8.939062	-90.39845
637.1875	8.982079	-90.4229
637.5	9.013202	-90.44823
637.8125	9.057703	-90.53193
638.125	9.101974	-90.56297
638.4375	9.137844	-90.57214
638.75	9.174103	-90.7832
639.0625	9.209922	-90.69789
639.375	9.249771	-90.75143
639.6875	9.290113	-90.8235
640	9.326249	-90.8623
640.3125	9.360531	-90.98063
640.625	9.39459	-90.92073
640.9375	9.433611	-90.96573
641.25	9.473093	-91.20063
641.5625	9.496984	-91.12383
641.875	9.534122	-91.17807
642.1875	9.580538	-91.26681
642.5	9.606903	-91.13133
642.8125	9.649581	-91.3652
643.125	9.676072	-91.35764
643.4375	9.730337	-91.37349
643.75	9.760833	-91.3448
644.0625	9.802023	-91.43989
644.375	9.837047	-91.55555
644.6875	9.879062	-91.4985
645	9.911991	-91.47385
645.3125	9.966812	-91.52432
645.625	9.987203	-91.56225
645.9375	10.04378	-91.57768
646.25	10.07015	-91.81523
646.5625	10.12369	-91.7522
646.875	10.15718	-91.827
647.1875	10.20854	-91.74305
647.5	10.23594	-91.83466
647.8125	10.27928	-91.8286
648.125	10.32155	-91.93712
648.4375	10.35857	-91.91467
648.75	10.39426	-91.9114
649.0625	10.43941	-92.0527
649.375	10.47902	-92.13676
649.6875	10.51152	-92.1319
650	10.55622	-92.22842
650.3125	10.59077	-92.29018
650.625	10.63349	-92.21382
650.9375	10.66905	-92.40446
651.25	10.71226	-92.39871
651.5625	10.75006	-92.45487
651.875	10.79011	-92.56314
652.1875	10.8371	-92.49
652.5	10.87611	-92.53565
652.8125	10.91254	-92.57352
653.125	10.9549	-92.44472
653.4375	10.99674	-92.62121
653.75	11.03294	-92.62363
654.0625	11.08058	-92.67152
654.375	11.12444	-92.72684
654.6875	11.17178	-92.69421
655	11.21594	-92.72565
655.3125	11.26071	-92.8532
655.625	11.30789	-92.85428
655.9375	11.35063	-92.91937
656.25	11.41171	-92.71591
656.5625	11.45412	-92.95563
656.875	11.51147	-92.94659
657.1875	11.5555	-93.11087
657.5	11.61734	-93.00607
657.8125	11.66635	-93.15155
658.125	11.72122	-93.18511
658.4375	11.77015	-93.29652
658.75	11.82055	-93.36105
659.0625	11.86878	-93.5311
659.375	11.91876	-93.76727
659.6875	11.96237	-93.76244
660	11.99749	-94.02766
660.3125	12.04461	-93.91606
660.625	12.08116	-94.13689
660.9375	12.12248	-94.28957
661.25	12.15985	-94.31985
661.5625	12.20106	-94.3051
661.875	12.24296	-94.4081
662.1875	12.2869	-94.46109
662.5	12.33426	-94.43053
662.8125	12.37758	-94.56142
663.125	12.41976	-94.63164
663.4375	12.4697	-94.71798
663.75	12.5105	-94.7293
664.0625	12.56224	-94.73344
664.375	12.61376	-94.87745
664.6875	12.65139	-94.9714
665	12.7014	-94.96947
665.3125	12.74174	-95.22887
665.625	12.79232	-95.0543
665.9375	12.84092	-95.16858
666.25	12.89008	-95.17811
666.5625	12.93371	-95.31658
666.875	12.98085	-95.4667
667.1875	13.02571	-95.47143
667.5	13.08533	-95.46416
667.8125	13.13341	-95.64694
668.125	13.18185	-95.66212
668.4375	13.23131	-95.7369
668.75	13.28555	-95.64016
669.0625	13.32928	-95.85712
669.375	13.38378	-95.88763
669.6875	13.44021	-95.96204
670	13.48208	-96.10189
670.3125	13.53667	-96.1607
670.625	13.5887	-96.24185
670.9375	13.63892	-96.33453
671.25	13.69199	-96.46115
671.5625	13.74143	-96.44605
671.875	13.80024	-96.48206
672.1875	13.84773	-96.63673
672.5	13.90154	-96.69655
672.8125	13.9514	-96.82401
673.125	14.00794	-96.89027
673.4375	14.06254	-97.07822
673.75	14.11823	-97.09505
674.0625	14.17315	-97.12064
674.375	14.22603	-97.27001
674.6875	14.28202	-97.26038
675	14.336	-97.29987
675.3125	14.39509	-97.40254
675.625	14.44657	-97.54242
675.9375	14.50117	-97.66791
676.25	14.55951	-97.6148
676.5625	14.61732	-97.75704
676.875	14.67495	-97.9046
677.1875	14.72975	-97.99245
677.5	14.78995	-98.09411
677.8125	14.85006	-98.15311
678.125	14.90674	-98.24893
678.4375	14.96258	-98.40864
678.75	15.01866	-98.475
679.0625	15.07819	-98.5589
679.375	15.1378	-98.67825
679.6875	15.19639	-98.87129
680	15.25124	-98.91982
680.3125	15.31267	-99.02531
680.625	15.36996	-99.06616
680.9375	15.4235	-99.25043
681.25	15.48511	-99.28651
681.5625	15.54862	-99.44022
681.875	15.61175	-99.51896
682.1875	15.67194	-99.46879
682.5	15.73435	-99.5718
682.8125	15.79725	-99.74849
683.125	15.86037	-99.83245
683.4375	15.92417	-99.90047
683.75	15.99051	-100.0926
684.0625	16.05569	-100.121
684.375	16.12013	-100.2303
684.6875	16.18573	-100.3154
685	16.25421	-100.5944
685.3125	16.32094	-100.5921
685.625	16.39055	-100.7233
685.9375	16.45485	-100.9018
686.25	16.52689	-100.9331
686.5625	16.59333	-101.0618
686.875	16.66229	-101.2468
687.1875	16.73346	-101.2378
687.5	16.80435	-101.4271
687.8125	16.87729	-101.5358
688.125	16.94658	-101.71
688.4375	17.0238	-101.8178
688.75	17.09003	-101.9224
689.0625	17.16991	-102.1748
689.375	17.23767	-102.2628
689.6875	17.31693	-102.4224
690	17.38762	-102.5967
690.3125	17.46558	-102.8364
690.625	17.5391	-102.8554
690.9375	17.61581	-103.1134
691.25	17.6921	-103.2539
691.5625	17.76914	-103.363
691.875	17.84558	-103.6006
692.1875	17.9224	-103.6747
692.5	18.0006	-103.8666
692.8125	18.0756	-104.0486
693.125	18.15628	-104.2432
693.4375	18.23625	-104.3916
693.75	18.31849	-104.5052
694.0625	18.39306	-104.7839
694.375	18.47502	-105.0145
694.6875	18.55483	-105.1396
695	18.63694	-105.4554
695.3125	18.71778	-105.4664
695.625	18.79731	-105.7771
695.9375	18.88058	-106.0673
696.25	18.96103	-106.2095
696.5625	19.04347	-106.4669
696.875	19.12657	-106.5877
697.1875	19.20669	-106.7405
697.5	19.29201	-107.0065
697.8125	19.3741	-107.2234
698.125	19.4592	-107.4292
698.4375	19.54227	-107.6275
698.75	19.63076	-107.7294
699.0625	19.71644	-107.981
699.375	19.80474	-108.2062
699.6875	19.89035	-108.3314
700	19.98371	-108.5724
700.3125	20.07373	-108.7387
700.625	20.17053	-109.023
700.9375	20.26156	-109.135
701.25	20.36105	-109.3517
701.5625	20.45587	-109.5075
701.875	20.55934	-109.72
702.1875	20.66108	-109.9659
702.5	20.76497	-110.1499
702.8125	20.87109	-110.3578
703.125	20.98075	-110.5029
703.4375	21.09088	-110.8181
703.75	21.20329	-111.0143
704.0625	21.31778	-111.2708
704.375	21.43593	-111.4798
704.6875	21.5545	-111.7326
705	21.67599	-112.007
705.3125	21.79799	-112.2707
705.625	21.92227	-112.6786
705.9375	22.0482	-112.995
706.25	22.17737	-113.325
706.5625	22.30099	-113.6788
706.875	22.43227	-113.9373
707.1875	22.56102	-114.2844
707.5	22.69137	-114.8013
707.8125	22.82526	-115.1117
708.125	22.95798	-115.5528
708.4375	23.09427	-115.9751
708.75	23.23385	-116.4164
709.0625	23.36952	-116.8738
709.375	23.51347	-117.2295
709.6875	23.65604	-117.7326
710	23.80408	-118.0883
710.3125	23.94965	-118.7056
710.625	24.10234	-119.2445
710.9375	24.25411	-119.756
711.25	24.4105	-120.4211
711.5625	24.56442	-120.8693
711.875	24.72461	-121.5805
712.1875	24.8863	-122.0953
712.5	25.04944	-122.8386
712.8125	25.2148	-123.307
713.125	25.38192	-124.1724
713.4375	25.5516	-124.9246
713.75	25.72399	-125.7259
714.0625	25.89721	-126.5217
714.375	26.07534	-127.2011
714.6875	26.25344	-128.1639
715	26.43405	-129.0929
715.3125	26.61602	-130.1529
715.625	26.79991	-131.0033
715.9375	26.98592	-131.9222
716.25	27.17343	-133.152
716.5625	27.36173	-134.3634
716.875	27.55161	-135.6082
717.1875	27.74161	-136.7795
717.5	27.93186	-138.1858
717.8125	28.12094	-139.4639
718.125	28.30889	-141.0776
718.4375	28.49483	-142.5411
718.75	28.67815	-144.0998
719.0625	28.85906	-145.972
719.375	29.03455	-147.6814
719.6875	29.20485	-149.5021
720	29.36787	-151.5903
720.3125	29.52341	-153.6563
720.625	29.6691	-155.8868
720.9375	29.80242	-157.9033
721.25	29.92337	-160.248
721.5625	30.02954	-162.6067
721.875	30.11821	-165.0215
722.1875	30.18772	-167.5462
722.5	30.23782	-170.1788
722.8125	30.26622	-172.7559
723.125	30.27007	-175.4917
723.4375	30.25222	-178.0805
723.75	30.20979	179.2848
724.0625	30.14284	176.8189
724.375	30.05571	174.2832
724.6875	29.94783	171.795
725	29.82203	169.556
725.3125	29.67972	167.2432
725.625	29.52342	165.2577
725.9375	29.3567	163.1295
726.25	29.18025	161.1918
726.5625	28.99942	159.4168
726.875	28.81315	157.8018
727.1875	28.62492	156.1465
727.5	28.43345	154.6251
727.8125	28.2445	153.287
728.125	28.0553	151.8717
728.4375	27.86777	150.6667
728.75	27.68302	149.5602
729.0625	27.50013	148.3572
729.375	27.32183	147.2046
729.6875	27.14474	146.2315
730	26.97027	145.1773
730.3125	26.80029	144.3568
730.625	26.63121	143.3467
730.9375	26.46686	142.6108
731.25	26.30305	141.6637
731.5625	26.14452	140.9477
731.875	25.98593	140.2407
732.1875	25.83234	139.4544
732.5	25.67966	138.6881
732.8125	25.53106	137.9908
733.125	25.38453	137.3685
733.4375	25.24001	136.7667
733.75	25.09654	136.2485
734.0625	24.95842	135.6821
734.375	24.8201	134.9876
734.6875	24.68397	134.4487
735	24.55009	133.7901
735.3125	24.41673	133.3554
735.625	24.28687	132.7797
735.9375	24.15673	132.3404
736.25	24.03005	131.8862
736.5625	23.90431	131.5344
736.875	23.77848	130.9969
737.1875	23.65493	130.4527
737.5	23.53472	130.1075
737.8125	23.41392	129.691
738.125	23.29155	129.1983
738.4375	23.17505	128.8002
738.75	23.05615	128.4848
739.0625	22.94139	128.0775
739.375	22.82678	127.7943
739.6875	22.71381	127.435
740	22.60471	127.0795
740.3125	22.49607	126.9362
740.625	22.3916	126.5677
740.9375	22.28938	126.2726
741.25	22.19128	126.0451
741.5625	22.09247	125.7759
741.875	21.99765	125.5649
742.1875	21.9057	125.3268
742.5	21.81408	125.0844
742.8125	21.72465	124.7373
743.125	21.63861	124.502
743.4375	21.54989	124.2386
743.75	21.46564	123.9791
744.0625	21.37466	123.5904
744.375	21.2875	123.4186
744.6875	21.20023	122.9947
745	21.11071	122.8046
745.3125	21.02125	122.5644
745.625	20.93397	122.297
745.9375	20.8451	122.043
746.25	20.76005	121.7629
746.5625	20.67192	121.6902
746.875	20.58535	121.4308
747.1875	20.49986	121.3336
747.5	20.41937	121.1222
747.8125	20.33436	120.8904
748.125	20.2536	120.6875
748.4375	20.17785	120.5425
748.75	20.1001	120.4186
749.0625	20.02437	120.2073
749.375	19.95378	120.2214
749.6875	19.87972	119.9956
750	19.81311	120.018
750.3125	19.74323	119.8802
750.625	19.67891	119.697
750.9375	19.61596	119.5931
751.25	19.5549	119.4848
751.5625	19.49466	119.4022
751.875	19.43718	119.3262
752.1875	19.38198	119.1143
752.5	19.32794	118.9925
752.8125	19.27319	118.9654
753.125	19.2228	118.7454
753.4375	19.17138	118.5216
753.75	19.12487	118.5466
754.0625	19.07994	118.3422
754.375	19.03166	118.095
754.6875	18.99357	118.0754
755	18.95104	117.8768
755.3125	18.91477	117.8042
755.625	18.87888	117.4994
755.9375	18.84486	117.3328
756.25	18.81584	117.1503
756.5625	18.78335	117.077
756.875	18.75733	116.7744
757.1875	18.72564	116.2832
757.5	18.7	116.2585
757.8125	18.67334	115.7819
758.125	18.64777	115.4549
758.4375	18.61852	115.1245
758.75	18.5857	114.6212
759.0625	18.55247	114.3012
759.375	18.5149	113.817
759.6875	18.47168	113.1397
760	18.42074	112.5841
760.3125	18.36012	111.9956
760.625	18.29421	111.426
760.9375	18.21971	110.9356
761.25	18.13493	110.3422
761.5625	18.04222	109.738
761.875	17.93983	109.2215
762.1875	17.8312	108.8332
762.5	17.71471	108.446
762.8125	17.59351	108.117
763.125	17.47515	107.9821
763.4375	17.3527	107.686
763.75	17.23767	107.5587
764.0625	17.12379	107.3752
764.375	17.01913	107.5016
764.6875	16.91365	107.3603
765	16.82038	107.4991
765.3125	16.73245	107.493
765.625	16.64577	107.5797
765.9375	16.56797	107.6048
766.25	16.48855	107.6089
766.5625	16.41661	107.752
766.875	16.34453	107.6969
767.1875	16.27541	107.6581
767.5	16.20884	107.7079
767.8125	16.14557	107.5616
768.125	16.0814	107.6823
768.4375	16.01962	107.6302
768.75	15.95698	107.6756
769.0625	15.89768	107.5228
769.375	15.83645	107.616
769.6875	15.77624	107.4576
770	15.72286	107.434
770.3125	15.66144	107.463
770.625	15.59956	107.3283
770.9375	15.53969	107.2916
771.25	15.47503	107.2862
771.5625	15.42076	107.2568
771.875	15.35726	107.0885
772.1875	15.2864	107.0206
772.5	15.2269	106.8211
772.8125	15.155	106.6397
773.125	15.08714	106.6562
773.4375	15.01199	106.5339
773.75	14.94038	106.3851
774.0625	14.86044	106.2863
774.375	14.77411	106.1892
774.6875	14.69524	106.1733
775	14.595	106.1006
775.3125	14.50148	106.0019
775.625	14.39697	106.0835
775.9375	14.27972	106.0806
776.25	14.16243	106.0719
776.5625	14.04361	106.4355
776.875	13.9074	106.6985
777.1875	13.77688	107.0396
777.5	13.65066	107.6172
777.8125	13.53415	108.3269
778.125	13.44151	109.1551
778.4375	13.38327	110.0923
778.75	13.35788	111.2626
779.0625	13.36717	112.0529
779.375	13.40413	113.0235
779.6875	13.4563	113.7004
780	13.52506	114.1249
780.3125	13.59165	114.5181
780.625	13.66317	114.804
780.9375	13.71678	114.9176
781.25	13.76151	114.8408
781.5625	13.80282	114.6911
781.875	13.82749	114.6907
782.1875	13.8466	114.6195
782.5	13.85979	114.4526
782.8125	13.87396	114.3227
783.125	13.87407	114.1235
783.4375	13.87078	113.8461
783.75	13.8696	113.8759
784.0625	13.86148	113.6221
784.375	13.84942	113.5118
784.6875	13.83295	113.3897
785	13.81472	113.3779
785.3125	13.79262	113.2237
785.625	13.77301	113.1925
785.9375	13.75426	113.0113
786.25	13.7301	112.7999
786.5625	13.7018	112.8314
786.875	13.68895	112.8731
787.1875	13.65266	112.7458
787.5	13.63314	112.877
787.8125	13.60744	112.7411
788.125	13.58352	112.6961
788.4375	13.56262	112.6327
788.75	13.53584	112.7506
789.0625	13.51802	112.6779
789.375	13.49841	112.6232
789.6875	13.48177	112.6702
790	13.46135	112.6754
790.3125	13.44403	112.6178
790.625	13.42647	112.5671
790.9375	13.41096	112.5738
791.25	13.3907	112.5973
791.5625	13.37386	112.6351
791.875	13.3602	112.5876
792.1875	13.34196	112.4847
792.5	13.31894	112.4546
792.8125	13.30968	112.3961
793.125	13.29457	112.3968
793.4375	13.26868	112.3874
793.75	13.25769	112.4029
794.0625	13.2419	112.3347
794.375	13.22261	112.2576
794.6875	13.20965	112.1944
795	13.18639	112.2679
795.3125	13.17538	112.1298
795.625	13.16035	112.0951
795.9375	13.13796	112.2252
796.25	13.12045	112.1442
796.5625	13.10457	112.0039
796.875	13.08532	112.0936
797.1875	13.06989	111.9064
797.5	13.05431	111.9725
797.8125	13.03802	111.9273
798.125	13.01752	111.8632
798.4375	13.00179	111.8886
798.75	12.98259	111.757
799.0625	12.96714	111.6638
799.375	12.95194	111.7298
799.6875	12.93941	111.5629
800	12.92281	111.5384
800.3125	12.90279	111.5816
800.625	12.89069	111.4562
800.9375	12.87435	111.4948
801.25	12.85978	111.3891
801.5625	12.8411	111.4559
801.875	12.82699	111.304
802.1875	12.81042	111.2739
802.5	12.79346	111.2404
802.8125	12.77776	111.1606
803.125	12.76127	111.1129
803.4375	12.74174	111.0972
803.75	12.72491	111.1639
804.0625	12.70888	111.0435
804.375	12.6859	110.9167
804.6875	12.66797	110.8592
805	12.64898	110.7954
805.3125	12.63552	110.7888
805.625	12.61435	110.6583
805.9375	12.60118	110.7177
806.25	12.57531	110.704
806.5625	12.56263	110.6238
806.875	12.53885	110.4692
807.1875	12.51947	110.5029
807.5	12.50986	110.5671
807.8125	12.48772	110.4508
808.125	12.4689	110.5827
808.4375	12.45483	110.5088
808.75	12.43233	110.459
809.0625	12.41631	110.3784
809.375	12.40573	110.3834
809.6875	12.3851	110.262
810	12.37097	110.2724
810.3125	12.35312	110.2176
810.625	12.33604	110.1634
810.9375	12.3245	110.0949
811.25	12.30466	110.1161
811.5625	12.28521	110.2079
811.875	12.27032	109.9804
812.1875	12.2558	110.1285
812.5	12.23312	110.1905
812.8125	12.22318	110.0726
813.125	12.20492	110.0205
813.4375	12.19623	109.9862
813.75	12.176	110.0404
814.0625	12.15733	109.9377
814.375	12.14631	109.8615
814.6875	12.13451	109.7644
815	12.11208	109.7044
815.3125	12.10493	109.701
815.625	12.08169	109.7335
815.9375	12.07311	109.7125
816.25	12.06244	109.7999
816.5625	12.03978	109.7024
816.875	12.02735	109.633
817.1875	12.01479	109.668
817.5	11.99517	109.6868
817.8125	11.98234	109.5966
818.125	11.96923	109.4893
818.4375	11.96439	109.5722
818.75	11.95121	109.6266
819.0625	11.92604	109.6137
819.375	11.91516	109.5098
819.6875	11.89877	109.6367
820	11.89054	109.4643
820.3125	11.87261	109.5184
820.625	11.8623	109.5053
820.9375	11.84739	109.4864
821.25	11.84309	109.4684
821.5625	11.83172	109.5683
821.875	11.82504	109.3645
822.1875	11.81597	109.4663
822.5	11.80589	109.3648
822.8125	11.79071	109.4707
823.125	11.78114	109.2875
823.4375	11.76665	109.2822
823.75	11.76112	109.3328
824.0625	11.74824	109.4108
824.375	11.7362	109.319
824.6875	11.72772	109.2342
825	11.7228	109.2895
825.3125	11.71059	109.1999
825.625	11.69686	109.198
825.9375	11.69065	109.1269
826.25	11.68276	109.1039
826.5625	11.66899	109.2323
826.875	11.65916	109.0883
827.1875	11.65244	109.102
827.5	11.65014	108.9467
827.8125	11.63755	108.9767
828.125	11.62999	108.9985
828.4375	11.61762	108.9141
828.75	11.61486	108.9048
829.0625	11.60675	108.9645
829.375	11.58992	108.7916
829.6875	11.58384	108.7915
830	11.57444	108.7617
830.3125	11.56444	108.747
830.625	11.56124	108.7194
830.9375	11.54777	108.5797
831.25	11.53719	108.5304
831.5625	11.52679	108.3862
831.875	11.52504	108.5741
832.1875	11.50317	108.6294
832.5	11.50476	108.5664
832.8125	11.49096	108.4748
833.125	11.48878	108.5582
833.4375	11.48067	108.378
833.75	11.47211	108.3606
834.0625	11.47465	108.2494
834.375	11.45758	108.2548
834.6875	11.44985	108.2474
835	11.44769	108.2398
835.3125	11.42667	108.1658
835.625	11.4171	108.2188
835.9375	11.41433	108.1218
836.25	11.39805	108.0633
836.5625	11.3886	108.101
836.875	11.38492	107.9515
837.1875	11.35913	107.9505
837.5	11.3628	108.0029
837.8125	11.35639	107.8068
838.125	11.33379	107.8363
838.4375	11.34085	107.8938
838.75	11.32715	107.6981
839.0625	11.31494	107.7733
839.375	11.30724	107.7408
839.6875	11.29363	107.8244
840	11.29114	107.6456
840.3125	11.28033	107.5663
840.625	11.27083	107.6083
840.9375	11.26314	107.537
841.25	11.24929	107.5844
841.5625	11.23973	107.5186
841.875	11.23696	107.5785
842.1875	11.22179	107.4214
842.5	11.21703	107.5037
842.8125	11.22039	107.5461
843.125	11.20871	107.4977
843.4375	11.19995	107.4473
843.75	11.2048	107.5244
844.0625	11.19152	107.5015
844.375	11.19337	107.432
844.6875	11.18476	107.501
845	11.18224	107.3643
845.3125	11.17136	107.3971
845.625	11.17211	107.2648
845.9375	11.16649	107.3659
846.25	11.15304	107.2979
846.5625	11.15955	107.1554
846.875	11.15104	107.1885
847.1875	11.14762	107.1684
847.5	11.14077	107.1619
847.8125	11.14131	107.1889
848.125	11.14392	107.1724
848.4375	11.13245	107.2204
848.75	11.13373	107.0818
849.0625	11.12909	107.0177
849.375	11.12115	106.9387
849.6875	11.12227	107.0289
850	11.11474	106.8538
850.3125	11.12236	107.0476
850.625	11.11564	107
850.9375	11.10459	106.9289
851.25	11.1072	106.9853
851.5625	11.11353	106.8183
851.875	11.1029	106.8355
852.1875	11.10224	106.991
852.5	11.11207	106.7281
852.8125	11.106	106.7931
853.125	11.10709	106.6909
853.4375	11.10632	106.6975
853.75	11.10747	106.6221
854.0625	11.10593	106.5377
854.375	11.10841	106.4891
854.6875	11.10866	106.6012
855	11.10728	106.5259
855.3125	11.11713	106.5433
855.625	11.12298	106.3017
855.9375	11.11678	106.2786
856.25	11.12569	106.1732
856.5625	11.13009	106.0049
856.875	11.1376	106.0636
857.1875	11.13995	105.9424
857.5	11.13866	105.8043
857.8125	11.14682	105.7112
858.125	11.14256	105.6841
858.4375	11.14727	105.5428
858.75	11.13841	105.3321
859.0625	11.14438	105.3325
859.375	11.14528	105.165
859.6875	11.13377	105.079
860	11.14095	104.9143
860.3125	11.13077	104.7995
860.625	11.12514	104.6512
860.9375	11.12213	104.5693
861.25	11.11529	104.3636
861.5625	11.10581	104.1238
861.875	11.09831	104.1268
862.1875	11.08502	103.9927
862.5	11.07273	103.8941
862.8125	11.0541	103.7347
863.125	11.04152	103.6494
863.4375	11.03239	103.6021
863.75	11.01013	103.4918
864.0625	10.99915	103.36
864.375	10.98099	103.3283
864.6875	10.9619	103.1385
865	10.94618	103.1336
865.3125	10.93904	103.1499
865.625	10.91526	103.0786
865.9375	10.90925	103.0479
866.25	10.8915	102.9964
866.5625	10.88048	102.9597
866.875	10.86572	102.9353
867.1875	10.86012	102.8289
867.5	10.84605	102.7394
867.8125	10.83459	102.579
868.125	10.82207	102.5759
868.4375	10.80014	102.5656
868.75	10.79013	102.6295
869.0625	10.78338	102.5859
869.375	10.77409	102.3627
869.6875	10.75416	102.3371
870	10.7468	102.342
870.3125	10.73942	102.2506
870.625	10.73062	102.3498
870.9375	10.71976	102.2907
871.25	10.71002	102.1893
871.5625	10.69334	102.1223
871.875	10.68803	102.0817
872.1875	10.67543	102.1273
872.5	10.66422	102.0115
872.8125	10.64981	102.092
873.125	10.64192	101.8627
873.4375	10.63058	101.9409
873.75	10.6177	101.9059
874.0625	10.61536	101.8376
874.375	10.60693	101.819
874.6875	10.60325	101.913
875	10.58709	101.9278
875.3125	10.57833	101.7986
875.625	10.56784	101.8626
875.9375	10.55938	101.7077
876.25	10.54371	101.6169
876.5625	10.53907	101.6212
876.875	10.53481	101.688
877.1875	10.5198	101.5913
877.5	10.51512	101.6011
877.8125	10.50911	101.6515
878.125	10.49871	101.5357
878.4375	10.49983	101.7256
878.75	10.49368	101.6626
879.0625	10.4849	101.5064
879.375	10.48038	101.4005
879.6875	10.48176	101.5462
880	10.47063	101.4698
880.3125	10.46546	101.3715
880.625	10.46781	101.4065
880.9375	10.45199	101.3686
881.25	10.4486	101.3416
881.5625	10.44836	101.3311
881.875	10.43675	101.224
882.1875	10.42909	101.2216
882.5	10.43004	101.0391
882.8125	10.41617	101.0639
883.125	10.41231	101.0884
883.4375	10.40101	100.924
883.75	10.39582	100.8734
884.0625	10.38286	100.9452
884.375	10.36866	100.8634
884.6875	10.37055	100.9303
885	10.35699	100.9176
885.3125	10.34744	100.8431
885.625	10.33838	100.8473
885.9375	10.32987	100.7843
886.25	10.3108	100.7766
886.5625	10.30846	100.7346
886.875	10.29549	100.6516
887.1875	10.28199	100.5945
887.5	10.27168	100.7381
887.8125	10.27468	100.6832
888.125	10.25426	100.7208
888.4375	10.25701	100.5673
888.75	10.23912	100.8331
889.0625	10.23247	100.5962
889.375	10.21638	100.7315
889.6875	10.21707	100.6588
890	10.20594	100.7848
890.3125	10.19871	100.7912
890.625	10.19316	100.8191
890.9375	10.1816	100.8221
891.25	10.17974	100.9173
891.5625	10.1701	100.9671
891.875	10.17088	100.9181
892.1875	10.16045	100.9002
892.5	10.15668	100.9868
892.8125	10.15226	100.9598
893.125	10.15035	101.0903
893.4375	10.14509	101.089
893.75	10.1509	101.1386
894.0625	10.14688	101.155
894.375	10.15171	101.2367
894.6875	10.15182	101.2361
895	10.15144	101.077
895.3125	10.15506	101.1993
895.625	10.15336	101.2915
895.9375	10.16459	101.2804
896.25	10.1679	101.2166
896.5625	10.17033	101.2552
896.875	10.18063	101.351
897.1875	10.19115	101.3182
897.5	10.2086	101.1385
897.8125	10.20603	101.2922
898.125	10.21262	101.2891
898.4375	10.22851	101.2045
898.75	10.22457	101.0516
899.0625	10.23393	101.0425
899.375	10.23383	100.8672
899.6875	10.23694	100.8601
900	10.23217	100.9578
900.3125	10.24043	100.8681
900.625	10.23357	100.773
900.9375	10.24241	100.8134
901.25	10.24534	100.5631
901.5625	10.24065	100.692
901.875	10.24117	100.5351
902.1875	10.25342	100.4503
902.5	10.24419	100.4492
902.8125	10.25128	100.3944
903.125	10.25722	100.3138
903.4375	10.24793	100.2707
903.75	10.2446	100.1771
904.0625	10.23854	100.016
904.375	10.22988	100.1011
904.6875	10.22994	99.99242
905	10.22359	99.93057
905.3125	10.21928	99.78702
905.625	10.20656	99.92337
905.9375	10.20703	99.96335
906.25	10.21038	99.98647
906.5625	10.20034	99.78313
906.875	10.19942	99.69779
907.1875	10.19485	99.70348
907.5	10.19369	99.64025
907.8125	10.18564	99.76087
908.125	10.184	99.74006
908.4375	10.18289	99.67337
908.75	10.18017	99.50494
909.0625	10.17953	99.59618
909.375	10.17701	99.61554
909.6875	10.17033	99.49578
910	10.17048	99.49223
910.3125	10.16965	99.37109
910.625	10.15895	99.42951
910.9375	10.16621	99.48573
911.25	10.16248	99.54846
911.5625	10.15796	99.48862
911.875	10.1552	99.44008
912.1875	10.15201	99.24223
912.5	10.15288	99.26465
912.8125	10.15546	99.21411
913.125	10.14977	99.25282
913.4375	10.14955	99.21436
913.75	10.13708	99.14628
914.0625	10.14863	99.31594
914.375	10.1481	99.20117
914.6875	10.14236	99.21871
915	10.15057	99.18278
915.3125	10.14079	99.11501
915.625	10.13868	99.14825
915.9375	10.13972	99.09748
916.25	10.14832	99.12117
916.5625	10.13896	99.22032
916.875	10.14919	99.15642
917.1875	10.1358	99.02766
917.5	10.1421	98.94008
917.8125	10.1569	98.91714
918.125	10.1541	98.96631
918.4375	10.15325	98.92718
918.75	10.15323	98.83244
919.0625	10.15503	98.89567
919.375	10.15599	98.82716
919.6875	10.1577	98.80716
920	10.14444	98.8127
920.3125	10.15132	98.76437
920.625	10.14388	98.80563
920.9375	10.14556	98.82686
921.25	10.14063	98.58696
921.5625	10.14591	98.6647
921.875	10.13905	98.48261
922.1875	10.13525	98.52528
922.5	10.14195	98.53462
922.8125	10.12632	98.55826
923.125	10.13173	98.61713
923.4375	10.13336	98.56473
923.75	10.12346	98.51627
924.0625	10.12395	98.51877
924.375	10.127	98.48972
924.6875	10.12419	98.50248
925	10.12699	98.50066
925.3125	10.12949	98.55307
925.625	10.11661	98.50233
925.9375	10.13	98.41872
926.25	10.12834	98.44662
926.5625	10.1306	98.41001
926.875	10.1391	98.34929
927.1875	10.13624	98.43401
927.5	10.13291	98.38308
927.8125	10.13583	98.4799
928.125	10.14544	98.34696
928.4375	10.14524	98.40691
928.75	10.14108	98.34787
929.0625	10.14175	98.21948
929.375	10.14898	98.17282
929.6875	10.14435	98.23099
930	10.14584	98.30745
930.3125	10.15193	98.18299
930.625	10.15169	98.30666
930.9375	10.15363	98.1051
931.25	10.15602	98.21122
931.5625	10.15534	98.11926
931.875	10.1631	98.0223
932.1875	10.15972	98.18694
932.5	10.17037	98.05681
932.8125	10.17395	98.14851
933.125	10.16609	98.01569
933.4375	10.17954	97.90168
933.75	10.18256	98.14691
934.0625	10.17506	98.11712
934.375	10.18345	97.96554
934.6875	10.18877	97.95267
935	10.19016	97.80872
935.3125	10.19039	97.82388
935.625	10.19191	97.82439
935.9375	10.19679	97.95938
936.25	10.1892	97.86498
936.5625	10.20032	97.94391
936.875	10.20253	97.72187
937.1875	10.20133	97.71709
937.5	10.20121	97.7147
937.8125	10.2115	97.80283
938.125	10.21078	97.70391
938.4375	10.21844	97.68584
938.75	10.21517	97.72742
939.0625	10.22361	97.75941
939.375	10.21922	97.54836
939.6875	10.23305	97.57708
940	10.23814	97.60307
940.3125	10.2438	97.56302
940.625	10.24104	97.46878
940.9375	10.2438	97.50004
941.25	10.2511	97.454
941.5625	10.25425	97.3198
941.875	10.25421	97.55247
942.1875	10.26742	97.61572
942.5	10.27132	97.39291
942.8125	10.27302	97.34824
943.125	10.27816	97.41898
943.4375	10.28748	97.25281
943.75	10.28109	97.32738
944.0625	10.28958	97.23773
944.375	10.2961	97.29718
944.6875	10.29918	97.35878
945	10.30017	97.0679
945.3125	10.298	97.09927
945.625	10.29797	96.87897
945.9375	10.30587	96.9748
946.25	10.31606	97.10754
946.5625	10.30774	97.10603
946.875	10.31611	96.94022
947.1875	10.31667	96.95697
947.5	10.32506	97.07471
947.8125	10.32641	97.06243
948.125	10.33589	96.9016
948.4375	10.3367	96.85928
948.75	10.34336	97.01867
949.0625	10.35443	97.02806
949.375	10.35925	96.79314
949.6875	10.36221	96.96481
950	10.37545	96.76837
950.3125	10.37922	96.86005
950.625	10.38646	96.89539
950.9375	10.39347	96.80638
951.25	10.39318	96.55969
951.5625	10.40589	96.66949
951.875	10.41027	96.55156
952.1875	10.42334	96.55344
952.5	10.41543	96.47372
952.8125	10.41146	96.49369
953.125	10.43353	96.47395
953.4375	10.43946	96.3624
953.75	10.44541	96.23105
954.0625	10.43813	96.20757
954.375	10.44203	96.10017
954.6875	10.45195	95.93117
955	10.45687	95.9876
955.3125	10.45065	96.00613
955.625	10.46439	95.80891
955.9375	10.46644	95.91278
956.25	10.46583	95.83745
956.5625	10.4681	95.86435
956.875	10.47074	95.77623
957.1875	10.47625	95.76261
957.5	10.47619	95.70997
957.8125	10.47311	95.7166
958.125	10.48772	95.50726
958.4375	10.48191	95.48605
958.75	10.48126	95.40422
959.0625	10.48796	95.53117
959.375	10.47879	95.3049
959.6875	10.47897	95.26118
960	10.47895	95.10287
960.3125	10.47505	95.24708
960.625	10.471	95.21642
960.9375	10.47416	95.1356
961.25	10.47001	95.04065
961.5625	10.4716	95.07874
961.875	10.47113	95.10093
962.1875	10.47183	95.1422
962.5	10.4794	94.94221
962.8125	10.47925	95.11411
963.125	10.48021	95.03922
963.4375	10.48576	94.82838
963.75	10.48147	94.8961
964.0625	10.49004	94.83007
964.375	10.48446	94.83786
964.6875	10.48886	94.93832
965	10.48745	94.7594
965.3125	10.47569	94.86934
965.625	10.48062	94.8149
965.9375	10.47676	94.6848
966.25	10.47296	94.66547
966.5625	10.47717	94.39463
966.875	10.4801	94.65385
967.1875	10.47721	94.62418
967.5	10.4826	94.66482
967.8125	10.47637	94.53921
968.125	10.48104	94.58695
968.4375	10.48779	94.65142
968.75	10.48127	94.6486
969.0625	10.49228	94.79109
969.375	10.48941	94.76737
969.6875	10.49368	94.60153
970	10.49415	94.73489
970.3125	10.50849	94.64958
970.625	10.50334	94.72417
970.9375	10.51011	94.83833
971.25	10.51737	94.66773
971.5625	10.52697	94.67067
971.875	10.53263	94.6161
972.1875	10.52973	94.77602
972.5	10.54072	94.63125
972.8125	10.54379	94.72773
973.125	10.54747	94.72672
973.4375	10.55776	94.55849
973.75	10.56507	94.67746
974.0625	10.57188	94.7275
974.375	10.58257	94.83746
974.6875	10.58298	94.5497
975	10.58852	94.47945
975.3125	10.59617	94.62327
975.625	10.60235	94.5716
975.9375	10.60511	94.68918
976.25	10.61975	94.60831
976.5625	10.61406	94.47367
976.875	10.62622	94.52971
977.1875	10.64029	94.72649
977.5	10.64638	94.63187
977.8125	10.64756	94.4845
978.125	10.65204	94.38283
978.4375	10.67144	94.46214
978.75	10.6681	94.52932
979.0625	10.68133	94.47634
979.375	10.68986	94.45793
979.6875	10.69897	94.25277
980	10.69949	94.34661
980.3125	10.70188	94.4177
980.625	10.7145	94.16515
980.9375	10.71516	94.31057
981.25	10.72843	94.19512
981.5625	10.73138	94.16695
981.875	10.73093	94.09828
982.1875	10.73956	94.09524
982.5	10.73824	94.26351
982.8125	10.75061	94.03504
983.125	10.75816	94.0986
983.4375	10.75691	94.10603
983.75	10.766	94.202
984.0625	10.77065	94.0311
984.375	10.77612	94.07062
984.6875	10.78272	94.06315
985	10.79015	94.1245
985.3125	10.79606	94.18488
985.625	10.80731	93.88673
985.9375	10.8141	94.18765
986.25	10.81666	94.00193
986.5625	10.82421	93.99001
986.875	10.8359	94.04234
987.1875	10.83618	93.92906
987.5	10.84355	93.93372
987.8125	10.84169	93.96479
988.125	10.85022	93.80451
988.4375	10.84833	94.008
988.75	10.86624	94.06655
989.0625	10.86239	93.89613
989.375	10.87448	93.94044
989.6875	10.88583	93.76579
990	10.89731	93.91193
990.3125	10.89863	93.84289
990.625	10.90592	93.9397
990.9375	10.91377	93.75899
991.25	10.92434	93.76205
991.5625	10.92591	93.6673
991.875	10.93905	93.87108
992.1875	10.94606	93.79807
992.5	10.95377	93.64161
992.8125	10.95689	93.73647
993.125	10.96379	93.74606
993.4375	10.97663	93.70858
993.75	10.98014	93.81293
994.0625	10.98528	93.67915
994.375	10.99811	93.62897
994.6875	11.00346	93.67545
995	11.0198	93.60522
995.3125	11.02664	93.4906
995.625	11.0315	93.62021
995.9375	11.04594	93.70422
996.25	11.04734	93.55245
996.5625	11.04989	93.52269
996.875	11.06681	93.7149
997.1875	11.07051	93.52444
997.5	11.08518	93.46257
997.8125	11.08747	93.67106
998.125	11.10656	93.51595
998.4375	11.10333	93.45847
998.75	11.11554	93.57472
999.0625	11.13386	93.47282
999.375	11.14017	93.46983
999.6875	11.14612	93.49812
1000	11.15328	93.74035
1000.3125	11.16702	93.46693
1000.625	11.1773	93.38094
1000.9375	11.18049	93.3845
1001.25	11.19682	93.20549
1001.5625	11.21403	93.65867
1001.875	11.21817	93.4699
1002.1875	11.22724	93.53436
1002.5	11.24005	93.30264
1002.8125	11.25707	93.46391
1003.125	11.26828	93.30288
1003.4375	11.27429	93.39123
1003.75	11.28072	93.43224
1004.0625	11.29729	93.45441
1004.375	11.30992	93.37653
1004.6875	11.31418	93.28685
1005	11.33133	93.29807
1005.3125	11.34299	93.06841
1005.625	11.34589	93.17403
1005.9375	11.3576	93.16754
1006.25	11.36932	93.21336
1006.5625	11.38014	93.13154
1006.875	11.38845	93.24583
1007.1875	11.39971	93.03338
1007.5	11.41107	92.9588
1007.8125	11.42681	93.20634
1008.125	11.43736	92.99337
1008.4375	11.44622	93.06928
1008.75	11.45044	92.98227
1009.0625	11.46412	92.8881
1009.375	11.47127	93.1476
1009.6875	11.48909	93.03208
1010	11.50396	93.01697
1010.3125	11.51604	93.03355
1010.625	11.52142	92.96169
1010.9375	11.53557	92.97232
1011.25	11.54977	92.97414
1011.5625	11.55955	92.84048
1011.875	11.57144	92.90007
1012.1875	11.58117	92.94691
1012.5	11.59265	92.78615
1012.8125	11.60399	92.85452
1013.125	11.6223	92.78096
1013.4375	11.63467	92.83298
1013.75	11.64317	92.7171
1014.0625	11.65559	92.67918
1014.375	11.66938	92.61861
1014.6875	11.68205	92.61976
1015	11.69714	92.6885
1015.3125	11.70807	92.60336
1015.625	11.71867	92.51352
1015.9375	11.71598	92.39455
1016.25	11.73394	92.61407
1016.5625	11.74068	92.5142
1016.875	11.75616	92.51881
1017.1875	11.76158	92.47408
1017.5	11.76811	92.47922
1017.8125	11.78137	92.26479
1018.125	11.78846	92.36113
1018.4375	11.79814	92.28231
1018.75	11.80763	92.04203
1019.0625	11.83063	92.28276
1019.375	11.83278	92.12511
1019.6875	11.84481	92.28909
1020	11.85592	92.08882
1020.3125	11.87456	92.16309
1020.625	11.87562	92.12371
1020.9375	11.89298	92.18699
1021.25	11.91035	92.08923
1021.5625	11.91422	92.05692
1021.875	11.92949	91.96268
1022.1875	11.93716	92.00577
1022.5	11.94709	92.09992
1022.8125	11.96837	92.08555
1023.125	11.97007	92.06431
1023.4375	11.99059	92.1058
1023.75	11.99429	92.01234
1024.0625	12.00354	91.8519
1024.375	12.01611	92.08848
1024.6875	12.02661	91.87012
1025	12.04095	91.84779
1025.3125	12.0508	91.97824
1025.625	12.06096	91.70955
1025.9375	12.07605	91.79158
1026.25	12.08282	91.93961
1026.5625	12.1066	91.9509
1026.875	12.11	91.94277
1027.1875	12.13249	91.91856
1027.5	12.14039	91.88584
1027.8125	12.15401	91.8466
1028.125	12.16513	91.81676
1028.4375	12.18825	91.93124
1028.75	12.19537	91.85845
1029.0625	12.21447	91.91773
1029.375	12.22771	92.01268
1029.6875	12.23996	91.76423
1030	12.25184	91.90353
1030.3125	12.26957	91.71932
1030.625	12.28453	91.67609
1030.9375	12.30036	91.86363
1031.25	12.31365	91.80151
1031.5625	12.33362	91.74386
1031.875	12.35128	91.78463
1032.1875	12.36497	91.87271
1032.5	12.37742	91.63988
1032.8125	12.39961	91.67838
1033.125	12.41357	91.65065
1033.4375	12.42572	91.61377
1033.75	12.44963	91.62228
1034.0625	12.46639	91.59348
1034.375	12.47919	91.56396
1034.6875	12.48862	91.55951
1035	12.51303	91.4735
1035.3125	12.53204	91.52116
1035.625	12.549	91.41563
1035.9375	12.56554	91.55711
1036.25	12.57735	91.50804
1036.5625	12.59124	91.36504
1036.875	12.61395	91.43913
1037.1875	12.63447	91.25156
1037.5	12.6423	91.283
1037.8125	12.66488	91.30453
1038.125	12.67474	91.36032
1038.4375	12.69602	91.2712
1038.75	12.71255	91.06989
1039.0625	12.72656	91.33997
1039.375	12.74168	91.10379
1039.6875	12.74936	91.18251
1040	12.76754	91.05161
1040.3125	12.78938	91.01975
1040.625	12.80164	91.10139
1040.9375	12.82379	91.04919
1041.25	12.83769	90.99031
1041.5625	12.85588	91.09873
1041.875	12.86962	91.00016
1042.1875	12.89019	91.13042
1042.5	12.90745	90.82511
1042.8125	12.92017	90.83819
1043.125	12.9423	90.90059
1043.4375	12.95816	90.69509
1043.75	12.97636	90.94807
1044.0625	12.99039	90.88247
1044.375	13.01567	90.72649
1044.6875	13.03211	90.68505
1045	13.04786	90.78755
1045.3125	13.06281	90.69894
1045.625	13.08382	90.84341
1045.9375	13.10538	90.59803
1046.25	13.12672	90.74188
1046.5625	13.13907	90.63807
1046.875	13.15718	90.42097
1047.1875	13.18169	90.54454
1047.5	13.19811	90.55197
1047.8125	13.21106	90.42771
1048.125	13.23166	90.32751
1048.4375	13.25103	90.40195
1048.75	13.26854	90.26823
1049.0625	13.28633	90.28879
1049.375	13.30507	90.1899
1049.6875	13.32381	90.24469
1050	13.3378	90.15353
1050.3125	13.36269	90.11807
1050.625	13.37765	90.10233
1050.9375	13.39651	90.04984
1051.25	13.41576	89.89736
1051.5625	13.43339	89.83218
1051.875	13.44619	89.83367
1052.1875	13.46944	89.96156
1052.5	13.48308	89.81749
1052.8125	13.49566	89.66055
1053.125	13.51487	89.60085
1053.4375	13.53068	89.57256
1053.75	13.54443	89.55906
1054.0625	13.55995	89.68938
1054.375	13.58041	89.53387
1054.6875	13.59062	89.39905
1055	13.61105	89.52374
1055.3125	13.62356	89.48977
1055.625	13.63864	89.48747
1055.9375	13.66066	89.45824
1056.25	13.67869	89.44545
1056.5625	13.69212	89.32956
1056.875	13.71216	89.29121
1057.1875	13.72357	89.06534
1057.5	13.74356	89.18792
1057.8125	13.76426	89.10859
1058.125	13.78231	89.05195
1058.4375	13.79681	89.21738
1058.75	13.80999	89.08416
1059.0625	13.82311	89.11949
1059.375	13.84654	89.02238
1059.6875	13.86725	88.85404
1060	13.88111	88.91312
1060.3125	13.90363	88.91308
1060.625	13.91518	88.72838
1060.9375	13.92768	88.70818
1061.25	13.9457	88.66382
1061.5625	13.95572	88.70431
1061.875	13.96574	88.50933
1062.1875	13.97986	88.40711
1062.5	13.99875	88.5722
1062.8125	14.01012	88.5626
1063.125	14.01941	88.47616
1063.4375	14.03922	88.44202
1063.75	14.05053	88.32181
1064.0625	14.05915	88.56594
1064.375	14.07334	88.42459
1064.6875	14.08928	88.44369
1065	14.10724	88.37001
1065.3125	14.12016	88.37691
1065.625	14.12858	88.47303
1065.9375	14.14837	88.47523
1066.25	14.16052	88.58019
1066.5625	14.17938	88.56447
1066.875	14.19909	88.46033
1067.1875	14.20663	88.49914
1067.5	14.22619	88.64688
1067.8125	14.24643	88.61636
1068.125	14.2618	88.59203
1068.4375	14.28004	88.64098
1068.75	14.29995	88.74403
1069.0625	14.3189	88.78107
1069.375	14.33734	88.76101
1069.6875	14.36541	88.833
1070	14.37994	89.01871
1070.3125	14.40168	88.90461
1070.625	14.42962	88.79527
1070.9375	14.45614	88.96557
1071.25	14.47645	88.98044
1071.5625	14.50258	89.06861
1071.875	14.53218	89.04902
1072.1875	14.55715	89.16112
1072.5	14.58696	89.13697
1072.8125	14.61375	88.94196
1073.125	14.63155	88.99011
1073.4375	14.66713	89.16114
1073.75	14.69491	89.22076
1074.0625	14.72036	89.26886
1074.375	14.753	89.24041
1074.6875	14.78644	89.23784
1075	14.81775	89.27114
1075.3125	14.84367	89.42597
1075.625	14.8776	89.46518
1075.9375	14.91051	89.32207
1076.25	14.94422	89.29532
1076.5625	14.97116	89.29413
1076.875	15.00598	89.37244
1077.1875	15.0376	89.2383
1077.5	15.07344	89.22177
1077.8125	15.10336	89.21571
1078.125	15.13379	89.21759
1078.4375	15.16729	89.29627
1078.75	15.20111	89.30347
1079.0625	15.23121	89.29674
1079.375	15.26188	89.38611
1079.6875	15.29443	89.32527
1080	15.32752	89.11576
1080.3125	15.3592	89.2617
1080.625	15.39066	89.18965
1080.9375	15.42374	89.24002
1081.25	15.45602	89.17222
1081.5625	15.48998	89.06219
1081.875	15.51566	89.24248
1082.1875	15.55973	89.20047
1082.5	15.58793	89.16298
1082.8125	15.62303	89.13139
1083.125	15.65285	89.21111
1083.4375	15.68762	89.11042
1083.75	15.72762	89.08252
1084.0625	15.76004	89.0822
1084.375	15.79659	89.21738
1084.6875	15.83549	89.10587
1085	15.86943	88.99996
1085.3125	15.90853	89.25203
1085.625	15.95355	89.02248
1085.9375	15.98525	89.16479
1086.25	16.02566	89.15871
1086.5625	16.06661	89.04047
1086.875	16.10736	89.06729
1087.1875	16.15166	89.06946
1087.5	16.18769	89.03876
1087.8125	16.23707	88.95681
1088.125	16.27794	89.12978
1088.4375	16.32249	89.03747
1088.75	16.36432	89.0837
1089.0625	16.40701	88.79686
1089.375	16.4562	88.88379
1089.6875	16.50006	88.95552
1090	16.54766	88.78087
1090.3125	16.59258	88.84885
1090.625	16.64104	88.84601
1090.9375	16.69014	88.7051
1091.25	16.73409	88.58602
1091.5625	16.78706	88.46428
1091.875	16.83798	88.53305
1092.1875	16.88581	88.62801
1092.5	16.94036	88.34914
1092.8125	16.99321	88.52953
1093.125	17.03783	88.30559
1093.4375	17.09558	88.12641
1093.75	17.15031	88.19854
1094.0625	17.20264	88.19292
1094.375	17.25525	88.02267
1094.6875	17.3118	87.90694
1095	17.36564	87.87835
1095.3125	17.42144	87.65276
1095.625	17.47723	87.53362
1095.9375	17.53524	87.48251
1096.25	17.59391	87.22709
1096.5625	17.65273	87.08276
1096.875	17.7099	86.8933
1097.1875	17.76796	86.75751
1097.5	17.82558	86.67143
1097.8125	17.88276	86.32968
1098.125	17.93991	86.049
1098.4375	17.99933	85.95673
1098.75	18.05301	85.74683
1099.0625	18.10634	85.63094
1099.375	18.16995	85.19865
1099.6875	18.22392	84.94656
1100	18.27149	84.75002
1100.3125	18.32639	84.40621
1100.625	18.37419	84.10825
1100.9375	18.42334	83.68287
1101.25	18.47193	83.52064
1101.5625	18.51402	83.06753
1101.875	18.5566	82.82539
1102.1875	18.59842	82.44006
1102.5	18.63287	82.13617
1102.8125	18.66897	81.80376
1103.125	18.69917	81.55574
1103.4375	18.72952	80.92812
1103.75	18.75398	80.85473
1104.0625	18.77254	80.36851
1104.375	18.79347	79.99611
1104.6875	18.81092	79.66366
1105	18.82546	79.40739
1105.3125	18.8414	79.06254
1105.625	18.85011	78.89198
1105.9375	18.85769	78.67336
1106.25	18.86893	78.34312
1106.5625	18.87725	78.23837
1106.875	18.88698	77.98598
1107.1875	18.89307	77.72269
1107.5	18.90128	77.63937
1107.8125	18.9108	77.37543
1108.125	18.92235	77.34802
1108.4375	18.93261	77.05958
1108.75	18.94561	76.89442
1109.0625	18.95678	76.74287
1109.375	18.97043	76.70624
1109.6875	18.98133	76.58932
1110	19.00109	76.45924
1110.3125	19.01331	76.33251
1110.625	19.0297	76.34619
1110.9375	19.05198	76.01933
1111.25	19.07379	76.22365
1111.5625	19.09188	76.08589
1111.875	19.11388	75.77886
1112.1875	19.13589	75.91517
1112.5	19.15988	75.66554
1112.8125	19.18289	75.60855
1113.125	19.20744	75.53011
1113.4375	19.23497	75.34779
1113.75	19.25961	75.45158
1114.0625	19.28832	75.33932
1114.375	19.31462	75.21175
1114.6875	19.3434	75.17796
1115	19.36961	75.11402
1115.3125	19.40353	75.06723
1115.625	19.43185	74.91532
1115.9375	19.46494	74.90272
1116.25	19.49726	74.94592
1116.5625	19.52967	74.65858
1116.875	19.56423	74.71893
1117.1875	19.59758	74.58116
1117.5	19.63135	74.54244
1117.8125	19.66314	74.63678
1118.125	19.70403	74.52998
1118.4375	19.74181	74.38119
1118.75	19.77905	74.34358
1119.0625	19.81733	74.075
1119.375	19.85703	74.20599
1119.6875	19.89799	74.03701
1120	19.93399	74.05888
1120.3125	19.98157	73.94323
1120.625	20.02151	73.88756
1120.9375	20.0619	73.84047
1121.25	20.10754	73.76559
1121.5625	20.15339	73.61201
1121.875	20.19508	73.45511
1122.1875	20.24053	73.32204
1122.5	20.28275	73.2606
1122.8125	20.33086	73.22046
1123.125	20.37759	73.02575
1123.4375	20.42367	72.98121
1123.75	20.4696	72.7831
1124.0625	20.51683	72.65184
1124.375	20.56346	72.60513
1124.6875	20.61187	72.47026
1125	20.66181	72.24507
1125.3125	20.70925	72.21835
1125.625	20.75814	72.19806
1125.9375	20.80925	71.97927
1126.25	20.85983	71.86624
1126.5625	20.9067	71.84703
1126.875	20.95869	71.64216
1127.1875	21.01095	71.44388
1127.5	21.06184	71.17562
1127.8125	21.11028	71.15667
1128.125	21.1644	70.94214
1128.4375	21.21499	70.8945
1128.75	21.26903	70.47572
1129.0625	21.32049	70.53629
1129.375	21.37292	70.39751
1129.6875	21.42156	70.03274
1130	21.47612	70.20377
1130.3125	21.53266	69.83292
1130.625	21.58409	69.772
1130.9375	21.63915	69.63177
1131.25	21.69395	69.4229
1131.5625	21.74909	69.34428
1131.875	21.8074	69.1933
1132.1875	21.86635	68.98968
1132.5	21.91794	68.88798
1132.8125	21.97633	68.63154
1133.125	22.03717	68.5882
1133.4375	22.09429	68.24915
1133.75	22.15457	68.08868
1134.0625	22.21815	67.81072
1134.375	22.277	67.76139
1134.6875	22.33762	67.71037
1135	22.39973	67.41759
1135.3125	22.46721	67.12291
1135.625	22.52817	66.67496
1135.9375	22.59141	66.64183
1136.25	22.65414	66.41507
1136.5625	22.72298	66.3104
1136.875	22.7848	65.98954
1137.1875	22.85329	65.77076
1137.5	22.92247	65.53288
1137.8125	22.98762	65.40057
1138.125	23.05738	65.15456
1138.4375	23.12762	64.91495
1138.75	23.19655	64.491
1139.0625	23.264	64.4053
1139.375	23.33659	64.09548
1139.6875	23.40662	63.6919
1140	23.47769	63.4373
1140.3125	23.54935	63.19429
1140.625	23.6231	63.14905
1140.9375	23.69535	62.72699
1141.25	23.77075	62.56173
1141.5625	23.84344	62.1014
1141.875	23.92031	61.6555
1142.1875	23.99605	61.28092
1142.5	24.07421	60.91665
1142.8125	24.14888	60.6134
1143.125	24.22721	60.1956
1143.4375	24.30309	59.92205
1143.75	24.3822	59.57089
1144.0625	24.45646	59.148
1144.375	24.53225	58.74075
1144.6875	24.60715	58.18428
1145	24.6814	57.79166
1145.3125	24.75342	57.43622
1145.625	24.82782	57.119
1145.9375	24.89917	56.65
1146.25	24.96994	56.09929
1146.5625	25.04353	55.7833
1146.875	25.11535	55.35562
1147.1875	25.18824	54.78576
1147.5	25.26238	54.2642
1147.8125	25.33377	53.81858
1148.125	25.40495	53.2823
1148.4375	25.47664	52.86103
1148.75	25.55041	52.23722
1149.0625	25.6218	51.80046
1149.375	25.69659	51.06763
1149.6875	25.76689	50.896
1150	25.83927	50.18945
1150.3125	25.91119	49.74147
1150.625	25.98416	49.10303
1150.9375	26.05307	48.4832
1151.25	26.12663	47.96322
1151.5625	26.19802	47.30075
1151.875	26.26709	46.79596
1152.1875	26.33955	46.34171
1152.5	26.40704	45.53551
1152.8125	26.47623	45.03722
1153.125	26.54659	44.41134
1153.4375	26.61288	43.8255
1153.75	26.67947	43.02711
1154.0625	26.74619	42.317
1154.375	26.81221	41.64587
1154.6875	26.8752	41.02343
1155	26.94064	40.33559
1155.3125	27.00499	39.74346
1155.625	27.06489	38.88879
1155.9375	27.12742	38.1602
1156.25	27.1885	37.35841
1156.5625	27.24747	36.65512
1156.875	27.30508	35.9714
1157.1875	27.36331	35.09333
1157.5	27.41744	34.40098
1157.8125	27.47141	33.59604
1158.125	27.52397	32.88807
1158.4375	27.57444	32.00474
1158.75	27.62371	31.1857
1159.0625	27.67313	30.34114
1159.375	27.71877	29.40258
1159.6875	27.76342	28.70893
1160	27.80621	27.88803
1160.3125	27.84816	26.96446
1160.625	27.88541	25.99705
1160.9375	27.9229	25.26981
1161.25	27.95636	24.35545
1161.5625	27.98881	23.4424
1161.875	28.0195	22.41938
1162.1875	28.04825	21.56369
1162.5	28.07428	20.79034
1162.8125	28.09786	20.03897
1163.125	28.11921	19.08134
1163.4375	28.13931	17.95796
1163.75	28.15706	17.0788
1164.0625	28.17228	16.34595
1164.375	28.18684	15.46025
1164.6875	28.19773	14.3974
1165	28.20738	13.48727
1165.3125	28.21609	12.59476
1165.625	28.22078	11.62875
1165.9375	28.22559	10.75249
1166.25	28.22709	9.890817
1166.5625	28.22836	8.861712
1166.875	28.22651	7.947323
1167.1875	28.22175	7.098716
1167.5	28.21682	6.173637
1167.8125	28.20947	5.30825
1168.125	28.19818	4.128585
1168.4375	28.187	3.402673
1168.75	28.17393	2.576075
1169.0625	28.15763	1.665724
1169.375	28.14054	0.8270408
1169.6875	28.12083	-0.1251003
1170	28.09939	-1.064073
1170.3125	28.07627	-1.898633
1170.625	28.05252	-2.813904
1170.9375	28.02752	-3.576465
1171.25	27.99938	-4.825822
1171.5625	27.9694	-5.473135
1171.875	27.93863	-6.294126
1172.1875	27.90602	-7.139816
1172.5	27.87157	-8.002896
1172.8125	27.83534	-9.074124
1173.125	27.79707	-9.879947
1173.4375	27.75948	-10.71208
1173.75	27.71803	-11.37285
1174.0625	27.67609	-12.37764
1174.375	27.63255	-13.19748
1174.6875	27.58789	-14.12061
1175	27.53871	-14.74513
1175.3125	27.49508	-15.55783
1175.625	27.44421	-16.34102
1175.9375	27.39372	-17.08793
1176.25	27.34216	-17.95765
1176.5625	27.28834	-18.64373
1176.875	27.23362	-19.46342
1177.1875	27.17817	-20.33951
1177.5	27.12222	-21.07817
1177.8125	27.06293	-21.82267
1178.125	27.0024	-22.4747
1178.4375	26.9435	-23.18499
1178.75	26.88071	-23.76905
1179.0625	26.8186	-24.59017
1179.375	26.75327	-25.18026
1179.6875	26.6896	-26.04157
1180	26.62384	-26.6476
1180.3125	26.55719	-27.27651
1180.625	26.49056	-28.02083
1180.9375	26.42241	-28.70321
1181.25	26.35355	-29.31278
1181.5625	26.28507	-29.94409
1181.875	26.21388	-30.57206
1182.1875	26.14318	-31.21461
1182.5	26.07003	-31.8216
1182.8125	25.99801	-32.57807
1183.125	25.92493	-32.99645
1183.4375	25.85011	-33.60773
1183.75	25.77761	-34.20604
1184.0625	25.7029	-34.93892
1184.375	25.62709	-35.36474
1184.6875	25.55158	-36.01085
1185	25.47362	-36.55424
1185.3125	25.39558	-36.91298
1185.625	25.32	-37.52924
1185.9375	25.24124	-38.0567
1186.25	25.16508	-38.46801
1186.5625	25.08903	-39.03544
1186.875	25.00892	-39.48769
1187.1875	24.93084	-40.06093
1187.5	24.85242	-40.42178
1187.8125	24.77322	-40.78341
1188.125	24.69486	-41.30177
1188.4375	24.61619	-41.86455
1188.75	24.5382	-42.18005
1189.0625	24.45904	-42.51288
1189.375	24.37795	-43.10101
1189.6875	24.29922	-43.48775
1190	24.22231	-43.73908
1190.3125	24.14192	-44.23915
1190.625	24.06259	-44.72037
1190.9375	23.97918	-45.03873
1191.25	23.89775	-45.42986
1191.5625	23.81817	-45.89979
1191.875	23.73892	-46.24937
1192.1875	23.65668	-46.40626
1192.5	23.57879	-46.76879
1192.8125	23.49994	-47.05033
1193.125	23.42136	-47.61854
1193.4375	23.34083	-47.74976
1193.75	23.26204	-48.0705
1194.0625	23.18374	-48.37723
1194.375	23.10359	-48.65144
1194.6875	23.02797	-48.9002
1195	22.94442	-49.20115
1195.3125	22.87016	-49.45803
1195.625	22.78999	-49.77081
1195.9375	22.71419	-49.99586
1196.25	22.63538	-50.22784
1196.5625	22.55552	-50.50673
1196.875	22.47829	-50.8171
1197.1875	22.40343	-51.04861
1197.5	22.32614	-51.17546
1197.8125	22.24747	-51.5111
1198.125	22.17211	-51.67445
1198.4375	22.0965	-52.03999
1198.75	22.02032	-52.26811
1199.0625	21.94905	-52.30019
1199.375	21.87246	-52.52583
1199.6875	21.80012	-52.66796
1200	21.72489	-52.94952
1200.3125	21.65421	-53.05971
1200.625	21.58289	-53.06995
1200.9375	21.51074	-53.17189
1201.25	21.43886	-53.45443
1201.5625	21.36903	-53.5917
1201.875	21.29974	-53.55701
1202.1875	21.22844	-53.70751
1202.5	21.15717	-53.96423
1202.8125	21.08691	-54.08286
1203.125	21.02072	-54.36044
1203.4375	20.94917	-54.52738
1203.75	20.87754	-54.62564
1204.0625	20.80792	-54.5859
1204.375	20.73719	-54.85152
1204.6875	20.6681	-54.8966
1205	20.59976	-54.82605
1205.3125	20.52976	-55.22555
1205.625	20.4646	-55.32412
1205.9375	20.3941	-55.37675
1206.25	20.32566	-55.355
1206.5625	20.25853	-55.48018
1206.875	20.19318	-55.57228
1207.1875	20.12383	-55.46523
1207.5	20.05902	-55.49072
1207.8125	19.99516	-55.515
1208.125	19.92966	-55.55951
1208.4375	19.86697	-55.59823
1208.75	19.80173	-55.52378
1209.0625	19.74157	-55.53002
1209.375	19.68052	-55.70348
1209.6875	19.61885	-55.78221
1210	19.55651	-55.57982
1210.3125	19.49629	-55.66792
1210.625	19.43283	-55.75186
1210.9375	19.37453	-55.63978
1211.25	19.31938	-55.52533
1211.5625	19.25728	-55.36454
1211.875	19.20378	-55.39951
1212.1875	19.14711	-55.55046
1212.5	19.09467	-55.50314
1212.8125	19.03812	-55.41135
1213.125	18.98461	-55.1668
1213.4375	18.92824	-55.0943
1213.75	18.87634	-54.98557
1214.0625	18.82631	-54.89765
1214.375	18.77665	-54.71615
1214.6875	18.72521	-54.57316
1215	18.67909	-54.69294
1215.3125	18.63445	-54.76259
1215.625	18.58919	-54.47977
1215.9375	18.54559	-54.13077
1216.25	18.50622	-54.26374
1216.5625	18.46361	-53.89351
1216.875	18.42126	-53.84367
1217.1875	18.3859	-53.55845
1217.5	18.34718	-53.37864
1217.8125	18.31139	-53.32894
1218.125	18.28223	-52.92245
1218.4375	18.24757	-53.20995
1218.75	18.21934	-53.13746
1219.0625	18.1854	-52.56691
1219.375	18.16477	-52.24962
1219.6875	18.13273	-52.33652
1220	18.11406	-52.12366
1220.3125	18.09334	-51.83705
1220.625	18.07206	-51.79746
1220.9375	18.0577	-51.45621
1221.25	18.03952	-51.32759
1221.5625	18.03403	-51.18344
1221.875	18.01585	-50.89265
1222.1875	18.01554	-50.79279
1222.5	18.00808	-50.40386
1222.8125	18.00036	-50.39061
1223.125	17.99901	-50.2991
1223.4375	18.00516	-49.80636
1223.75	18.00319	-49.66295
1224.0625	18.00725	-49.60844
1224.375	18.01376	-49.41892
1224.6875	18.02935	-49.21968
1225	18.03785	-49.01114
1225.3125	18.05014	-48.8325
1225.625	18.07254	-48.5789
1225.9375	18.08952	-48.70284
1226.25	18.11308	-48.32349
1226.5625	18.14004	-48.34707
1226.875	18.16994	-48.20428
1227.1875	18.19918	-48.25562
1227.5	18.22834	-48.07005
1227.8125	18.25956	-47.93553
1228.125	18.29822	-48.01851
1228.4375	18.33313	-47.90144
1228.75	18.37254	-47.95556
1229.0625	18.41239	-47.84952
1229.375	18.44502	-47.87777
1229.6875	18.48784	-48.14758
1230	18.53275	-48.04948
1230.3125	18.56905	-48.139
1230.625	18.61273	-48.38266
1230.9375	18.65451	-48.52496
1231.25	18.6966	-48.69092
1231.5625	18.74128	-48.96421
1231.875	18.78509	-49.02123
1232.1875	18.83271	-49.14755
1232.5	18.87864	-49.25231
1232.8125	18.92052	-49.68782
1233.125	18.96499	-49.88989
1233.4375	19.00641	-50.34001
1233.75	19.04232	-50.6763
1234.0625	19.08041	-50.82351
1234.375	19.11672	-51.12391
1234.6875	19.15037	-51.58221
1235	19.18253	-51.98333
1235.3125	19.21184	-52.30141
1235.625	19.24313	-52.69292
1235.9375	19.26773	-53.1624
1236.25	19.2945	-53.50953
1236.5625	19.31691	-53.90075
1236.875	19.33819	-54.44936
1237.1875	19.35534	-54.89172
1237.5	19.37334	-55.23673
1237.8125	19.38271	-55.82487
1238.125	19.39414	-56.42167
1238.4375	19.40148	-56.88536
1238.75	19.40772	-57.44437
1239.0625	19.41017	-57.89665
1239.375	19.40795	-58.37593
1239.6875	19.40628	-58.66848
1240	19.40482	-59.27291
1240.3125	19.39925	-59.64042
1240.625	19.39107	-60.34765
1240.9375	19.3796	-60.79731
1241.25	19.37063	-61.35217
1241.5625	19.35363	-61.83273
1241.875	19.33512	-62.40368
1242.1875	19.31911	-62.87064
1242.5	19.29609	-63.27515
1242.8125	19.27507	-63.82019
1243.125	19.25455	-64.20089
1243.4375	19.23025	-64.73814
1243.75	19.19963	-65.24783
1244.0625	19.17263	-65.74057
1244.375	19.14407	-66.00439
1244.6875	19.11695	-66.64128
1245	19.07956	-66.88903
1245.3125	19.05142	-67.4615
1245.625	19.0125	-67.92176
1245.9375	18.97694	-68.27413
1246.25	18.93914	-68.656
1246.5625	18.89836	-69.06014
1246.875	18.85884	-69.55066
1247.1875	18.82323	-69.76693
1247.5	18.78095	-70.12196
1247.8125	18.73874	-70.66268
1248.125	18.69511	-70.8699
1248.4375	18.65123	-71.33318
1248.75	18.61032	-71.70048
1249.0625	18.56715	-71.9269
1249.375	18.52651	-72.30828
1249.6875	18.47586	-72.8646
1250	18.43445	-73.06454
1250.3125	18.38204	-73.13308
1250.625	18.33822	-73.50426
1250.9375	18.29171	-73.99633
1251.25	18.24638	-74.02893
1251.5625	18.20039	-74.52312
1251.875	18.15421	-74.66678
1252.1875	18.10769	-74.9753
1252.5	18.06044	-75.14404
1252.8125	18.00906	-75.50201
1253.125	17.9696	-75.78152
1253.4375	17.92077	-76.10973
1253.75	17.87033	-76.20056
1254.0625	17.82768	-76.51086
1254.375	17.78234	-76.57764
1254.6875	17.73446	-76.96763
1255	17.68693	-77.26859
1255.3125	17.64111	-77.53427
1255.625	17.5963	-77.63606
1255.9375	17.55378	-77.85797
1256.25	17.50719	-78.08804
1256.5625	17.45835	-78.44115
1256.875	17.41492	-78.46123
1257.1875	17.37074	-78.82204
1257.5	17.32867	-78.87515
1257.8125	17.28476	-79.18504
1258.125	17.23498	-79.20409
1258.4375	17.18927	-79.52541
1258.75	17.14239	-79.63953
1259.0625	17.10174	-79.81374
1259.375	17.05952	-80.03773
1259.6875	17.01475	-80.08282
1260	16.97242	-80.25101
1260.3125	16.93112	-80.38499
1260.625	16.88919	-80.73125
1260.9375	16.84528	-80.68826
1261.25	16.80685	-80.94061
1261.5625	16.76499	-80.8717
1261.875	16.72418	-81.36501
1262.1875	16.6872	-81.33521
1262.5	16.64474	-81.53233
1262.8125	16.60138	-81.2971
1263.125	16.56321	-81.67657
1263.4375	16.52806	-81.85541
1263.75	16.48803	-82.14804
1264.0625	16.45271	-82.25532
1264.375	16.41444	-82.30025
1264.6875	16.37448	-82.49944
1265	16.33757	-82.57362
1265.3125	16.30202	-82.7423
1265.625	16.26332	-82.90697
1265.9375	16.23062	-82.87565
1266.25	16.19231	-83.19779
1266.5625	16.15856	-83.2782
1266.875	16.11689	-83.40034
1267.1875	16.08047	-83.61079
1267.5	16.04169	-83.80322
1267.8125	16.01146	-83.83912
1268.125	15.96984	-83.94814
1268.4375	15.93455	-84.01935
1268.75	15.89828	-84.34805
1269.0625	15.86261	-84.38873
1269.375	15.82068	-84.63811
1269.6875	15.7889	-84.74073
1270	15.75317	-84.77844
1270.3125	15.72149	-84.85665
1270.625	15.68437	-85.14104
1270.9375	15.64641	-85.34126
1271.25	15.61697	-85.30301
1271.5625	15.57604	-85.32413
1271.875	15.54309	-85.6889
1272.1875	15.50409	-85.78148
1272.5	15.46557	-85.95471
1272.8125	15.43267	-86.18501
1273.125	15.39461	-86.43916
1273.4375	15.3476	-86.45031
1273.75	15.31724	-86.59722
1274.0625	15.27161	-86.72896
1274.375	15.22905	-86.82986
1274.6875	15.17981	-87.13969
1275	15.13549	-87.15666
1275.3125	15.08801	-87.47327
1275.625	15.03084	-87.66531
1275.9375	14.97025	-87.66609
1276.25	14.91334	-87.8337
1276.5625	14.85232	-87.79731
1276.875	14.78636	-87.87206
1277.1875	14.72151	-87.68482
1277.5	14.66617	-87.84457
1277.8125	14.59843	-87.73649
1278.125	14.5376	-87.53815
1278.4375	14.48861	-87.39574
1278.75	14.44797	-86.97641
1279.0625	14.41639	-87.01463
1279.375	14.40343	-86.6565
1279.6875	14.39067	-86.72336
1280	14.37875	-86.66493
1280.3125	14.37523	-86.50685
1280.625	14.36523	-86.46083
1280.9375	14.36247	-86.41396
1281.25	14.35763	-86.58555
1281.5625	14.3397	-86.74612
1281.875	14.32874	-86.58521
1282.1875	14.32253	-86.80716
1282.5	14.30536	-86.88129
1282.8125	14.28119	-86.88109
1283.125	14.2679	-86.95759
1283.4375	14.2556	-87.14457
1283.75	14.23937	-86.9967
1284.0625	14.21721	-86.94518
1284.375	14.19835	-87.19711
1284.6875	14.17912	-87.38847
1285	14.16019	-87.46649
1285.3125	14.14239	-87.54829
1285.625	14.12047	-87.61121
1285.9375	14.10311	-87.86569
1286.25	14.08575	-87.77485
1286.5625	14.06304	-87.79842
1286.875	14.04555	-87.98335
1287.1875	14.02345	-87.99065
1287.5	14.00702	-87.95505
1287.8125	13.9873	-88.22253
1288.125	13.97071	-88.25449
1288.4375	13.95567	-88.59148
1288.75	13.9355	-88.2921
1289.0625	13.91724	-88.6177
1289.375	13.89504	-88.57767
1289.6875	13.875	-88.39711
1290	13.85207	-88.90457
1290.3125	13.83852	-88.92033
1290.625	13.8156	-88.78008
1290.9375	13.79447	-89.01101
1291.25	13.77768	-88.97794
1291.5625	13.75554	-89.19628
1291.875	13.74087	-89.18539
1292.1875	13.72734	-89.03339
1292.5	13.70539	-89.32561
1292.8125	13.68718	-89.43285
1293.125	13.67493	-89.55038
1293.4375	13.65329	-89.57835
1293.75	13.64849	-89.71193
1294.0625	13.63295	-89.52865
1294.375	13.61521	-89.78332
1294.6875	13.6011	-89.97639
1295	13.59097	-89.96408
1295.3125	13.57555	-89.98356
1295.625	13.55508	-90.03944
1295.9375	13.55226	-90.29127
1296.25	13.53243	-90.50968
1296.5625	13.52178	-90.19208
1296.875	13.50685	-90.58851
1297.1875	13.49901	-90.53944
1297.5	13.47841	-90.7828
1297.8125	13.46965	-90.90198
1298.125	13.46495	-90.70967
1298.4375	13.45239	-90.97686
1298.75	13.439	-90.88892
1299.0625	13.43384	-91.2076
1299.375	13.41983	-91.31801
1299.6875	13.39675	-91.34527
1300	13.3939	-91.38886
1300.3125	13.3805	-91.68002
1300.625	13.36403	-91.72773
1300.9375	13.3624	-91.79052
1301.25	13.34762	-92.08908
1301.5625	13.33628	-92.05602
1301.875	13.3248	-92.04282
1302.1875	13.318	-92.39109
1302.5	13.30211	-92.40699
1302.8125	13.29309	-92.44096
1303.125	13.2843	-92.76091
1303.4375	13.27662	-92.71738
1303.75	13.26947	-92.79961
1304.0625	13.25959	-92.95004
1304.375	13.2515	-93.1954
1304.6875	13.2466	-93.13709
1305	13.23408	-93.2597
1305.3125	13.23262	-93.42752
1305.625	13.22161	-93.57204
1305.9375	13.21772	-93.64566
1306.25	13.21307	-93.98582
1306.5625	13.20582	-93.89498
1306.875	13.19779	-94.16752
1307.1875	13.18837	-94.47243
1307.5	13.18649	-94.39288
1307.8125	13.17641	-94.74354
1308.125	13.17248	-94.75582
1308.4375	13.16941	-95.17826
1308.75	13.15701	-95.15197
1309.0625	13.15572	-95.28593
1309.375	13.14693	-95.4113
1309.6875	13.14364	-95.60553
1310	13.13518	-95.85004
1310.3125	13.12358	-96.06621
1310.625	13.12575	-95.83675
1310.9375	13.11644	-96.0559
1311.25	13.1205	-96.37495
1311.5625	13.10779	-96.71659
1311.875	13.10519	-96.69167
1312.1875	13.09815	-96.86172
1312.5	13.10015	-97.13539
1312.8125	13.10194	-97.3789
1313.125	13.08824	-97.64416
1313.4375	13.09445	-97.64783
1313.75	13.09344	-97.9018
1314.0625	13.08543	-98.07069
1314.375	13.07863	-98.19804
1314.6875	13.08101	-98.52353
1315	13.07381	-98.68644
1315.3125	13.07357	-98.93941
1315.625	13.07543	-98.95612
1315.9375	13.07333	-99.26505
1316.25	13.06557	-99.5556
1316.5625	13.06698	-99.78551
1316.875	13.08082	-100.0592
1317.1875	13.06707	-100.4573
1317.5	13.07347	-100.6366
1317.8125	13.07498	-100.5058
1318.125	13.06691	-100.9173
1318.4375	13.06189	-101.3481
1318.75	13.06336	-101.253
1319.0625	13.0632	-101.9161
1319.375	13.06268	-101.9857
1319.6875	13.05296	-102.4783
1320	13.05968	-102.8093
1320.3125	13.05515	-102.8573
1320.625	13.05601	-103.2062
1320.9375	13.04931	-103.3569
1321.25	13.05436	-103.5905
1321.5625	13.06119	-103.9708
1321.875	13.05287	-104.1841
1322.1875	13.05731	-104.4367
1322.5	13.05965	-104.5781
1322.8125	13.06466	-104.8553
1323.125	13.0734	-105.3641
1323.4375	13.07241	-105.3668
1323.75	13.0836	-105.8133
1324.0625	13.08535	-106.3416
1324.375	13.09758	-106.3877
1324.6875	13.09624	-106.8671
1325	13.10421	-107.1909
1325.3125	13.1194	-107.4703
1325.625	13.12362	-108.0147
1325.9375	13.13697	-108.3001
1326.25	13.13799	-108.5649
1326.5625	13.15979	-108.9412
1326.875	13.1642	-109.5334
1327.1875	13.17188	-109.6865
1327.5	13.18709	-110.1764
1327.8125	13.19732	-110.7142
1328.125	13.20617	-111.1299
1328.4375	13.20921	-111.5092
1328.75	13.23129	-112.0805
1329.0625	13.24148	-112.5956
1329.375	13.24318	-113.0128
1329.6875	13.25302	-113.4294
1330	13.2582	-114.0074
1330.3125	13.27062	-114.5364
1330.625	13.26687	-115.0115
1330.9375	13.2813	-115.5085
1331.25	13.29051	-115.9446
1331.5625	13.30199	-116.7883
1331.875	13.31071	-117.2619
1332.1875	13.31127	-117.8263
1332.5	13.32708	-118.2623
1332.8125	13.32985	-118.9062
1333.125	13.34073	-119.5184
1333.4375	13.34921	-120.1453
1333.75	13.35433	-120.9513
1334.0625	13.36154	-121.6027
1334.375	13.36566	-122.2738
1334.6875	13.37133	-122.7755
1335	13.38188	-123.5344
1335.3125	13.38853	-124.254
1335.625	13.38974	-124.996
1335.9375	13.39975	-125.6703
1336.25	13.38826	-126.3414
1336.5625	13.39105	-127.1334
1336.875	13.39776	-127.8352
1337.1875	13.4021	-128.6573
1337.5	13.40495	-129.5501
1337.8125	13.40572	-130.4807
1338.125	13.40733	-131.1197
1338.4375	13.4039	-132.008
1338.75	13.40357	-132.8213
1339.0625	13.38869	-133.6776
1339.375	13.39601	-134.5567
1339.6875	13.37587	-135.7223
1340	13.38598	-136.2615
1340.3125	13.37137	-137.6173
1340.625	13.36658	-138.5748
1340.9375	13.36709	-139.4507
1341.25	13.36675	-140.3246
1341.5625	13.35452	-141.4402
1341.875	13.34495	-142.363
1342.1875	13.34145	-143.5838
1342.5	13.32261	-144.6955
1342.8125	13.31379	-145.8069
1343.125	13.29229	-147.0164
1343.4375	13.28334	-147.9355
1343.75	13.26932	-149.1575
1344.0625	13.2489	-150.4872
1344.375	13.2255	-151.6378
1344.6875	13.2085	-152.783
1345	13.17974	-154.0728
1345.3125	13.15293	-155.1582
1345.625	13.13871	-156.3898
1345.9375	13.1104	-157.8345
1346.25	13.0798	-159.2861
1346.5625	13.04438	-160.4504
1346.875	13.01341	-161.8737
1347.1875	12.99311	-162.9467
1347.5	12.9501	-164.5421
1347.8125	12.91158	-165.6776
1348.125	12.88576	-167.0951
1348.4375	12.84028	-168.5496
1348.75	12.80261	-170.122
1349.0625	12.76325	-171.4093
1349.375	12.71901	-173.1244
1349.6875	12.67871	-174.4886
1350	12.62671	-175.8433
1350.3125	12.58097	-177.2677
1350.625	12.52454	-178.7854
1350.9375	12.47762	179.2566
1351.25	12.42255	177.5717
1351.5625	12.35961	176.3795
1351.875	12.2979	174.4605
1352.1875	12.24684	172.88
1352.5	12.17762	171.3058
1352.8125	12.12064	169.6203
1353.125	12.04632	167.7123
1353.4375	11.97073	166.1031
1353.75	11.90304	164.3792
1354.0625	11.83225	162.4533
1354.375	11.74916	160.381
1354.6875	11.67001	158.9873
1355	11.59218	157.306
1355.3125	11.50392	155.2618
1355.625	11.42207	153.3405
1355.9375	11.33657	151.3233
1356.25	11.24059	149.4294
1356.5625	11.14345	147.225
1356.875	11.04394	145.5375
1357.1875	10.94493	143.486
1357.5	10.8447	141.2402
1357.8125	10.74666	139.1956
1358.125	10.64129	137.159
1358.4375	10.54409	134.9286
1358.75	10.44426	133.0132
1359.0625	10.32849	130.6807
1359.375	10.22985	128.619
1359.6875	10.10695	125.9401
1360	9.989127	123.9053
1360.3125	9.865976	121.1294
1360.625	9.76159	118.9852
1360.9375	9.620155	116.4453
1361.25	9.509962	114.2955
1361.5625	9.390894	111.5593
1361.875	9.270807	109.0774
1362.1875	9.154061	106.5407
1362.5	9.027137	104.1944
1362.8125	8.90736	101.7317
1363.125	8.794457	98.75565
1363.4375	8.670958	96.80781
1363.75	8.543615	93.59874
1364.0625	8.444011	91.45054
1364.375	8.328467	88.54958
1364.6875	8.212793	85.51736
1365	8.127463	82.7198
1365.3125	7.99259	80.17843
1365.625	7.905249	77.71191
1365.9375	7.796333	74.56009
1366.25	7.688923	71.66929
1366.5625	7.587701	69.34565
1366.875	7.499445	66.35266
1367.1875	7.387138	63.55876
1367.5	7.306265	60.33349
1367.8125	7.251114	57.94688
1368.125	7.143425	55.35809
1368.4375	7.065977	52.53577
1368.75	7.005122	49.93303
1369.0625	6.931725	47.06856
1369.375	6.867875	44.77244
1369.6875	6.806217	42.30463
1370	6.743727	39.39318
1370.3125	6.708951	37.06591
1370.625	6.658774	34.78226
1370.9375	6.604395	32.96922
1371.25	6.587227	30.16631
1371.5625	6.551514	27.93258
1371.875	6.516212	25.77628
1372.1875	6.492684	23.63429
1372.5	6.448225	21.40238
1372.8125	6.431701	19.06277
1373.125	6.428115	17.72448
1373.4375	6.40749	15.3152
1373.75	6.401119	13.51472
1374.0625	6.386165	11.55769
1374.375	6.374111	9.86157
1374.6875	6.365958	7.945128
1375	6.343484	6.071092
1375.3125	6.360283	4.271483
1375.625	6.333656	2.699623
1375.9375	6.33082	0.9296531
1376.25	6.333135	-0.6201685
1376.5625	6.321784	-2.038955
1376.875	6.298047	-3.712363
1377.1875	6.312772	-5.112781
1377.5	6.303448	-6.651522
1377.8125	6.303651	-8.001655
1378.125	6.30342	-9.177202
1378.4375	6.313396	-10.61163
1378.75	6.287051	-11.62683
1379.0625	6.301732	-12.86634
1379.375	6.310019	-13.62048
1379.6875	6.33027	-14.70624
1380	6.346666	-15.94765
1380.3125	6.389132	-16.92168
1380.625	6.417661	-18.19112
1380.9375	6.455898	-19.04839
1381.25	6.490575	-20.20512
1381.5625	6.534408	-21.17287
1381.875	6.580587	-22.03986
1382.1875	6.624669	-23.19381
1382.5	6.65852	-24.21971
1382.8125	6.700854	-25.40833
1383.125	6.760287	-26.08512
1383.4375	6.802135	-26.9391
1383.75	6.860914	-28.1541
1384.0625	6.914167	-29.15801
1384.375	6.965867	-29.96313
1384.6875	7.038901	-31.08975
1385	7.103095	-32.02569
1385.3125	7.158487	-33.47425
1385.625	7.218312	-34.16019
1385.9375	7.305332	-35.32881
1386.25	7.378897	-36.49797
1386.5625	7.474382	-37.23829
1386.875	7.543175	-38.51326
1387.1875	7.630237	-39.95745
1387.5	7.720448	-41.00102
1387.8125	7.803657	-42.2639
1388.125	7.898209	-43.57479
1388.4375	8.000499	-45.12014
1388.75	8.080649	-46.51833
1389.0625	8.185102	-48.13503
1389.375	8.285925	-49.58989
1389.6875	8.389598	-51.20129
1390	8.493979	-52.91727
1390.3125	8.598388	-54.84327
1390.625	8.697686	-56.79799
1390.9375	8.800787	-58.83652
1391.25	8.907274	-60.89529
1391.5625	9.010399	-63.40671
1391.875	9.112796	-65.79786
1392.1875	9.205818	-68.38562
1392.5	9.318174	-71.36646
1392.8125	9.397842	-74.43265
1393.125	9.479923	-77.82112
1393.4375	9.545709	-81.31155
1393.75	9.587763	-85.4803
1394.0625	9.599674	-89.41109
1394.375	9.595144	-93.79469
1394.6875	9.57258	-98.84367
1395	9.481845	-103.9111
1395.3125	9.3584	-109.4999
1395.625	9.168705	-115.243
1395.9375	8.931547	-121.2325
1396.25	8.627604	-127.3887
1396.5625	8.257493	-134.0681
1396.875	7.818797	-140.8262
1397.1875	7.326839	-148.1652
1397.5	6.777427	-154.9816
1397.8125	6.215221	-162.6194
1398.125	5.647006	-170.4445
1398.4375	5.067814	-178.5282
1398.75	4.539503	173.0897
1399.0625	4.040315	164.0735
1399.375	3.609953	154.8896
1399.6875	3.283285	144.3771
1400	3.036926	133.3405
1400.3125	2.874278	122.2505
1400.625	2.723911	110.8005
1400.9375	2.642339	99.40543
1401.25	2.636321	89.22355
1401.5625	2.683454	79.65542
1401.875	2.72666	70.953
1402.1875	2.862753	63.57526
1402.5	2.989272	57.47774
1402.8125	3.161589	51.22473
1403.125	3.315858	45.9933
1403.4375	3.473861	41.50576
1403.75	3.673172	37.36052
1404.0625	3.839834	33.76064
1404.375	4.032626	30.06348
1404.6875	4.195399	27.06675
1405	4.362489	24.17834
1405.3125	4.505368	21.36383
1405.625	4.659164	19.05817
1405.9375	4.814598	16.97279
1406.25	4.947328	14.71305
1406.5625	5.108262	12.90194
1406.875	5.228491	11.002
1407.1875	5.352374	8.763014
1407.5	5.460949	7.70388
1407.8125	5.592233	5.730145
1408.125	5.70688	4.471148
1408.4375	5.799559	3.203165
1408.75	5.891869	1.702716
1409.0625	5.996692	0.4498657
1409.375	6.067601	-0.9529978
1409.6875	6.15234	-2.178911
1410	6.238925	-3.310852
1410.3125	6.337729	-4.273915
1410.625	6.401755	-5.313405
1410.9375	6.495432	-6.568815
1411.25	6.547122	-7.023551
1411.5625	6.635979	-8.183976
1411.875	6.705423	-8.992064
1412.1875	6.763653	-9.743677
1412.5	6.839253	-10.56541
1412.8125	6.892504	-11.37227
1413.125	6.964648	-12.27329
1413.4375	7.017884	-12.91154
1413.75	7.083843	-13.65471
1414.0625	7.122128	-14.31938
1414.375	7.157197	-15.02971
1414.6875	7.212784	-15.89459
1415	7.26583	-16.13605
1415.3125	7.329128	-16.77114
1415.625	7.381113	-17.30885
1415.9375	7.42928	-18.09943
1416.25	7.478154	-18.40534
1416.5625	7.533284	-19.18832
1416.875	7.572391	-19.31136
1417.1875	7.634356	-20.04191
1417.5	7.668097	-20.63121
1417.8125	7.718029	-21.13614
1418.125	7.787205	-21.62685
1418.4375	7.836223	-22.10052
1418.75	7.871649	-22.7071
1419.0625	7.928993	-23.04085
1419.375	7.978241	-23.22361
1419.6875	8.012659	-24.18442
1420	8.072546	-24.36919
1420.3125	8.113718	-25.07421
1420.625	8.145934	-25.32193
1420.9375	8.183771	-25.57544
1421.25	8.212257	-26.16784
1421.5625	8.259441	-26.52461
1421.875	8.301923	-27.02041
1422.1875	8.343222	-27.15151
1422.5	8.371784	-27.75572
1422.8125	8.418685	-28.11779
1423.125	8.466318	-28.34195
1423.4375	8.51457	-28.68008
1423.75	8.558358	-29.17824
1424.0625	8.589012	-29.79103
1424.375	8.644589	-29.73613
1424.6875	8.695709	-30.21546
1425	8.732377	-30.38339
1425.3125	8.802031	-31.1229
1425.625	8.84521	-31.25625
1425.9375	8.888586	-31.62812
1426.25	8.932161	-31.82843
1426.5625	8.991667	-32.23348
1426.875	9.040507	-32.6255
1427.1875	9.095078	-33.08531
1427.5	9.127172	-33.43289
1427.8125	9.174232	-33.85131
1428.125	9.245256	-34.29883
1428.4375	9.284018	-34.68216
1428.75	9.338652	-34.99606
1429.0625	9.378501	-35.55658
1429.375	9.428585	-35.90797
1429.6875	9.478236	-36.29844
1430	9.52667	-36.59718
1430.3125	9.56909	-37.17271
1430.625	9.608459	-37.76646
1430.9375	9.661767	-37.81322
1431.25	9.710529	-38.41786
1431.5625	9.747355	-38.47779
1431.875	9.790998	-39.4659
1432.1875	9.842408	-39.6775
1432.5	9.888846	-40.15598
1432.8125	9.926332	-40.80964
1433.125	9.973858	-41.1104
1433.4375	10.01372	-41.41774
1433.75	10.04088	-41.83665
1434.0625	10.09789	-42.30841
1434.375	10.13637	-42.96598
1434.6875	10.18745	-43.52804
1435	10.22078	-43.71307
1435.3125	10.26959	-44.59499
1435.625	10.29743	-44.89723
1435.9375	10.32913	-45.58124
1436.25	10.36947	-45.94592
1436.5625	10.40562	-46.4868
1436.875	10.43317	-47.31267
1437.1875	10.46463	-47.8988
1437.5	10.5034	-48.17198
1437.8125	10.51874	-48.6526
1438.125	10.5401	-49.26017
1438.4375	10.57203	-50.09976
1438.75	10.59585	-50.52608
1439.0625	10.60741	-51.25046
1439.375	10.61612	-51.51042
1439.6875	10.64109	-52.2262
1440	10.65441	-52.67999
1440.3125	10.67313	-53.29648
1440.625	10.68179	-53.60023
1440.9375	10.68952	-54.40323
1441.25	10.7047	-54.91257
1441.5625	10.7095	-55.70339
1441.875	10.71039	-56.04853
1442.1875	10.72316	-56.77741
1442.5	10.73126	-56.95701
1442.8125	10.7314	-57.61786
1443.125	10.7324	-58.46827
1443.4375	10.7456	-59.08801
1443.75	10.73732	-59.43613
1444.0625	10.73275	-60.01669
1444.375	10.72377	-60.57888
1444.6875	10.71904	-61.21513
1445	10.71629	-61.74982
1445.3125	10.71139	-62.37254
1445.625	10.69126	-62.73003
1445.9375	10.6808	-63.31108
1446.25	10.66267	-63.87352
1446.5625	10.64386	-64.57594
1446.875	10.63085	-64.96394
1447.1875	10.5992	-65.39143
1447.5	10.586	-66.14919
1447.8125	10.55176	-66.49397
1448.125	10.53443	-66.97237
1448.4375	10.50584	-67.62353
1448.75	10.47028	-68.02825
1449.0625	10.44189	-68.52347
1449.375	10.40782	-69.07355
1449.6875	10.37704	-69.49966
1450	10.35841	-69.83873
1450.3125	10.32763	-70.43871
1450.625	10.28537	-70.75732
1450.9375	10.24376	-71.36278
1451.25	10.20942	-71.65487
1451.5625	10.18091	-72.01131
1451.875	10.14421	-72.40667
1452.1875	10.10661	-73.01721
1452.5	10.07015	-73.19775
1452.8125	10.03275	-73.43717
1453.125	9.999433	-74.07404
1453.4375	9.963783	-74.54047
1453.75	9.913121	-74.78767
1454.0625	9.88824	-74.98739
1454.375	9.848188	-75.33334
1454.6875	9.809497	-75.64453
1455	9.761268	-75.90021
1455.3125	9.734519	-76.35263
1455.625	9.687502	-76.70705
1455.9375	9.639112	-77.13309
1456.25	9.621507	-77.20776
1456.5625	9.578679	-77.72688
1456.875	9.541429	-77.73561
1457.1875	9.494551	-78.18197
1457.5	9.463194	-78.30221
1457.8125	9.426814	-79.01565
1458.125	9.392547	-79.10244
1458.4375	9.341578	-79.36336
1458.75	9.304025	-79.65394
1459.0625	9.275995	-79.78484
1459.375	9.251226	-80.19244
1459.6875	9.193635	-80.18786
1460	9.160219	-80.50803
1460.3125	9.117706	-80.6497
1460.625	9.094851	-81.21548
1460.9375	9.054509	-81.37278
1461.25	9.024832	-81.48129
1461.5625	8.984864	-81.62994
1461.875	8.949172	-82.1631
1462.1875	8.914913	-82.5341
1462.5	8.874886	-82.58174
1462.8125	8.840387	-82.98308
1463.125	8.790577	-83.03271
1463.4375	8.753126	-83.11198
1463.75	8.717069	-83.42623
1464.0625	8.67157	-83.86919
1464.375	8.627113	-83.78359
1464.6875	8.591405	-84.13313
1465	8.555773	-84.44962
1465.3125	8.512564	-84.87753
1465.625	8.467123	-84.66839
1465.9375	8.436981	-84.99808
1466.25	8.396837	-85.44595
1466.5625	8.334979	-85.66844
1466.875	8.304543	-85.65976
1467.1875	8.266343	-85.8717
1467.5	8.220687	-85.98521
1467.8125	8.1628	-86.38671
1468.125	8.124249	-86.41953
1468.4375	8.087492	-86.9271
1468.75	8.047769	-86.91557
1469.0625	7.984886	-87.29025
1469.375	7.957592	-87.31368
1469.6875	7.892632	-87.49406
1470	7.827218	-87.71508
1470.3125	7.777625	-87.88082
1470.625	7.72699	-87.86999
1470.9375	7.674096	-87.76639
1471.25	7.630463	-88.08301
1471.5625	7.574279	-88.34514
1471.875	7.526782	-88.24865
1472.1875	7.454514	-88.13203
1472.5	7.421812	-88.4832
1472.8125	7.369179	-88.40504
1473.125	7.302608	-88.59924
1473.4375	7.243459	-88.65759
1473.75	7.208021	-88.6578
1474.0625	7.147046	-88.82344
1474.375	7.097262	-88.85093
1474.6875	7.045109	-88.60397
1475	6.992269	-88.7806
1475.3125	6.933265	-88.89875
1475.625	6.8828	-88.78398
1475.9375	6.833312	-88.68618
1476.25	6.788971	-88.62457
1476.5625	6.747256	-88.4464
1476.875	6.70542	-88.22485
1477.1875	6.666302	-88.41901
1477.5	6.608069	-88.22999
1477.8125	6.564698	-88.02463
1478.125	6.550404	-87.83786
1478.4375	6.535502	-87.66904
1478.75	6.495593	-87.7032
1479.0625	6.473945	-87.25378
1479.375	6.458726	-87.24649
1479.6875	6.44608	-87.09929
1480	6.41507	-86.9925
1480.3125	6.414326	-86.64241
1480.625	6.402007	-86.44074
1480.9375	6.382878	-86.74226
1481.25	6.387551	-86.47585
1481.5625	6.414103	-86.60752
1481.875	6.389468	-86.75704
1482.1875	6.40518	-86.5843
1482.5	6.391735	-86.48042
1482.8125	6.386004	-86.62296
1483.125	6.380877	-86.71629
1483.4375	6.388894	-86.72167
1483.75	6.380031	-86.72357
1484.0625	6.382856	-86.76529
1484.375	6.379896	-87.1162
1484.6875	6.35685	-87.32878
1485	6.347306	-87.2655
1485.3125	6.329968	-87.23404
1485.625	6.309319	-87.45257
1485.9375	6.302221	-87.61787
1486.25	6.274431	-87.87039
1486.5625	6.258661	-88.19186
1486.875	6.234732	-88.27432
1487.1875	6.21193	-88.66105
1487.5	6.168139	-88.80572
1487.8125	6.138718	-89.03623
1488.125	6.09239	-89.10641
1488.4375	6.058421	-89.36584
1488.75	6.006066	-89.54638
1489.0625	5.969745	-89.7448
1489.375	5.923782	-89.6021
1489.6875	5.862747	-90.10309
1490	5.800467	-90.14354
1490.3125	5.769352	-89.88099
1490.625	5.696892	-89.92918
1490.9375	5.645355	-90.02646
1491.25	5.588881	-90.16674
1491.5625	5.544097	-90.03126
1491.875	5.486506	-90.01982
1492.1875	5.419983	-90.23067
1492.5	5.369153	-89.94765
1492.8125	5.323902	-89.66376
1493.125	5.260486	-89.89279
1493.4375	5.202227	-89.84435
1493.75	5.154074	-89.78851
1494.0625	5.111003	-89.57867
1494.375	5.064253	-89.47324
1494.6875	4.992085	-89.2493
1495	4.958424	-89.45146
1495.3125	4.916699	-89.10052
1495.625	4.872842	-89.23327
1495.9375	4.805427	-89.01851
1496.25	4.771787	-88.61224
1496.5625	4.713108	-88.52637
1496.875	4.679302	-87.86044
1497.1875	4.635429	-88.11153
1497.5	4.582887	-87.62538
1497.8125	4.555833	-87.62016
1498.125	4.51707	-87.30145
1498.4375	4.483473	-87.0238
1498.75	4.437901	-86.82182
1499.0625	4.414339	-86.79422
1499.375	4.389395	-86.39403
1499.6875	4.342302	-86.5502
1500	4.342766	-86.71842
1500.3125	4.277275	-85.14762
1500.625	4.259036	-85.13233
1500.9375	4.196461	-84.7982
1501.25	4.206041	-84.74832
1501.5625	4.151178	-84.7104
1501.875	4.13939	-84.46071
1502.1875	4.098151	-83.99786
1502.5	4.117456	-83.54839
1502.8125	4.080067	-83.48676
1503.125	4.050029	-82.84776
1503.4375	4.054398	-82.83007
1503.75	4.039721	-82.26012
1504.0625	4.030948	-81.84657
1504.375	4.018711	-81.55737
1504.6875	3.990805	-81.283
1505	3.998194	-81.00773
1505.3125	3.978461	-80.71459
1505.625	4.013214	-80.68177
1505.9375	3.968643	-80.16346
1506.25	3.985779	-79.98819
1506.5625	3.968086	-79.41518
1506.875	3.957566	-79.12972
1507.1875	3.975873	-78.6509
1507.5	3.994255	-78.32349
1507.8125	4.022314	-78.14127
1508.125	4.034833	-77.61929
1508.4375	4.027369	-77.11923
1508.75	4.050148	-76.85048
1509.0625	4.070205	-77.04359
1509.375	4.099487	-76.12462
1509.6875	4.131631	-76.05424
1510	4.158792	-75.82233
1510.3125	4.189942	-75.66943
1510.625	4.2305	-75.20939
1510.9375	4.233376	-74.78545
1511.25	4.283628	-74.92798
1511.5625	4.291843	-74.76868
1511.875	4.345508	-74.39926
1512.1875	4.390008	-74.30811
1512.5	4.432378	-74.1445
1512.8125	4.46257	-74.16931
1513.125	4.490714	-73.69257
1513.4375	4.541811	-73.53492
1513.75	4.573766	-73.56526
1514.0625	4.614309	-73.60188
1514.375	4.663849	-73.25726
1514.6875	4.705153	-73.75483
1515	4.759266	-73.38252
1515.3125	4.793879	-73.34058
1515.625	4.807754	-73.19479
1515.9375	4.850633	-73.39389
1516.25	4.876938	-72.75784
1516.5625	4.913417	-72.85662
1516.875	4.972828	-73.25056
1517.1875	4.995255	-73.25516
1517.5	5.02139	-73.33702
1517.8125	5.064893	-73.30088
1518.125	5.082416	-73.22865
1518.4375	5.124083	-73.32175
1518.75	5.139337	-73.39838
1519.0625	5.174439	-73.23019
1519.375	5.191746	-73.37106
1519.6875	5.2266	-73.57266
1520	5.248003	-73.90488
1520.3125	5.252021	-73.72748
1520.625	5.281549	-73.90047
1520.9375	5.291543	-73.91555
1521.25	5.3052	-73.90215
1521.5625	5.322432	-73.71362
1521.875	5.312831	-74.07688
1522.1875	5.335349	-74.01643
1522.5	5.365632	-73.85262
1522.8125	5.389029	-74.10237
1523.125	5.400565	-74.09233
1523.4375	5.397178	-74.29779
1523.75	5.435611	-74.15447
1524.0625	5.435224	-74.31507
1524.375	5.469018	-74.20513
1524.6875	5.49176	-74.28021
1525	5.515022	-74.27938
1525.3125	5.558168	-74.4397
1525.625	5.571491	-74.41135
1525.9375	5.590505	-74.47974
1526.25	5.60778	-74.52613
1526.5625	5.639565	-74.53428
1526.875	5.671726	-74.58327
1527.1875	5.697217	-74.70116
1527.5	5.707045	-74.77597
1527.8125	5.739491	-74.90534
1528.125	5.755438	-75.05616
1528.4375	5.77451	-74.89819
1528.75	5.79804	-75.08619
1529.0625	5.819558	-75.46986
1529.375	5.833527	-75.43203
1529.6875	5.850245	-75.59068
1530	5.882375	-75.53028
1530.3125	5.885925	-75.65427
1530.625	5.914646	-75.8815
1530.9375	5.90907	-75.88744
1531.25	5.919418	-76.26625
1531.5625	5.950187	-76.29565
1531.875	5.972758	-76.52055
1532.1875	5.973904	-76.55026
1532.5	6.002219	-76.7486
1532.8125	6.005539	-76.81786
1533.125	6.018493	-76.9754
1533.4375	6.041469	-76.96739
1533.75	6.046785	-77.24865
1534.0625	6.045153	-77.45472
1534.375	6.056843	-77.38983
1534.6875	6.096404	-77.47295
1535	6.101461	-77.80743
1535.3125	6.107821	-77.90797
1535.625	6.121504	-77.38664
1535.9375	6.14561	-77.94417
1536.25	6.165971	-78.28458
1536.5625	6.175961	-78.31229
1536.875	6.20189	-78.37859
1537.1875	6.231547	-78.7276
1537.5	6.246152	-78.90057
1537.8125	6.236681	-79.03886
1538.125	6.29471	-79.31641
1538.4375	6.294837	-79.03231
1538.75	6.296465	-79.32581
1539.0625	6.309629	-79.98535
1539.375	6.345531	-80.00018
1539.6875	6.340951	-80.22093
1540	6.379193	-80.68086
1540.3125	6.378279	-80.82346
1540.625	6.37102	-81.12495
1540.9375	6.394691	-81.50826
1541.25	6.384973	-81.77158
1541.5625	6.420411	-82.33817
1541.875	6.384239	-82.26097
1542.1875	6.385515	-82.54853
1542.5	6.393875	-82.61275
1542.8125	6.380558	-83.14782
1543.125	6.394705	-83.44714
1543.4375	6.392962	-83.81701
1543.75	6.384048	-84.07328
1544.0625	6.370361	-84.35046
1544.375	6.369084	-84.84077
1544.6875	6.341067	-85.06678
1545	6.348176	-85.30967
1545.3125	6.33049	-85.46062
1545.625	6.314243	-85.7205
1545.9375	6.293162	-85.88608
1546.25	6.286862	-86.44262
1546.5625	6.26679	-86.56858
1546.875	6.223326	-87.02644
1547.1875	6.222856	-87.07506
1547.5	6.213291	-87.74989
1547.8125	6.190369	-87.63203
1548.125	6.152017	-87.92601
1548.4375	6.131179	-88.36743
1548.75	6.090826	-88.548
1549.0625	6.052821	-89.04947
1549.375	6.049926	-89.29484
1549.6875	5.97857	-89.25171
1550	5.995602	-89.52263
1550.3125	5.946984	-89.94817
1550.625	5.921115	-90.19547
1550.9375	5.869013	-90.3429
1551.25	5.849847	-90.67247
1551.5625	5.807118	-90.8456
1551.875	5.749798	-91.19482
1552.1875	5.709409	-91.34619
1552.5	5.696598	-91.6226
1552.8125	5.658645	-91.98779
1553.125	5.610034	-91.81267
1553.4375	5.5794	-92.28268
1553.75	5.538016	-92.28527
1554.0625	5.464159	-92.54661
1554.375	5.424719	-92.79648
1554.6875	5.394094	-92.93243
1555	5.358234	-93.29773
1555.3125	5.277959	-93.16267
1555.625	5.223834	-93.5524
1555.9375	5.180802	-93.64599
1556.25	5.131692	-93.50989
1556.5625	5.064938	-93.85188
1556.875	5.003071	-93.81277
1557.1875	4.969768	-93.84646
1557.5	4.895476	-94.04346
1557.8125	4.87479	-93.87957
1558.125	4.81054	-94.19321
1558.4375	4.767609	-94.15499
1558.75	4.684827	-94.21253
1559.0625	4.635561	-94.29207
1559.375	4.571924	-94.4613
1559.6875	4.528732	-94.52641
1560	4.481384	-94.5539
1560.3125	4.40788	-94.59602
1560.625	4.332281	-94.2923
1560.9375	4.302338	-94.58485
1561.25	4.246446	-94.26727
1561.5625	4.181382	-94.21123
1561.875	4.109709	-94.47106
1562.1875	4.067114	-94.29636
1562.5	4.03036	-94.16232
1562.8125	3.957968	-94.1377
1563.125	3.903755	-94.17226
1563.4375	3.832898	-94.11379
1563.75	3.788232	-93.94121
1564.0625	3.729834	-93.76884
1564.375	3.6754	-93.48045
1564.6875	3.616204	-93.73923
1565	3.529383	-93.27254
1565.3125	3.460901	-93.21279
1565.625	3.423602	-93.17517
1565.9375	3.356186	-93.04801
1566.25	3.33375	-92.69559
1566.5625	3.275193	-92.62938
1566.875	3.210185	-92.32516
1567.1875	3.151592	-92.49673
1567.5	3.110243	-92.27145
1567.8125	3.03465	-91.94862
1568.125	2.984663	-91.61123
1568.4375	2.912132	-91.49763
1568.75	2.857545	-91.25609
1569.0625	2.807427	-90.34879
1569.375	2.750396	-90.24937
1569.6875	2.705498	-90.33012
1570	2.685007	-89.5621
1570.3125	2.625181	-89.09196
1570.625	2.564304	-88.75948
1570.9375	2.536381	-88.49505
1571.25	2.492957	-88.26547
1571.5625	2.456048	-87.72988
1571.875	2.404305	-87.71323
1572.1875	2.351886	-87.31319
1572.5	2.282941	-86.63082
1572.8125	2.271198	-86.36913
1573.125	2.250572	-86.12536
1573.4375	2.225957	-85.31184
1573.75	2.221122	-84.60129
1574.0625	2.169169	-84.40002
1574.375	2.158556	-84.06174
1574.6875	2.107979	-83.35579
1575	2.105461	-83.2104
1575.3125	2.089284	-82.43252
1575.625	2.093313	-81.74715
1575.9375	2.080081	-81.67095
1576.25	2.071479	-81.27591
1576.5625	2.084466	-80.48196
1576.875	2.063806	-80.06071
1577.1875	2.067601	-79.30806
1577.5	2.085537	-79.34723
1577.8125	2.09307	-78.43448
1578.125	2.071938	-77.98307
1578.4375	2.105984	-77.89477
1578.75	2.127865	-77.45153
1579.0625	2.151544	-77.05092
1579.375	2.126063	-76.50407
1579.6875	2.182152	-76.19016
1580	2.203332	-75.95834
1580.3125	2.199566	-75.61624
1580.625	2.226736	-75.164
1580.9375	2.217651	-74.43745
1581.25	2.282367	-74.32651
1581.5625	2.29131	-73.74926
1581.875	2.298666	-73.35869
1582.1875	2.354918	-72.73821
1582.5	2.349207	-72.29221
1582.8125	2.409874	-72.18292
1583.125	2.432533	-71.69059
1583.4375	2.461706	-71.77276
1583.75	2.456253	-71.40666
1584.0625	2.533751	-70.68226
1584.375	2.592949	-70.56576
1584.6875	2.622087	-70.58046
1585	2.638008	-70.07899
1585.3125	2.687171	-69.95654
1585.625	2.701721	-69.72691
1585.9375	2.76937	-69.67719
1586.25	2.795137	-69.21883
1586.5625	2.818619	-68.77911
1586.875	2.870101	-68.66856
1587.1875	2.860209	-68.45614
1587.5	2.904486	-68.37599
1587.8125	2.968974	-67.75613
1588.125	2.965297	-67.67558
1588.4375	3.021027	-67.62572
1588.75	3.068876	-67.33768
1589.0625	3.07744	-66.92245
1589.375	3.12939	-66.84734
1589.6875	3.16673	-67.06027
1590	3.199446	-66.22347
1590.3125	3.249371	-66.24484
1590.625	3.299146	-66.12753
1590.9375	3.307402	-65.94976
1591.25	3.379848	-65.82497
1591.5625	3.395554	-65.77088
1591.875	3.433779	-65.10031
1592.1875	3.474746	-65.41631
1592.5	3.513815	-65.26981
1592.8125	3.541644	-64.85385
1593.125	3.604723	-64.79623
1593.4375	3.632737	-64.9302
1593.75	3.665619	-64.62376
1594.0625	3.736467	-64.35656
1594.375	3.786034	-64.23037
1594.6875	3.796519	-64.12823
1595	3.840542	-64.20906
1595.3125	3.89785	-63.81381
1595.625	3.930391	-63.88182
1595.9375	3.955416	-63.8476
1596.25	4.010688	-63.7237
1596.5625	4.086499	-63.53264
1596.875	4.075911	-63.69786
1597.1875	4.153588	-63.3298
1597.5	4.193115	-63.2911
1597.8125	4.221803	-63.49939
1598.125	4.260072	-63.22998
1598.4375	4.311605	-63.28375
1598.75	4.36667	-63.23572
1599.0625	4.447461	-62.72913
1599.375	4.449656	-63.32402
1599.6875	4.497958	-62.96013
1600	4.552967	-63.01011
1600.3125	4.5888	-63.03804
1600.625	4.631966	-63.07833
1600.9375	4.712637	-62.86412
1601.25	4.713954	-62.72963
1601.5625	4.781533	-62.78255
1601.875	4.81648	-62.88691
1602.1875	4.865034	-62.86094
1602.5	4.931547	-62.88055
1602.8125	4.976645	-62.91306
1603.125	4.988644	-62.84632
1603.4375	5.079661	-62.90129
1603.75	5.128305	-63.05043
1604.0625	5.166277	-63.24677
1604.375	5.236602	-63.30932
1604.6875	5.266186	-63.26997
1605	5.306261	-63.46251
1605.3125	5.360399	-63.72023
1605.625	5.391992	-63.49627
1605.9375	5.449797	-63.86641
1606.25	5.479613	-63.87498
1606.5625	5.52754	-64.08153
1606.875	5.568609	-64.3214
1607.1875	5.593589	-64.25491
1607.5	5.630558	-64.52063
1607.8125	5.673993	-64.87574
1608.125	5.718069	-64.68042
1608.4375	5.746087	-64.94843
1608.75	5.780585	-65.17482
1609.0625	5.807834	-65.54294
1609.375	5.812099	-65.98498
1609.6875	5.8723	-65.90669
1610	5.878713	-66.23096
1610.3125	5.903455	-66.38117
1610.625	5.932677	-66.95426
1610.9375	5.943154	-66.70338
1611.25	5.965187	-67.27975
1611.5625	5.991802	-67.33549
1611.875	5.978841	-67.31213
1612.1875	6.00128	-67.9728
1612.5	5.969576	-68.28345
1612.8125	5.977584	-68.36126
1613.125	5.992902	-68.58102
1613.4375	5.997909	-68.52915
1613.75	5.976571	-68.80171
1614.0625	5.965005	-68.95591
1614.375	5.96383	-69.00166
1614.6875	5.960657	-69.04925
1615	5.946653	-69.31032
1615.3125	5.924538	-69.19907
1615.625	5.916163	-69.16276
1615.9375	5.898227	-69.21141
1616.25	5.911344	-68.87347
1616.5625	5.916812	-68.7784
1616.875	5.918245	-68.91785
1617.1875	5.923679	-68.60958
1617.5	5.919768	-68.79971
1617.8125	5.958914	-68.71915
1618.125	5.987017	-68.94552
1618.4375	6.020825	-68.48556
1618.75	6.063663	-68.58431
1619.0625	6.084475	-68.78954
1619.375	6.128325	-68.63475
1619.6875	6.135185	-68.71091
1620	6.179052	-68.68979
1620.3125	6.178048	-68.63441
1620.625	6.196466	-69.28091
1620.9375	6.219173	-69.47106
1621.25	6.23197	-69.45344
1621.5625	6.243031	-69.11383
1621.875	6.267345	-69.3987
1622.1875	6.285188	-69.81357
1622.5	6.279321	-69.80521
1622.8125	6.308593	-70.09432
1623.125	6.297631	-70.13343
1623.4375	6.304373	-69.99455
1623.75	6.321139	-70.30589
1624.0625	6.331134	-70.09776
1624.375	6.331057	-70.26418
1624.6875	6.344771	-70.44838
1625	6.341805	-70.46151
1625.3125	6.366158	-70.72236
1625.625	6.377753	-70.69093
1625.9375	6.383192	-70.48762
1626.25	6.373858	-70.76321
1626.5625	6.387533	-70.40409
1626.875	6.417586	-70.79217
1627.1875	6.433521	-70.56722
1627.5	6.450709	-70.91073
1627.8125	6.445017	-71.14918
1628.125	6.45135	-70.84871
1628.4375	6.470953	-71.06696
1628.75	6.478824	-71.15858
1629.0625	6.502128	-71.19095
1629.375	6.500053	-71.02588
1629.6875	6.523603	-71.59934
1630	6.535065	-71.33774
1630.3125	6.519775	-71.4586
1630.625	6.534836	-71.57129
1630.9375	6.56513	-71.52877
1631.25	6.550179	-71.81687
1631.5625	6.558208	-71.81814
1631.875	6.554203	-71.75333
1632.1875	6.569793	-71.75143
1632.5	6.594516	-71.64018
1632.8125	6.61403	-71.98276
1633.125	6.583834	-71.83604
1633.4375	6.62288	-72.05626
1633.75	6.631654	-71.93201
1634.0625	6.639362	-71.87173
1634.375	6.650918	-72.12653
1634.6875	6.651618	-72.26832
1635	6.669066	-72.25852
1635.3125	6.67747	-72.36701
1635.625	6.692917	-71.7888
1635.9375	6.706021	-72.30445
1636.25	6.734095	-72.18556
1636.5625	6.749245	-72.15829
1636.875	6.737795	-72.08489
1637.1875	6.760463	-72.21053
1637.5	6.775401	-72.33689
1637.8125	6.796312	-72.36037
1638.125	6.799428	-72.34364
1638.4375	6.836727	-72.77734
1638.75	6.853066	-72.70248
1639.0625	6.851962	-72.75076
1639.375	6.871005	-72.83224
1639.6875	6.880064	-72.81742
1640	6.89888	-72.95944
1640.3125	6.899379	-72.99043
1640.625	6.926575	-72.96326
1640.9375	6.947074	-73.13242
1641.25	6.932685	-73.10136
1641.5625	6.956642	-73.43785
1641.875	6.985228	-73.53663
1642.1875	6.999994	-73.74966
1642.5	6.971839	-73.48613
1642.8125	6.999261	-73.38622
1643.125	7.003942	-73.74396
1643.4375	7.012945	-74.15161
1643.75	7.029833	-74.01742
1644.0625	7.022286	-74.17671
1644.375	7.045045	-73.83573
1644.6875	7.038615	-74.13966
1645	7.030558	-73.99602
1645.3125	7.064908	-74.49995
1645.625	7.048948	-74.43895
1645.9375	7.046716	-74.72083
1646.25	7.061862	-74.56969
1646.5625	7.051945	-74.7418
1646.875	7.057862	-74.73634
1647.1875	7.065761	-74.66623
1647.5	7.074492	-74.89986
1647.8125	7.089236	-74.85882
1648.125	7.065855	-74.86703
1648.4375	7.103315	-74.69374
1648.75	7.108496	-74.90549
1649.0625	7.11492	-75.24376
1649.375	7.132058	-74.9779
1649.6875	7.130422	-75.1367
1650	7.125554	-74.93956
1650.3125	7.144197	-74.95367
1650.625	7.132993	-75.16222
1650.9375	7.173465	-75.16041
1651.25	7.164651	-75.28271
1651.5625	7.159905	-75.20366
1651.875	7.195442	-75.14149
1652.1875	7.206645	-75.49229
1652.5	7.201967	-75.38259
1652.8125	7.211579	-75.63651
1653.125	7.229872	-75.41369
1653.4375	7.229154	-75.32919
1653.75	7.247081	-75.48169
1654.0625	7.275313	-75.41749
1654.375	7.272062	-75.5893
1654.6875	7.264591	-75.66021
1655	7.287827	-75.47887
1655.3125	7.307842	-75.89299
1655.625	7.313178	-75.88661
1655.9375	7.337756	-75.73548
1656.25	7.328937	-75.88037
1656.5625	7.355961	-76.06381
1656.875	7.35899	-76.45841
1657.1875	7.365895	-76.10614
1657.5	7.376921	-76.2053
1657.8125	7.396425	-76.37639
1658.125	7.424127	-76.08271
1658.4375	7.422526	-76.45898
1658.75	7.441032	-76.50587
1659.0625	7.445834	-76.83513
1659.375	7.453636	-77.11248
1659.6875	7.460447	-76.83181
1660	7.477489	-77.06495
1660.3125	7.476502	-77.14604
1660.625	7.483024	-77.09842
1660.9375	7.494792	-77.06115
1661.25	7.493645	-77.42239
1661.5625	7.482351	-77.29314
1661.875	7.504347	-77.6018
1662.1875	7.498105	-77.78287
1662.5	7.490096	-77.73581
1662.8125	7.51215	-77.96374
1663.125	7.498349	-78.29105
1663.4375	7.479258	-77.77908
1663.75	7.504883	-78.0475
1664.0625	7.499961	-78.22219
1664.375	7.502906	-78.45377
1664.6875	7.513658	-77.96154
1665	7.51758	-78.13169
1665.3125	7.523584	-78.23511
1665.625	7.524038	-78.36828
1665.9375	7.53032	-78.61031
1666.25	7.534728	-78.41192
1666.5625	7.549506	-78.39227
1666.875	7.541595	-78.46579
1667.1875	7.546043	-78.46906
1667.5	7.558655	-78.79039
1667.8125	7.546726	-78.61382
1668.125	7.566037	-78.65257
1668.4375	7.563596	-78.82519
1668.75	7.577849	-78.86601
1669.0625	7.574158	-79.02763
1669.375	7.578033	-78.9545
1669.6875	7.575157	-78.76676
1670	7.554869	-78.64777
1670.3125	7.576878	-79.18777
1670.625	7.599883	-79.2646
1670.9375	7.595234	-79.28739
1671.25	7.598736	-79.42408
1671.5625	7.595994	-79.42206
1671.875	7.601184	-79.3856
1672.1875	7.59677	-79.13288
1672.5	7.612811	-79.11286
1672.8125	7.613597	-79.34647
1673.125	7.618957	-79.13034
1673.4375	7.639012	-79.40732
1673.75	7.629445	-79.59238
1674.0625	7.642444	-79.33411
1674.375	7.646134	-79.66103
1674.6875	7.646778	-79.57962
1675	7.656188	-79.41205
1675.3125	7.665168	-79.58173
1675.625	7.654996	-79.94049
1675.9375	7.655322	-79.85151
1676.25	7.64776	-79.52755
1676.5625	7.674477	-79.68314
1676.875	7.680102	-79.9901
1677.1875	7.688906	-79.90558
1677.5	7.663425	-80.2127
1677.8125	7.663745	-80.123
1678.125	7.668182	-80.07352
1678.4375	7.676869	-79.94186
1678.75	7.666142	-80.24902
1679.0625	7.676501	-80.16615
1679.375	7.665285	-80.17439
1679.6875	7.685029	-80.08295
1680	7.697785	-80.28938
1680.3125	7.689451	-80.54148
1680.625	7.694717	-80.2629
1680.9375	7.689514	-80.37062
1681.25	7.6806	-80.26263
1681.5625	7.68961	-80.16805
1681.875	7.689112	-80.14193
1682.1875	7.71487	-80.23114
1682.5	7.695432	-80.22611
1682.8125	7.704721	-80.25584
1683.125	7.701513	-80.19092
1683.4375	7.720389	-80.55833
1683.75	7.729794	-79.98034
1684.0625	7.730293	-80.3744
1684.375	7.736206	-80.49719
1684.6875	7.73982	-80.12891
1685	7.743763	-80.383
1685.3125	7.758412	-80.16859
1685.625	7.77914	-80.41945
1685.9375	7.774778	-80.28227
1686.25	7.791392	-80.23664
1686.5625	7.781991	-80.06124
1686.875	7.799019	-80.28638
1687.1875	7.81672	-79.95201
1687.5	7.818223	-80.33546
1687.8125	7.848742	-80.42637
1688.125	7.86591	-80.06289
1688.4375	7.862403	-80.06821
1688.75	7.85243	-80.34924
1689.0625	7.870114	-80.3034
1689.375	7.884462	-80.24785
1689.6875	7.891123	-80.73775
1690	7.896361	-80.49753
1690.3125	7.900674	-80.57392
1690.625	7.928011	-80.66317
1690.9375	7.924769	-80.62463
1691.25	7.929013	-80.53782
1691.5625	7.937777	-80.51926
1691.875	7.956892	-80.69592
1692.1875	7.951476	-81.16051
1692.5	7.947947	-80.68056
1692.8125	7.969945	-80.72216
1693.125	7.972739	-80.58468
1693.4375	7.973984	-81.03458
1693.75	7.988716	-80.93371
1694.0625	7.97529	-81.01188
1694.375	7.998524	-80.86803
1694.6875	8.007002	-80.79506
1695	8.020512	-80.98624
1695.3125	8.027552	-81.01843
1695.625	8.037759	-81.34197
1695.9375	8.050732	-81.05879
1696.25	8.043838	-81.00778
1696.5625	8.046282	-80.9461
1696.875	8.07256	-81.21005
1697.1875	8.081041	-81.19801
1697.5	8.064419	-81.35598
1697.8125	8.078774	-81.06465
1698.125	8.073174	-81.55116
1698.4375	8.082378	-81.34177
1698.75	8.103621	-81.43633
1699.0625	8.100294	-81.23893
1699.375	8.10696	-81.54143
1699.6875	8.120605	-81.46793
1700	8.13555	-81.57978
1700.3125	8.135461	-81.4282
1700.625	8.13588	-81.60825
1700.9375	8.145973	-81.55778
1701.25	8.158722	-81.59337
1701.5625	8.166111	-81.69979
1701.875	8.168656	-81.62602
1702.1875	8.18547	-81.86172
1702.5	8.181461	-81.77321
1702.8125	8.190642	-82.01702
1703.125	8.202866	-81.71353
1703.4375	8.19542	-82.02032
1703.75	8.20473	-81.76982
1704.0625	8.20793	-81.8668
1704.375	8.206883	-82.08203
1704.6875	8.213701	-82.10719
1705	8.2329	-82.26722
1705.3125	8.220103	-82.30899
1705.625	8.211578	-81.97049
1705.9375	8.2305	-82.27445
1706.25	8.225819	-82.14289
1706.5625	8.223474	-82.19609
1706.875	8.226824	-82.07648
1707.1875	8.222675	-82.28416
1707.5	8.243731	-81.97569
1707.8125	8.234346	-82.5093
1708.125	8.23577	-82.28094
1708.4375	8.235558	-82.32322
1708.75	8.229556	-82.52876
1709.0625	8.233915	-82.10003
1709.375	8.232261	-82.22302
1709.6875	8.247813	-82.19074
1710	8.231615	-82.48634
1710.3125	8.25214	-82.14771
1710.625	8.238121	-82.23031
1710.9375	8.267662	-82.37955
1711.25	8.267601	-82.55847
1711.5625	8.274224	-82.39346
1711.875	8.268367	-82.11659
1712.1875	8.274251	-82.24921
1712.5	8.281053	-82.01826
1712.8125	8.280664	-82.0909
1713.125	8.276671	-81.90392
1713.4375	8.278646	-81.87923
1713.75	8.291243	-82.13199
1714.0625	8.315646	-81.97117
1714.375	8.291237	-82.26729
1714.6875	8.326677	-82.28738
1715	8.289928	-82.14637
1715.3125	8.324302	-81.65673
1715.625	8.328042	-81.87463
1715.9375	8.331028	-81.85797
1716.25	8.324409	-82.10417
1716.5625	8.335192	-81.78006
1716.875	8.340126	-81.77204
1717.1875	8.345721	-81.75881
1717.5	8.356589	-81.74325
1717.8125	8.330937	-81.87957
1718.125	8.381222	-81.60852
1718.4375	8.368083	-81.42879
1718.75	8.373111	-81.1618
1719.0625	8.400295	-81.50383
1719.375	8.382933	-81.06075
1719.6875	8.405451	-81.56722
1720	8.416325	-81.52145
1720.3125	8.427174	-81.29078
1720.625	8.430946	-81.31432
1720.9375	8.43446	-81.48871
1721.25	8.438776	-81.10791
1721.5625	8.469288	-81.2294
1721.875	8.47116	-81.05452
1722.1875	8.481605	-80.69764
1722.5	8.482511	-80.85261
1722.8125	8.502404	-81.05573
1723.125	8.513847	-80.82795
1723.4375	8.532749	-80.74063
1723.75	8.550847	-80.72128
1724.0625	8.542472	-80.79984
1724.375	8.564952	-80.23224
1724.6875	8.591804	-80.54194
1725	8.591996	-80.34053
1725.3125	8.631151	-80.24115
1725.625	8.622399	-80.5798
1725.9375	8.626907	-80.13747
1726.25	8.648005	-80.0318
1726.5625	8.662397	-79.99467
1726.875	8.685787	-80.01954
1727.1875	8.718434	-79.86897
1727.5	8.707073	-80.25199
1727.8125	8.756618	-79.98192
1728.125	8.7641	-79.80481
1728.4375	8.800051	-79.66294
1728.75	8.79318	-79.9086
1729.0625	8.826514	-79.76913
1729.375	8.843111	-79.38604
1729.6875	8.877591	-79.27085
1730	8.907569	-79.30856
1730.3125	8.937994	-79.44646
1730.625	8.966349	-79.36151
1730.9375	8.968565	-79.35906
1731.25	8.990068	-79.10769
1731.5625	9.031883	-79.35284
1731.875	9.044003	-79.16895
1732.1875	9.060808	-79.45745
1732.5	9.099419	-79.30846
1732.8125	9.10994	-79.05926
1733.125	9.141563	-79.32066
1733.4375	9.14883	-79.06251
1733.75	9.19976	-78.97476
1734.0625	9.219819	-79.31654
1734.375	9.25758	-78.93806
1734.6875	9.258977	-78.88743
1735	9.298076	-79.30096
1735.3125	9.311693	-79.24001
1735.625	9.345581	-79.17497
1735.9375	9.369371	-79.35586
1736.25	9.393532	-79.19808
1736.5625	9.420134	-79.24666
1736.875	9.434584	-79.03585
1737.1875	9.464137	-79.50246
1737.5	9.502065	-79.38702
1737.8125	9.519621	-79.0318
1738.125	9.538048	-79.17259
1738.4375	9.576414	-79.07732
1738.75	9.593658	-79.50578
1739.0625	9.604903	-79.50599
1739.375	9.631096	-79.68541
1739.6875	9.66172	-79.19648
1740	9.697074	-79.4396
1740.3125	9.712803	-79.44087
1740.625	9.742851	-79.58368
1740.9375	9.769114	-79.46565
1741.25	9.777096	-79.37331
1741.5625	9.789001	-79.51987
1741.875	9.809204	-79.76964
1742.1875	9.836299	-79.5743
1742.5	9.838397	-79.76683
1742.8125	9.883279	-79.75414
1743.125	9.894326	-80.15402
1743.4375	9.917815	-80.17171
1743.75	9.946165	-79.90359
1744.0625	9.964367	-80.01846
1744.375	9.981693	-79.9998
1744.6875	10.00731	-79.89707
1745	10.03709	-80.21766
1745.3125	10.05322	-80.14957
1745.625	10.0769	-80.05849
1745.9375	10.10806	-80.22517
1746.25	10.12083	-80.25867
1746.5625	10.14071	-80.06367
1746.875	10.16689	-80.02769
1747.1875	10.20906	-80.09129
1747.5	10.22303	-80.57973
1747.8125	10.24318	-80.31516
1748.125	10.27186	-79.95636
1748.4375	10.30058	-80.72602
1748.75	10.33056	-80.43532
1749.0625	10.32464	-80.64629
1749.375	10.36226	-80.59511
1749.6875	10.38515	-80.7941
1750	10.41056	-81.49929
1750.3125	10.42822	-80.64445
1750.625	10.46004	-80.80018
1750.9375	10.47379	-81.01056
1751.25	10.49575	-81.30605
1751.5625	10.52814	-81.32903
1751.875	10.54309	-81.38948
1752.1875	10.57259	-81.3111
1752.5	10.58528	-81.39557
1752.8125	10.62072	-81.33494
1753.125	10.63874	-81.55612
1753.4375	10.6572	-81.94875
1753.75	10.67201	-82.02132
1754.0625	10.68139	-81.76665
1754.375	10.71278	-82.04475
1754.6875	10.72051	-81.71735
1755	10.75119	-81.62949
1755.3125	10.76331	-82.07227
1755.625	10.78458	-82.09288
1755.9375	10.80836	-82.06864
1756.25	10.82034	-82.36218
1756.5625	10.83159	-82.3975
1756.875	10.86779	-82.51247
1757.1875	10.86694	-82.19366
1757.5	10.89812	-82.4921
1757.8125	10.92941	-82.66055
1758.125	10.94049	-82.92323
1758.4375	10.95053	-82.91357
1758.75	10.97217	-82.94128
1759.0625	10.99225	-83.08443
1759.375	11.00191	-82.77421
1759.6875	11.01684	-83.1745
1760	11.04411	-83.24847
1760.3125	11.06042	-83.48225
1760.625	11.08459	-83.24814
1760.9375	11.09168	-83.76337
1761.25	11.11706	-83.44279
1761.5625	11.12734	-83.71391
1761.875	11.13691	-83.40311
1762.1875	11.16317	-83.84057
1762.5	11.18403	-83.87858
1762.8125	11.19729	-83.96013
1763.125	11.21409	-83.87744
1763.4375	11.22614	-84.28089
1763.75	11.22586	-84.10542
1764.0625	11.2473	-84.2394
1764.375	11.26938	-84.39153
1764.6875	11.27685	-84.68309
1765	11.28911	-84.72859
1765.3125	11.30912	-84.59534
1765.625	11.31272	-84.84215
1765.9375	11.33397	-84.91245
1766.25	11.33994	-85.05869
1766.5625	11.3524	-84.90292
1766.875	11.35477	-85.19976
1767.1875	11.38195	-85.19153
1767.5	11.38216	-85.30396
1767.8125	11.39726	-85.05901
1768.125	11.4019	-85.65179
1768.4375	11.41068	-85.26078
1768.75	11.4263	-85.58525
1769.0625	11.43459	-85.61993
1769.375	11.44421	-85.86504
1769.6875	11.44324	-85.5817
1770	11.45423	-85.70203
1770.3125	11.468	-85.61329
1770.625	11.46366	-86.01752
1770.9375	11.46639	-86.34178
1771.25	11.4823	-85.95757
1771.5625	11.47352	-86.09807
1771.875	11.46705	-85.85543
1772.1875	11.48369	-85.77702
1772.5	11.50059	-85.86069
1772.8125	11.49795	-85.9216
1773.125	11.50279	-85.87568
1773.4375	11.51243	-86.125
1773.75	11.51912	-85.56488
1774.0625	11.52205	-85.91418
1774.375	11.53506	-85.58473
1774.6875	11.53692	-85.39387
1775	11.56207	-85.20422
1775.3125	11.5594	-85.41974
1775.625	11.5682	-85.50229
1775.9375	11.5865	-85.2736
1776.25	11.60895	-85.20837
1776.5625	11.62928	-85.21368
1776.875	11.6507	-84.96216
1777.1875	11.6718	-85.06586
1777.5	11.70388	-84.90489
1777.8125	11.73451	-84.54048
1778.125	11.75686	-84.55063
1778.4375	11.78103	-84.85061
1778.75	11.81982	-84.34431
1779.0625	11.86368	-84.43649
1779.375	11.8884	-84.56878
1779.6875	11.91181	-84.5657
1780	11.96464	-84.79858
1780.3125	11.9827	-84.50865
1780.625	12.01404	-84.69387
1780.9375	12.03826	-84.40941
1781.25	12.08395	-84.62823
1781.5625	12.09878	-84.59619
1781.875	12.15633	-84.50715
1782.1875	12.17478	-84.51019
1782.5	12.20918	-84.3586
1782.8125	12.22723	-84.73401
1783.125	12.25577	-84.73944
1783.4375	12.29476	-84.17115
1783.75	12.3262	-84.41846
1784.0625	12.34746	-84.73337
1784.375	12.37449	-84.74194
1784.6875	12.40621	-84.63757
1785	12.42592	-84.72713
1785.3125	12.45845	-84.54899
1785.625	12.49695	-84.73283
1785.9375	12.52082	-84.99102
1786.25	12.55204	-84.84905
1786.5625	12.58732	-85.34097
1786.875	12.61475	-85.13229
1787.1875	12.6497	-84.6688
1787.5	12.67595	-84.94423
1787.8125	12.70845	-85.2837
1788.125	12.73348	-85.14706
1788.4375	12.77156	-85.09873
1788.75	12.79703	-85.1089
1789.0625	12.82446	-85.10528
1789.375	12.85646	-85.35322
1789.6875	12.887	-85.07345
1790	12.91767	-85.12125
1790.3125	12.95056	-85.6008
1790.625	12.96744	-85.59149
1790.9375	13.01278	-85.24153
1791.25	13.04112	-85.83123
1791.5625	13.06807	-85.26454
1791.875	13.10205	-85.53968
1792.1875	13.13648	-85.75999
1792.5	13.16097	-85.64451
1792.8125	13.19023	-85.91653
1793.125	13.21517	-85.79599
1793.4375	13.24302	-85.84576
1793.75	13.28181	-85.86086
1794.0625	13.31349	-86.13537
1794.375	13.34139	-86.12433
1794.6875	13.37217	-86.42975
1795	13.39954	-86.32788
1795.3125	13.42669	-86.34076
1795.625	13.46073	-86.72313
1795.9375	13.49035	-86.61063
1796.25	13.51695	-86.32257
1796.5625	13.54081	-86.83128
1796.875	13.56281	-86.55596
1797.1875	13.60273	-86.72093
1797.5	13.63478	-86.59206
1797.8125	13.65178	-86.90633
1798.125	13.68944	-86.65901
1798.4375	13.7171	-86.61535
1798.75	13.73511	-86.89303
1799.0625	13.76922	-87.17448
1799.375	13.80047	-87.00922
1799.6875	13.83269	-87.0489
1800	13.86618	-86.92013
1800.3125	13.90075	-87.07322
1800.625	13.9227	-87.47781
1800.9375	13.95144	-87.32298
1801.25	13.98836	-87.29242
1801.5625	14.02465	-87.18994
1801.875	14.0546	-87.47235
1802.1875	14.08321	-87.33797
1802.5	14.11452	-87.21255
1802.8125	14.15421	-87.37549
1803.125	14.18214	-87.13895
1803.4375	14.21928	-87.42534
1803.75	14.26318	-87.7818
1804.0625	14.30332	-87.66003
1804.375	14.34513	-87.82289
1804.6875	14.36032	-87.43066
1805	14.39944	-87.81728
1805.3125	14.44317	-88.48435
1805.625	14.47461	-88.19153
1805.9375	14.50928	-88.29559
1806.25	14.54767	-88.16023
1806.5625	14.57244	-88.6188
1806.875	14.61255	-88.63068
1807.1875	14.64604	-88.3985
1807.5	14.67844	-88.51187
1807.8125	14.71316	-88.58009
1808.125	14.76287	-89.03038
1808.4375	14.79461	-89.32411
1808.75	14.82038	-89.1302
1809.0625	14.84945	-88.91891
1809.375	14.90154	-89.1572
1809.6875	14.92879	-89.39922
1810	14.96669	-89.17164
1810.3125	15.00816	-89.17265
1810.625	15.03	-89.14957
1810.9375	15.07552	-89.38947
1811.25	15.10581	-89.27773
1811.5625	15.14964	-89.17028
1811.875	15.18699	-89.42249
1812.1875	15.22609	-89.29092
1812.5	15.26179	-89.36671
1812.8125	15.30028	-89.3222
1813.125	15.34594	-89.70591
1813.4375	15.3772	-89.83935
1813.75	15.41764	-89.84592
1814.0625	15.46574	-89.65147
1814.375	15.49963	-90.15922
1814.6875	15.53703	-90.11272
1815	15.57607	-90.23015
1815.3125	15.62193	-90.08808
1815.625	15.67032	-90.45813
1815.9375	15.71469	-90.17468
1816.25	15.75245	-90.35778
1816.5625	15.79829	-90.52642
1816.875	15.84438	-90.84978
1817.1875	15.8897	-90.64577
1817.5	15.94526	-90.66705
1817.8125	15.9816	-90.72993
1818.125	16.02634	-90.86739
1818.4375	16.07961	-90.8218
1818.75	16.12563	-91.1555
1819.0625	16.16965	-91.15617
1819.375	16.21968	-91.26779
1819.6875	16.27397	-91.53708
1820	16.31589	-91.80354
1820.3125	16.3622	-91.87927
1820.625	16.41836	-91.83393
1820.9375	16.45979	-92.04776
1821.25	16.50564	-92.04389
1821.5625	16.55625	-92.24592
1821.875	16.60515	-92.54391
1822.1875	16.65243	-92.58954
1822.5	16.69298	-92.81339
1822.8125	16.74628	-92.71178
1823.125	16.80014	-93.16333
1823.4375	16.84365	-93.40111
1823.75	16.89718	-93.48014
1824.0625	16.9501	-93.80099
1824.375	16.99646	-93.67777
1824.6875	17.04689	-94.01038
1825	17.09953	-94.55791
1825.3125	17.14782	-94.33834
1825.625	17.19498	-94.78674
1825.9375	17.23871	-94.78704
1826.25	17.29072	-94.62397
1826.5625	17.34937	-95.03141
1826.875	17.40118	-95.14204
1827.1875	17.44751	-95.50086
1827.5	17.48667	-95.76683
1827.8125	17.54013	-95.95568
1828.125	17.59267	-96.10079
1828.4375	17.63197	-96.33665
1828.75	17.68183	-96.46918
1829.0625	17.72194	-97.00088
1829.375	17.77513	-96.9611
1829.6875	17.81705	-97.37453
1830	17.86423	-97.03004
1830.3125	17.90506	-98.08594
1830.625	17.94603	-98.18224
1830.9375	17.987	-98.41252
1831.25	18.03653	-98.4389
1831.5625	18.07425	-98.75646
1831.875	18.1181	-99.20119
1832.1875	18.15786	-99.13261
1832.5	18.20285	-99.49432
1832.8125	18.24299	-100.1598
1833.125	18.28436	-99.95931
1833.4375	18.32551	-100.374
1833.75	18.36218	-100.3875
1834.0625	18.40121	-101.0444
1834.375	18.4404	-101.1185
1834.6875	18.47745	-101.5337
1835	18.52086	-101.9054
1835.3125	18.55988	-102.0745
1835.625	18.59377	-102.0884
1835.9375	18.63736	-102.312
1836.25	18.67772	-102.7975
1836.5625	18.70994	-103.223
1836.875	18.74525	-103.1387
1837.1875	18.79172	-103.1458
1837.5	18.82753	-103.646
1837.8125	18.86401	-104.1753
1838.125	18.90289	-104.2813
1838.4375	18.93728	-104.5512
1838.75	18.97465	-104.9208
1839.0625	19.01598	-105.0511
1839.375	19.05795	-105.5758
1839.6875	19.09404	-105.5583
1840	19.12796	-105.5471
1840.3125	19.16714	-105.8898
1840.625	19.20589	-105.998
1840.9375	19.24096	-106.586
1841.25	19.28567	-106.9729
1841.5625	19.32152	-106.9532
1841.875	19.36019	-106.7265
1842.1875	19.40121	-107.2422
1842.5	19.43231	-107.491
1842.8125	19.47791	-108.1714
1843.125	19.50892	-107.9706
1843.4375	19.55092	-108.1936
1843.75	19.59438	-108.3997
1844.0625	19.63035	-108.7367
1844.375	19.67564	-109.643
1844.6875	19.7138	-109.7183
1845	19.75659	-109.7735
1845.3125	19.7958	-110.2675
1845.625	19.84159	-110.2815
1845.9375	19.87737	-110.5001
1846.25	19.92074	-111.0455
1846.5625	19.95893	-111.1614
1846.875	20.00206	-111.451
1847.1875	20.04608	-112.32
1847.5	20.08175	-112.0238
1847.8125	20.12775	-112.3309
1848.125	20.16717	-112.6532
1848.4375	20.21384	-112.8863
1848.75	20.25449	-112.9702
1849.0625	20.29699	-113.7013
1849.375	20.34013	-113.5449
1849.6875	20.38111	-113.9054
1850	20.42689	-114.2263
1850.3125	20.46843	-114.5692
1850.625	20.50999	-115.2445
1850.9375	20.55321	-115.4818
1851.25	20.59637	-116.0191
1851.5625	20.64065	-116.1101
1851.875	20.68717	-116.2986
1852.1875	20.72786	-116.4939
1852.5	20.7754	-116.8093
1852.8125	20.81744	-117.5434
1853.125	20.86165	-117.4596
1853.4375	20.90519	-117.6231
1853.75	20.94864	-118.4799
1854.0625	20.99389	-118.7935
1854.375	21.03908	-119.3664
1854.6875	21.0806	-119.0191
1855	21.12615	-119.3531
1855.3125	21.17103	-119.9229
1855.625	21.21416	-120.3754
1855.9375	21.25829	-120.3515
1856.25	21.30022	-121.0561
1856.5625	21.34511	-121.3849
1856.875	21.39158	-122.2959
1857.1875	21.43323	-122.8872
1857.5	21.47281	-122.7952
1857.8125	21.5192	-122.981
1858.125	21.55753	-123.6286
1858.4375	21.59883	-123.8613
1858.75	21.64596	-124.3744
1859.0625	21.68523	-124.5158
1859.375	21.729	-124.7107
1859.6875	21.77057	-125.6235
1860	21.80971	-126.3098
1860.3125	21.84916	-126.606
1860.625	21.89026	-127.0176
1860.9375	21.93039	-127.7002
1861.25	21.96453	-127.8706
1861.5625	22.00609	-128.1448
1861.875	22.04162	-128.6898
1862.1875	22.08192	-129.1688
1862.5	22.11978	-129.6994
1862.8125	22.15764	-129.8679
1863.125	22.19328	-130.4331
1863.4375	22.23112	-130.9641
1863.75	22.26364	-131.9282
1864.0625	22.29776	-131.9641
1864.375	22.33535	-132.3916
1864.6875	22.36624	-132.789
1865	22.39985	-133.2538
1865.3125	22.43387	-133.8007
1865.625	22.46313	-134.2271
1865.9375	22.49847	-134.867
1866.25	22.53055	-135.6141
1866.5625	22.56159	-135.7378
1866.875	22.59419	-136.1755
1867.1875	22.62533	-136.6899
1867.5	22.65686	-137.2818
1867.8125	22.68633	-137.7759
1868.125	22.7171	-138.483
1868.4375	22.74879	-138.6739
1868.75	22.77571	-139.5831
1869.0625	22.80741	-139.7908
1869.375	22.83797	-140.6171
1869.6875	22.86061	-140.7262
1870	22.89482	-141.768
1870.3125	22.92063	-141.8779
1870.625	22.94538	-142.475
1870.9375	22.97036	-143.0672
1871.25	22.99692	-143.6197
1871.5625	23.02456	-144.3068
1871.875	23.04642	-145.1544
1872.1875	23.06678	-145.7185
1872.5	23.08695	-146.1455
1872.8125	23.10602	-146.5963
1873.125	23.12358	-147.1109
1873.4375	23.14074	-147.774
1873.75	23.15904	-148.5891
1874.0625	23.17216	-149.1488
1874.375	23.1845	-149.7154
1874.6875	23.20034	-150.3635
1875	23.20784	-151.2538
1875.3125	23.21901	-151.3162
1875.625	23.22523	-152.1209
1875.9375	23.23531	-153.1148
1876.25	23.23873	-153.5438
1876.5625	23.24826	-154.1422
1876.875	23.24638	-154.2364
1877.1875	23.24978	-155.1051
1877.5	23.25272	-155.6168
1877.8125	23.25058	-156.3201
1878.125	23.25031	-157.1498
1878.4375	23.24482	-157.8181
1878.75	23.24011	-158.3198
1879.0625	23.23216	-158.9342
1879.375	23.2267	-159.5085
1879.6875	23.2208	-160.065
1880	23.21115	-160.8337
1880.3125	23.20019	-161.182
1880.625	23.18907	-161.5796
1880.9375	23.17382	-162.5142
1881.25	23.16117	-163.1799
1881.5625	23.14458	-163.3801
1881.875	23.12202	-164.0757
1882.1875	23.10485	-164.858
1882.5	23.08544	-165.2972
1882.8125	23.07143	-165.9389
1883.125	23.04555	-166.221
1883.4375	23.02532	-166.5323
1883.75	23.00051	-167.669
1884.0625	22.9771	-168.0792
1884.375	22.95617	-168.7382
1884.6875	22.92551	-169.2071
1885	22.90262	-169.3458
1885.3125	22.8777	-169.7853
1885.625	22.85313	-170.4419
1885.9375	22.82769	-170.8268
1886.25	22.80373	-171.4346
1886.5625	22.7778	-171.7191
1886.875	22.7511	-172.43
1887.1875	22.72749	-172.7745
1887.5	22.70158	-173.4067
1887.8125	22.67678	-173.6131
1888.125	22.64749	-173.9313
1888.4375	22.62764	-174.6758
1888.75	22.59882	-174.6469
1889.0625	22.57864	-175.4217
1889.375	22.55322	-175.7403
1889.6875	22.52981	-176.1936
1890	22.50206	-176.7106
1890.3125	22.48298	-177.0032
1890.625	22.46	-177.2723
1890.9375	22.43709	-178.0465
1891.25	22.41346	-178.1832
1891.5625	22.39705	-177.8989
1891.875	22.37662	-178.6759
1892.1875	22.35557	-179.0634
1892.5	22.33581	-179.5723
1892.8125	22.31802	-179.9277
1893.125	22.29992	179.6225
1893.4375	22.28667	179.641
1893.75	22.26944	179.0962
1894.0625	22.25187	178.9679
1894.375	22.24053	179.0517
1894.6875	22.22265	178.2661
1895	22.21238	177.787
1895.3125	22.19913	177.1962
1895.625	22.18847	177.042
1895.9375	22.17411	176.8588
1896.25	22.16481	176.7429
1896.5625	22.15563	176.1091
1896.875	22.14429	176.0002
1897.1875	22.13426	175.1135
1897.5	22.12769	175.1715
1897.8125	22.11848	174.9138
1898.125	22.11017	174.7277
1898.4375	22.0983	174.0201
1898.75	22.09118	173.8074
1899.0625	22.08638	172.9427
1899.375	22.08657	172.8141
1899.6875	22.07263	172.5208
1900	22.07311	171.9686
1900.3125	22.06495	171.2097
1900.625	22.05662	171.4103
1900.9375	22.05535	170.5933
1901.25	22.04898	170.3748
1901.5625	22.04351	170.045
1901.875	22.03973	169.6537
1902.1875	22.03443	169.1506
1902.5	22.02431	168.8372
1902.8125	22.01867	168.4585
1903.125	22.01208	167.8708
1903.4375	22.00326	167.0563
1903.75	21.99601	167.1171
1904.0625	21.98623	166.947
1904.375	21.97702	166.3422
1904.6875	21.96665	165.7266
1905	21.95409	165.1576
1905.3125	21.94689	164.7717
1905.625	21.93424	164.1125
1905.9375	21.92053	163.7472
1906.25	21.91126	163.4177
1906.5625	21.89958	163.1545
1906.875	21.88209	162.1766
1907.1875	21.86604	161.8237
1907.5	21.8533	161.4978
1907.8125	21.83616	160.5102
1908.125	21.82349	160.5412
1908.4375	21.80418	159.8364
1908.75	21.78484	159.448
1909.0625	21.76192	158.9078
1909.375	21.74455	158.4068
1909.6875	21.71976	157.8751
1910	21.69838	157.1361
1910.3125	21.67238	157.0671
1910.625	21.65167	156.1062
1910.9375	21.62506	155.9077
1911.25	21.60406	155.5405
1911.5625	21.57629	154.8564
1911.875	21.54917	154.2768
1912.1875	21.5213	154.0706
1912.5	21.49533	153.8363
1912.8125	21.46258	153.0989
1913.125	21.43075	152.1012
1913.4375	21.40115	152.2065
1913.75	21.36344	151.5964
1914.0625	21.33321	150.8816
1914.375	21.29412	150.5281
1914.6875	21.25969	150.2787
1915	21.21945	149.4816
1915.3125	21.17987	149.2655
1915.625	21.14149	148.7441
1915.9375	21.10841	148.041
1916.25	21.06932	147.9298
1916.5625	21.02768	147.2895
1916.875	20.98577	146.75
1917.1875	20.94559	146.2914
1917.5	20.90502	145.8317
1917.8125	20.87027	145.5738
1918.125	20.8246	145.3802
1918.4375	20.78385	144.3218
1918.75	20.73798	144.3942
1919.0625	20.69382	143.7564
1919.375	20.65149	143.4386
1919.6875	20.60541	142.7595
1920	20.5587	142.5028
1920.3125	20.51	141.8257
1920.625	20.46082	141.5181
1920.9375	20.4147	140.9075
1921.25	20.36693	141.1284
1921.5625	20.31366	140.7765
1921.875	20.26498	140.2504
1922.1875	20.21644	139.4728
1922.5	20.16854	139.2165
1922.8125	20.11731	138.2837
1923.125	20.06743	138.5315
1923.4375	20.01665	138.1212
1923.75	19.97128	137.794
1924.0625	19.91704	137.2875
1924.375	19.86555	136.9639
1924.6875	19.81594	136.5058
1925	19.7663	136.1253
1925.3125	19.71333	136.1226
1925.625	19.66714	136.133
1925.9375	19.61078	135.4789
1926.25	19.56459	134.9748
1926.5625	19.50741	134.7312
1926.875	19.45926	134.5834
1927.1875	19.41248	134.1621
1927.5	19.36439	133.9227
1927.8125	19.31663	133.6561
1928.125	19.26544	133.101
1928.4375	19.2213	132.7754
1928.75	19.16848	132.1865
1929.0625	19.12422	132.6125
1929.375	19.07495	132.0742
1929.6875	19.02702	131.7892
1930	18.97697	131.4305
1930.3125	18.92556	131.1658
1930.625	18.88297	130.8471
1930.9375	18.83354	130.5593
1931.25	18.78016	130.5501
1931.5625	18.73433	129.9464
1931.875	18.68258	130.0199
1932.1875	18.63323	129.4628
1932.5	18.58433	129.4504
1932.8125	18.53465	128.9933
1933.125	18.48382	128.502
1933.4375	18.4314	128.5733
1933.75	18.38221	128.1359
1934.0625	18.33638	127.9655
1934.375	18.279	127.5848
1934.6875	18.23242	127.5692
1935	18.17822	126.5869
1935.3125	18.12502	126.569
1935.625	18.07407	126.1368
1935.9375	18.02782	126.3469
1936.25	17.9735	125.5649
1936.5625	17.9176	126.273
1936.875	17.86958	125.585
1937.1875	17.82371	125.4565
1937.5	17.76644	125.4125
1937.8125	17.71664	124.9131
1938.125	17.67402	124.4509
1938.4375	17.63105	124.5046
1938.75	17.58412	124.2044
1939.0625	17.53392	123.8725
1939.375	17.49302	124.0826
1939.6875	17.4382	123.644
1940	17.39833	123.2242
1940.3125	17.35052	123.0648
1940.625	17.31015	123.019
1940.9375	17.26234	122.8286
1941.25	17.20724	122.1454
1941.5625	17.1657	122.1099
1941.875	17.1154	121.509
1942.1875	17.0723	121.4686
1942.5	17.02289	121.3749
1942.8125	16.97489	121.1576
1943.125	16.91664	120.7643
1943.4375	16.87561	120.903
1943.75	16.83098	120.6366
1944.0625	16.78741	120.2652
1944.375	16.72967	120.3629
1944.6875	16.69024	119.7909
1945	16.65275	120.1318
1945.3125	16.61232	119.4613
1945.625	16.55831	119.1729
1945.9375	16.52324	118.9117
1946.25	16.48451	119.1433
1946.5625	16.43324	119.1111
1946.875	16.38804	118.6721
1947.1875	16.34526	118.1983
1947.5	16.30129	118.0616
1947.8125	16.252	117.6046
1948.125	16.21366	117.4236
1948.4375	16.16186	117.0922
1948.75	16.11555	117.0624
1949.0625	16.07537	116.6761
1949.375	16.03399	116.4323
1949.6875	15.98002	116.2137
1950	15.93192	115.7067
1950.3125	15.88927	115.5289
1950.625	15.83807	115.1809
1950.9375	15.78811	115.0769
1951.25	15.73701	114.8555
1951.5625	15.69092	114.4312
1951.875	15.63239	114.4645
1952.1875	15.58185	114.4179
1952.5	15.52783	114.039
1952.8125	15.48285	113.5094
1953.125	15.41574	113.7146
1953.4375	15.36697	113.0531
1953.75	15.30664	112.6339
1954.0625	15.24552	112.5361
1954.375	15.19457	112.4393
1954.6875	15.13344	112.083
1955	15.08037	111.5344
1955.3125	15.01896	111.9836
1955.625	14.95972	111.357
1955.9375	14.89957	111.323
1956.25	14.83433	111.0202
1956.5625	14.78461	111.0375
1956.875	14.72733	110.6711
1957.1875	14.65799	110.0617
1957.5	14.59057	109.8954
1957.8125	14.51808	109.8552
1958.125	14.45759	109.4116
1958.4375	14.3887	109.8275
1958.75	14.32271	109.3005
1959.0625	14.25827	109.3019
1959.375	14.18633	108.8738
1959.6875	14.12593	108.5292
1960	14.04926	108.4292
1960.3125	13.986	108.3618
1960.625	13.91778	108.1268
1960.9375	13.84824	108.1124
1961.25	13.7834	108.3445
1961.5625	13.70285	107.8324
1961.875	13.63461	107.5554
1962.1875	13.56626	107.5748
1962.5	13.50437	107.0965
1962.8125	13.4246	107.369
1963.125	13.34309	107.166
1963.4375	13.26946	106.9297
1963.75	13.19654	106.9796
1964.0625	13.11487	107.0458
1964.375	13.04197	106.9002
1964.6875	12.96825	106.8295
1965	12.89343	106.273
1965.3125	12.80931	106.8868
1965.625	12.73877	106.4004
1965.9375	12.66143	105.7831
1966.25	12.58822	106.2966
1966.5625	12.51738	106.0367
1966.875	12.44324	106.087
1967.1875	12.37149	105.7723
1967.5	12.2737	106.4847
1967.8125	12.21255	106.3936
1968.125	12.12505	106.4165
1968.4375	12.05569	106.2508
1968.75	11.98416	106.1422
1969.0625	11.90911	106.5226
1969.375	11.81692	106.4073
1969.6875	11.74926	106.2886
1970	11.67379	106.8008
1970.3125	11.60065	107.0363
1970.625	11.54051	106.7474
1970.9375	11.45494	106.8472
1971.25	11.39107	106.6721
1971.5625	11.32651	106.7971
1971.875	11.25642	107.2372
1972.1875	11.18586	107.2589
1972.5	11.12511	107.0915
1972.8125	11.04782	107.17
1973.125	10.98529	107.4522
1973.4375	10.93075	107.8477
1973.75	10.86291	108.4737
1974.0625	10.79865	108.2359
1974.375	10.73989	108.0105
1974.6875	10.67396	108.5755
1975	10.61145	108.1516
1975.3125	10.55479	108.858
1975.625	10.4973	109.2037
1975.9375	10.43521	108.9534
1976.25	10.37685	110.0754
1976.5625	10.32613	109.4819
1976.875	10.28693	109.9643
1977.1875	10.22571	110.2162
1977.5	10.18077	110.1306
1977.8125	10.13994	110.1605
1978.125	10.0899	110.7994
1978.4375	10.05111	110.8133
1978.75	9.982512	111.2336
1979.0625	9.956484	111.5488
1979.375	9.924599	111.2896
1979.6875	9.877537	111.6899
1980	9.832512	112.1764
1980.3125	9.80369	111.8442
1980.625	9.764735	112.6209
1980.9375	9.72042	112.4604
1981.25	9.69445	112.5281
1981.5625	9.655588	113.7495
1981.875	9.620998	113.4714
1982.1875	9.593094	113.3871
1982.5	9.547781	113.8263
1982.8125	9.528692	113.9426
1983.125	9.505441	113.8332
1983.4375	9.483294	113.8976
1983.75	9.437219	114.2396
1984.0625	9.414537	114.4341
1984.375	9.398724	114.6662
1984.6875	9.347197	114.723
1985	9.327007	114.8177
1985.3125	9.305307	115.5987
1985.625	9.269933	115.0832
1985.9375	9.240604	115.166
1986.25	9.231449	115.7204
1986.5625	9.206243	115.9916
1986.875	9.175759	115.737
1987.1875	9.134007	115.7587
1987.5	9.114703	116.6401
1987.8125	9.08969	116.3734
1988.125	9.069313	116.7604
1988.4375	9.037115	116.8873
1988.75	9.004632	116.7393
1989.0625	8.994744	116.9165
1989.375	8.965742	117.327
1989.6875	8.939579	117.2417
1990	8.919753	117.7267
1990.3125	8.892688	117.2353
1990.625	8.850559	117.736
1990.9375	8.845306	117.9398
1991.25	8.830091	118.0039
1991.5625	8.818419	117.9056
1991.875	8.801698	118.4151
1992.1875	8.779649	118.3461
1992.5	8.746664	118.0755
1992.8125	8.720545	118.9356
1993.125	8.737543	118.5997
1993.4375	8.702829	119.2012
1993.75	8.691302	119.4489
1994.0625	8.675768	119.6244
1994.375	8.652497	119.8534
1994.6875	8.656696	119.9499
1995	8.620958	119.8828
1995.3125	8.626854	119.7306
1995.625	8.632798	119.9746
1995.9375	8.621576	120.2096
1996.25	8.601488	120.42
1996.5625	8.598827	120.7685
1996.875	8.601501	120.5779
1997.1875	8.588172	120.6265
1997.5	8.587182	120.8905
1997.8125	8.586139	121.0421
1998.125	8.572336	121.298
1998.4375	8.565012	121.3288
1998.75	8.543504	121.2943
1999.0625	8.582874	121.437
1999.375	8.551583	121.8896
1999.6875	8.552283	121.0533
2000	8.569422	120.5456
