Frequency	Magnitude	Phase
0.3125	-82.70638	34.23774
0.625	-78.262	-41.52579
0.9375	-78.31593	-60.48745
1.25	-73.57869	-63.16703
1.5625	-72.98905	-84.30722
1.875	-73.22437	-99.47216
2.1875	-72.65564	-99.01655
2.5	-73.00704	-105.4291
2.8125	-70.63074	-129.7272
3.125	-69.62106	-114.3578
3.4375	-68.48075	-112.4719
3.75	-66.76981	-120.8935
4.0625	-66.22183	-117.7492
4.375	-66.89566	-118.2333
4.6875	-68.56243	-123.3587
5	-64.97398	-118.3707
5.3125	-65.40332	-130.1191
5.625	-64.51379	-125.8955
5.9375	-63.45634	-118.0009
6.25	-62.88885	-126.0664
6.5625	-63.77743	-129.8463
6.875	-62.63447	-115.7033
7.1875	-64.44481	-132.0364
7.5	-63.03819	-127.721
7.8125	-62.84798	-123.937
8.125	-62.59559	-129.902
8.4375	-61.79115	-140.4698
8.75	-61.34108	-141.9751
9.0625	-61.53014	-125.2411
9.375	-60.70258	-136.5642
9.6875	-61.62151	-141.7167
10	-61.33386	-135.2426
10.3125	-61.44911	-138.7718
10.625	-60.84351	-143.7464
10.9375	-60.09297	-141.201
11.25	-60.80679	-147.1491
11.5625	-60.61846	-151.2222
11.875	-61.2913	-154.084
12.1875	-61.69606	-148.2272
12.5	-60.65575	-143.6815
12.8125	-60.2076	-161.4085
13.125	-60.44788	-146.0055
13.4375	-62.48278	-158.2129
13.75	-61.7911	-176.9924
14.0625	-62.51046	177.9152
14.375	-62.48613	177.1197
14.6875	-61.55151	167.8717
15	-61.83548	144.6202
15.3125	-61.92095	133.503
15.625	-60.54347	110.1232
15.9375	-58.19781	111.4963
16.25	-56.29422	91.92547
16.5625	-54.8047	67.01622
16.875	-56.41777	64.4201
17.1875	-57.67404	56.37472
17.5	-56.00169	69.75695
17.8125	-53.90665	82.27244
18.125	-52.1489	81.95135
18.4375	-49.0466	76.76628
18.75	-46.78021	78.46664
19.0625	-44.78338	79.29194
19.375	-42.48714	76.15804
19.6875	-40.10506	75.89346
20	-37.93187	73.77381
20.3125	-35.17249	70.54722
20.625	-32.15014	69.55708
20.9375	-28.6613	64.11019
21.25	-23.41897	54.30035
21.5625	-14.01507	18.08168
21.875	-19.11567	-76.91537
22.1875	-24.84127	-91.2405
22.5	-27.45767	-92.46799
22.8125	-29.36093	-93.24345
23.125	-30.70794	-95.8485
23.4375	-31.21619	-97.22316
23.75	-31.6506	-97.20164
24.0625	-32.22152	-99.04226
24.375	-32.19724	-101.6031
24.6875	-32.18637	-105.217
25	-32.47852	-109.1565
25.3125	-32.36235	-113.5824
25.625	-32.27165	-118.5264
25.9375	-32.57022	-122.2943
26.25	-32.71783	-129.9121
26.5625	-32.94439	-135.8751
26.875	-33.96887	-142.2599
27.1875	-34.99723	-149.5276
27.5	-36.09214	-152.8998
27.8125	-37.92522	-152.8198
28.125	-39.11046	-151.4812
28.4375	-40.15428	-142.8675
28.75	-40.42794	-134.1998
29.0625	-39.80404	-129.8901
29.375	-38.90753	-126.9166
29.6875	-37.90843	-125.704
30	-36.73175	-129.0039
30.3125	-35.34225	-135.3669
30.625	-34.23433	-146.5197
30.9375	-34.38798	-168.2994
31.25	-36.3927	170.5757
31.5625	-39.95612	165.9555
31.875	-43.63353	-175.4331
32.1875	-41.32493	-163.276
32.5	-39.9961	-175.0117
32.8125	-41.5673	173.7084
33.125	-42.68792	166.44
33.4375	-45.02275	162.7456
33.75	-46.83469	169.0686
34.0625	-48.55745	173.2693
34.375	-49.53518	175.6754
34.6875	-50.62718	-172.1876
35	-51.64403	-159.9336
35.3125	-52.7128	-156.6883
35.625	-51.96695	-146.1508
35.9375	-51.15842	-137.9764
36.25	-50.80575	-127.9607
36.5625	-50.33611	-128.352
36.875	-49.44984	-127.5717
37.1875	-49.35455	-125.2197
37.5	-49.8494	-123.318
37.8125	-49.12561	-120.7708
38.125	-49.16433	-116.8389
38.4375	-48.08486	-114.7596
38.75	-47.68315	-112.6153
39.0625	-48.14052	-115.4506
39.375	-47.63918	-110.8655
39.6875	-47.4417	-111.8979
40	-47.31755	-106.6904
40.3125	-45.64083	-107.5224
40.625	-45.12971	-104.6115
40.9375	-43.3731	-130.2682
41.25	-46.25381	-124.029
41.5625	-47.39101	-122.3843
41.875	-46.17529	-116.184
42.1875	-45.77759	-113.8911
42.5	-45.47318	-114.3834
42.8125	-45.61794	-111.1253
43.125	-44.75581	-108.2049
43.4375	-44.66604	-111.003
43.75	-44.74405	-114.1807
44.0625	-44.37208	-112.7451
44.375	-43.78512	-116.4538
44.6875	-44.42229	-116.0552
45	-45.58516	-119.0096
45.3125	-45.00977	-120.2858
45.625	-45.11312	-105.9795
45.9375	-45.22199	-111.2633
46.25	-44.5564	-109.6993
46.5625	-44.78905	-109.8437
46.875	-44.149	-107.8522
47.1875	-44.24223	-111.3362
47.5	-43.70305	-108.1801
47.8125	-43.73529	-107.9916
48.125	-43.2482	-108.1413
48.4375	-43.38732	-106.9262
48.75	-43.23763	-105.4093
49.0625	-43.28321	-108.2623
49.375	-42.97266	-106.5732
49.6875	-42.45827	-107.077
50	-42.67484	-104.8559
50.3125	-42.75217	-105.0967
50.625	-42.46502	-107.289
50.9375	-42.19587	-107.0405
51.25	-42.00984	-105.482
51.5625	-42.01735	-106.4987
51.875	-41.71977	-104.4212
52.1875	-41.55692	-104.4214
52.5	-41.46767	-105.2939
52.8125	-41.58202	-105.5784
53.125	-41.33455	-103.1023
53.4375	-41.05421	-103.817
53.75	-40.78046	-103.4433
54.0625	-41.03144	-104.1824
54.375	-40.52435	-104.0849
54.6875	-40.51758	-103.5808
55	-40.40729	-104.1093
55.3125	-40.09219	-105.2559
55.625	-39.72948	-100.3862
55.9375	-39.53138	-102.8089
56.25	-39.63756	-101.886
56.5625	-39.69589	-101.8212
56.875	-39.21831	-101.4393
57.1875	-39.40139	-105.1124
57.5	-39.161	-102.9513
57.8125	-39.16364	-103.1264
58.125	-38.84261	-102.8036
58.4375	-38.70647	-104.9381
58.75	-38.4257	-102.2664
59.0625	-38.41872	-103.7696
59.375	-38.41658	-106.263
59.6875	-38.16582	-106.1533
60	-38.33958	-104.846
60.3125	-38.24966	-106.9953
60.625	-38.18457	-107.5151
60.9375	-38.01904	-105.2601
61.25	-38.25223	-105.8917
61.5625	-37.80603	-104.0401
61.875	-37.79823	-106.796
62.1875	-37.75285	-106.4881
62.5	-37.47757	-106.6883
62.8125	-37.40998	-105.2057
63.125	-37.66725	-104.8209
63.4375	-37.26123	-106.3368
63.75	-37.11049	-107.1671
64.0625	-36.92886	-105.3822
64.375	-36.83002	-105.3524
64.6875	-36.71492	-107.9625
65	-36.77163	-107.3772
65.3125	-36.78154	-106.7421
65.625	-36.65345	-107.2983
65.9375	-36.68391	-106.0499
66.25	-36.74369	-104.136
66.5625	-36.58138	-103.9436
66.875	-36.62313	-104.0342
67.1875	-36.2192	-101.8211
67.5	-36.15693	-101.8727
67.8125	-35.89872	-103.2443
68.125	-35.48247	-101.6175
68.4375	-35.40608	-102.4783
68.75	-35.31715	-102.5056
69.0625	-34.92335	-101.4061
69.375	-35.10815	-102.2506
69.6875	-34.66608	-102.307
70	-34.52523	-103.5268
70.3125	-34.5722	-105.3637
70.625	-34.41668	-106.5538
70.9375	-34.43711	-106.0431
71.25	-34.10661	-105.0773
71.5625	-33.92497	-103.3273
71.875	-33.89706	-104.3196
72.1875	-33.6813	-105.0786
72.5	-33.61546	-103.9428
72.8125	-33.33493	-104.6945
73.125	-33.03818	-103.6865
73.4375	-32.88906	-103.7736
73.75	-32.75285	-104.5167
74.0625	-32.83632	-104.0135
74.375	-32.32188	-104.8017
74.6875	-32.26913	-103.5211
75	-32.11207	-105.0622
75.3125	-31.77922	-104.4992
75.625	-31.64072	-106.5424
75.9375	-31.35906	-105.6664
76.25	-31.1047	-106.3721
76.5625	-30.98071	-106.4565
76.875	-30.72458	-106.9152
77.1875	-30.45938	-106.4552
77.5	-30.20709	-107.1493
77.8125	-30.03494	-107.5552
78.125	-29.76223	-108.7687
78.4375	-29.54602	-109.5163
78.75	-29.27898	-109.9562
79.0625	-28.99665	-111.0254
79.375	-28.57419	-111.5324
79.6875	-28.30491	-113.068
80	-28.04453	-113.4627
80.3125	-27.82039	-114.7551
80.625	-27.46935	-116.4164
80.9375	-27.13116	-118.4457
81.25	-26.89817	-119.6154
81.5625	-26.61434	-122.1018
81.875	-26.31411	-124.201
82.1875	-26.09923	-125.8757
82.5	-25.92546	-128.2447
82.8125	-25.73143	-132.0524
83.125	-25.38879	-134.2237
83.4375	-25.33553	-136.9882
83.75	-25.19391	-139.7381
84.0625	-25.10279	-144.6218
84.375	-24.97471	-146.071
84.6875	-25.18382	-150.8283
85	-24.85267	-155.0194
85.3125	-24.7498	-157.5824
85.625	-25.04114	-160.3749
85.9375	-25.14164	-166.3513
86.25	-25.11375	-170.7625
86.5625	-25.46048	-174.6559
86.875	-25.8593	178.6433
87.1875	-26.37014	172.2733
87.5	-27.1314	168.0694
87.8125	-28.41842	162.7626
88.125	-30.00298	157.6857
88.4375	-31.04805	156.7609
88.75	-32.19487	162.233
89.0625	-33.9418	162.4897
89.375	-35.07576	167.8528
89.6875	-35.92208	174.2896
90	-35.88653	-175.8488
90.3125	-36.67819	-168.7299
90.625	-36.80798	-164.4509
90.9375	-36.22412	-156.4515
91.25	-36.03097	-147.653
91.5625	-36.10485	-144.4414
91.875	-35.2563	-145.5883
92.1875	-34.18502	-140.132
92.5	-34.3057	-137.7414
92.8125	-33.92391	-140.1416
93.125	-33.14185	-138.6765
93.4375	-32.76118	-137.304
93.75	-32.80909	-139.1091
94.0625	-32.35014	-140.8018
94.375	-32.09375	-140.9412
94.6875	-32.15899	-142.8824
95	-31.94123	-143.5226
95.3125	-31.97039	-144.7547
95.625	-32.3033	-146.0786
95.9375	-32.70883	-148.6289
96.25	-33.09599	-148.4715
96.5625	-33.43402	-146.4524
96.875	-33.83643	-146.1244
97.1875	-34.1819	-144.3976
97.5	-34.60973	-140.8395
97.8125	-34.21326	-137.1057
98.125	-34.38981	-134.0133
98.4375	-34.17317	-132.1317
98.75	-34.01453	-128.7138
99.0625	-34.08659	-125.7915
99.375	-33.58172	-124.0738
99.6875	-33.60611	-122.1952
100	-33.10002	-119.1041
100.3125	-33.03498	-116.7468
100.625	-32.57442	-116.66
100.9375	-32.322	-114.9722
101.25	-32.23737	-112.7147
101.5625	-31.95474	-111.819
101.875	-31.64877	-113.3095
102.1875	-31.27128	-110.0227
102.5	-31.08992	-110.29
102.8125	-30.83213	-109.4378
103.125	-30.6279	-109.4426
103.4375	-30.31321	-109.2656
103.75	-30.05509	-107.8378
104.0625	-29.81149	-107.9775
104.375	-29.75117	-107.4349
104.6875	-29.44991	-107.0409
105	-29.18987	-106.9837
105.3125	-28.90792	-106.1089
105.625	-28.71747	-106.9482
105.9375	-28.27597	-105.374
106.25	-28.37127	-104.7898
106.5625	-27.95149	-105.8305
106.875	-27.73223	-105.6284
107.1875	-27.44876	-105.9518
107.5	-27.21024	-104.693
107.8125	-27.00104	-105.8964
108.125	-26.78666	-105.3513
108.4375	-26.5654	-104.4223
108.75	-26.41663	-105.6113
109.0625	-26.26038	-105.3159
109.375	-25.89536	-105.386
109.6875	-25.69427	-106.1489
110	-25.57327	-105.2579
110.3125	-25.39242	-105.6693
110.625	-25.09501	-105.5407
110.9375	-24.967	-105.7908
111.25	-24.7519	-106.1171
111.5625	-24.57837	-106.5492
111.875	-24.21413	-106.5367
112.1875	-24.18053	-107.373
112.5	-23.98591	-107.5696
112.8125	-23.78459	-107.8887
113.125	-23.69382	-108.056
113.4375	-23.42541	-108.202
113.75	-23.23822	-108.9994
114.0625	-23.14826	-108.5177
114.375	-22.9568	-109.6946
114.6875	-22.85295	-109.8812
115	-22.78002	-110.5025
115.3125	-22.66537	-109.9754
115.625	-22.57347	-110.0033
115.9375	-22.50129	-110.3239
116.25	-22.31618	-109.0624
116.5625	-22.0342	-109.4193
116.875	-21.84995	-110.3388
117.1875	-21.75541	-111.0372
117.5	-21.80913	-111.3959
117.8125	-21.7468	-111.8583
118.125	-21.72424	-110.9564
118.4375	-21.53507	-110.1348
118.75	-21.40631	-109.7457
119.0625	-21.22297	-109.0405
119.375	-21.05661	-108.5168
119.6875	-20.91332	-107.9786
120	-20.70745	-108.0742
120.3125	-20.52213	-107.4043
120.625	-20.31869	-106.6225
120.9375	-20.18743	-106.5817
121.25	-19.93941	-105.9318
121.5625	-19.65846	-105.1826
121.875	-19.4565	-104.8611
122.1875	-19.21851	-105.1429
122.5	-18.88876	-104.455
122.8125	-18.62355	-104.3232
123.125	-18.42627	-104.603
123.4375	-18.14994	-104.33
123.75	-17.90159	-104.2188
124.0625	-17.70921	-104.383
124.375	-17.41662	-104.2393
124.6875	-17.18893	-104.0469
125	-16.98645	-103.7118
125.3125	-16.75192	-103.4796
125.625	-16.4836	-103.0528
125.9375	-16.17722	-101.9114
126.25	-15.87959	-101.7173
126.5625	-15.5535	-101.6154
126.875	-15.17471	-101.5325
127.1875	-14.84565	-101.1563
127.5	-14.45758	-101.2877
127.8125	-14.07494	-101.179
128.125	-13.71899	-101.0261
128.4375	-13.28485	-101.6977
128.75	-12.90787	-101.0595
129.0625	-12.56256	-101.7805
129.375	-12.19422	-101.7156
129.6875	-11.85813	-102.4448
130	-11.45559	-102.2573
130.3125	-11.04444	-102.3855
130.625	-10.58479	-102.8568
130.9375	-10.12416	-102.8688
131.25	-9.612954	-103.0346
131.5625	-9.176995	-103.6724
131.875	-8.734567	-104.2086
132.1875	-8.160656	-104.5505
132.5	-7.639706	-104.831
132.8125	-7.058864	-105.2867
133.125	-6.485374	-105.981
133.4375	-5.84838	-106.619
133.75	-5.180936	-107.6701
134.0625	-4.485447	-108.5588
134.375	-3.749887	-110.3463
134.6875	-2.977664	-111.7983
135	-2.165447	-113.848
135.3125	-1.333244	-116.2106
135.625	-0.371743	-118.8719
135.9375	0.604461	-122.0101
136.25	1.598985	-126.1101
136.5625	2.621464	-131.3373
136.875	3.688375	-136.6342
137.1875	4.77103	-143.8587
137.5	5.856696	-151.7619
137.8125	6.899819	-161.5541
138.125	7.837492	-173.9393
138.4375	8.500224	171.4394
138.75	8.619778	154.8728
139.0625	8.01339	137.7086
139.375	6.783104	123.4313
139.6875	5.193052	112.875
140	3.527487	105.2454
140.3125	2.008343	101.2355
140.625	0.6703601	98.52901
140.9375	-0.4776396	97.48898
141.25	-1.445016	96.88838
141.5625	-2.248436	96.36947
141.875	-2.980058	95.97285
142.1875	-3.61963	95.54938
142.5	-4.18359	95.4649
142.8125	-4.68955	95.3438
143.125	-5.189342	94.96233
143.4375	-5.617823	94.75043
143.75	-6.026782	94.53998
144.0625	-6.435534	94.45283
144.375	-6.83183	94.3672
144.6875	-7.164762	94.24849
145	-7.506667	94.18165
145.3125	-7.820309	94.1193
145.625	-8.082915	94.16708
145.9375	-8.372016	94.26737
146.25	-8.621991	93.80211
146.5625	-8.898247	93.93676
146.875	-9.104889	93.74673
147.1875	-9.354295	93.6641
147.5	-9.571445	93.59622
147.8125	-9.775981	93.58665
148.125	-9.964855	93.57288
148.4375	-10.14738	93.47129
148.75	-10.33393	93.32909
149.0625	-10.5407	93.30158
149.375	-10.69417	93.07368
149.6875	-10.84226	92.99011
150	-11.03242	92.70405
150.3125	-11.1876	93.13871
150.625	-11.37363	93.10242
150.9375	-11.52287	92.9161
151.25	-11.61583	92.79995
151.5625	-11.77666	93.15134
151.875	-11.891	92.81395
152.1875	-12.03079	92.53074
152.5	-12.16602	92.9697
152.8125	-12.2641	92.48074
153.125	-12.404	92.50669
153.4375	-12.50819	92.46603
153.75	-12.60288	93.07936
154.0625	-12.738	92.42532
154.375	-12.81871	92.65183
154.6875	-12.92834	92.82886
155	-13.02198	93.08635
155.3125	-13.13339	92.68805
155.625	-13.24345	92.99516
155.9375	-13.30777	92.69142
156.25	-13.40543	92.85046
156.5625	-13.47291	92.69729
156.875	-13.538	92.74032
157.1875	-13.62847	92.91934
157.5	-13.70519	92.70844
157.8125	-13.7543	92.78784
158.125	-13.79843	92.9549
158.4375	-13.83495	92.5267
158.75	-13.90116	92.70923
159.0625	-13.94481	92.6116
159.375	-14.01149	92.66941
159.6875	-13.98977	92.043
160	-14.04934	91.84063
160.3125	-14.18584	91.32888
160.625	-14.29955	90.76785
160.9375	-14.35257	90.73719
161.25	-14.46565	90.6815
161.5625	-14.59886	90.80762
161.875	-14.68278	90.6891
162.1875	-14.75503	91.00761
162.5	-14.84325	90.84988
162.8125	-14.88649	91.20882
163.125	-14.9226	91.32115
163.4375	-15.04328	91.22449
163.75	-15.06445	91.61343
164.0625	-15.137	91.20994
164.375	-15.20243	91.65971
164.6875	-15.23638	91.71165
165	-15.30352	92.02253
165.3125	-15.34612	91.5817
165.625	-15.37372	92.07843
165.9375	-15.38617	91.93478
166.25	-15.40635	92.00356
166.5625	-15.44036	92.30547
166.875	-15.49236	91.76855
167.1875	-15.5019	92.1106
167.5	-15.52783	92.009
167.8125	-15.57622	91.85213
168.125	-15.58794	92.14647
168.4375	-15.59208	91.8728
168.75	-15.66684	92.07535
169.0625	-15.76861	92.22065
169.375	-15.72593	92.02795
169.6875	-15.77147	91.82056
170	-15.7942	92.39379
170.3125	-15.86889	91.75211
170.625	-15.82859	92.49355
170.9375	-15.89456	91.78898
171.25	-15.85673	91.96164
171.5625	-15.98825	91.9232
171.875	-15.99632	91.56329
172.1875	-15.91287	91.09126
172.5	-15.94843	91.6492
172.8125	-15.95557	91.73386
173.125	-15.95955	91.81578
173.4375	-16.00021	91.81347
173.75	-16.03578	91.88819
174.0625	-16.0886	92.39581
174.375	-16.13578	92.5407
174.6875	-16.29486	91.5742
175	-16.23221	90.93563
175.3125	-16.14083	91.91724
175.625	-16.30968	91.36686
175.9375	-16.244	91.34274
176.25	-16.36693	91.79881
176.5625	-16.2482	91.52529
176.875	-16.32975	91.90177
177.1875	-16.33825	91.55937
177.5	-16.34654	90.97359
177.8125	-16.43382	91.33305
178.125	-16.41403	91.68246
178.4375	-16.53065	91.67367
178.75	-16.51329	92.01606
179.0625	-16.49717	91.74524
179.375	-16.46273	92.03856
179.6875	-16.55529	92.04698
180	-16.55613	92.06364
180.3125	-16.56234	91.95547
180.625	-16.55437	92.27851
180.9375	-16.55866	92.28325
181.25	-16.56537	92.10441
181.5625	-16.52445	92.48647
181.875	-16.56473	92.35686
182.1875	-16.57954	92.35517
182.5	-16.53812	92.25518
182.8125	-16.54873	92.00167
183.125	-16.57034	91.67207
183.4375	-16.56005	92.01063
183.75	-16.52652	91.82481
184.0625	-16.57732	92.20046
184.375	-16.62761	91.93996
184.6875	-16.63513	91.86454
185	-16.61492	92.05457
185.3125	-16.61171	92.37832
185.625	-16.65457	91.84101
185.9375	-16.6213	92.10892
186.25	-16.63382	92.14425
186.5625	-16.63093	92.41065
186.875	-16.67137	91.91435
187.1875	-16.63325	92.32851
187.5	-16.65648	91.9657
187.8125	-16.63928	92.21581
188.125	-16.62649	92.72154
188.4375	-16.60675	92.32909
188.75	-16.62443	92.24516
189.0625	-16.6207	92.36392
189.375	-16.60146	92.13049
189.6875	-16.63595	92.50851
190	-16.66085	92.1517
190.3125	-16.70356	92.09406
190.625	-16.68311	91.88341
190.9375	-16.64902	92.42828
191.25	-16.6503	92.27327
191.5625	-16.6094	92.5925
191.875	-16.65622	92.38498
192.1875	-16.65882	92.38295
192.5	-16.68623	92.28535
192.8125	-16.62004	92.46323
193.125	-16.62525	92.67891
193.4375	-16.61637	92.05322
193.75	-16.60874	92.52519
194.0625	-16.60891	92.341
194.375	-16.60471	92.20047
194.6875	-16.58813	92.53912
195	-16.54946	92.21227
195.3125	-16.60003	92.43769
195.625	-16.54152	92.28141
195.9375	-16.58641	92.34789
196.25	-16.50082	92.52168
196.5625	-16.60264	92.77272
196.875	-16.55932	91.99056
197.1875	-16.56477	92.44481
197.5	-16.56771	92.11228
197.8125	-16.49889	92.19299
198.125	-16.48551	92.39285
198.4375	-16.48379	92.42622
198.75	-16.47547	92.24477
199.0625	-16.47646	92.43472
199.375	-16.49018	92.70499
199.6875	-16.46464	92.44718
200	-16.49537	92.55973
200.3125	-16.47981	92.1909
200.625	-16.47964	92.21684
200.9375	-16.4307	92.48026
201.25	-16.41014	92.42872
201.5625	-16.43504	92.25358
201.875	-16.4026	92.51181
202.1875	-16.42414	92.61783
202.5	-16.45806	92.52688
202.8125	-16.41004	92.14417
203.125	-16.39336	92.32728
203.4375	-16.42154	92.51817
203.75	-16.39168	92.36958
204.0625	-16.37009	92.65336
204.375	-16.37193	92.62057
204.6875	-16.38149	92.68903
205	-16.30702	92.61897
205.3125	-16.34713	92.93055
205.625	-16.33846	92.42527
205.9375	-16.30943	92.76566
206.25	-16.3257	92.49937
206.5625	-16.29059	92.81019
206.875	-16.29392	92.4566
207.1875	-16.29516	92.61596
207.5	-16.20761	92.55435
207.8125	-16.19668	92.47516
208.125	-16.25163	92.79478
208.4375	-16.16497	92.44606
208.75	-16.15119	92.96172
209.0625	-16.15932	92.64503
209.375	-16.20451	92.53061
209.6875	-16.06651	92.73975
210	-16.09096	93.0173
210.3125	-16.08195	92.83922
210.625	-16.10285	93.02938
210.9375	-16.04525	93.02773
211.25	-16.00594	93.10322
211.5625	-15.96939	92.86017
211.875	-15.94836	92.63882
212.1875	-15.94151	92.56618
212.5	-15.90291	92.68011
212.8125	-15.85334	92.76315
213.125	-15.85984	92.54313
213.4375	-15.88569	92.73763
213.75	-15.83238	92.37583
214.0625	-15.82078	92.80681
214.375	-15.76974	92.18972
214.6875	-15.80681	92.90739
215	-15.81986	91.62595
215.3125	-15.66517	91.91264
215.625	-15.63137	92.62278
215.9375	-15.71954	92.79903
216.25	-15.81536	92.34487
216.5625	-15.78333	92.05569
216.875	-15.71838	91.23975
217.1875	-15.65578	90.86082
217.5	-15.56535	91.4203
217.8125	-15.53716	92.02731
218.125	-15.65663	92.36418
218.4375	-15.6665	91.14302
218.75	-15.57235	91.90333
219.0625	-15.59066	91.8199
219.375	-15.49561	91.6524
219.6875	-15.58877	91.60301
220	-15.52173	92.41763
220.3125	-15.50875	91.56767
220.625	-15.52527	91.76579
220.9375	-15.45191	91.84889
221.25	-15.44018	91.90771
221.5625	-15.46619	92.08237
221.875	-15.37961	91.84399
222.1875	-15.40542	91.51066
222.5	-15.40261	91.68179
222.8125	-15.36911	91.53124
223.125	-15.32671	91.7823
223.4375	-15.34794	91.48258
223.75	-15.30702	91.78944
224.0625	-15.28878	91.84824
224.375	-15.26905	91.48002
224.6875	-15.21779	91.36507
225	-15.22333	91.54092
225.3125	-15.18469	91.80656
225.625	-15.16093	91.62759
225.9375	-15.16607	91.48122
226.25	-15.14964	91.7446
226.5625	-15.15422	91.6703
226.875	-15.06515	91.35405
227.1875	-15.05958	91.42278
227.5	-15.06611	91.34792
227.8125	-15.05851	91.60069
228.125	-15.00299	91.65562
228.4375	-14.95333	91.41148
228.75	-15.01303	91.73829
229.0625	-14.93066	91.54137
229.375	-14.8837	91.61916
229.6875	-14.92664	91.77075
230	-14.90445	91.53076
230.3125	-14.87428	91.65247
230.625	-14.83672	91.79323
230.9375	-14.81732	91.51065
231.25	-14.76509	91.81571
231.5625	-14.78141	91.60759
231.875	-14.76323	91.4085
232.1875	-14.7238	91.26368
232.5	-14.72843	91.22417
232.8125	-14.69254	90.81501
233.125	-14.63066	91.28855
233.4375	-14.67024	90.93492
233.75	-14.62857	91.27277
234.0625	-14.5991	90.99588
234.375	-14.59551	91.12664
234.6875	-14.52852	91.0571
235	-14.56124	90.88362
235.3125	-14.49232	90.8948
235.625	-14.53639	90.86557
235.9375	-14.45023	91.17358
236.25	-14.49564	91.29245
236.5625	-14.45547	90.35378
236.875	-14.38574	91.042
237.1875	-14.348	90.70474
237.5	-14.32226	90.65954
237.8125	-14.33684	90.99812
238.125	-14.28158	91.11402
238.4375	-14.21151	90.60239
238.75	-14.26558	90.73769
239.0625	-14.21916	91.2464
239.375	-14.21472	91.08103
239.6875	-14.18896	90.70975
240	-14.23324	90.87946
240.3125	-14.13926	90.26237
240.625	-14.1428	90.97001
240.9375	-14.13815	90.86727
241.25	-14.13755	90.79227
241.5625	-14.09313	90.50652
241.875	-14.11806	90.44633
242.1875	-14.05714	90.16815
242.5	-14.08578	90.5543
242.8125	-14.09698	90.74807
243.125	-14.07289	91.01656
243.4375	-14.04847	91.26324
243.75	-14.07483	91.56187
244.0625	-14.05267	91.45081
244.375	-13.98488	91.75033
244.6875	-14.00333	92.30014
245	-13.93657	92.53001
245.3125	-13.81363	92.62051
245.625	-13.79354	93.48144
245.9375	-13.7217	93.4252
246.25	-13.62427	93.24143
246.5625	-13.53459	93.36092
246.875	-13.41403	93.60375
247.1875	-13.32964	93.60942
247.5	-13.25468	93.24454
247.8125	-13.09406	93.31463
248.125	-13.00764	93.31709
248.4375	-12.90412	92.91863
248.75	-12.83425	92.97613
249.0625	-12.71301	92.91277
249.375	-12.57556	92.43089
249.6875	-12.469	92.17123
250	-12.3716	91.95376
250.3125	-12.18517	91.29896
250.625	-12.0059	90.94939
250.9375	-11.7931	90.40349
251.25	-11.62153	89.03278
251.5625	-11.36746	87.63923
251.875	-11.03042	85.48326
252.1875	-10.69186	82.00182
252.5	-10.39433	75.81332
252.8125	-10.42865	66.07071
253.125	-11.76824	52.30304
253.4375	-15.659	49.78108
253.75	-17.16623	73.31487
254.0625	-16.16833	84.68338
254.375	-15.45494	87.80771
254.6875	-14.91763	89.57423
255	-14.58366	90.28758
255.3125	-14.33349	90.7064
255.625	-14.13099	90.68068
255.9375	-13.98473	91.49531
256.25	-13.8431	91.64194
256.5625	-13.76058	91.89021
256.875	-13.6185	91.05197
257.1875	-13.46797	91.61134
257.5	-13.40416	91.23421
257.8125	-13.35163	91.85871
258.125	-13.32829	91.15318
258.4375	-13.10159	91.57478
258.75	-13.13942	92.15407
259.0625	-13.14584	91.78632
259.375	-13.04808	91.3147
259.6875	-12.9041	91.49434
260	-12.86168	91.95258
260.3125	-12.86157	92.46688
260.625	-12.86542	92.00907
260.9375	-12.80086	91.00455
261.25	-12.66258	91.27029
261.5625	-12.71116	92.19177
261.875	-12.64527	91.4454
262.1875	-12.5342	91.90149
262.5	-12.5476	91.8264
262.8125	-12.45146	91.53606
263.125	-12.42435	91.48099
263.4375	-12.42837	91.77345
263.75	-12.34182	91.59397
264.0625	-12.34393	91.48993
264.375	-12.25717	91.70291
264.6875	-12.2298	91.37134
265	-12.2179	91.52262
265.3125	-12.13948	91.34106
265.625	-12.10195	91.51373
265.9375	-12.07601	91.45882
266.25	-12.05867	91.30397
266.5625	-12.05185	91.17571
266.875	-11.93617	91.1263
267.1875	-11.96358	91.55316
267.5	-11.93162	91.51678
267.8125	-11.88215	91.51878
268.125	-11.85163	91.23186
268.4375	-11.83326	91.14753
268.75	-11.76458	91.34837
269.0625	-11.74718	91.32155
269.375	-11.71102	91.23689
269.6875	-11.64709	91.35482
270	-11.60731	91.20354
270.3125	-11.57813	91.46027
270.625	-11.56549	91.54488
270.9375	-11.51203	91.47932
271.25	-11.44647	91.85735
271.5625	-11.42622	91.15883
271.875	-11.3672	91.57684
272.1875	-11.36666	92.05795
272.5	-11.26822	91.53232
272.8125	-11.24488	91.85397
273.125	-11.20387	91.5515
273.4375	-11.1513	91.57251
273.75	-11.08896	91.63219
274.0625	-11.02701	91.62593
274.375	-11.01056	91.79611
274.6875	-10.94104	91.35464
275	-10.8974	91.53249
275.3125	-10.85852	91.45745
275.625	-10.7848	91.16128
275.9375	-10.7238	90.80583
276.25	-10.70608	90.99392
276.5625	-10.67812	90.61268
276.875	-10.63209	90.71703
277.1875	-10.60494	90.4576
277.5	-10.53836	90.27625
277.8125	-10.57478	90.14676
278.125	-10.52163	90.17145
278.4375	-10.4882	90.34029
278.75	-10.49753	90.24758
279.0625	-10.41489	90.32659
279.375	-10.44729	90.3009
279.6875	-10.39114	90.28488
280	-10.32545	90.40607
280.3125	-10.32467	90.3306
280.625	-10.242	90.16495
280.9375	-10.2462	90.48771
281.25	-10.20254	90.21886
281.5625	-10.18373	90.36407
281.875	-10.12383	90.22135
282.1875	-10.09618	89.86423
282.5	-10.02911	89.96503
282.8125	-10.01783	90.07433
283.125	-9.935863	89.95127
283.4375	-9.92983	90.34328
283.75	-9.921929	90.20258
284.0625	-9.862529	90.00053
284.375	-9.779469	89.97271
284.6875	-9.764494	90.33
285	-9.749718	90.23572
285.3125	-9.677485	90.05549
285.625	-9.663077	90.31831
285.9375	-9.603921	90.16788
286.25	-9.579047	90.30265
286.5625	-9.538786	90.08788
286.875	-9.508363	90.11072
287.1875	-9.464134	90.01401
287.5	-9.435174	90.22805
287.8125	-9.373001	90.0741
288.125	-9.326725	90.18151
288.4375	-9.30107	90.16918
288.75	-9.254588	90.03266
289.0625	-9.213868	89.87371
289.375	-9.168209	89.93891
289.6875	-9.111606	89.90604
290	-9.112576	90.02596
290.3125	-9.042843	90.10167
290.625	-9.00132	90.11169
290.9375	-8.968316	90.02327
291.25	-8.916889	90.1488
291.5625	-8.883467	90.03618
291.875	-8.827001	89.91001
292.1875	-8.786184	89.72662
292.5	-8.742047	89.99622
292.8125	-8.710867	89.90255
293.125	-8.657213	89.73926
293.4375	-8.618614	90.10107
293.75	-8.58778	89.57822
294.0625	-8.556599	89.73673
294.375	-8.463	89.72455
294.6875	-8.436477	89.61916
295	-8.42412	89.57416
295.3125	-8.368192	89.73416
295.625	-8.303956	89.59093
295.9375	-8.258554	89.56757
296.25	-8.22164	89.66612
296.5625	-8.184289	89.67197
296.875	-8.171336	89.74661
297.1875	-8.069065	89.44835
297.5	-8.062631	89.4938
297.8125	-8.010008	89.4743
298.125	-7.941911	89.51774
298.4375	-7.895975	89.55737
298.75	-7.847212	89.2075
299.0625	-7.797413	89.14532
299.375	-7.78657	89.35622
299.6875	-7.712689	89.27175
300	-7.667387	88.93947
300.3125	-7.657764	89.31055
300.625	-7.592046	88.7146
300.9375	-7.541298	89.11163
301.25	-7.507905	88.90331
301.5625	-7.438149	88.86205
301.875	-7.415524	89.10882
302.1875	-7.372359	88.50697
302.5	-7.281406	88.51944
302.8125	-7.281954	89.12136
303.125	-7.27488	88.75939
303.4375	-7.181887	88.40318
303.75	-7.082128	88.58628
304.0625	-7.06013	89.12745
304.375	-7.090149	88.76759
304.6875	-7.016184	88.4549
305	-6.961851	88.81193
305.3125	-6.916456	88.61182
305.625	-6.856258	88.66938
305.9375	-6.836106	88.52123
306.25	-6.759282	88.62663
306.5625	-6.698907	88.32962
306.875	-6.679746	88.47209
307.1875	-6.607932	88.61357
307.5	-6.574851	88.58595
307.8125	-6.541772	88.26238
308.125	-6.486515	88.34135
308.4375	-6.444194	88.23163
308.75	-6.405158	88.40295
309.0625	-6.351604	88.30967
309.375	-6.278921	88.03875
309.6875	-6.244161	88.11069
310	-6.197181	88.07176
310.3125	-6.139301	88.10286
310.625	-6.116843	88.03288
310.9375	-6.071257	87.99976
311.25	-6.007329	88.03394
311.5625	-5.949875	88.06767
311.875	-5.922966	87.95696
312.1875	-5.860251	87.86961
312.5	-5.808707	88.02627
312.8125	-5.770615	87.95632
313.125	-5.70879	87.91499
313.4375	-5.660001	87.72484
313.75	-5.605047	87.97272
314.0625	-5.552268	88.02945
314.375	-5.514335	87.87949
314.6875	-5.453002	87.81342
315	-5.417477	87.93046
315.3125	-5.353766	87.655
315.625	-5.303483	87.87486
315.9375	-5.256152	87.65961
316.25	-5.235835	87.72515
316.5625	-5.154378	87.86447
316.875	-5.099174	87.67811
317.1875	-5.051582	87.55809
317.5	-4.998067	87.63639
317.8125	-4.945334	87.68707
318.125	-4.877059	87.83879
318.4375	-4.830211	87.683
318.75	-4.779899	87.70271
319.0625	-4.716496	87.57798
319.375	-4.652222	87.49783
319.6875	-4.587481	87.51019
320	-4.55513	87.41529
320.3125	-4.50004	87.41118
320.625	-4.432272	87.45477
320.9375	-4.388857	87.45976
321.25	-4.318456	87.44994
321.5625	-4.267016	87.12428
321.875	-4.227604	87.24287
322.1875	-4.148963	87.17374
322.5	-4.102877	87.22727
322.8125	-4.036147	87.0714
323.125	-3.976206	87.12579
323.4375	-3.927785	87.1133
323.75	-3.863968	87.08866
324.0625	-3.810589	87.03716
324.375	-3.760179	87.00987
324.6875	-3.687573	86.98867
325	-3.628868	87.0005
325.3125	-3.569277	87.06461
325.625	-3.507775	86.98059
325.9375	-3.426313	86.92059
326.25	-3.396291	86.81583
326.5625	-3.32096	86.73784
326.875	-3.269633	86.75412
327.1875	-3.203969	86.53329
327.5	-3.143309	86.71091
327.8125	-3.085073	86.48803
328.125	-3.019392	86.40203
328.4375	-2.96337	86.57112
328.75	-2.896009	86.4991
329.0625	-2.83427	86.23073
329.375	-2.768067	86.30441
329.6875	-2.710344	86.29575
330	-2.632005	86.13264
330.3125	-2.579524	86.38308
330.625	-2.522295	86.2608
330.9375	-2.45304	86.00695
331.25	-2.380899	85.88943
331.5625	-2.341866	85.99236
331.875	-2.272074	85.77227
332.1875	-2.201329	85.76677
332.5	-2.14787	85.68638
332.8125	-2.090139	85.58254
333.125	-2.019409	85.52655
333.4375	-1.962162	85.31432
333.75	-1.902694	85.34378
334.0625	-1.832874	85.33086
334.375	-1.774562	85.37922
334.6875	-1.710606	85.29103
335	-1.644761	85.19805
335.3125	-1.588633	85.32923
335.625	-1.520623	85.23164
335.9375	-1.458365	84.95718
336.25	-1.389563	85.19371
336.5625	-1.324516	85.00723
336.875	-1.263227	84.87182
337.1875	-1.201785	84.96423
337.5	-1.1364	84.93253
337.8125	-1.0735	84.83402
338.125	-1.018146	84.71651
338.4375	-0.9418594	84.65129
338.75	-0.8786689	84.85296
339.0625	-0.8146354	84.68327
339.375	-0.7412603	84.43132
339.6875	-0.6763772	84.51063
340	-0.6051812	84.42439
340.3125	-0.5315804	84.28826
340.625	-0.4733484	84.39173
340.9375	-0.4094635	84.34901
341.25	-0.3345543	84.4231
341.5625	-0.2578837	84.23755
341.875	-0.1876654	84.20304
342.1875	-0.1309946	84.14572
342.5	-0.05639978	84.14996
342.8125	0.01268625	84.01287
343.125	0.06894884	84.04213
343.4375	0.1244543	83.93436
343.75	0.1859046	84.08212
344.0625	0.2654195	84.12235
344.375	0.3109843	83.90661
344.6875	0.3918186	83.88269
345	0.4375903	84.07823
345.3125	0.5182855	84.00029
345.625	0.5896499	84.1384
345.9375	0.6322036	84.30589
346.25	0.7303845	84.05341
346.5625	0.8051009	84.40222
346.875	0.8433124	84.46986
347.1875	0.9112633	84.23218
347.5	1.011526	84.4558
347.8125	1.070849	84.77798
348.125	1.14943	84.87037
348.4375	1.233519	84.9401
348.75	1.305288	84.9453
349.0625	1.412716	85.38165
349.375	1.497758	85.20226
349.6875	1.576129	85.64079
350	1.685418	85.64868
350.3125	1.795628	85.92533
350.625	1.900836	86.07632
350.9375	2.020159	86.26812
351.25	2.120128	86.25488
351.5625	2.253199	86.39969
351.875	2.365908	86.51205
352.1875	2.487792	86.47671
352.5	2.615332	86.3103
352.8125	2.731693	86.5262
353.125	2.853333	86.48151
353.4375	2.981714	86.47797
353.75	3.104019	86.36349
354.0625	3.227972	86.56806
354.375	3.359563	86.35456
354.6875	3.485193	86.18887
355	3.607616	86.33107
355.3125	3.747693	86.09676
355.625	3.871425	86.02538
355.9375	4.000627	85.96529
356.25	4.13289	85.83401
356.5625	4.252685	85.766
356.875	4.374413	85.58143
357.1875	4.49956	85.32645
357.5	4.624562	85.23991
357.8125	4.734147	84.99361
358.125	4.8496	84.90318
358.4375	4.962402	84.69016
358.75	5.078807	84.52599
359.0625	5.185631	84.41692
359.375	5.293047	84.20966
359.6875	5.397228	84.12772
360	5.498682	84.05869
360.3125	5.606021	84.01311
360.625	5.713263	84.22593
360.9375	5.824985	84.24701
361.25	5.932855	84.58031
361.5625	6.065714	84.63841
361.875	6.203286	84.75397
362.1875	6.350908	85.03563
362.5	6.510189	85.16782
362.8125	6.693227	85.51049
363.125	6.883061	85.47639
363.4375	7.081964	85.66195
363.75	7.277195	85.453
364.0625	7.468887	85.3865
364.375	7.673989	85.45104
364.6875	7.859392	84.98233
365	8.051689	84.63248
365.3125	8.237803	84.41357
365.625	8.422821	84.2961
365.9375	8.609038	83.87098
366.25	8.796773	83.83343
366.5625	8.973825	83.64928
366.875	9.166363	83.24983
367.1875	9.353655	83.02847
367.5	9.542547	82.79476
367.8125	9.741957	82.54117
368.125	9.937567	82.26079
368.4375	10.13384	81.9742
368.75	10.34149	81.71017
369.0625	10.54229	81.55437
369.375	10.75401	81.2817
369.6875	10.96513	81.00901
370	11.18242	80.65971
370.3125	11.39836	80.39765
370.625	11.62607	79.94911
370.9375	11.85208	79.61036
371.25	12.08672	79.34518
371.5625	12.3243	78.99836
371.875	12.56951	78.68168
372.1875	12.8194	78.20728
372.5	13.07399	77.85947
372.8125	13.33697	77.4735
373.125	13.60671	76.99233
373.4375	13.88182	76.52237
373.75	14.16586	75.98879
374.0625	14.46156	75.7696
374.375	14.75468	74.9845
374.6875	15.06562	74.37658
375	15.38263	73.74722
375.3125	15.70718	73.18092
375.625	16.04118	72.45517
375.9375	16.38972	71.7427
376.25	16.74794	70.89188
376.5625	17.11782	69.93886
376.875	17.49849	69.10368
377.1875	17.89266	67.97575
377.5	18.29911	66.8956
377.8125	18.72179	65.53307
378.125	19.15768	64.50521
378.4375	19.60916	63.02139
378.75	20.07713	61.46642
379.0625	20.56205	59.84976
379.375	21.06448	57.81851
379.6875	21.58428	55.7737
380	22.12333	53.34129
380.3125	22.67619	50.66999
380.625	23.24584	47.68491
380.9375	23.82544	44.32628
381.25	24.4132	40.55331
381.5625	24.99922	36.38047
381.875	25.5768	31.64331
382.1875	26.13225	26.31117
382.5	26.64907	20.40054
382.8125	27.10868	13.6972
383.125	27.48509	6.390456
383.4375	27.75333	-1.371218
383.75	27.88343	-9.640146
384.0625	27.85194	-18.22994
384.375	27.64409	-26.769
384.6875	27.25431	-35.17097
385	26.69915	-42.71468
385.3125	26.00708	-49.8876
385.625	25.21984	-55.83587
385.9375	24.37915	-60.7325
386.25	23.52688	-64.72324
386.5625	22.691	-67.86892
386.875	21.89745	-70.07995
387.1875	21.15478	-71.87665
387.5	20.47209	-73.08807
387.8125	19.84121	-73.97748
388.125	19.26859	-74.84107
388.4375	18.7399	-75.4215
388.75	18.25773	-76.01086
389.0625	17.80935	-76.35963
389.375	17.38654	-76.74327
389.6875	16.99635	-76.97496
390	16.62752	-77.29905
390.3125	16.27332	-77.60081
390.625	15.94394	-77.87254
390.9375	15.62549	-78.04243
391.25	15.31991	-78.30866
391.5625	15.03135	-78.58595
391.875	14.7521	-78.71703
392.1875	14.48561	-78.98207
392.5	14.22553	-79.26167
392.8125	13.97514	-79.35646
393.125	13.7372	-79.51587
393.4375	13.50016	-79.82016
393.75	13.27699	-79.98684
394.0625	13.05541	-79.98833
394.375	12.84576	-80.18708
394.6875	12.63776	-80.34158
395	12.43651	-80.42836
395.3125	12.24103	-80.54747
395.625	12.05162	-80.81115
395.9375	11.87053	-80.88722
396.25	11.68947	-80.86522
396.5625	11.51176	-81.1131
396.875	11.33839	-81.21671
397.1875	11.17662	-81.25423
397.5	11.0147	-81.21096
397.8125	10.85965	-81.28606
398.125	10.70774	-81.27651
398.4375	10.55761	-81.37383
398.75	10.41724	-81.52213
399.0625	10.27856	-81.50809
399.375	10.14036	-81.71989
399.6875	10.01177	-81.63116
400	9.882406	-81.90977
400.3125	9.756372	-81.78905
400.625	9.639975	-81.84261
400.9375	9.518857	-81.97198
401.25	9.40346	-81.83978
401.5625	9.295189	-82.04883
401.875	9.190244	-82.13743
402.1875	9.090537	-82.13242
402.5	8.99511	-82.27047
402.8125	8.901675	-82.19382
403.125	8.81316	-82.34518
403.4375	8.727044	-82.53842
403.75	8.651321	-82.85187
404.0625	8.567807	-83.00246
404.375	8.483556	-83.33098
404.6875	8.399047	-83.77568
405	8.287626	-84.18747
405.3125	8.183427	-84.57924
405.625	8.053378	-85.09885
405.9375	7.915345	-85.43552
406.25	7.774114	-85.78636
406.5625	7.617397	-85.92426
406.875	7.465997	-86.05043
407.1875	7.321157	-86.22419
407.5	7.184355	-85.95721
407.8125	7.06501	-85.96365
408.125	6.938018	-85.839
408.4375	6.829634	-85.6877
408.75	6.726095	-85.64032
409.0625	6.626159	-85.45155
409.375	6.521109	-85.32737
409.6875	6.427193	-85.20859
410	6.33157	-85.2326
410.3125	6.259013	-84.95071
410.625	6.170678	-84.80077
410.9375	6.092863	-84.79191
411.25	6.022931	-84.86618
411.5625	5.939966	-84.48238
411.875	5.876938	-84.5102
412.1875	5.80571	-84.67216
412.5	5.737028	-84.43404
412.8125	5.666594	-84.36809
413.125	5.602838	-84.28426
413.4375	5.536275	-84.17035
413.75	5.478385	-84.30786
414.0625	5.409127	-84.15491
414.375	5.354647	-84.30139
414.6875	5.286146	-84.25559
415	5.224662	-84.20043
415.3125	5.165236	-84.35423
415.625	5.105547	-84.2398
415.9375	5.051132	-84.15115
416.25	4.992674	-84.18996
416.5625	4.935725	-84.35764
416.875	4.878828	-84.15609
417.1875	4.823209	-84.31502
417.5	4.755191	-84.29053
417.8125	4.700483	-84.28699
418.125	4.648448	-84.22942
418.4375	4.59553	-84.20203
418.75	4.541943	-84.32226
419.0625	4.493569	-84.14961
419.375	4.433058	-84.16286
419.6875	4.383415	-84.39013
420	4.326063	-84.20198
420.3125	4.276313	-84.335
420.625	4.220346	-84.27705
420.9375	4.161083	-84.2074
421.25	4.122336	-84.41338
421.5625	4.063987	-84.30591
421.875	4.014946	-84.31107
422.1875	3.967118	-84.4184
422.5	3.904557	-84.44088
422.8125	3.861123	-84.30135
423.125	3.81838	-84.44942
423.4375	3.765056	-84.26022
423.75	3.719945	-84.25492
424.0625	3.677131	-84.2253
424.375	3.627453	-84.32468
424.6875	3.576505	-84.37061
425	3.531301	-84.18999
425.3125	3.492805	-84.22134
425.625	3.449094	-84.25912
425.9375	3.403315	-84.27869
426.25	3.359782	-84.19384
426.5625	3.313295	-84.19135
426.875	3.288223	-84.25415
427.1875	3.242009	-84.16882
427.5	3.203044	-84.22479
427.8125	3.17553	-84.05348
428.125	3.138626	-84.24163
428.4375	3.093605	-84.18044
428.75	3.057138	-84.1535
429.0625	3.00811	-84.22987
429.375	2.963027	-84.07729
429.6875	2.932636	-84.06213
430	2.896806	-84.18484
430.3125	2.840384	-84.19631
430.625	2.823341	-84.24812
430.9375	2.778754	-84.27335
431.25	2.736391	-84.16521
431.5625	2.700618	-84.04316
431.875	2.6677	-84.15074
432.1875	2.619369	-84.07107
432.5	2.599428	-84.01022
432.8125	2.572349	-84.09078
433.125	2.518833	-83.78799
433.4375	2.496411	-83.9864
433.75	2.464236	-83.90878
434.0625	2.417732	-83.85171
434.375	2.400463	-83.92735
434.6875	2.366623	-83.85607
435	2.3519	-83.81327
435.3125	2.299801	-83.79591
435.625	2.285183	-83.66705
435.9375	2.244117	-83.77724
436.25	2.219972	-83.67466
436.5625	2.196113	-83.58198
436.875	2.158584	-83.65006
437.1875	2.146937	-83.57088
437.5	2.108442	-83.68202
437.8125	2.080807	-83.73422
438.125	2.06418	-83.56914
438.4375	2.039575	-83.56911
438.75	2.014481	-83.43491
439.0625	1.974379	-83.47041
439.375	1.949748	-83.34125
439.6875	1.926557	-83.70686
440	1.907512	-83.47187
440.3125	1.877417	-83.48106
440.625	1.853393	-83.38844
440.9375	1.833951	-83.52785
441.25	1.814425	-83.42819
441.5625	1.80178	-83.35738
441.875	1.766537	-83.35545
442.1875	1.738115	-83.15199
442.5	1.725334	-83.25791
442.8125	1.705512	-83.19813
443.125	1.674505	-83.24762
443.4375	1.661676	-83.01489
443.75	1.645548	-83.1545
444.0625	1.626546	-83.36462
444.375	1.589735	-83.09312
444.6875	1.587638	-83.15593
445	1.559046	-83.11428
445.3125	1.540117	-83.13737
445.625	1.529265	-83.1133
445.9375	1.49463	-83.11504
446.25	1.49024	-83.13535
446.5625	1.461716	-83.14674
446.875	1.443121	-83.08942
447.1875	1.42928	-82.9497
447.5	1.429924	-83.13056
447.8125	1.398264	-82.96375
448.125	1.383546	-82.9997
448.4375	1.374991	-82.93622
448.75	1.341696	-82.96136
449.0625	1.331447	-82.90643
449.375	1.317493	-82.92109
449.6875	1.308157	-83.00878
450	1.283256	-82.85854
450.3125	1.273107	-82.98199
450.625	1.260867	-82.91895
450.9375	1.237868	-83.09422
451.25	1.239195	-82.85751
451.5625	1.230162	-82.83865
451.875	1.191597	-82.95515
452.1875	1.195764	-82.80894
452.5	1.191186	-82.98341
452.8125	1.180044	-82.7305
453.125	1.145039	-82.85219
453.4375	1.156012	-82.75903
453.75	1.122693	-82.7554
454.0625	1.122552	-82.75291
454.375	1.099298	-82.74073
454.6875	1.081683	-82.98592
455	1.084426	-82.68121
455.3125	1.065899	-82.97392
455.625	1.061585	-82.77181
455.9375	1.044026	-82.85308
456.25	1.032717	-82.77711
456.5625	1.016327	-82.81425
456.875	1.010014	-82.8341
457.1875	1.004803	-82.95177
457.5	0.9858359	-82.87121
457.8125	0.9786119	-82.85857
458.125	0.9767253	-82.77171
458.4375	0.9619291	-82.76221
458.75	0.9559755	-82.89226
459.0625	0.9455076	-82.96027
459.375	0.9375065	-82.93533
459.6875	0.9268386	-82.86311
460	0.9200059	-82.99705
460.3125	0.9182352	-82.935
460.625	0.8987249	-82.86604
460.9375	0.8947326	-83.00833
461.25	0.8870838	-82.87411
461.5625	0.8760533	-83.01002
461.875	0.8669271	-82.90649
462.1875	0.8600228	-82.93228
462.5	0.8544775	-82.84283
462.8125	0.8475106	-83.0815
463.125	0.8342045	-83.01249
463.4375	0.8263656	-83.04405
463.75	0.8073487	-82.98549
464.0625	0.795984	-82.97874
464.375	0.8006877	-83.15666
464.6875	0.7779921	-83.08287
465	0.7802535	-83.17933
465.3125	0.7712933	-83.04962
465.625	0.7782345	-83.01609
465.9375	0.7812151	-83.16096
466.25	0.7553263	-83.12711
466.5625	0.7572824	-83.24606
466.875	0.7630152	-83.19285
467.1875	0.740935	-83.31367
467.5	0.74238	-83.2291
467.8125	0.7444179	-83.11773
468.125	0.7313592	-83.31375
468.4375	0.7284099	-83.29922
468.75	0.7227066	-83.32539
469.0625	0.6994622	-83.44469
469.375	0.6911106	-83.45802
469.6875	0.6804428	-83.49172
470	0.6662365	-83.61595
470.3125	0.6578778	-83.52774
470.625	0.657273	-83.58118
470.9375	0.6477103	-83.67027
471.25	0.6357545	-83.61484
471.5625	0.6354917	-83.572
471.875	0.6073647	-83.58482
472.1875	0.6181042	-83.61732
472.5	0.5956317	-83.61177
472.8125	0.5916485	-83.74998
473.125	0.6007852	-83.69836
473.4375	0.5726385	-83.61581
473.75	0.580298	-83.78041
474.0625	0.5776467	-83.64025
474.375	0.5743958	-83.76138
474.6875	0.5594556	-83.77232
475	0.5625026	-83.82062
475.3125	0.5514852	-83.73958
475.625	0.5341388	-83.90787
475.9375	0.5605924	-83.82185
476.25	0.5408069	-83.93793
476.5625	0.5393153	-83.59451
476.875	0.5351524	-83.82766
477.1875	0.529875	-83.82746
477.5	0.5168133	-83.90036
477.8125	0.5159479	-83.87044
478.125	0.5011961	-83.85645
478.4375	0.5226681	-83.89761
478.75	0.5009576	-84.06257
479.0625	0.5166485	-84.02443
479.375	0.5034878	-84.15535
479.6875	0.4937688	-83.89304
480	0.4964731	-84.20753
480.3125	0.4699655	-83.9696
480.625	0.482221	-84.01287
480.9375	0.4833347	-84.09148
481.25	0.4610268	-84.144
481.5625	0.4559999	-84.0464
481.875	0.4720016	-84.26704
482.1875	0.4698105	-84.14734
482.5	0.4556531	-84.27813
482.8125	0.4504904	-84.15903
483.125	0.4466387	-84.13495
483.4375	0.4443241	-84.29803
483.75	0.4623768	-84.23997
484.0625	0.4441972	-84.45211
484.375	0.4170427	-84.28771
484.6875	0.4349365	-84.42152
485	0.438441	-84.36489
485.3125	0.4406803	-84.43851
485.625	0.4074774	-84.40657
485.9375	0.3971073	-84.49682
486.25	0.4171197	-84.56423
486.5625	0.3892052	-84.51632
486.875	0.3913524	-84.61627
487.1875	0.3891804	-84.6174
487.5	0.3845625	-84.64735
487.8125	0.3608172	-84.53091
488.125	0.3570378	-84.68714
488.4375	0.344442	-84.55747
488.75	0.3396668	-84.5919
489.0625	0.3400233	-84.68499
489.375	0.3395523	-84.55827
489.6875	0.3159501	-84.49332
490	0.3137981	-84.48521
490.3125	0.3280538	-84.5965
490.625	0.3145501	-84.39917
490.9375	0.3116217	-84.54601
491.25	0.3168506	-84.47752
491.5625	0.3176293	-84.53851
491.875	0.3192683	-84.49719
492.1875	0.2842624	-84.47083
492.5	0.2928902	-84.49084
492.8125	0.2862363	-84.35217
493.125	0.2908357	-84.2696
493.4375	0.2897301	-84.31628
493.75	0.2888328	-84.46059
494.0625	0.2870668	-84.26072
494.375	0.2692399	-84.30688
494.6875	0.3028865	-84.13638
495	0.2826238	-84.16019
495.3125	0.3192922	-84.22686
495.625	0.2932406	-84.20056
495.9375	0.313914	-84.24643
496.25	0.3032095	-84.33841
496.5625	0.3093508	-84.07515
496.875	0.3064666	-84.11399
497.1875	0.3281765	-84.00463
497.5	0.3179248	-84.25961
497.8125	0.3360785	-84.1612
498.125	0.3155097	-84.28297
498.4375	0.3294336	-84.2506
498.75	0.3248976	-84.12773
499.0625	0.3479185	-84.08557
499.375	0.3174147	-84.24
499.6875	0.3212851	-84.11509
500	0.3415018	-84.14581
500.3125	0.2957139	-84.2308
500.625	0.3215466	-84.34313
500.9375	0.3196565	-84.29176
501.25	0.3200397	-84.08076
501.5625	0.3121461	-83.9295
501.875	0.324339	-83.92586
502.1875	0.3267426	-83.8846
502.5	0.3318977	-83.96809
502.8125	0.3428406	-83.83724
503.125	0.3497348	-83.7944
503.4375	0.3628721	-83.90239
503.75	0.3638482	-83.95329
504.0625	0.3698635	-83.78357
504.375	0.3900813	-83.60832
504.6875	0.3959785	-83.71603
505	0.4074458	-83.72523
505.3125	0.4035947	-83.70656
505.625	0.4221228	-83.74955
505.9375	0.4431484	-83.91663
506.25	0.4330257	-83.92536
506.5625	0.4531679	-83.81731
506.875	0.4566179	-83.91439
507.1875	0.4650321	-83.83432
507.5	0.4844208	-83.7618
507.8125	0.4650036	-83.68113
508.125	0.4882009	-83.83276
508.4375	0.5107458	-83.79623
508.75	0.5195086	-83.89608
509.0625	0.5180113	-83.82758
509.375	0.5184122	-83.93834
509.6875	0.5325019	-83.93367
510	0.5420736	-83.78154
510.3125	0.5422001	-83.87655
510.625	0.563177	-83.79241
510.9375	0.5542814	-83.87185
511.25	0.5729186	-83.92525
511.5625	0.5782484	-83.84494
511.875	0.6038573	-83.81725
512.1875	0.5992429	-84.02741
512.5	0.6024953	-83.90226
512.8125	0.6186123	-83.91369
513.125	0.629572	-83.92748
513.4375	0.6362664	-83.99975
513.75	0.6609451	-83.93173
514.0625	0.6625389	-84.08464
514.375	0.6770194	-83.85941
514.6875	0.6854611	-84.05091
515	0.7098175	-84.07948
515.3125	0.7102163	-83.89573
515.625	0.7313144	-84.09855
515.9375	0.7488798	-83.92764
516.25	0.7671254	-83.86266
516.5625	0.7845221	-83.88673
516.875	0.7994506	-83.67091
517.1875	0.8116257	-83.86925
517.5	0.8423079	-83.79826
517.8125	0.8788302	-83.9702
518.125	0.8974476	-84.04408
518.4375	0.9171182	-84.11261
518.75	0.9662306	-84.29731
519.0625	0.9835995	-84.25742
519.375	1.02226	-84.42577
519.6875	1.044298	-84.53706
520	1.08402	-84.6368
520.3125	1.116177	-84.77969
520.625	1.139261	-85.14377
520.9375	1.163854	-85.14025
521.25	1.191661	-85.78161
521.5625	1.172606	-85.99482
521.875	1.178285	-86.33638
522.1875	1.16284	-86.69841
522.5	1.148513	-87.15696
522.8125	1.104815	-87.33991
523.125	1.06927	-87.51496
523.4375	1.053447	-87.7934
523.75	0.9824484	-87.73367
524.0625	0.9474845	-87.70532
524.375	0.915386	-87.73431
524.6875	0.8795919	-87.71204
525	0.8624748	-87.50549
525.3125	0.8576882	-87.36879
525.625	0.8487963	-87.26157
525.9375	0.8335102	-87.11829
526.25	0.8460519	-87.07018
526.5625	0.8406754	-87.08468
526.875	0.855018	-86.81105
527.1875	0.8509717	-86.89305
527.5	0.8682895	-86.76939
527.8125	0.862638	-86.86545
528.125	0.8701491	-86.59276
528.4375	0.871275	-86.57574
528.75	0.8870903	-86.55592
529.0625	0.8947467	-86.5742
529.375	0.8862928	-86.56035
529.6875	0.898499	-86.4771
530	0.9108457	-86.33049
530.3125	0.9330753	-86.41462
530.625	0.9518173	-86.15926
530.9375	0.9589458	-86.23245
531.25	0.953957	-86.3237
531.5625	0.9812286	-86.33708
531.875	0.9924867	-86.2923
532.1875	1.009804	-86.18232
532.5	1.025279	-86.24429
532.8125	1.028724	-86.19656
533.125	1.049872	-86.10356
533.4375	1.057195	-86.26132
533.75	1.066877	-86.37065
534.0625	1.08946	-86.42552
534.375	1.113878	-86.38888
534.6875	1.109322	-86.63645
535	1.128933	-86.35352
535.3125	1.144487	-86.40304
535.625	1.163797	-86.31428
535.9375	1.165579	-86.34258
536.25	1.193138	-86.42286
536.5625	1.204742	-86.41582
536.875	1.22874	-86.50694
537.1875	1.218723	-86.57973
537.5	1.249854	-86.46716
537.8125	1.246945	-86.65153
538.125	1.263973	-86.561
538.4375	1.289423	-86.66759
538.75	1.286831	-86.52047
539.0625	1.312642	-86.47729
539.375	1.32625	-86.88405
539.6875	1.341081	-86.61142
540	1.360807	-86.85393
540.3125	1.369328	-86.73894
540.625	1.392569	-86.92292
540.9375	1.386067	-86.73953
541.25	1.419563	-86.89289
541.5625	1.422726	-86.84209
541.875	1.444346	-87.04387
542.1875	1.448027	-86.925
542.5	1.493871	-86.938
542.8125	1.486401	-86.95122
543.125	1.515834	-87.03646
543.4375	1.538172	-87.29154
543.75	1.567662	-87.30219
544.0625	1.587506	-87.29027
544.375	1.583295	-87.43277
544.6875	1.628148	-87.69123
545	1.633248	-87.57922
545.3125	1.631358	-87.79549
545.625	1.67002	-87.94405
545.9375	1.669822	-88.02421
546.25	1.676424	-88.291
546.5625	1.699255	-88.30257
546.875	1.70892	-88.47849
547.1875	1.699639	-88.6945
547.5	1.716912	-88.62646
547.8125	1.720376	-88.74786
548.125	1.722115	-88.96101
548.4375	1.719475	-89.05756
548.75	1.754804	-89.10267
549.0625	1.75659	-89.16281
549.375	1.75903	-89.31074
549.6875	1.753615	-89.38605
550	1.780986	-89.54263
550.3125	1.771436	-89.60906
550.625	1.771063	-89.68338
550.9375	1.771463	-89.77309
551.25	1.7788	-89.75291
551.5625	1.770841	-89.94109
551.875	1.778021	-90.1615
552.1875	1.765142	-90.18669
552.5	1.771637	-90.32339
552.8125	1.769214	-90.20965
553.125	1.776764	-90.48067
553.4375	1.746593	-90.56956
553.75	1.747862	-90.45133
554.0625	1.750361	-90.60422
554.375	1.732996	-90.73374
554.6875	1.74235	-90.73441
555	1.73141	-90.66405
555.3125	1.715651	-90.97378
555.625	1.711431	-90.87777
555.9375	1.716609	-90.84949
556.25	1.695282	-90.9121
556.5625	1.701805	-91.05016
556.875	1.674533	-90.95644
557.1875	1.65666	-90.90216
557.5	1.660133	-90.82049
557.8125	1.645658	-90.79227
558.125	1.637459	-90.74469
558.4375	1.652051	-90.7802
558.75	1.630203	-90.67324
559.0625	1.643723	-90.57853
559.375	1.62938	-90.63245
559.6875	1.628666	-90.35586
560	1.633491	-90.39186
560.3125	1.62416	-90.30257
560.625	1.624439	-90.20526
560.9375	1.639435	-90.15195
561.25	1.633259	-89.82682
561.5625	1.635002	-89.86967
561.875	1.658466	-89.77307
562.1875	1.652246	-89.74423
562.5	1.658218	-89.64709
562.8125	1.667957	-89.6167
563.125	1.67586	-89.29105
563.4375	1.689608	-89.45342
563.75	1.706751	-89.09142
564.0625	1.714831	-89.12091
564.375	1.735031	-88.88236
564.6875	1.753665	-89.04755
565	1.77005	-88.68771
565.3125	1.788944	-88.75084
565.625	1.800508	-88.70776
565.9375	1.842278	-88.41232
566.25	1.864263	-88.31241
566.5625	1.878287	-88.2912
566.875	1.901932	-88.20437
567.1875	1.914737	-88.10581
567.5	1.951589	-88.13335
567.8125	1.975331	-88.03345
568.125	1.98281	-88.00177
568.4375	2.039701	-88.11881
568.75	2.039861	-87.99173
569.0625	2.064352	-87.97279
569.375	2.104799	-88.08561
569.6875	2.118745	-87.87261
570	2.149076	-87.88024
570.3125	2.172964	-87.95609
570.625	2.197399	-87.94154
570.9375	2.221894	-87.80711
571.25	2.243442	-87.93642
571.5625	2.274619	-87.754
571.875	2.295538	-87.61801
572.1875	2.323805	-87.70584
572.5	2.343921	-87.67422
572.8125	2.381997	-87.62526
573.125	2.409152	-87.64577
573.4375	2.425828	-87.698
573.75	2.439782	-87.60004
574.0625	2.4959	-87.53597
574.375	2.5165	-87.56191
574.6875	2.548589	-87.66114
575	2.569578	-87.72436
575.3125	2.596367	-87.6148
575.625	2.633091	-87.76418
575.9375	2.670666	-87.62918
576.25	2.69073	-87.52126
576.5625	2.713692	-87.58073
576.875	2.752621	-87.55927
577.1875	2.787595	-87.59383
577.5	2.805896	-87.52199
577.8125	2.851878	-87.5675
578.125	2.877915	-87.54076
578.4375	2.924038	-87.67174
578.75	2.941923	-87.68863
579.0625	2.994139	-87.73414
579.375	3.011706	-87.73192
579.6875	3.041872	-87.72334
580	3.081168	-87.72634
580.3125	3.11443	-87.89522
580.625	3.141811	-87.7116
580.9375	3.177874	-87.89191
581.25	3.203262	-87.92493
581.5625	3.265257	-87.92887
581.875	3.285791	-88.05128
582.1875	3.329208	-88.0258
582.5	3.37122	-88.03642
582.8125	3.394789	-88.2053
583.125	3.451894	-88.24387
583.4375	3.465767	-88.35326
583.75	3.521321	-88.35838
584.0625	3.543867	-88.37794
584.375	3.601122	-88.41328
584.6875	3.621046	-88.46942
585	3.684732	-88.39532
585.3125	3.712991	-88.56886
585.625	3.751984	-88.4814
585.9375	3.808865	-88.71043
586.25	3.844882	-88.734
586.5625	3.898094	-88.78007
586.875	3.937438	-89.01365
587.1875	3.986159	-89.03357
587.5	4.034919	-89.19666
587.8125	4.09054	-89.21269
588.125	4.13706	-89.30987
588.4375	4.194745	-89.26163
588.75	4.241632	-89.55466
589.0625	4.300897	-89.56435
589.375	4.356827	-89.70587
589.6875	4.413926	-89.65767
590	4.481049	-89.90231
590.3125	4.537104	-89.91997
590.625	4.60991	-90.10678
590.9375	4.674479	-90.27705
591.25	4.754742	-90.24937
591.5625	4.821546	-90.3756
591.875	4.906006	-90.61224
592.1875	4.991554	-90.82153
592.5	5.089588	-90.91914
592.8125	5.178006	-91.27058
593.125	5.28109	-91.48994
593.4375	5.394025	-91.62095
593.75	5.519093	-92.00125
594.0625	5.63607	-92.25372
594.375	5.786757	-92.65305
594.6875	5.925494	-93.17078
595	6.095738	-93.54072
595.3125	6.270739	-94.10136
595.625	6.454898	-94.75175
595.9375	6.658523	-95.64274
596.25	6.875035	-96.5938
596.5625	7.118827	-97.72263
596.875	7.369503	-99.18708
597.1875	7.646295	-100.7541
597.5	7.931633	-102.6372
597.8125	8.242837	-105.2763
598.125	8.56291	-108.2262
598.4375	8.874854	-111.8865
598.75	9.189447	-116.4925
599.0625	9.452925	-121.9301
599.375	9.633199	-128.8369
599.6875	9.648303	-137.3575
600	9.357769	-147.3128
600.3125	8.598068	-158.363
600.625	7.226606	-169.2871
600.9375	5.169614	-178.0245
601.25	2.550126	177.1463
601.5625	-0.3739577	178.5385
601.875	-3.231282	-172.6177
602.1875	-5.307345	-156.7685
602.5	-6.049408	-137.8701
602.8125	-5.659607	-122.578
603.125	-4.826445	-111.9745
603.4375	-3.985205	-105.4246
603.75	-3.194499	-100.8809
604.0625	-2.536586	-98.0349
604.375	-2.01154	-95.91464
604.6875	-1.532756	-94.26599
605	-1.141332	-93.15804
605.3125	-0.8217051	-92.09677
605.625	-0.5159556	-91.37374
605.9375	-0.238525	-90.67288
606.25	0.01144855	-89.87337
606.5625	0.2295632	-89.54092
606.875	0.4525557	-89.05245
607.1875	0.6511741	-88.88703
607.5	0.8164548	-88.62384
607.8125	0.9744942	-88.2282
608.125	1.123867	-88.0905
608.4375	1.279018	-87.75928
608.75	1.396801	-87.99467
609.0625	1.521499	-87.54262
609.375	1.648247	-87.50755
609.6875	1.779412	-87.30051
610	1.865989	-87.21638
610.3125	1.967996	-87.22765
610.625	2.061772	-87.12085
610.9375	2.164641	-86.98105
611.25	2.249765	-87.14162
611.5625	2.336728	-86.88292
611.875	2.420156	-86.97762
612.1875	2.507869	-86.94991
612.5	2.5752	-86.8182
612.8125	2.642352	-86.84074
613.125	2.720819	-86.99937
613.4375	2.7783	-86.84248
613.75	2.855733	-87.02895
614.0625	2.917647	-86.89081
614.375	2.992916	-86.76314
614.6875	3.042409	-87.02107
615	3.11186	-86.79636
615.3125	3.177631	-86.74942
615.625	3.224683	-86.86269
615.9375	3.292909	-86.68902
616.25	3.338868	-87.03461
616.5625	3.401825	-86.90051
616.875	3.453398	-86.92522
617.1875	3.50388	-86.89748
617.5	3.562446	-87.0807
617.8125	3.617017	-87.01564
618.125	3.646995	-87.0404
618.4375	3.695343	-87.03952
618.75	3.766969	-87.12338
619.0625	3.808321	-86.99207
619.375	3.849427	-87.05088
619.6875	3.897516	-87.20309
620	3.936965	-87.22386
620.3125	3.98566	-87.27122
620.625	4.039849	-87.1304
620.9375	4.079591	-87.34956
621.25	4.132672	-87.12162
621.5625	4.173645	-87.11737
621.875	4.212357	-87.29741
622.1875	4.257582	-87.29679
622.5	4.30617	-87.27574
622.8125	4.345695	-87.36699
623.125	4.387971	-87.40799
623.4375	4.432487	-87.48664
623.75	4.477487	-87.59229
624.0625	4.51018	-87.67964
624.375	4.564175	-87.66151
624.6875	4.604199	-87.70573
625	4.632079	-87.73779
625.3125	4.672746	-87.70467
625.625	4.702646	-87.77078
625.9375	4.741469	-87.91071
626.25	4.790956	-88.10624
626.5625	4.806184	-88.03716
626.875	4.843433	-88.01978
627.1875	4.874993	-88.38374
627.5	4.905129	-88.15293
627.8125	4.928573	-88.34603
628.125	4.948484	-88.38848
628.4375	4.987677	-88.29438
628.75	5.00045	-88.47014
629.0625	5.04415	-88.21935
629.375	5.067058	-88.28914
629.6875	5.094638	-88.17177
630	5.130353	-88.16043
630.3125	5.152295	-88.09311
630.625	5.196588	-88.10179
630.9375	5.242339	-87.92073
631.25	5.279808	-87.85176
631.5625	5.315161	-87.87981
631.875	5.372576	-87.89654
632.1875	5.414846	-87.96545
632.5	5.45854	-87.94988
632.8125	5.485705	-87.91797
633.125	5.541764	-87.9821
633.4375	5.590236	-88.02669
633.75	5.619325	-88.12868
634.0625	5.668055	-88.12002
634.375	5.707943	-88.04618
634.6875	5.745611	-88.26273
635	5.782476	-88.29011
635.3125	5.825585	-88.27231
635.625	5.862697	-88.29078
635.9375	5.902009	-88.4396
636.25	5.940171	-88.27006
636.5625	5.974223	-88.51118
636.875	6.013148	-88.44456
637.1875	6.05576	-88.51249
637.5	6.09671	-88.58664
637.8125	6.124928	-88.66059
638.125	6.170628	-88.65589
638.4375	6.210189	-88.64948
638.75	6.248723	-88.69526
639.0625	6.287703	-88.78525
639.375	6.315528	-88.83508
639.6875	6.355048	-88.95238
640	6.404963	-88.76425
640.3125	6.439249	-88.91888
640.625	6.467726	-88.92403
640.9375	6.513355	-88.98246
641.25	6.549398	-89.14008
641.5625	6.574102	-89.12515
641.875	6.621138	-89.12558
642.1875	6.660964	-89.14474
642.5	6.688766	-89.16579
642.8125	6.732368	-89.33998
643.125	6.758824	-89.34301
643.4375	6.800463	-89.41445
643.75	6.841111	-89.60139
644.0625	6.879914	-89.61497
644.375	6.900117	-89.64948
644.6875	6.94176	-89.6123
645	6.981676	-89.65898
645.3125	7.017601	-89.42449
645.625	7.051048	-89.74396
645.9375	7.086014	-89.7551
646.25	7.118737	-89.6514
646.5625	7.154131	-89.93975
646.875	7.193965	-89.93999
647.1875	7.233966	-89.96889
647.5	7.261042	-89.92506
647.8125	7.303307	-89.97818
648.125	7.334595	-90.01986
648.4375	7.373263	-89.90728
648.75	7.407334	-90.10921
649.0625	7.449415	-90.04773
649.375	7.480549	-90.08578
649.6875	7.524734	-90.0398
650	7.564948	-90.25063
650.3125	7.597506	-90.05228
650.625	7.640822	-90.1529
650.9375	7.679363	-90.17666
651.25	7.729212	-90.15512
651.5625	7.765397	-90.25269
651.875	7.807258	-90.24445
652.1875	7.851086	-90.28585
652.5	7.885988	-90.43208
652.8125	7.934562	-90.36463
653.125	7.97254	-90.43443
653.4375	8.015932	-90.46358
653.75	8.06421	-90.42461
654.0625	8.099164	-90.57962
654.375	8.137975	-90.65557
654.6875	8.187492	-90.6228
655	8.227078	-90.73567
655.3125	8.261324	-90.68945
655.625	8.308639	-90.80121
655.9375	8.35079	-90.87136
656.25	8.385778	-90.80591
656.5625	8.423374	-90.8856
656.875	8.473227	-91.06597
657.1875	8.50596	-90.88709
657.5	8.553258	-90.98225
657.8125	8.595907	-91.00948
658.125	8.640974	-91.08419
658.4375	8.684404	-91.16422
658.75	8.730468	-91.31055
659.0625	8.779114	-91.18922
659.375	8.822855	-91.34893
659.6875	8.869226	-91.52174
660	8.924664	-91.34192
660.3125	8.971411	-91.46044
660.625	9.006636	-91.42113
660.9375	9.063072	-91.6928
661.25	9.102722	-91.77235
661.5625	9.15298	-91.79842
661.875	9.194349	-91.82084
662.1875	9.230133	-91.92113
662.5	9.281302	-92.10251
662.8125	9.32514	-92.0686
663.125	9.360398	-92.33077
663.4375	9.411293	-92.27486
663.75	9.439184	-92.3774
664.0625	9.484708	-92.49486
664.375	9.523422	-92.47639
664.6875	9.568282	-92.46316
665	9.609425	-92.63575
665.3125	9.65161	-92.62687
665.625	9.695333	-92.82404
665.9375	9.738416	-92.96663
666.25	9.785435	-92.88455
666.5625	9.829064	-93.01314
666.875	9.872313	-93.00973
667.1875	9.920843	-93.06548
667.5	9.95945	-93.17126
667.8125	10.00661	-93.13457
668.125	10.0478	-93.17953
668.4375	10.09928	-93.18739
668.75	10.14184	-93.35957
669.0625	10.1843	-93.54169
669.375	10.23647	-93.5991
669.6875	10.27481	-93.53208
670	10.32381	-93.5677
670.3125	10.37396	-93.67138
670.625	10.41448	-93.81904
670.9375	10.47006	-93.78879
671.25	10.50779	-93.90999
671.5625	10.55982	-93.95712
671.875	10.60442	-94.14847
672.1875	10.65422	-94.09222
672.5	10.70576	-94.2498
672.8125	10.74671	-94.32873
673.125	10.79432	-94.3597
673.4375	10.84351	-94.25105
673.75	10.89157	-94.51546
674.0625	10.94581	-94.49297
674.375	10.99473	-94.43826
674.6875	11.04449	-94.50563
675	11.09167	-94.66721
675.3125	11.1405	-94.74639
675.625	11.19523	-94.86488
675.9375	11.25085	-94.83401
676.25	11.29462	-95.00787
676.5625	11.34947	-94.94306
676.875	11.40646	-95.21767
677.1875	11.4552	-95.13144
677.5	11.5068	-95.36166
677.8125	11.56243	-95.41434
678.125	11.61777	-95.43757
678.4375	11.6653	-95.50974
678.75	11.71943	-95.563
679.0625	11.77687	-95.74335
679.375	11.83066	-95.71554
679.6875	11.88802	-95.83366
680	11.93834	-95.87193
680.3125	11.99604	-95.86829
680.625	12.05069	-96.12198
680.9375	12.10526	-96.14323
681.25	12.15888	-96.20171
681.5625	12.21203	-96.38089
681.875	12.26829	-96.38026
682.1875	12.3226	-96.52268
682.5	12.37961	-96.50655
682.8125	12.44025	-96.62641
683.125	12.49364	-96.75924
683.4375	12.55093	-96.77022
683.75	12.61129	-96.90135
684.0625	12.66546	-96.9571
684.375	12.72267	-97.18986
684.6875	12.7859	-97.29986
685	12.84234	-97.27207
685.3125	12.90347	-97.47278
685.625	12.9592	-97.45486
685.9375	13.01938	-97.58715
686.25	13.08558	-97.56214
686.5625	13.13874	-97.64282
686.875	13.20267	-97.84581
687.1875	13.26219	-97.87631
687.5	13.32673	-98.04716
687.8125	13.39141	-98.17433
688.125	13.45463	-98.14427
688.4375	13.51837	-98.3385
688.75	13.58585	-98.46404
689.0625	13.64999	-98.60865
689.375	13.71579	-98.62637
689.6875	13.77798	-98.6974
690	13.85104	-98.83259
690.3125	13.92062	-98.95477
690.625	13.98068	-99.06148
690.9375	14.05292	-99.37557
691.25	14.1195	-99.35744
691.5625	14.19171	-99.37997
691.875	14.25702	-99.62683
692.1875	14.32562	-99.81036
692.5	14.39595	-99.86147
692.8125	14.4615	-99.9208
693.125	14.53421	-100.1141
693.4375	14.60346	-100.2627
693.75	14.67722	-100.2677
694.0625	14.7466	-100.6313
694.375	14.81933	-100.6765
694.6875	14.89286	-100.8127
695	14.96095	-100.9632
695.3125	15.03602	-101.0658
695.625	15.1113	-101.3631
695.9375	15.18228	-101.3371
696.25	15.25851	-101.582
696.5625	15.33278	-101.663
696.875	15.40996	-101.8663
697.1875	15.48639	-102.1665
697.5	15.5613	-102.1865
697.8125	15.64055	-102.3952
698.125	15.71779	-102.5587
698.4375	15.79732	-102.8349
698.75	15.87941	-102.9754
699.0625	15.95831	-103.1934
699.375	16.04037	-103.4512
699.6875	16.11778	-103.4581
700	16.20263	-103.8579
700.3125	16.28168	-104.0341
700.625	16.36406	-104.2625
700.9375	16.44581	-104.391
701.25	16.52882	-104.6423
701.5625	16.6147	-104.8451
701.875	16.69981	-105.0298
702.1875	16.78401	-105.2505
702.5	16.86823	-105.5635
702.8125	16.95377	-105.6916
703.125	17.039	-106.0617
703.4375	17.12633	-106.4561
703.75	17.21257	-106.5608
704.0625	17.30101	-106.8064
704.375	17.38482	-107.069
704.6875	17.47336	-107.4199
705	17.56281	-107.6439
705.3125	17.64776	-107.9294
705.625	17.7341	-108.1445
705.9375	17.8244	-108.5196
706.25	17.91076	-108.8474
706.5625	17.99932	-109.106
706.875	18.08808	-109.3261
707.1875	18.17637	-109.7545
707.5	18.2637	-110.0596
707.8125	18.35415	-110.3482
708.125	18.4444	-110.5434
708.4375	18.5357	-111.0594
708.75	18.62286	-111.243
709.0625	18.71616	-111.5643
709.375	18.80691	-111.9932
709.6875	18.89708	-112.3581
710	18.99026	-112.4592
710.3125	19.08377	-112.9314
710.625	19.17859	-113.1568
710.9375	19.27463	-113.5868
711.25	19.37427	-113.9173
711.5625	19.47691	-114.1967
711.875	19.57254	-114.5189
712.1875	19.67663	-114.7656
712.5	19.78489	-115.3636
712.8125	19.8906	-115.555
713.125	19.99803	-116.0591
713.4375	20.10963	-116.5206
713.75	20.2178	-116.8147
714.0625	20.32995	-117.2069
714.375	20.4424	-117.7511
714.6875	20.55054	-118.148
715	20.66413	-118.6448
715.3125	20.77422	-119.2238
715.625	20.88243	-119.7805
715.9375	20.99222	-120.2518
716.25	21.10134	-120.663
716.5625	21.20818	-121.2965
716.875	21.31618	-121.8448
717.1875	21.42183	-122.3827
717.5	21.52676	-122.9173
717.8125	21.63334	-123.4595
718.125	21.74039	-124.0202
718.4375	21.84727	-124.7121
718.75	21.95397	-125.1581
719.0625	22.06218	-125.7764
719.375	22.17084	-126.3578
719.6875	22.27907	-126.8584
720	22.38985	-127.5681
720.3125	22.50131	-127.9828
720.625	22.61583	-128.6769
720.9375	22.73055	-129.2805
721.25	22.84576	-129.8578
721.5625	22.96562	-130.5374
721.875	23.08773	-131.2267
722.1875	23.20994	-131.749
722.5	23.33634	-132.2958
722.8125	23.46631	-133.1069
723.125	23.59936	-133.6325
723.4375	23.73208	-134.2145
723.75	23.87178	-135.1154
724.0625	24.0141	-135.5159
724.375	24.15867	-136.3424
724.6875	24.3101	-137.1799
725	24.46276	-138.085
725.3125	24.62008	-138.8991
725.625	24.78359	-139.7074
725.9375	24.94902	-140.5248
726.25	25.1174	-141.5963
726.5625	25.29121	-142.5403
726.875	25.46855	-143.5222
727.1875	25.64705	-144.6981
727.5	25.82803	-145.7805
727.8125	26.01365	-147.0444
728.125	26.19986	-148.462
728.4375	26.38573	-149.8345
728.75	26.5733	-151.2376
729.0625	26.76012	-152.822
729.375	26.94658	-154.4003
729.6875	27.13072	-156.2964
730	27.31064	-158.0372
730.3125	27.48457	-160.0302
730.625	27.65214	-162.2298
730.9375	27.81079	-164.3426
731.25	27.95816	-166.8196
731.5625	28.0929	-169.0712
731.875	28.20988	-171.683
732.1875	28.30868	-174.4244
732.5	28.38554	-177.1282
732.8125	28.43638	179.8185
733.125	28.46055	177.1022
733.4375	28.45186	174.2163
733.75	28.41138	171.1689
734.0625	28.33653	168.1914
734.375	28.22745	165.36
734.6875	28.08426	162.3789
735	27.91189	159.6848
735.3125	27.71339	157.1284
735.625	27.4945	154.742
735.9375	27.25782	152.485
736.25	27.01038	150.5328
736.5625	26.75671	148.6315
736.875	26.49863	147.0026
737.1875	26.24195	145.4312
737.5	25.98653	143.9571
737.8125	25.73347	142.7509
738.125	25.48824	141.5479
738.4375	25.24768	140.3458
738.75	25.01183	139.5544
739.0625	24.786	138.5445
739.375	24.56444	137.7948
739.6875	24.34937	137.1062
740	24.14321	136.2432
740.3125	23.94253	135.704
740.625	23.75064	135.1496
740.9375	23.56468	134.2729
741.25	23.38383	133.817
741.5625	23.20762	133.3124
741.875	23.03744	132.8863
742.1875	22.87309	132.3697
742.5	22.71025	131.8694
742.8125	22.5532	131.4958
743.125	22.39717	130.9689
743.4375	22.2465	130.5668
743.75	22.09795	130.1274
744.0625	21.95128	129.8711
744.375	21.80887	129.3958
744.6875	21.6672	129.0917
745	21.52865	128.7526
745.3125	21.39188	128.3275
745.625	21.25919	128.2008
745.9375	21.13112	127.8887
746.25	21.00368	127.7427
746.5625	20.88207	127.4224
746.875	20.76357	127.1355
747.1875	20.64861	127.0211
747.5	20.53792	126.7732
747.8125	20.43218	126.4872
748.125	20.32743	126.2403
748.4375	20.22611	126.0037
748.75	20.128	125.7484
749.0625	20.03072	125.5766
749.375	19.93695	125.3417
749.6875	19.84639	124.9319
750	19.74815	124.6415
750.3125	19.66182	124.6102
750.625	19.5711	124.44
750.9375	19.48395	124.1952
751.25	19.39701	124.0089
751.5625	19.30987	123.7118
751.875	19.22416	123.4122
752.1875	19.1387	123.2564
752.5	19.05766	123.0545
752.8125	18.97363	122.7979
753.125	18.89122	122.5949
753.4375	18.8063	122.3589
753.75	18.72479	121.9835
754.0625	18.64146	121.7891
754.375	18.55942	121.6361
754.6875	18.47452	121.4605
755	18.39201	121.1048
755.3125	18.30848	121.0327
755.625	18.22383	120.8079
755.9375	18.13973	120.5551
756.25	18.05312	120.2863
756.5625	17.97225	120.3447
756.875	17.89406	120.1969
757.1875	17.81285	119.9252
757.5	17.73733	120.0225
757.8125	17.66622	119.9227
758.125	17.59203	119.7868
758.4375	17.52185	119.4148
758.75	17.45613	119.4224
759.0625	17.39223	119.4577
759.375	17.32951	119.3454
759.6875	17.27076	119.0995
760	17.21166	119.0624
760.3125	17.15685	118.8783
760.625	17.10535	118.8646
760.9375	17.05671	118.7514
761.25	17.0103	118.6178
761.5625	16.96505	118.473
761.875	16.92438	118.3527
762.1875	16.88135	118.0682
762.5	16.84347	117.9881
762.8125	16.80359	117.678
763.125	16.76403	117.5301
763.4375	16.7293	117.3142
763.75	16.69276	116.9395
764.0625	16.65708	116.8397
764.375	16.61631	116.3565
764.6875	16.58045	116.0705
765	16.53677	115.7708
765.3125	16.4944	115.3262
765.625	16.44658	114.9227
765.9375	16.39557	114.4188
766.25	16.33083	113.998
766.5625	16.27018	113.6059
766.875	16.19454	113.0522
767.1875	16.11559	112.6675
767.5	16.03066	112.1588
767.8125	15.93943	111.8545
768.125	15.84431	111.51
768.4375	15.73834	111.1244
768.75	15.63349	110.8171
769.0625	15.52668	110.4928
769.375	15.41901	110.2901
769.6875	15.31746	110.2105
770	15.21776	110.0859
770.3125	15.11725	110.0053
770.625	15.02055	109.8235
770.9375	14.92938	109.7879
771.25	14.83822	109.7489
771.5625	14.75232	109.8161
771.875	14.66558	109.6632
772.1875	14.58467	109.6194
772.5	14.50312	109.5721
772.8125	14.4158	109.3979
773.125	14.33377	109.4323
773.4375	14.24617	109.3217
773.75	14.15934	109.0712
774.0625	14.0705	109.1279
774.375	13.97944	109.1036
774.6875	13.88309	109.0666
775	13.77945	108.8512
775.3125	13.67158	108.8162
775.625	13.55697	108.9243
775.9375	13.43545	108.9341
776.25	13.30461	109.0086
776.5625	13.1735	109.277
776.875	13.03676	109.5059
777.1875	12.88668	109.9944
777.5	12.76033	110.657
777.8125	12.64047	111.4035
778.125	12.54498	112.2479
778.4375	12.47697	113.4397
778.75	12.45499	114.4901
779.0625	12.46974	115.503
779.375	12.51013	116.1525
779.6875	12.56726	116.8534
780	12.6499	117.6788
780.3125	12.72689	117.7534
780.625	12.79455	117.9194
780.9375	12.86335	118.0268
781.25	12.91718	117.9106
781.5625	12.95715	117.8577
781.875	12.98622	117.7793
782.1875	13.00041	117.4447
782.5	13.01436	117.3597
782.8125	13.01322	117.1872
783.125	13.01514	116.8217
783.4375	13.00127	116.6713
783.75	12.99481	116.468
784.0625	12.97487	116.1802
784.375	12.96095	116.2816
784.6875	12.94784	116.1817
785	12.9165	116
785.3125	12.89631	115.7557
785.625	12.87416	115.6088
785.9375	12.85189	115.5928
786.25	12.82758	115.4235
786.5625	12.80407	115.317
786.875	12.78382	115.3522
787.1875	12.75803	115.1853
787.5	12.73876	115.0608
787.8125	12.71707	115.079
788.125	12.69571	114.9059
788.4375	12.67606	114.9883
788.75	12.65331	114.8634
789.0625	12.63134	114.7762
789.375	12.60735	114.5948
789.6875	12.58425	114.4219
790	12.55645	114.3812
790.3125	12.53191	114.2975
790.625	12.50576	114.2592
790.9375	12.47709	114.0661
791.25	12.45271	114.0179
791.5625	12.41532	113.8455
791.875	12.39475	113.7344
792.1875	12.36701	113.6514
792.5	12.32828	113.5476
792.8125	12.30059	113.4839
793.125	12.26975	113.3913
793.4375	12.24096	113.3741
793.75	12.21323	113.3971
794.0625	12.18068	113.0717
794.375	12.15027	113.252
794.6875	12.12627	113.115
795	12.09978	113.1456
795.3125	12.07239	112.9896
795.625	12.04624	112.9739
795.9375	12.01397	112.9523
796.25	11.99118	112.9857
796.5625	11.96011	112.8152
796.875	11.93685	112.7965
797.1875	11.90877	112.8865
797.5	11.89212	112.8565
797.8125	11.86303	112.741
798.125	11.83591	112.5479
798.4375	11.81357	112.6886
798.75	11.79265	112.68
799.0625	11.76744	112.6427
799.375	11.74163	112.669
799.6875	11.71996	112.592
800	11.70016	112.6309
800.3125	11.68218	112.5116
800.625	11.65475	112.4723
800.9375	11.64044	112.4347
801.25	11.61712	112.4623
801.5625	11.59684	112.3392
801.875	11.57369	112.318
802.1875	11.556	112.2856
802.5	11.53447	112.2114
802.8125	11.51326	112.0416
803.125	11.49774	112.0758
803.4375	11.46938	112.1173
803.75	11.44255	111.9559
804.0625	11.42834	111.8362
804.375	11.40473	111.923
804.6875	11.39133	111.835
805	11.36522	111.7992
805.3125	11.33731	111.7031
805.625	11.31585	111.7758
805.9375	11.30432	111.7067
806.25	11.27712	111.5864
806.5625	11.25558	111.5677
806.875	11.24222	111.4828
807.1875	11.21823	111.5024
807.5	11.19376	111.5108
807.8125	11.17379	111.3335
808.125	11.1522	111.2779
808.4375	11.13161	111.4329
808.75	11.10894	111.3558
809.0625	11.09566	111.0634
809.375	11.07009	111.257
809.6875	11.05345	111.2016
810	11.03242	111.3418
810.3125	11.0154	111.1662
810.625	10.9941	111.1288
810.9375	10.97639	111.1062
811.25	10.95697	111.0259
811.5625	10.94892	111.0414
811.875	10.9227	110.9593
812.1875	10.90525	110.8422
812.5	10.88529	110.8221
812.8125	10.87081	110.7542
813.125	10.85182	110.7246
813.4375	10.83414	110.7174
813.75	10.80714	110.5755
814.0625	10.7914	110.6419
814.375	10.77211	110.6852
814.6875	10.74775	110.5405
815	10.73759	110.5858
815.3125	10.71717	110.5321
815.625	10.69721	110.5476
815.9375	10.67979	110.438
816.25	10.6596	110.4875
816.5625	10.64673	110.3863
816.875	10.63349	110.4429
817.1875	10.60921	110.2408
817.5	10.59307	110.2264
817.8125	10.57499	110.1381
818.125	10.55729	110.2155
818.4375	10.53783	110.0601
818.75	10.51437	110.0794
819.0625	10.4995	110.119
819.375	10.48814	109.9213
819.6875	10.46369	109.9071
820	10.44609	109.961
820.3125	10.42444	109.9999
820.625	10.40984	109.9518
820.9375	10.38941	109.9818
821.25	10.37255	109.7948
821.5625	10.35326	109.84
821.875	10.34186	109.6415
822.1875	10.31995	109.7618
822.5	10.30497	109.8087
822.8125	10.28038	109.6298
823.125	10.26666	109.6658
823.4375	10.2493	109.7768
823.75	10.23734	109.7231
824.0625	10.21745	109.521
824.375	10.20006	109.5212
824.6875	10.18571	109.5863
825	10.16887	109.4934
825.3125	10.15338	109.5641
825.625	10.13907	109.5756
825.9375	10.12091	109.2728
826.25	10.09775	109.5295
826.5625	10.08972	109.4469
826.875	10.06894	109.3017
827.1875	10.05365	109.3027
827.5	10.04098	109.2551
827.8125	10.02637	109.1818
828.125	10.00269	109.4325
828.4375	9.999016	109.2084
828.75	9.977533	109.241
829.0625	9.965797	109.3522
829.375	9.944249	109.0926
829.6875	9.934943	109.289
830	9.914573	109.1344
830.3125	9.897337	109.0195
830.625	9.884154	109.1054
830.9375	9.875091	109.0781
831.25	9.851583	109.1003
831.5625	9.844261	109.1607
831.875	9.832362	108.932
832.1875	9.813011	109.1151
832.5	9.800375	108.9719
832.8125	9.787165	108.989
833.125	9.777473	108.983
833.4375	9.758429	108.8959
833.75	9.745781	108.9756
834.0625	9.723927	108.8839
834.375	9.713748	108.9356
834.6875	9.696721	108.9961
835	9.688245	108.9167
835.3125	9.670548	109.0371
835.625	9.666072	109.1597
835.9375	9.644665	108.8647
836.25	9.630267	109.0142
836.5625	9.625856	109.0188
836.875	9.612103	108.9539
837.1875	9.600846	108.886
837.5	9.593224	109.1777
837.8125	9.589298	108.9075
838.125	9.567673	109.025
838.4375	9.571776	108.8554
838.75	9.554482	109.0755
839.0625	9.542356	108.8534
839.375	9.524499	108.942
839.6875	9.527586	108.9079
840	9.519423	108.7984
840.3125	9.506229	108.9915
840.625	9.496391	109.018
840.9375	9.487652	109.1303
841.25	9.479376	109.0647
841.5625	9.479733	108.9644
841.875	9.463966	109.0658
842.1875	9.457478	108.743
842.5	9.447304	108.8394
842.8125	9.437163	108.9806
843.125	9.428478	108.9127
843.4375	9.418811	108.9412
843.75	9.41602	108.9448
844.0625	9.405969	108.8418
844.375	9.38708	108.842
844.6875	9.380721	108.7675
845	9.379037	108.7734
845.3125	9.368812	108.827
845.625	9.361094	108.8262
845.9375	9.34882	108.8816
846.25	9.342802	108.8035
846.5625	9.33474	108.8509
846.875	9.332654	108.7517
847.1875	9.330999	108.7262
847.5	9.313349	108.6324
847.8125	9.306315	108.7176
848.125	9.306627	108.6094
848.4375	9.293279	108.4995
848.75	9.283388	108.6511
849.0625	9.27737	108.6508
849.375	9.267211	108.4671
849.6875	9.255935	108.6265
850	9.249986	108.6724
850.3125	9.24938	108.5949
850.625	9.238047	108.663
850.9375	9.235953	108.44
851.25	9.222865	108.627
851.5625	9.226259	108.6932
851.875	9.216455	108.6747
852.1875	9.208939	108.5999
852.5	9.204579	108.5936
852.8125	9.201027	108.6735
853.125	9.201329	108.491
853.4375	9.19503	108.611
853.75	9.189569	108.6006
854.0625	9.188653	108.4645
854.375	9.181868	108.654
854.6875	9.181219	108.565
855	9.184017	108.4662
855.3125	9.180861	108.5256
855.625	9.169914	108.5025
855.9375	9.178771	108.4728
856.25	9.175179	108.4726
856.5625	9.174663	108.4759
856.875	9.167707	108.5375
857.1875	9.17077	108.5558
857.5	9.161934	108.3891
857.8125	9.161786	108.4017
858.125	9.155244	108.3067
858.4375	9.156425	108.1602
858.75	9.155396	108.2273
859.0625	9.155835	108.12
859.375	9.143399	108.3417
859.6875	9.149517	108.0819
860	9.145324	108.2486
860.3125	9.147375	108.2599
860.625	9.144047	108.0986
860.9375	9.14511	108.1812
861.25	9.141323	108.0546
861.5625	9.146484	108.0651
861.875	9.145113	107.9587
862.1875	9.137062	107.9604
862.5	9.144804	108.0077
862.8125	9.14422	107.8465
863.125	9.140604	107.8236
863.4375	9.153006	107.6847
863.75	9.142643	107.9041
864.0625	9.138945	107.8331
864.375	9.14329	107.6181
864.6875	9.140452	107.6033
865	9.136859	107.507
865.3125	9.150537	107.6174
865.625	9.152938	107.4155
865.9375	9.142381	107.3041
866.25	9.147268	107.3573
866.5625	9.149139	107.3506
866.875	9.15521	107.2292
867.1875	9.152896	107.216
867.5	9.141856	107.2741
867.8125	9.15626	107.2234
868.125	9.160057	106.898
868.4375	9.152874	106.8689
868.75	9.157385	106.8364
869.0625	9.161305	106.6162
869.375	9.14459	106.5839
869.6875	9.145921	106.4641
870	9.148649	106.3331
870.3125	9.148063	106.1166
870.625	9.139686	106.0439
870.9375	9.134074	105.9129
871.25	9.124937	105.8973
871.5625	9.107746	105.6863
871.875	9.103601	105.6635
872.1875	9.098618	105.4811
872.5	9.086338	105.4911
872.8125	9.06319	105.3712
873.125	9.050265	105.3635
873.4375	9.041046	105.196
873.75	9.018207	105.0601
874.0625	9.006292	105.0753
874.375	8.999597	104.9752
874.6875	8.982727	104.9965
875	8.956963	105.0378
875.3125	8.951149	104.7317
875.625	8.941788	104.886
875.9375	8.926071	104.8593
876.25	8.924529	104.7773
876.5625	8.905639	104.6492
876.875	8.896368	104.8294
877.1875	8.882848	104.7167
877.5	8.869718	104.6896
877.8125	8.856178	104.652
878.125	8.855739	104.5626
878.4375	8.840652	104.6676
878.75	8.833206	104.5643
879.0625	8.825291	104.5605
879.375	8.814284	104.7248
879.6875	8.795354	104.3933
880	8.799151	104.4791
880.3125	8.785534	104.4235
880.625	8.781973	104.3217
880.9375	8.772253	104.3391
881.25	8.764897	104.4724
881.5625	8.756332	104.4454
881.875	8.752533	104.4625
882.1875	8.734249	104.3418
882.5	8.729348	104.3888
882.8125	8.721401	104.3259
883.125	8.719272	104.3663
883.4375	8.720514	104.4811
883.75	8.705431	104.4216
884.0625	8.709471	104.2912
884.375	8.695516	104.2688
884.6875	8.695086	104.4037
885	8.686162	104.1845
885.3125	8.681514	104.1018
885.625	8.667117	104.2062
885.9375	8.659786	104.1634
886.25	8.649674	104.2372
886.5625	8.644827	104.2413
886.875	8.637971	104.1343
887.1875	8.640228	104.1373
887.5	8.631143	104.0958
887.8125	8.620573	104.1938
888.125	8.61575	104.1017
888.4375	8.612866	104.2077
888.75	8.602537	104.2304
889.0625	8.599483	104.0801
889.375	8.597139	104.2462
889.6875	8.579329	104.0841
890	8.579792	104.1668
890.3125	8.594614	104.0329
890.625	8.591013	104.0755
890.9375	8.584275	104.1814
891.25	8.576634	104.0056
891.5625	8.5754	104.1234
891.875	8.571758	104.1166
892.1875	8.567851	104.0707
892.5	8.561716	104.2094
892.8125	8.548579	104.2036
893.125	8.555836	104.0854
893.4375	8.544396	104.3132
893.75	8.550631	103.9919
894.0625	8.546295	104.1405
894.375	8.547033	104.0449
894.6875	8.539494	104.1962
895	8.543452	104.2355
895.3125	8.543097	104.0495
895.625	8.52669	104.1708
895.9375	8.533667	104.2309
896.25	8.535561	104.086
896.5625	8.5294	104.1015
896.875	8.526488	104.0377
897.1875	8.533467	104.1263
897.5	8.526422	104.1442
897.8125	8.528092	104.0807
898.125	8.52988	104.1434
898.4375	8.521492	104.2636
898.75	8.52744	104.1781
899.0625	8.527905	104.1938
899.375	8.528169	104.2618
899.6875	8.531113	104.1625
900	8.528389	104.1819
900.3125	8.534886	104.1428
900.625	8.541195	104.1512
900.9375	8.540173	104.2068
901.25	8.543756	104.2478
901.5625	8.543696	104.2016
901.875	8.556717	104.3383
902.1875	8.549362	104.322
902.5	8.553285	104.1293
902.8125	8.559405	104.1257
903.125	8.57253	104.2351
903.4375	8.576953	104.1142
903.75	8.584439	104.0729
904.0625	8.578694	104.129
904.375	8.589871	104.234
904.6875	8.594254	103.8991
905	8.603469	104.0049
905.3125	8.602577	104.0696
905.625	8.601115	103.9187
905.9375	8.609542	103.9817
906.25	8.612869	104.0289
906.5625	8.607387	103.9188
906.875	8.626622	103.8917
907.1875	8.624784	103.6458
907.5	8.624797	103.8032
907.8125	8.634813	103.7849
908.125	8.636358	103.6122
908.4375	8.643553	103.7501
908.75	8.642832	103.3927
909.0625	8.644334	103.4958
909.375	8.646564	103.3258
909.6875	8.636703	103.2601
910	8.646783	103.293
910.3125	8.64249	103.2599
910.625	8.630706	103.2673
910.9375	8.634628	103.1019
911.25	8.634801	103.1778
911.5625	8.634398	103.1476
911.875	8.636402	103.1278
912.1875	8.634437	102.8131
912.5	8.631812	103.1322
912.8125	8.634313	103.039
913.125	8.628453	102.8889
913.4375	8.635388	103.1173
913.75	8.620709	102.8696
914.0625	8.63424	102.8362
914.375	8.633112	102.9541
914.6875	8.636097	102.9419
915	8.637257	102.9516
915.3125	8.647405	102.8764
915.625	8.639105	102.678
915.9375	8.632892	102.7159
916.25	8.638298	102.7059
916.5625	8.64492	102.6368
916.875	8.635522	102.5793
917.1875	8.641159	102.8441
917.5	8.662807	102.696
917.8125	8.655034	102.6512
918.125	8.651689	102.5714
918.4375	8.666063	102.5056
918.75	8.665431	102.4634
919.0625	8.66392	102.561
919.375	8.668204	102.4255
919.6875	8.674339	102.3697
920	8.659555	102.4545
920.3125	8.673397	102.4155
920.625	8.676883	102.3467
920.9375	8.666091	102.3059
921.25	8.672306	102.2398
921.5625	8.67159	102.1651
921.875	8.682617	102.0871
922.1875	8.67617	102.0366
922.5	8.681242	102.0323
922.8125	8.672855	102.0559
923.125	8.685102	101.993
923.4375	8.685135	102.0564
923.75	8.689902	101.9297
924.0625	8.690855	101.8678
924.375	8.696689	101.8185
924.6875	8.692027	101.8426
925	8.691296	101.7137
925.3125	8.698608	101.7844
925.625	8.700932	101.8675
925.9375	8.699106	101.6408
926.25	8.699558	101.5856
926.5625	8.705914	101.6055
926.875	8.71127	101.4617
927.1875	8.70023	101.4474
927.5	8.709422	101.5572
927.8125	8.697832	101.4049
928.125	8.708227	101.494
928.4375	8.694422	101.2182
928.75	8.700904	101.3753
929.0625	8.701715	101.381
929.375	8.709379	101.1967
929.6875	8.706925	101.4868
930	8.710683	101.3906
930.3125	8.71059	101.2013
930.625	8.71908	101.2376
930.9375	8.710755	101.275
931.25	8.717729	101.3183
931.5625	8.719828	101.0334
931.875	8.716968	101.2794
932.1875	8.714499	101.0424
932.5	8.723059	101.1612
932.8125	8.721107	101.3039
933.125	8.733303	101.0744
933.4375	8.723381	101.0987
933.75	8.730442	101.1781
934.0625	8.733404	100.9613
934.375	8.735451	100.9439
934.6875	8.74415	100.8174
935	8.742696	100.7146
935.3125	8.746918	100.7569
935.625	8.745773	100.6997
935.9375	8.745502	100.8618
936.25	8.750116	100.5588
936.5625	8.74654	100.7058
936.875	8.756573	100.8988
937.1875	8.759033	100.7018
937.5	8.75238	100.6994
937.8125	8.749105	100.7363
938.125	8.765144	100.815
938.4375	8.774457	100.634
938.75	8.771696	100.8818
939.0625	8.769547	100.4654
939.375	8.77626	100.5896
939.6875	8.769197	100.6994
940	8.772257	100.5197
940.3125	8.783582	100.5745
940.625	8.787264	100.6825
940.9375	8.796037	100.471
941.25	8.790623	100.5247
941.5625	8.797659	100.3475
941.875	8.794963	100.2193
942.1875	8.802318	100.2969
942.5	8.807596	100.2829
942.8125	8.805604	100.4171
943.125	8.814835	100.27
943.4375	8.81525	100.411
943.75	8.823883	100.2333
944.0625	8.819374	100.3698
944.375	8.826799	100.1751
944.6875	8.831437	100.4066
945	8.827638	100.2864
945.3125	8.839964	100.2542
945.625	8.842726	100.3412
945.9375	8.84563	100.3653
946.25	8.847357	100.1928
946.5625	8.857168	100.1685
946.875	8.864464	100.1025
947.1875	8.864193	100.2066
947.5	8.870794	100.0717
947.8125	8.872725	100.2644
948.125	8.880146	100.1349
948.4375	8.886062	100.0167
948.75	8.900867	100.1126
949.0625	8.902989	99.92173
949.375	8.905459	99.99438
949.6875	8.916012	99.98765
950	8.918159	99.9347
950.3125	8.933243	100.0523
950.625	8.935993	99.98286
950.9375	8.937806	99.91577
951.25	8.950897	99.73753
951.5625	8.95815	99.82133
951.875	8.949787	99.7778
952.1875	8.959575	99.96361
952.5	8.97621	99.74838
952.8125	8.978774	99.77225
953.125	8.979647	99.57713
953.4375	8.991137	99.62127
953.75	8.999797	99.63257
954.0625	9.012936	99.71812
954.375	9.011614	99.58002
954.6875	9.014706	99.52587
955	9.018849	99.70326
955.3125	9.034075	99.37347
955.625	9.044178	99.59774
955.9375	9.040737	99.43597
956.25	9.058782	99.44044
956.5625	9.062518	99.59412
956.875	9.068253	99.21945
957.1875	9.074491	99.47095
957.5	9.086864	99.33094
957.8125	9.091869	99.34798
958.125	9.099992	99.34358
958.4375	9.09265	99.25842
958.75	9.116329	99.2448
959.0625	9.105639	99.19559
959.375	9.117878	99.1825
959.6875	9.128758	99.13057
960	9.132091	98.77905
960.3125	9.133986	98.90674
960.625	9.145514	99.0976
960.9375	9.152863	98.93046
961.25	9.155123	98.96337
961.5625	9.172447	98.96398
961.875	9.173109	98.97388
962.1875	9.176882	98.90744
962.5	9.202889	99.03374
962.8125	9.207418	98.96009
963.125	9.212399	98.69872
963.4375	9.232744	98.67499
963.75	9.249907	98.77637
964.0625	9.254965	98.71363
964.375	9.269096	98.71879
964.6875	9.283704	98.54374
965	9.277826	98.47157
965.3125	9.293763	98.46966
965.625	9.310972	98.357
965.9375	9.305726	98.29074
966.25	9.312775	98.23216
966.5625	9.323124	98.22859
966.875	9.331307	98.22305
967.1875	9.340013	98.15559
967.5	9.341616	97.91934
967.8125	9.359859	98.00438
968.125	9.36475	97.8872
968.4375	9.363714	98.01723
968.75	9.375904	97.75854
969.0625	9.389208	97.76689
969.375	9.392564	97.76426
969.6875	9.401782	97.51817
970	9.405479	97.4836
970.3125	9.406641	97.47308
970.625	9.413289	97.42023
970.9375	9.419088	97.40416
971.25	9.427435	97.29051
971.5625	9.428438	97.26349
971.875	9.43228	97.30711
972.1875	9.436926	97.23561
972.5	9.444311	97.03358
972.8125	9.451051	97.14316
973.125	9.456831	96.88149
973.4375	9.460232	96.88998
973.75	9.471423	96.80904
974.0625	9.477328	96.92978
974.375	9.478513	96.87169
974.6875	9.47197	96.57345
975	9.484114	96.61638
975.3125	9.486032	96.63522
975.625	9.49343	96.40728
975.9375	9.498495	96.30643
976.25	9.497993	96.42901
976.5625	9.499608	96.44913
976.875	9.494108	96.46463
977.1875	9.49541	96.17135
977.5	9.502706	96.27625
977.8125	9.509556	96.14691
978.125	9.50091	95.98777
978.4375	9.511332	96.12395
978.75	9.51213	96.0829
979.0625	9.530985	96.04375
979.375	9.516306	95.87728
979.6875	9.522251	95.93077
980	9.522799	96.06191
980.3125	9.529758	95.75227
980.625	9.535814	95.82761
980.9375	9.541231	95.65969
981.25	9.542571	95.7882
981.5625	9.543099	95.73892
981.875	9.545553	95.59488
982.1875	9.554764	95.66351
982.5	9.558191	95.58307
982.8125	9.557557	95.44405
983.125	9.563164	95.5366
983.4375	9.563485	95.43811
983.75	9.555408	95.54774
984.0625	9.557323	95.38489
984.375	9.554208	95.56799
984.6875	9.560932	95.32868
985	9.562005	95.4642
985.3125	9.559282	95.39422
985.625	9.57182	95.30669
985.9375	9.563838	95.3278
986.25	9.556111	95.28408
986.5625	9.566371	95.26901
986.875	9.579431	95.55625
987.1875	9.579524	95.22892
987.5	9.594477	95.30365
987.8125	9.591614	95.33659
988.125	9.601837	95.31164
988.4375	9.608966	95.21975
988.75	9.624959	95.36124
989.0625	9.637519	95.25452
989.375	9.640018	95.36841
989.6875	9.635866	95.2467
990	9.65085	95.42259
990.3125	9.662704	95.18332
990.625	9.664139	95.23548
990.9375	9.673409	95.36218
991.25	9.685869	95.42941
991.5625	9.682335	95.34705
991.875	9.696122	95.17199
992.1875	9.7073	95.22139
992.5	9.714538	95.43475
992.8125	9.727499	95.33349
993.125	9.726655	95.33063
993.4375	9.733284	95.32904
993.75	9.745816	95.19957
994.0625	9.744553	95.18958
994.375	9.765733	95.01607
994.6875	9.779758	95.17721
995	9.788451	95.08231
995.3125	9.782944	95.17502
995.625	9.799232	95.08612
995.9375	9.805125	94.96823
996.25	9.808894	94.96536
996.5625	9.816897	95.16058
996.875	9.815747	95.0548
997.1875	9.831602	95.15283
997.5	9.837061	94.91007
997.8125	9.858252	94.9693
998.125	9.858744	95.05064
998.4375	9.862542	95.10769
998.75	9.879685	94.97307
999.0625	9.881262	94.98844
999.375	9.893399	94.94704
999.6875	9.902538	94.79244
1000	9.919576	95.59703
1000.3125	9.918904	94.81517
1000.625	9.932294	95.01718
1000.9375	9.944938	94.98211
1001.25	9.946638	94.94876
1001.5625	9.947404	94.60006
1001.875	9.964274	94.88575
1002.1875	9.983423	94.70837
1002.5	9.981679	94.94926
1002.8125	9.998135	94.6701
1003.125	10.01465	94.84933
1003.4375	10.01641	94.71877
1003.75	10.02874	94.79088
1004.0625	10.03834	94.74181
1004.375	10.04223	94.80222
1004.6875	10.06021	94.51258
1005	10.06944	94.64583
1005.3125	10.07796	94.67355
1005.625	10.08995	94.53593
1005.9375	10.10185	94.67136
1006.25	10.10323	94.70618
1006.5625	10.12008	94.75563
1006.875	10.12304	94.56573
1007.1875	10.13912	94.61796
1007.5	10.14736	94.54389
1007.8125	10.15857	94.50541
1008.125	10.17214	94.64169
1008.4375	10.18641	94.47393
1008.75	10.19471	94.68563
1009.0625	10.2067	94.80012
1009.375	10.2222	94.56139
1009.6875	10.23234	94.32888
1010	10.2453	94.65379
1010.3125	10.26099	94.56844
1010.625	10.27318	94.58973
1010.9375	10.28662	94.53532
1011.25	10.30059	94.48615
1011.5625	10.30549	94.38571
1011.875	10.32951	94.51563
1012.1875	10.34401	94.46547
1012.5	10.35405	94.33372
1012.8125	10.37143	94.18038
1013.125	10.38203	94.42519
1013.4375	10.38972	94.36209
1013.75	10.40326	94.18652
1014.0625	10.42262	94.05849
1014.375	10.43839	94.17056
1014.6875	10.44324	94.02612
1015	10.45309	94.19392
1015.3125	10.46365	94.12405
1015.625	10.48488	93.99586
1015.9375	10.49209	93.92921
1016.25	10.50364	93.91814
1016.5625	10.50835	94.02534
1016.875	10.53092	94.00157
1017.1875	10.5346	93.93921
1017.5	10.54524	93.78769
1017.8125	10.55758	93.91265
1018.125	10.57576	93.78271
1018.4375	10.57644	93.82438
1018.75	10.59459	93.91436
1019.0625	10.5977	93.56492
1019.375	10.60739	93.84559
1019.6875	10.62255	93.74014
1020	10.63224	93.72231
1020.3125	10.63847	93.93552
1020.625	10.64959	93.83238
1020.9375	10.6604	93.57691
1021.25	10.6627	93.76905
1021.5625	10.67628	93.62009
1021.875	10.69536	93.73929
1022.1875	10.69616	93.63694
1022.5	10.70457	93.50136
1022.8125	10.72363	93.59052
1023.125	10.72723	93.82201
1023.4375	10.74368	93.49136
1023.75	10.75157	93.63815
1024.0625	10.75729	93.59943
1024.375	10.7817	93.59401
1024.6875	10.78649	93.56557
1025	10.80303	93.61711
1025.3125	10.81972	93.73916
1025.625	10.83405	93.59058
1025.9375	10.84785	93.63997
1026.25	10.86423	93.67017
1026.5625	10.88023	93.64399
1026.875	10.88826	93.57758
1027.1875	10.90721	93.61658
1027.5	10.917	93.76935
1027.8125	10.93577	93.60088
1028.125	10.946	93.5955
1028.4375	10.958	93.64132
1028.75	10.98324	93.54837
1029.0625	10.99156	93.56911
1029.375	11.01155	93.64766
1029.6875	11.02285	93.54612
1030	11.04664	93.5041
1030.3125	11.05563	93.61105
1030.625	11.06973	93.53452
1030.9375	11.08837	93.63235
1031.25	11.10781	93.71295
1031.5625	11.12821	93.79494
1031.875	11.13909	93.56672
1032.1875	11.14841	93.63757
1032.5	11.16671	93.69412
1032.8125	11.19064	93.47959
1033.125	11.20538	93.64474
1033.4375	11.22127	93.5211
1033.75	11.24308	93.4985
1034.0625	11.25625	93.51105
1034.375	11.27219	93.4799
1034.6875	11.29084	93.4472
1035	11.30814	93.63694
1035.3125	11.33144	93.69193
1035.625	11.34782	93.60706
1035.9375	11.36526	93.65364
1036.25	11.38598	93.66796
1036.5625	11.40889	93.63723
1036.875	11.42542	93.42688
1037.1875	11.44575	93.67854
1037.5	11.45914	93.50307
1037.8125	11.48109	93.48046
1038.125	11.50441	93.53708
1038.4375	11.51595	93.46162
1038.75	11.54372	93.39907
1039.0625	11.56451	93.46055
1039.375	11.58569	93.46198
1039.6875	11.60386	93.2965
1040	11.62131	93.49948
1040.3125	11.63849	93.28729
1040.625	11.66001	93.19283
1040.9375	11.68048	93.10117
1041.25	11.70452	93.20705
1041.5625	11.71745	93.11472
1041.875	11.74028	93.20744
1042.1875	11.76127	93.24318
1042.5	11.77462	93.22018
1042.8125	11.79648	93.05015
1043.125	11.81037	93.05979
1043.4375	11.83711	93.01694
1043.75	11.84828	92.9952
1044.0625	11.85878	92.91911
1044.375	11.89012	93.06686
1044.6875	11.90178	92.85136
1045	11.91787	92.95882
1045.3125	11.93904	92.88818
1045.625	11.96001	92.84399
1045.9375	11.97806	92.81995
1046.25	11.99859	92.96643
1046.5625	12.01885	92.80389
1046.875	12.03423	93.00948
1047.1875	12.05472	92.88305
1047.5	12.07435	92.64146
1047.8125	12.09478	92.86485
1048.125	12.11498	92.70423
1048.4375	12.1373	92.87241
1048.75	12.14561	92.86356
1049.0625	12.18007	92.63538
1049.375	12.19275	92.77586
1049.6875	12.22193	92.76198
1050	12.24239	92.78237
1050.3125	12.26366	92.75266
1050.625	12.27609	92.59367
1050.9375	12.29315	92.78817
1051.25	12.3277	92.76392
1051.5625	12.34506	92.69106
1051.875	12.36839	92.57017
1052.1875	12.39331	92.48927
1052.5	12.41832	92.5372
1052.8125	12.43649	92.54875
1053.125	12.46217	92.38683
1053.4375	12.49	92.67554
1053.75	12.51094	92.43958
1054.0625	12.53167	92.69975
1054.375	12.55069	92.43536
1054.6875	12.58674	92.45369
1055	12.60958	92.42962
1055.3125	12.63252	92.41661
1055.625	12.654	92.4358
1055.9375	12.68206	92.46893
1056.25	12.70535	92.32497
1056.5625	12.72952	92.41127
1056.875	12.74882	92.34103
1057.1875	12.78357	92.28401
1057.5	12.8006	92.16903
1057.8125	12.82651	92.28809
1058.125	12.85704	92.28582
1058.4375	12.885	92.13869
1058.75	12.90429	92.19188
1059.0625	12.93662	92.1174
1059.375	12.96719	92.13094
1059.6875	12.97861	92.2478
1060	13.00313	92.11445
1060.3125	13.04124	91.95281
1060.625	13.07216	91.89376
1060.9375	13.09417	91.97387
1061.25	13.11978	91.8604
1061.5625	13.14853	91.89315
1061.875	13.17414	91.95143
1062.1875	13.19788	91.89509
1062.5	13.22892	91.89601
1062.8125	13.25907	91.78742
1063.125	13.28735	91.70505
1063.4375	13.31431	91.70504
1063.75	13.34144	91.59529
1064.0625	13.36913	91.53651
1064.375	13.3978	91.45975
1064.6875	13.42915	91.27415
1065	13.45474	91.37801
1065.3125	13.48191	91.43676
1065.625	13.5102	91.24797
1065.9375	13.54201	91.37482
1066.25	13.56703	91.11495
1066.5625	13.59757	91.13873
1066.875	13.62355	90.9111
1067.1875	13.65487	91.08197
1067.5	13.67094	90.88952
1067.8125	13.70518	90.81532
1068.125	13.73132	90.85707
1068.4375	13.7555	90.81888
1068.75	13.78553	90.74473
1069.0625	13.81166	90.59241
1069.375	13.84032	90.73868
1069.6875	13.86678	90.2831
1070	13.88804	90.44013
1070.3125	13.92088	90.54215
1070.625	13.9452	90.39688
1070.9375	13.9709	90.38213
1071.25	14.00225	90.37671
1071.5625	14.03016	90.26054
1071.875	14.06084	90.15622
1072.1875	14.0887	90.00375
1072.5	14.10851	89.99068
1072.8125	14.13951	89.83254
1073.125	14.16175	89.76291
1073.4375	14.19061	89.70834
1073.75	14.21996	89.72873
1074.0625	14.2463	89.63897
1074.375	14.27361	89.67657
1074.6875	14.29561	89.68083
1075	14.32429	89.24021
1075.3125	14.34167	89.39897
1075.625	14.37351	89.46005
1075.9375	14.40743	89.30337
1076.25	14.4251	89.29099
1076.5625	14.45103	89.25927
1076.875	14.47648	89.11028
1077.1875	14.50739	89.24442
1077.5	14.5351	88.85115
1077.8125	14.55952	88.84614
1078.125	14.57986	89.01641
1078.4375	14.60921	88.87414
1078.75	14.63239	88.92607
1079.0625	14.66317	88.91752
1079.375	14.68762	88.80633
1079.6875	14.71497	88.69328
1080	14.74493	88.48697
1080.3125	14.76855	88.60139
1080.625	14.79306	88.63439
1080.9375	14.82084	88.62138
1081.25	14.85089	88.61588
1081.5625	14.87815	88.60815
1081.875	14.9006	88.45376
1082.1875	14.93338	88.51556
1082.5	14.95809	88.33361
1082.8125	14.98954	88.18251
1083.125	15.01173	88.37003
1083.4375	15.04352	88.30331
1083.75	15.07257	88.31757
1084.0625	15.09983	88.38738
1084.375	15.1298	88.29778
1084.6875	15.16251	88.14772
1085	15.19912	88.36383
1085.3125	15.23438	88.02921
1085.625	15.26097	88.28849
1085.9375	15.29317	88.32259
1086.25	15.32193	88.28098
1086.5625	15.36581	88.37137
1086.875	15.40132	88.30657
1087.1875	15.43941	88.45986
1087.5	15.47279	88.2189
1087.8125	15.51905	88.25365
1088.125	15.55149	88.2364
1088.4375	15.593	87.9967
1088.75	15.63309	88.14758
1089.0625	15.67525	88.08471
1089.375	15.71735	88.09782
1089.6875	15.76129	88.11143
1090	15.80403	88.20975
1090.3125	15.84079	88.24655
1090.625	15.88799	87.94177
1090.9375	15.93358	87.92612
1091.25	15.97499	88.01328
1091.5625	16.02336	87.98742
1091.875	16.06461	87.81138
1092.1875	16.10657	87.9873
1092.5	16.14879	87.7655
1092.8125	16.19604	87.86671
1093.125	16.24037	87.78407
1093.4375	16.28599	87.61808
1093.75	16.3346	87.81213
1094.0625	16.38106	87.6157
1094.375	16.42291	87.53495
1094.6875	16.4759	87.52538
1095	16.52155	87.46816
1095.3125	16.56358	87.43846
1095.625	16.61458	87.33802
1095.9375	16.66664	87.00392
1096.25	16.71138	87.11957
1096.5625	16.75934	87.01904
1096.875	16.80937	87.00624
1097.1875	16.8613	86.93834
1097.5	16.91278	86.91051
1097.8125	16.96292	86.8783
1098.125	17.017	86.64105
1098.4375	17.07221	86.60456
1098.75	17.12375	86.38308
1099.0625	17.17388	86.4455
1099.375	17.22993	86.49113
1099.6875	17.28598	86.24973
1100	17.3386	86.23048
1100.3125	17.40054	85.98927
1100.625	17.45191	85.88332
1100.9375	17.50714	85.82925
1101.25	17.56392	85.8198
1101.5625	17.61963	85.64918
1101.875	17.67571	85.38735
1102.1875	17.73432	85.54478
1102.5	17.78983	85.05086
1102.8125	17.84629	84.94963
1103.125	17.90188	84.63772
1103.4375	17.9604	84.7203
1103.75	18.01705	84.42009
1104.0625	18.07318	84.3605
1104.375	18.13159	84.12008
1104.6875	18.1925	83.97423
1105	18.24793	83.93423
1105.3125	18.3051	83.91769
1105.625	18.36231	83.58318
1105.9375	18.4196	83.40475
1106.25	18.48082	83.22466
1106.5625	18.5391	83.17198
1106.875	18.59969	83.02678
1107.1875	18.65834	82.55714
1107.5	18.71853	82.63246
1107.8125	18.781	82.23851
1108.125	18.83378	82.08414
1108.4375	18.89738	81.87103
1108.75	18.95867	81.52515
1109.0625	19.01942	81.2872
1109.375	19.07664	81.2607
1109.6875	19.13676	80.86298
1110	19.19573	80.59712
1110.3125	19.25681	80.62747
1110.625	19.31637	80.13097
1110.9375	19.37443	79.89
1111.25	19.43698	79.74626
1111.5625	19.49188	79.11421
1111.875	19.55215	79.01991
1112.1875	19.61057	78.78869
1112.5	19.66615	78.49996
1112.8125	19.7229	77.93068
1113.125	19.77777	77.65238
1113.4375	19.83267	77.51692
1113.75	19.88331	77.21977
1114.0625	19.93764	76.83698
1114.375	19.9891	76.52285
1114.6875	20.03354	76.21008
1115	20.08213	75.83597
1115.3125	20.12877	75.52364
1115.625	20.17015	75.01679
1115.9375	20.21427	74.71664
1116.25	20.2559	74.35596
1116.5625	20.29388	73.99552
1116.875	20.3324	73.77858
1117.1875	20.37147	73.46513
1117.5	20.40378	73.01734
1117.8125	20.44031	72.67016
1118.125	20.46939	72.31062
1118.4375	20.50321	72.17551
1118.75	20.53404	71.8733
1119.0625	20.56249	71.65118
1119.375	20.59872	71.20668
1119.6875	20.63459	71.11275
1120	20.66935	71.10571
1120.3125	20.70091	70.80039
1120.625	20.73694	70.42091
1120.9375	20.77535	70.1052
1121.25	20.81273	70.18439
1121.5625	20.85038	69.7467
1121.875	20.89197	69.48636
1122.1875	20.93397	69.35506
1122.5	20.97778	69.07658
1122.8125	21.02114	68.79489
1123.125	21.06543	68.63126
1123.4375	21.11141	68.57606
1123.75	21.16148	68.45145
1124.0625	21.20655	68.10888
1124.375	21.25583	67.92579
1124.6875	21.30379	67.71375
1125	21.35711	67.49818
1125.3125	21.40529	67.06757
1125.625	21.4624	66.91841
1125.9375	21.51308	66.75069
1126.25	21.56533	66.52035
1126.5625	21.62075	66.13516
1126.875	21.67315	66.15955
1127.1875	21.72905	65.90378
1127.5	21.78595	65.47469
1127.8125	21.84498	65.26077
1128.125	21.90065	65.05092
1128.4375	21.95928	64.7905
1128.75	22.01893	64.62712
1129.0625	22.07735	64.24973
1129.375	22.13565	63.80281
1129.6875	22.19661	63.62185
1130	22.25792	63.26807
1130.3125	22.3194	62.9975
1130.625	22.37916	62.66631
1130.9375	22.44233	62.34781
1131.25	22.50543	62.09245
1131.5625	22.56826	61.85855
1131.875	22.63028	61.4567
1132.1875	22.69697	61.22327
1132.5	22.75904	60.83163
1132.8125	22.82522	60.48721
1133.125	22.88813	60.08741
1133.4375	22.95257	59.96656
1133.75	23.01647	59.54984
1134.0625	23.08426	58.97437
1134.375	23.15062	58.58839
1134.6875	23.2178	58.23884
1135	23.28563	57.69334
1135.3125	23.35103	57.40781
1135.625	23.4197	57.19241
1135.9375	23.48598	56.68888
1136.25	23.5548	56.34237
1136.5625	23.62564	55.99994
1136.875	23.69507	55.55244
1137.1875	23.76458	55.22953
1137.5	23.83592	54.74467
1137.8125	23.90611	54.26607
1138.125	23.9748	53.70929
1138.4375	24.04548	53.15606
1138.75	24.11591	52.81524
1139.0625	24.18523	52.33071
1139.375	24.25637	51.91029
1139.6875	24.32306	51.44324
1140	24.393	50.71081
1140.3125	24.46219	50.27202
1140.625	24.53158	49.77536
1140.9375	24.59881	49.23109
1141.25	24.66826	48.75142
1141.5625	24.73684	47.96429
1141.875	24.80354	47.45632
1142.1875	24.87045	47.03693
1142.5	24.93634	46.35845
1142.8125	25.00322	45.82772
1143.125	25.06793	45.19162
1143.4375	25.13296	44.74331
1143.75	25.19904	43.98945
1144.0625	25.26265	43.41537
1144.375	25.32803	42.97644
1144.6875	25.39527	42.09005
1145	25.45554	41.37405
1145.3125	25.5192	40.70607
1145.625	25.5821	40.21175
1145.9375	25.64454	39.46962
1146.25	25.70423	38.97997
1146.5625	25.76683	38.01189
1146.875	25.82519	37.32798
1147.1875	25.88283	36.776
1147.5	25.94342	35.97276
1147.8125	26.00011	35.17879
1148.125	26.05409	34.57514
1148.4375	26.10974	33.84789
1148.75	26.16472	32.71164
1149.0625	26.21828	32.13176
1149.375	26.27107	31.28206
1149.6875	26.32131	30.68082
1150	26.37067	29.72003
1150.3125	26.41998	28.86223
1150.625	26.46776	28.08192
1150.9375	26.51278	27.33056
1151.25	26.55841	26.37904
1151.5625	26.59982	25.61922
1151.875	26.63977	24.65414
1152.1875	26.68019	23.88191
1152.5	26.71397	22.96188
1152.8125	26.74778	21.99998
1153.125	26.78011	21.37896
1153.4375	26.80946	20.16398
1153.75	26.83798	19.26272
1154.0625	26.86242	18.35828
1154.375	26.88297	17.60148
1154.6875	26.90289	16.53268
1155	26.91994	15.52408
1155.3125	26.93598	14.60398
1155.625	26.94883	13.67641
1155.9375	26.95806	12.45216
1156.25	26.96804	11.79015
1156.5625	26.97493	10.71825
1156.875	26.9792	9.846098
1157.1875	26.9808	8.818686
1157.5	26.98162	7.87891
1157.8125	26.97961	6.99319
1158.125	26.97819	6.083609
1158.4375	26.97229	5.064316
1158.75	26.96418	4.214661
1159.0625	26.95535	2.893587
1159.375	26.94448	2.448297
1159.6875	26.92945	1.296356
1160	26.91446	0.4098989
1160.3125	26.89814	-0.5207705
1160.625	26.87957	-1.554528
1160.9375	26.85826	-2.391697
1161.25	26.8356	-3.245514
1161.5625	26.81111	-4.264283
1161.875	26.78479	-5.080139
1162.1875	26.75469	-6.247282
1162.5	26.72611	-6.888628
1162.8125	26.69461	-7.904931
1163.125	26.66018	-8.921367
1163.4375	26.62388	-9.585195
1163.75	26.58645	-10.68127
1164.0625	26.54668	-11.28447
1164.375	26.50559	-12.24687
1164.6875	26.46313	-13.30541
1165	26.41888	-14.0176
1165.3125	26.37345	-14.93116
1165.625	26.32544	-16.08194
1165.9375	26.27476	-16.76666
1166.25	26.22515	-17.56822
1166.5625	26.17314	-18.41741
1166.875	26.11961	-19.07567
1167.1875	26.06509	-19.91297
1167.5	26.00848	-20.68783
1167.8125	25.95041	-21.59421
1168.125	25.89187	-22.39741
1168.4375	25.83135	-23.15405
1168.75	25.76888	-23.81976
1169.0625	25.70725	-24.53676
1169.375	25.64404	-25.49923
1169.6875	25.57781	-26.21835
1170	25.51282	-26.88726
1170.3125	25.44378	-27.6827
1170.625	25.37661	-28.49884
1170.9375	25.30541	-29.13409
1171.25	25.23577	-29.94662
1171.5625	25.16531	-30.48738
1171.875	25.09278	-31.28546
1172.1875	25.02066	-31.87983
1172.5	24.94569	-32.59171
1172.8125	24.87018	-33.24168
1173.125	24.79437	-33.91303
1173.4375	24.71915	-34.52219
1173.75	24.64356	-35.17937
1174.0625	24.56491	-35.77438
1174.375	24.48407	-36.416
1174.6875	24.40715	-36.77097
1175	24.3291	-37.67411
1175.3125	24.25024	-38.1158
1175.625	24.17026	-38.52062
1175.9375	24.08871	-39.36052
1176.25	24.00884	-39.65863
1176.5625	23.92773	-40.37876
1176.875	23.84598	-40.93872
1177.1875	23.76316	-41.33114
1177.5	23.68022	-41.79681
1177.8125	23.59735	-42.46196
1178.125	23.51527	-42.73655
1178.4375	23.43228	-43.40905
1178.75	23.3505	-43.86895
1179.0625	23.26672	-44.29388
1179.375	23.18007	-44.95498
1179.6875	23.09675	-45.12505
1180	23.01404	-45.74379
1180.3125	22.93188	-45.99104
1180.625	22.85085	-46.44103
1180.9375	22.76418	-46.9195
1181.25	22.67931	-47.35147
1181.5625	22.59466	-47.90436
1181.875	22.51459	-48.1311
1182.1875	22.42708	-48.30244
1182.5	22.34341	-49.03831
1182.8125	22.25841	-49.4786
1183.125	22.17518	-49.63063
1183.4375	22.09129	-49.89879
1183.75	22.00812	-50.44814
1184.0625	21.92495	-50.74242
1184.375	21.84204	-51.06157
1184.6875	21.75829	-51.45774
1185	21.67809	-51.73379
1185.3125	21.59287	-52.15639
1185.625	21.51008	-52.23481
1185.9375	21.4256	-52.51737
1186.25	21.34701	-52.82509
1186.5625	21.26423	-53.08831
1186.875	21.18054	-53.38416
1187.1875	21.09831	-53.75605
1187.5	21.02129	-53.83139
1187.8125	20.94444	-54.27938
1188.125	20.85835	-54.4766
1188.4375	20.7789	-54.48146
1188.75	20.70185	-54.89425
1189.0625	20.62001	-55.287
1189.375	20.54228	-55.33955
1189.6875	20.4628	-55.47927
1190	20.38278	-55.88641
1190.3125	20.309	-55.91902
1190.625	20.22857	-56.11102
1190.9375	20.15325	-56.24784
1191.25	20.07513	-56.5722
1191.5625	19.99748	-56.72276
1191.875	19.92605	-56.86316
1192.1875	19.84668	-57.14594
1192.5	19.77035	-57.28029
1192.8125	19.69589	-57.24477
1193.125	19.62475	-57.59893
1193.4375	19.55115	-57.71497
1193.75	19.47474	-57.95844
1194.0625	19.40226	-58.04858
1194.375	19.32848	-58.21688
1194.6875	19.25528	-58.36559
1195	19.18653	-58.51434
1195.3125	19.11308	-58.69513
1195.625	19.04085	-58.72205
1195.9375	18.97298	-58.76433
1196.25	18.89772	-59.07093
1196.5625	18.8292	-59.26677
1196.875	18.75191	-59.26276
1197.1875	18.68632	-59.36733
1197.5	18.6187	-59.13868
1197.8125	18.55043	-59.50123
1198.125	18.48273	-59.57951
1198.4375	18.41357	-59.51054
1198.75	18.34933	-59.65871
1199.0625	18.27241	-59.67655
1199.375	18.21379	-59.69276
1199.6875	18.15197	-59.88788
1200	18.08532	-60.00249
1200.3125	18.01686	-60.09421
1200.625	17.95392	-60.07611
1200.9375	17.89119	-60.11403
1201.25	17.82815	-60.08994
1201.5625	17.76857	-60.14732
1201.875	17.70709	-60.19594
1202.1875	17.64657	-60.17541
1202.5	17.58101	-60.15221
1202.8125	17.52233	-60.50136
1203.125	17.45904	-60.4343
1203.4375	17.39787	-60.31522
1203.75	17.33692	-60.37531
1204.0625	17.27288	-60.48896
1204.375	17.21365	-60.38297
1204.6875	17.15516	-60.42101
1205	17.09909	-60.56718
1205.3125	17.03442	-60.4695
1205.625	16.97704	-60.39658
1205.9375	16.91828	-60.63472
1206.25	16.85929	-60.53627
1206.5625	16.80321	-60.30033
1206.875	16.74237	-60.28231
1207.1875	16.68424	-60.19316
1207.5	16.62653	-60.32984
1207.8125	16.5776	-60.11836
1208.125	16.51844	-60.14998
1208.4375	16.46493	-60.05983
1208.75	16.4049	-59.97
1209.0625	16.35821	-59.86552
1209.375	16.30439	-60.04917
1209.6875	16.25145	-59.78281
1210	16.20214	-59.59719
1210.3125	16.15042	-59.60057
1210.625	16.10555	-59.61198
1210.9375	16.05011	-59.36022
1211.25	16.00143	-59.32318
1211.5625	15.9566	-59.30648
1211.875	15.90866	-59.25607
1212.1875	15.86672	-59.05658
1212.5	15.81956	-59.00961
1212.8125	15.7702	-58.61768
1213.125	15.73161	-58.74356
1213.4375	15.6887	-58.48095
1213.75	15.64523	-58.51853
1214.0625	15.601	-58.30648
1214.375	15.56722	-58.32431
1214.6875	15.5268	-58.07396
1215	15.49338	-57.82846
1215.3125	15.45663	-57.52389
1215.625	15.42598	-57.52729
1215.9375	15.38729	-57.33371
1216.25	15.36216	-57.26896
1216.5625	15.33177	-56.97688
1216.875	15.3053	-56.88003
1217.1875	15.274	-56.69876
1217.5	15.24946	-56.57652
1217.8125	15.22866	-56.15976
1218.125	15.20211	-55.86412
1218.4375	15.1787	-55.86228
1218.75	15.16237	-55.53393
1219.0625	15.14324	-55.67334
1219.375	15.13316	-55.02923
1219.6875	15.11995	-54.91276
1220	15.10233	-54.84259
1220.3125	15.08881	-54.85843
1220.625	15.08065	-54.57639
1220.9375	15.06621	-54.29062
1221.25	15.06362	-54.14128
1221.5625	15.06706	-53.95767
1221.875	15.05877	-53.70276
1222.1875	15.06328	-53.42654
1222.5	15.06076	-53.35331
1222.8125	15.06911	-53.15063
1223.125	15.07327	-52.9015
1223.4375	15.07885	-52.70313
1223.75	15.09156	-52.59263
1224.0625	15.10751	-52.31137
1224.375	15.12171	-52.0919
1224.6875	15.13196	-52.1436
1225	15.15266	-52.00156
1225.3125	15.16898	-51.58998
1225.625	15.19524	-51.86729
1225.9375	15.22136	-51.85112
1226.25	15.24468	-51.43188
1226.5625	15.27794	-51.22356
1226.875	15.30648	-51.25558
1227.1875	15.34042	-51.15318
1227.5	15.37059	-51.16541
1227.8125	15.40631	-50.98369
1228.125	15.44024	-51.13884
1228.4375	15.47855	-50.78465
1228.75	15.51601	-51.17438
1229.0625	15.55246	-51.06946
1229.375	15.59434	-51.04784
1229.6875	15.6353	-51.38314
1230	15.67682	-51.2053
1230.3125	15.71982	-51.51352
1230.625	15.75808	-51.34963
1230.9375	15.79837	-51.71035
1231.25	15.84412	-51.60453
1231.5625	15.88936	-51.9483
1231.875	15.93172	-52.13292
1232.1875	15.97047	-52.15731
1232.5	16.01332	-52.42836
1232.8125	16.06262	-52.73931
1233.125	16.10302	-52.78699
1233.4375	16.14956	-53.33517
1233.75	16.19061	-53.43036
1234.0625	16.21899	-53.89009
1234.375	16.25583	-54.32323
1234.6875	16.28876	-54.26733
1235	16.31903	-54.85972
1235.3125	16.34728	-55.46808
1235.625	16.37427	-55.50786
1235.9375	16.39928	-56.0749
1236.25	16.41921	-56.41218
1236.5625	16.44168	-56.90591
1236.875	16.46016	-57.31633
1237.1875	16.47772	-57.7275
1237.5	16.48849	-58.1959
1237.8125	16.5027	-58.56322
1238.125	16.51112	-58.85379
1238.4375	16.51261	-59.3384
1238.75	16.51625	-59.91089
1239.0625	16.52149	-60.19786
1239.375	16.5197	-60.78414
1239.6875	16.51007	-61.46513
1240	16.50825	-61.76073
1240.3125	16.50132	-62.33817
1240.625	16.48634	-62.87555
1240.9375	16.48317	-63.02886
1241.25	16.46411	-63.49923
1241.5625	16.44613	-64.20343
1241.875	16.42847	-64.1964
1242.1875	16.40524	-64.71806
1242.5	16.38159	-65.31671
1242.8125	16.3602	-65.56287
1243.125	16.33394	-65.79144
1243.4375	16.30811	-66.33395
1243.75	16.28269	-66.8512
1244.0625	16.25556	-67.36646
1244.375	16.22047	-67.34673
1244.6875	16.19285	-67.8475
1245	16.16228	-68.36868
1245.3125	16.12644	-68.52769
1245.625	16.09224	-68.98376
1245.9375	16.06067	-69.46465
1246.25	16.02269	-69.58068
1246.5625	15.98306	-69.95306
1246.875	15.94812	-70.48862
1247.1875	15.91318	-70.64564
1247.5	15.87768	-70.9492
1247.8125	15.83645	-71.22609
1248.125	15.8016	-71.75105
1248.4375	15.76428	-71.66138
1248.75	15.72765	-72.2514
1249.0625	15.6863	-72.17251
1249.375	15.6434	-72.69341
1249.6875	15.60576	-72.83646
1250	15.57454	-74.18044
1250.3125	15.52404	-72.99294
1250.625	15.48802	-73.45432
1250.9375	15.45034	-73.97459
1251.25	15.40566	-74.15042
1251.5625	15.37195	-74.4659
1251.875	15.32709	-74.33887
1252.1875	15.29551	-74.86525
1252.5	15.25678	-74.93225
1252.8125	15.21167	-75.07754
1253.125	15.17279	-75.19763
1253.4375	15.13537	-75.54338
1253.75	15.09928	-75.63703
1254.0625	15.05787	-76.05551
1254.375	15.01812	-76.16199
1254.6875	14.98461	-76.40423
1255	14.94785	-76.73811
1255.3125	14.90602	-76.77911
1255.625	14.87106	-76.87599
1255.9375	14.8407	-76.95351
1256.25	14.80038	-77.16332
1256.5625	14.76197	-77.26069
1256.875	14.72942	-77.59917
1257.1875	14.69264	-77.61493
1257.5	14.6588	-78.09193
1257.8125	14.62786	-77.90707
1258.125	14.58846	-78.07622
1258.4375	14.55313	-78.25616
1258.75	14.51982	-78.53194
1259.0625	14.48902	-78.53712
1259.375	14.45099	-78.68981
1259.6875	14.42089	-78.91674
1260	14.38186	-79.29038
1260.3125	14.35831	-79.2879
1260.625	14.32377	-79.56557
1260.9375	14.28239	-79.27782
1261.25	14.25203	-79.73826
1261.5625	14.21702	-79.65608
1261.875	14.18668	-80.16572
1262.1875	14.15029	-79.93336
1262.5	14.11822	-80.07004
1262.8125	14.09033	-80.29582
1263.125	14.0524	-80.27643
1263.4375	14.01868	-80.49294
1263.75	13.98849	-80.5565
1264.0625	13.95431	-80.8534
1264.375	13.92908	-80.90894
1264.6875	13.89612	-81.02031
1265	13.86493	-80.99496
1265.3125	13.83798	-81.1642
1265.625	13.80769	-81.15467
1265.9375	13.77758	-81.60745
1266.25	13.74393	-81.54736
1266.5625	13.71625	-81.48239
1266.875	13.69175	-81.71712
1267.1875	13.66034	-81.82369
1267.5	13.63047	-81.8531
1267.8125	13.60239	-81.97352
1268.125	13.57413	-82.10946
1268.4375	13.54675	-82.35852
1268.75	13.51149	-82.58883
1269.0625	13.49949	-82.72519
1269.375	13.46437	-82.51038
1269.6875	13.44162	-82.91917
1270	13.41357	-82.98487
1270.3125	13.38706	-83.06203
1270.625	13.35743	-83.20132
1270.9375	13.33361	-83.10342
1271.25	13.30763	-83.36342
1271.5625	13.27829	-83.36868
1271.875	13.25723	-83.73551
1272.1875	13.23559	-83.8149
1272.5	13.20582	-83.9801
1272.8125	13.18185	-83.92648
1273.125	13.15433	-84.18901
1273.4375	13.12127	-84.50249
1273.75	13.10547	-84.49918
1274.0625	13.07747	-85.07011
1274.375	13.0482	-84.78345
1274.6875	13.0175	-85.17088
1275	12.99007	-85.34326
1275.3125	12.94839	-85.40001
1275.625	12.92344	-85.67869
1275.9375	12.88267	-85.9385
1276.25	12.84616	-86.02868
1276.5625	12.80016	-86.29871
1276.875	12.74867	-86.34106
1277.1875	12.6999	-86.34434
1277.5	12.64294	-86.64845
1277.8125	12.5826	-86.66805
1278.125	12.52361	-86.92631
1278.4375	12.4586	-86.75851
1278.75	12.39799	-86.83053
1279.0625	12.33963	-86.65093
1279.375	12.29228	-86.95089
1279.6875	12.24744	-86.34946
1280	12.21152	-86.31499
1280.3125	12.19455	-86.36256
1280.625	12.16921	-86.35272
1280.9375	12.1408	-86.21602
1281.25	12.10954	-86.36716
1281.5625	12.09938	-85.98833
1281.875	12.07338	-85.93406
1282.1875	12.06566	-85.87658
1282.5	12.03374	-86.01799
1282.8125	12.01172	-85.9585
1283.125	11.99418	-85.81863
1283.4375	11.97239	-85.80915
1283.75	11.95614	-86.04554
1284.0625	11.93751	-85.68385
1284.375	11.92594	-85.94799
1284.6875	11.89907	-85.91599
1285	11.88269	-86.02385
1285.3125	11.87261	-85.88131
1285.625	11.84684	-85.9343
1285.9375	11.84447	-85.96265
1286.25	11.82273	-85.91212
1286.5625	11.81322	-85.76391
1286.875	11.79517	-85.81892
1287.1875	11.7811	-85.8982
1287.5	11.77319	-85.83079
1287.8125	11.76521	-86.08086
1288.125	11.74698	-85.90028
1288.4375	11.74292	-86.11816
1288.75	11.72022	-85.92367
1289.0625	11.71701	-86.14373
1289.375	11.71195	-85.94748
1289.6875	11.70488	-86.09047
1290	11.689	-86.06097
1290.3125	11.68261	-85.95589
1290.625	11.67849	-86.22486
1290.9375	11.66991	-86.19968
1291.25	11.66751	-86.02208
1291.5625	11.66144	-86.37859
1291.875	11.65301	-86.33609
1292.1875	11.64569	-86.43143
1292.5	11.63537	-86.17944
1292.8125	11.6457	-86.60462
1293.125	11.63433	-86.7275
1293.4375	11.626	-86.55412
1293.75	11.61627	-86.68887
1294.0625	11.61135	-86.78699
1294.375	11.60681	-86.60197
1294.6875	11.60721	-86.75756
1295	11.59626	-86.96794
1295.3125	11.58867	-86.76061
1295.625	11.58471	-86.95399
1295.9375	11.57541	-87.03488
1296.25	11.57483	-87.22771
1296.5625	11.57918	-87.23239
1296.875	11.57428	-87.42316
1297.1875	11.56255	-87.3514
1297.5	11.55847	-87.47236
1297.8125	11.56813	-87.45307
1298.125	11.55689	-87.62746
1298.4375	11.55552	-87.86353
1298.75	11.55008	-87.93608
1299.0625	11.5433	-88.14546
1299.375	11.53479	-88.17208
1299.6875	11.5374	-88.21785
1300	11.53535	-88.26464
1300.3125	11.52495	-88.61098
1300.625	11.51502	-88.54762
1300.9375	11.51977	-88.6099
1301.25	11.51368	-88.77757
1301.5625	11.50963	-88.94794
1301.875	11.51263	-89.05282
1302.1875	11.50509	-89.03522
1302.5	11.49134	-89.15418
1302.8125	11.48893	-89.3093
1303.125	11.48849	-89.49622
1303.4375	11.4803	-89.66882
1303.75	11.47213	-89.79907
1304.0625	11.47571	-89.70335
1304.375	11.4731	-89.94789
1304.6875	11.46456	-90.0047
1305	11.46209	-90.26089
1305.3125	11.45455	-90.43597
1305.625	11.45715	-90.6927
1305.9375	11.43795	-90.45952
1306.25	11.4441	-90.56732
1306.5625	11.43634	-90.8219
1306.875	11.42174	-90.8366
1307.1875	11.42909	-91.14323
1307.5	11.42347	-91.16568
1307.8125	11.41166	-91.20454
1308.125	11.40918	-91.33647
1308.4375	11.41237	-91.67425
1308.75	11.40526	-91.69057
1309.0625	11.39708	-91.68303
1309.375	11.39202	-91.78661
1309.6875	11.38698	-92.11669
1310	11.37776	-92.23474
1310.3125	11.37796	-92.30191
1310.625	11.3785	-92.51336
1310.9375	11.37222	-92.33
1311.25	11.37286	-92.61862
1311.5625	11.37652	-92.72057
1311.875	11.37507	-93.01821
1312.1875	11.38306	-92.8203
1312.5	11.38239	-93.3157
1312.8125	11.38119	-93.33275
1313.125	11.37797	-93.32458
1313.4375	11.38481	-93.40081
1313.75	11.38935	-93.64053
1314.0625	11.38536	-93.88039
1314.375	11.3905	-93.83442
1314.6875	11.40518	-94.25172
1315	11.40977	-94.28091
1315.3125	11.41253	-94.473
1315.625	11.41355	-94.72061
1315.9375	11.41524	-94.80112
1316.25	11.41952	-94.96815
1316.5625	11.42089	-95.11285
1316.875	11.4285	-95.5428
1317.1875	11.42765	-95.53851
1317.5	11.43015	-95.72911
1317.8125	11.43657	-96.03358
1318.125	11.44333	-95.86834
1318.4375	11.43888	-96.32084
1318.75	11.44559	-96.69899
1319.0625	11.44068	-96.83501
1319.375	11.45189	-96.89822
1319.6875	11.45615	-97.23749
1320	11.46287	-97.53163
1320.3125	11.46419	-97.60703
1320.625	11.46987	-97.7186
1320.9375	11.47186	-98.04119
1321.25	11.47432	-98.22726
1321.5625	11.47788	-98.37832
1321.875	11.48794	-98.73211
1322.1875	11.49043	-98.87074
1322.5	11.49054	-99.01782
1322.8125	11.49085	-99.33778
1323.125	11.49253	-99.53851
1323.4375	11.49492	-99.76375
1323.75	11.501	-100.1876
1324.0625	11.50405	-100.5162
1324.375	11.50776	-100.4802
1324.6875	11.51849	-100.8572
1325	11.50643	-100.8488
1325.3125	11.51614	-101.1609
1325.625	11.51605	-101.2714
1325.9375	11.51749	-101.7509
1326.25	11.53015	-101.8387
1326.5625	11.53136	-102.156
1326.875	11.53231	-102.5538
1327.1875	11.5373	-102.7785
1327.5	11.53745	-102.8322
1327.8125	11.54218	-103.0929
1328.125	11.54838	-103.4374
1328.4375	11.55201	-103.7403
1328.75	11.55385	-103.9683
1329.0625	11.56615	-104.2238
1329.375	11.56212	-104.3997
1329.6875	11.56649	-104.9834
1330	11.56442	-105.2112
1330.3125	11.57313	-105.4618
1330.625	11.58476	-105.5915
1330.9375	11.59263	-105.7674
1331.25	11.58831	-106.0601
1331.5625	11.60863	-106.5049
1331.875	11.61063	-106.6149
1332.1875	11.62138	-106.6406
1332.5	11.64237	-106.9373
1332.8125	11.65827	-107.5243
1333.125	11.66192	-107.7365
1333.4375	11.68727	-107.9637
1333.75	11.70132	-108.0214
1334.0625	11.72167	-108.6679
1334.375	11.74729	-108.7327
1334.6875	11.76083	-109.3571
1335	11.77814	-109.422
1335.3125	11.80763	-109.8236
1335.625	11.82739	-110.0655
1335.9375	11.84697	-110.5906
1336.25	11.86821	-110.9602
1336.5625	11.88517	-111.7155
1336.875	11.91163	-111.7218
1337.1875	11.92356	-112.1209
1337.5	11.94693	-112.9809
1337.8125	11.95842	-113.1909
1338.125	11.97682	-113.6718
1338.4375	11.99274	-113.7492
1338.75	12.01109	-114.4546
1339.0625	12.01206	-114.8202
1339.375	12.02436	-114.9967
1339.6875	12.05385	-115.7227
1340	12.06904	-116.2299
1340.3125	12.08737	-116.7894
1340.625	12.09762	-117.3515
1340.9375	12.11437	-117.623
1341.25	12.12817	-118.3743
1341.5625	12.14225	-118.9499
1341.875	12.15741	-119.4051
1342.1875	12.18157	-119.8218
1342.5	12.18027	-120.2203
1342.8125	12.19409	-121.1956
1343.125	12.20754	-121.5892
1343.4375	12.22302	-122.1751
1343.75	12.23842	-122.6645
1344.0625	12.25961	-123.1006
1344.375	12.26692	-123.8877
1344.6875	12.27546	-124.3752
1345	12.28555	-124.8863
1345.3125	12.29961	-125.6232
1345.625	12.31252	-126.4038
1345.9375	12.32667	-126.8248
1346.25	12.33129	-127.3994
1346.5625	12.33895	-128.1961
1346.875	12.34445	-128.7111
1347.1875	12.3631	-129.4967
1347.5	12.37168	-130.3246
1347.8125	12.37442	-130.8595
1348.125	12.37957	-131.5045
1348.4375	12.38912	-132.295
1348.75	12.387	-132.9684
1349.0625	12.39356	-133.6698
1349.375	12.40214	-134.5915
1349.6875	12.41929	-135.0833
1350	12.4148	-135.8315
1350.3125	12.41681	-136.7614
1350.625	12.41955	-137.4465
1350.9375	12.42145	-138.2721
1351.25	12.42625	-138.9481
1351.5625	12.4276	-139.8902
1351.875	12.43411	-140.6475
1352.1875	12.42817	-141.3685
1352.5	12.42579	-142.4784
1352.8125	12.42218	-143.0774
1353.125	12.41636	-143.901
1353.4375	12.42202	-144.7228
1353.75	12.41544	-145.462
1354.0625	12.41726	-146.4572
1354.375	12.41265	-147.3426
1354.6875	12.40385	-148.1606
1355	12.39859	-149.1482
1355.3125	12.397	-149.8036
1355.625	12.38268	-151.1956
1355.9375	12.38325	-151.8544
1356.25	12.37129	-153.0109
1356.5625	12.35729	-154.3378
1356.875	12.35485	-154.9227
1357.1875	12.33219	-155.5989
1357.5	12.32741	-156.6499
1357.8125	12.30893	-157.806
1358.125	12.30743	-158.9195
1358.4375	12.27817	-160.0321
1358.75	12.27118	-160.9478
1359.0625	12.24175	-162.4365
1359.375	12.22403	-163.2515
1359.6875	12.2002	-164.352
1360	12.17579	-165.6438
1360.3125	12.15284	-166.5884
1360.625	12.13679	-167.9597
1360.9375	12.10481	-169.0121
1361.25	12.06223	-170.3301
1361.5625	12.03704	-171.2497
1361.875	12.00149	-172.4375
1362.1875	11.97234	-174.2761
1362.5	11.93253	-174.7866
1362.8125	11.89042	-176.3918
1363.125	11.84128	-177.8115
1363.4375	11.79268	-178.7607
1363.75	11.75898	179.9386
1364.0625	11.71515	178.7032
1364.375	11.65982	177.5537
1364.6875	11.60742	175.9286
1365	11.55515	174.725
1365.3125	11.49754	173.4938
1365.625	11.44542	171.6464
1365.9375	11.3769	170.6921
1366.25	11.33465	169.1727
1366.5625	11.25741	167.6729
1366.875	11.19441	166.0875
1367.1875	11.13393	165.1671
1367.5	11.05929	163.4987
1367.8125	10.99192	162.0066
1368.125	10.9188	160.5285
1368.4375	10.85639	159.158
1368.75	10.77936	157.7912
1369.0625	10.70228	156.2163
1369.375	10.62162	154.7339
1369.6875	10.57014	153.4055
1370	10.47034	151.8727
1370.3125	10.40128	150.2378
1370.625	10.31322	148.846
1370.9375	10.22533	147.3042
1371.25	10.13586	145.3627
1371.5625	10.04912	143.8795
1371.875	9.954296	142.2151
1372.1875	9.856572	140.6787
1372.5	9.769358	138.9637
1372.8125	9.662738	137.4944
1373.125	9.563905	135.7631
1373.4375	9.472076	133.9284
1373.75	9.368939	132.4449
1374.0625	9.263151	130.2809
1374.375	9.149397	128.6581
1374.6875	9.057093	126.9855
1375	8.96496	125.3052
1375.3125	8.848377	123.7725
1375.625	8.737469	121.8343
1375.9375	8.633801	119.9017
1376.25	8.533029	118.0174
1376.5625	8.416456	116.0896
1376.875	8.30276	114.7749
1377.1875	8.195504	112.57
1377.5	8.113917	110.8447
1377.8125	7.984689	108.953
1378.125	7.892292	106.8328
1378.4375	7.788317	105.0767
1378.75	7.683269	102.835
1379.0625	7.57508	101.1634
1379.375	7.476048	99.15553
1379.6875	7.376418	96.85839
1380	7.284911	94.743
1380.3125	7.179335	92.47802
1380.625	7.068441	90.47562
1380.9375	6.976264	88.12918
1381.25	6.884299	85.3834
1381.5625	6.772303	83.75453
1381.875	6.682666	81.41515
1382.1875	6.588351	78.58955
1382.5	6.478517	76.06416
1382.8125	6.379451	73.67824
1383.125	6.295529	71.33748
1383.4375	6.190788	68.72904
1383.75	6.098176	66.03185
1384.0625	6.000187	63.26786
1384.375	5.884405	60.5909
1384.6875	5.810813	57.4836
1385	5.728154	54.77213
1385.3125	5.632052	51.61852
1385.625	5.527109	48.66125
1385.9375	5.446079	45.44796
1386.25	5.358625	42.18914
1386.5625	5.272515	39.05845
1386.875	5.195269	35.53695
1387.1875	5.120939	31.8834
1387.5	5.036808	28.30956
1387.8125	4.959792	24.52293
1388.125	4.872386	20.57929
1388.4375	4.805862	16.54456
1388.75	4.757371	12.29909
1389.0625	4.686145	7.919747
1389.375	4.647507	3.529131
1389.6875	4.571313	-1.057963
1390	4.559229	-5.976621
1390.3125	4.523992	-10.77867
1390.625	4.488033	-16.03655
1390.9375	4.48713	-21.60524
1391.25	4.492418	-26.76778
1391.5625	4.513238	-32.85452
1391.875	4.56222	-38.837
1392.1875	4.584108	-45.10458
1392.5	4.656803	-51.59342
1392.8125	4.743502	-58.38721
1393.125	4.816536	-65.26963
1393.4375	4.933452	-73.14674
1393.75	5.010593	-80.1228
1394.0625	5.149474	-87.57226
1394.375	5.260127	-95.45441
1394.6875	5.417634	-102.9913
1395	5.565681	-110.7699
1395.3125	5.701382	-118.891
1395.625	5.826001	-126.4092
1395.9375	5.958812	-134.9238
1396.25	6.070451	-142.4955
1396.5625	6.159019	-150.1687
1396.875	6.237048	-158.0262
1397.1875	6.314266	-165.1191
1397.5	6.341343	-172.3025
1397.8125	6.391597	-179.319
1398.125	6.420208	174.1813
1398.4375	6.442361	167.6957
1398.75	6.433091	161.7351
1399.0625	6.441416	155.461
1399.375	6.458625	150.0559
1399.6875	6.460128	144.7075
1400	6.465552	139.6921
1400.3125	6.468341	134.8275
1400.625	6.47669	129.9741
1400.9375	6.467313	125.4743
1401.25	6.471191	121.0915
1401.5625	6.461648	117.4326
1401.875	6.467669	112.9998
1402.1875	6.468084	109.5123
1402.5	6.454774	105.6991
1402.8125	6.464465	102.2444
1403.125	6.453896	98.68378
1403.4375	6.480107	95.76501
1403.75	6.444624	92.67939
1404.0625	6.471663	90.12898
1404.375	6.4861	86.97382
1404.6875	6.472037	83.94033
1405	6.486927	81.40134
1405.3125	6.495395	78.9472
1405.625	6.507378	76.4645
1405.9375	6.501133	73.83131
1406.25	6.497811	71.63952
1406.5625	6.509797	69.43576
1406.875	6.525827	67.00272
1407.1875	6.513473	65.124
1407.5	6.535421	62.94487
1407.8125	6.540996	60.94369
1408.125	6.52049	58.99564
1408.4375	6.553894	57.18325
1408.75	6.556338	55.61947
1409.0625	6.552797	53.92117
1409.375	6.560983	51.70282
1409.6875	6.560598	50.47894
1410	6.57017	48.45806
1410.3125	6.584583	46.98787
1410.625	6.601093	45.47553
1410.9375	6.628308	44.04264
1411.25	6.61083	42.76563
1411.5625	6.633577	41.04611
1411.875	6.660039	39.50089
1412.1875	6.67795	38.29274
1412.5	6.689954	37.01833
1412.8125	6.67976	35.32059
1413.125	6.699942	34.35478
1413.4375	6.706533	33.09245
1413.75	6.741342	31.89572
1414.0625	6.732864	30.54633
1414.375	6.745014	29.49759
1414.6875	6.766981	28.30491
1415	6.763937	27.21588
1415.3125	6.78417	26.00735
1415.625	6.789224	25.06834
1415.9375	6.809044	23.71997
1416.25	6.811684	22.76436
1416.5625	6.831358	21.87382
1416.875	6.837761	20.97961
1417.1875	6.844023	19.82062
1417.5	6.847635	19.03639
1417.8125	6.882269	18.10596
1418.125	6.898661	16.70597
1418.4375	6.882525	15.87882
1418.75	6.917443	15.05001
1419.0625	6.93212	14.10756
1419.375	6.934603	13.55165
1419.6875	6.966172	12.52762
1420	6.967745	11.57927
1420.3125	6.96261	10.8606
1420.625	6.993881	9.913263
1420.9375	6.994069	8.918714
1421.25	7.012942	8.211898
1421.5625	7.019069	7.535526
1421.875	7.047935	6.862266
1422.1875	7.059995	6.259362
1422.5	7.066049	5.214636
1422.8125	7.052396	4.538178
1423.125	7.07875	3.888386
1423.4375	7.087698	3.371984
1423.75	7.099661	2.497386
1424.0625	7.124496	1.790506
1424.375	7.11871	1.177648
1424.6875	7.149691	0.5824248
1425	7.158165	0.06222033
1425.3125	7.192398	-0.6045791
1425.625	7.21647	-1.224515
1425.9375	7.22502	-2.164941
1426.25	7.238808	-2.638841
1426.5625	7.254539	-3.157809
1426.875	7.250806	-4.168739
1427.1875	7.279106	-4.703361
1427.5	7.277836	-5.508295
1427.8125	7.291076	-5.902484
1428.125	7.30082	-6.393438
1428.4375	7.325759	-7.016148
1428.75	7.340178	-7.335522
1429.0625	7.318588	-8.156127
1429.375	7.350485	-8.718444
1429.6875	7.349534	-9.02977
1430	7.351017	-9.493333
1430.3125	7.382565	-9.952751
1430.625	7.392233	-10.73827
1430.9375	7.406582	-10.99767
1431.25	7.429008	-11.45033
1431.5625	7.429279	-11.85255
1431.875	7.465386	-12.67067
1432.1875	7.469288	-12.60721
1432.5	7.487961	-13.40799
1432.8125	7.525148	-14.04181
1433.125	7.532573	-14.50388
1433.4375	7.554398	-14.75766
1433.75	7.5773	-15.56644
1434.0625	7.594306	-15.58024
1434.375	7.613697	-16.53194
1434.6875	7.62793	-16.68764
1435	7.633148	-16.81803
1435.3125	7.676957	-17.81702
1435.625	7.672879	-18.19042
1435.9375	7.67544	-18.76585
1436.25	7.709804	-18.99773
1436.5625	7.714057	-19.61443
1436.875	7.738166	-19.92556
1437.1875	7.758176	-20.60155
1437.5	7.765796	-20.82902
1437.8125	7.780452	-21.4696
1438.125	7.79125	-21.82735
1438.4375	7.811089	-22.07338
1438.75	7.834966	-22.59986
1439.0625	7.849912	-23.09487
1439.375	7.855427	-23.23717
1439.6875	7.889481	-23.66859
1440	7.905626	-24.48588
1440.3125	7.92922	-24.56086
1440.625	7.943585	-24.72413
1440.9375	7.962141	-25.57375
1441.25	7.985817	-25.58922
1441.5625	7.992629	-26.17654
1441.875	8.008673	-26.87037
1442.1875	8.035482	-27.31584
1442.5	8.051631	-27.59765
1442.8125	8.088776	-27.91095
1443.125	8.10862	-28.13905
1443.4375	8.122957	-28.8207
1443.75	8.144239	-28.83308
1444.0625	8.148827	-29.45469
1444.375	8.171088	-30.09073
1444.6875	8.200705	-30.35746
1445	8.201282	-30.56592
1445.3125	8.240068	-31.37351
1445.625	8.2575	-31.67186
1445.9375	8.264419	-31.97619
1446.25	8.290771	-32.57253
1446.5625	8.303257	-32.54448
1446.875	8.339151	-33.29882
1447.1875	8.346682	-33.71971
1447.5	8.362831	-33.74703
1447.8125	8.399574	-34.56554
1448.125	8.409084	-34.96885
1448.4375	8.419983	-35.2328
1448.75	8.444016	-35.76943
1449.0625	8.445184	-36.02917
1449.375	8.484585	-36.39232
1449.6875	8.494687	-36.97927
1450	8.515559	-37.31255
1450.3125	8.53572	-37.85015
1450.625	8.550312	-37.97466
1450.9375	8.546995	-38.27248
1451.25	8.58957	-38.82533
1451.5625	8.611753	-39.3772
1451.875	8.640567	-39.86699
1452.1875	8.64712	-39.90812
1452.5	8.664275	-40.90766
1452.8125	8.706448	-40.97889
1453.125	8.709466	-41.66529
1453.4375	8.722387	-42.23814
1453.75	8.738817	-42.26469
1454.0625	8.771875	-42.85255
1454.375	8.776616	-43.28893
1454.6875	8.791126	-43.94154
1455	8.81409	-44.0385
1455.3125	8.828135	-45.0255
1455.625	8.854894	-45.2609
1455.9375	8.866826	-45.71619
1456.25	8.870636	-46.17249
1456.5625	8.879431	-46.81319
1456.875	8.888713	-47.19613
1457.1875	8.910005	-47.9795
1457.5	8.907131	-48.43317
1457.8125	8.932688	-48.86521
1458.125	8.927834	-49.46805
1458.4375	8.949387	-49.86177
1458.75	8.95841	-50.36447
1459.0625	8.959286	-51.1049
1459.375	8.958184	-51.52607
1459.6875	8.968965	-52.07359
1460	8.964484	-52.43209
1460.3125	8.982639	-53.17811
1460.625	8.976213	-53.97498
1460.9375	8.964259	-54.20392
1461.25	8.978661	-54.66222
1461.5625	8.961585	-55.38118
1461.875	8.976511	-55.84956
1462.1875	8.982069	-56.3308
1462.5	8.971434	-57.15332
1462.8125	8.961213	-57.70477
1463.125	8.962282	-58.53466
1463.4375	8.940791	-58.99239
1463.75	8.921063	-59.4417
1464.0625	8.904647	-60.08439
1464.375	8.887997	-60.3892
1464.6875	8.879965	-61.19298
1465	8.846951	-61.79046
1465.3125	8.817731	-62.49792
1465.625	8.798458	-63.20363
1465.9375	8.760527	-63.69658
1466.25	8.728516	-64.13584
1466.5625	8.697975	-64.86572
1466.875	8.657239	-65.34833
1467.1875	8.627015	-66.1329
1467.5	8.568109	-66.5287
1467.8125	8.524	-67.19922
1468.125	8.486902	-67.4304
1468.4375	8.446585	-68.07183
1468.75	8.401053	-68.66109
1469.0625	8.350978	-69.36327
1469.375	8.309416	-69.7428
1469.6875	8.250298	-70.56634
1470	8.188778	-70.68546
1470.3125	8.14744	-71.05224
1470.625	8.086461	-71.53326
1470.9375	8.016727	-71.86218
1471.25	7.961466	-72.87095
1471.5625	7.883722	-73.12447
1471.875	7.82852	-73.68432
1472.1875	7.749321	-74.0359
1472.5	7.693107	-74.4839
1472.8125	7.630087	-74.58442
1473.125	7.558723	-75.12821
1473.4375	7.48926	-75.85786
1473.75	7.426927	-75.63861
1474.0625	7.360116	-75.9377
1474.375	7.292194	-76.53123
1474.6875	7.217743	-77.01269
1475	7.148304	-77.14823
1475.3125	7.086798	-77.51745
1475.625	7.015433	-77.65316
1475.9375	6.946625	-77.90297
1476.25	6.883335	-78.12916
1476.5625	6.824298	-78.64767
1476.875	6.736042	-78.59242
1477.1875	6.674585	-79.11852
1477.5	6.594702	-79.51076
1477.8125	6.534691	-79.2656
1478.125	6.488306	-79.66142
1478.4375	6.382667	-79.86986
1478.75	6.3161	-79.96535
1479.0625	6.245566	-80.24571
1479.375	6.1809	-80.35986
1479.6875	6.10698	-80.69488
1480	6.038446	-80.62901
1480.3125	5.961987	-80.88842
1480.625	5.884063	-81.16814
1480.9375	5.808757	-81.51263
1481.25	5.732115	-81.29816
1481.5625	5.663497	-81.49392
1481.875	5.617379	-81.34701
1482.1875	5.514641	-81.75329
1482.5	5.427488	-82.48509
1482.8125	5.327713	-81.9154
1483.125	5.264268	-81.94781
1483.4375	5.201712	-82.29905
1483.75	5.104332	-82.13539
1484.0625	5.037148	-82.24163
1484.375	4.955719	-82.18468
1484.6875	4.862613	-82.2879
1485	4.791297	-82.20319
1485.3125	4.736392	-81.96625
1485.625	4.637777	-81.94132
1485.9375	4.554468	-82.10717
1486.25	4.505869	-81.84757
1486.5625	4.405075	-81.98503
1486.875	4.308621	-81.35378
1487.1875	4.25909	-81.3749
1487.5	4.169573	-81.06389
1487.8125	4.094558	-80.99177
1488.125	4.01342	-80.91114
1488.4375	3.957856	-80.48956
1488.75	3.89843	-80.20885
1489.0625	3.795972	-79.88184
1489.375	3.77014	-79.582
1489.6875	3.683963	-79.30511
1490	3.63867	-79.19736
1490.3125	3.557964	-79.05705
1490.625	3.53187	-78.07018
1490.9375	3.466161	-77.84619
1491.25	3.438584	-77.77439
1491.5625	3.373534	-77.2163
1491.875	3.333518	-76.75713
1492.1875	3.301303	-76.42266
1492.5	3.269008	-76.2084
1492.8125	3.236843	-75.59988
1493.125	3.20352	-74.98925
1493.4375	3.176904	-74.51592
1493.75	3.151243	-73.99037
1494.0625	3.136522	-73.14723
1494.375	3.15058	-73.12812
1494.6875	3.140442	-72.65504
1495	3.157748	-72.3857
1495.3125	3.162216	-71.51556
1495.625	3.149009	-71.14825
1495.9375	3.177591	-70.72013
1496.25	3.174589	-70.19774
1496.5625	3.213275	-69.5626
1496.875	3.232983	-69.62464
1497.1875	3.278571	-68.70722
1497.5	3.307664	-68.40268
1497.8125	3.322143	-68.36805
1498.125	3.382146	-68.1188
1498.4375	3.407252	-67.8457
1498.75	3.429985	-67.62399
1499.0625	3.489328	-66.9301
1499.375	3.500972	-67.19411
1499.6875	3.555198	-66.75249
1500	3.577084	-66.27142
1500.3125	3.656099	-66.83566
1500.625	3.67722	-66.23989
1500.9375	3.692438	-66.40874
1501.25	3.737542	-66.49641
1501.5625	3.782561	-66.14567
1501.875	3.77251	-66.19334
1502.1875	3.808443	-66.15816
1502.5	3.810671	-66.17532
1502.8125	3.824589	-65.99263
1503.125	3.874142	-65.98186
1503.4375	3.857175	-65.85741
1503.75	3.898353	-65.51853
1504.0625	3.922857	-65.48977
1504.375	3.945732	-65.61304
1504.6875	3.920224	-65.06139
1505	3.974669	-65.57967
1505.3125	3.998966	-65.07654
1505.625	4.007565	-65.35477
1505.9375	4.003168	-65.12667
1506.25	4.014257	-65.12228
1506.5625	4.057408	-64.85995
1506.875	4.077437	-64.88197
1507.1875	4.09784	-64.62678
1507.5	4.118107	-64.79897
1507.8125	4.118905	-64.49152
1508.125	4.178984	-64.51773
1508.4375	4.20487	-64.58071
1508.75	4.235133	-64.50523
1509.0625	4.269646	-64.40393
1509.375	4.291596	-64.46691
1509.6875	4.334455	-64.2268
1510	4.346342	-64.29987
1510.3125	4.382817	-64.21774
1510.625	4.427076	-64.17166
1510.9375	4.455939	-63.92825
1511.25	4.505255	-64.01048
1511.5625	4.503707	-63.95818
1511.875	4.541933	-64.1162
1512.1875	4.593146	-63.7578
1512.5	4.617046	-64.02477
1512.8125	4.649717	-63.79371
1513.125	4.680871	-64.19009
1513.4375	4.740215	-64.29955
1513.75	4.765912	-64.23666
1514.0625	4.804515	-64.32703
1514.375	4.824825	-64.68364
1514.6875	4.837383	-64.38893
1515	4.899428	-64.62162
1515.3125	4.934016	-64.41673
1515.625	4.930321	-64.98561
1515.9375	4.96857	-64.82497
1516.25	4.990535	-65.23941
1516.5625	5.029612	-65.04395
1516.875	5.065124	-65.41069
1517.1875	5.055818	-65.05362
1517.5	5.080261	-65.65362
1517.8125	5.109488	-65.59824
1518.125	5.149355	-65.70671
1518.4375	5.150082	-66.20437
1518.75	5.189037	-66.14427
1519.0625	5.215115	-66.43633
1519.375	5.225715	-66.54771
1519.6875	5.247095	-66.59726
1520	5.257588	-66.57687
1520.3125	5.291534	-67.04736
1520.625	5.279712	-67.0349
1520.9375	5.302706	-67.24389
1521.25	5.332867	-67.17931
1521.5625	5.322045	-67.53905
1521.875	5.358886	-67.71903
1522.1875	5.33913	-68.08603
1522.5	5.384965	-68.04095
1522.8125	5.384037	-68.2316
1523.125	5.388111	-67.82236
1523.4375	5.414863	-68.26264
1523.75	5.420926	-68.66556
1524.0625	5.427614	-68.51386
1524.375	5.439596	-68.4937
1524.6875	5.450261	-69.12041
1525	5.471735	-69.19572
1525.3125	5.476983	-69.19515
1525.625	5.491043	-69.76149
1525.9375	5.526099	-69.38922
1526.25	5.514894	-70.06535
1526.5625	5.54501	-70.01251
1526.875	5.544436	-70.13387
1527.1875	5.579462	-70.18932
1527.5	5.575594	-70.71283
1527.8125	5.591937	-70.59315
1528.125	5.619851	-70.72768
1528.4375	5.612819	-70.95228
1528.75	5.629245	-71.26828
1529.0625	5.626671	-71.04288
1529.375	5.678165	-71.43969
1529.6875	5.672172	-72.08788
1530	5.672538	-71.78203
1530.3125	5.669022	-72.38316
1530.625	5.686457	-72.45306
1530.9375	5.687461	-72.39596
1531.25	5.703044	-72.98012
1531.5625	5.694519	-72.66741
1531.875	5.7007	-73.50034
1532.1875	5.700107	-73.27132
1532.5	5.670851	-73.84179
1532.8125	5.683841	-73.92411
1533.125	5.681611	-74.06062
1533.4375	5.686047	-74.48192
1533.75	5.687384	-74.39742
1534.0625	5.689857	-74.64158
1534.375	5.672452	-75.12363
1534.6875	5.67337	-75.23403
1535	5.669671	-75.06578
1535.3125	5.666882	-75.79332
1535.625	5.669906	-75.71912
1535.9375	5.687687	-75.8698
1536.25	5.673714	-76.34356
1536.5625	5.689297	-76.63634
1536.875	5.67056	-76.69529
1537.1875	5.684068	-76.72775
1537.5	5.680799	-76.91502
1537.8125	5.665342	-77.12144
1538.125	5.651121	-77.52335
1538.4375	5.661173	-77.77104
1538.75	5.660751	-77.91043
1539.0625	5.656077	-78.18953
1539.375	5.628366	-78.4726
1539.6875	5.633898	-78.65432
1540	5.614143	-79.05099
1540.3125	5.615335	-79.16848
1540.625	5.607538	-79.48105
1540.9375	5.589489	-79.84913
1541.25	5.598261	-79.75896
1541.5625	5.561406	-80.39484
1541.875	5.559426	-80.54341
1542.1875	5.547298	-81.14202
1542.5	5.500723	-81.166
1542.8125	5.490477	-81.68355
1543.125	5.456728	-81.59095
1543.4375	5.435938	-81.84829
1543.75	5.405927	-82.16628
1544.0625	5.403892	-82.40057
1544.375	5.377691	-82.39976
1544.6875	5.341923	-82.42046
1545	5.339183	-82.80142
1545.3125	5.293234	-83.43901
1545.625	5.274329	-83.16634
1545.9375	5.235509	-83.70053
1546.25	5.213614	-83.93342
1546.5625	5.176059	-83.93025
1546.875	5.13839	-84.49613
1547.1875	5.110237	-84.79146
1547.5	5.084275	-84.68983
1547.8125	5.044067	-84.92469
1548.125	5.005933	-84.96673
1548.4375	4.981368	-85.17833
1548.75	4.95439	-85.52442
1549.0625	4.894937	-85.29124
1549.375	4.860672	-85.8159
1549.6875	4.806765	-86.10065
1550	4.786671	-86.52058
1550.3125	4.726058	-86.46246
1550.625	4.677862	-86.33462
1550.9375	4.640913	-86.75731
1551.25	4.601003	-86.61871
1551.5625	4.580162	-86.7094
1551.875	4.50286	-86.88934
1552.1875	4.47032	-87.25298
1552.5	4.417926	-87.10732
1552.8125	4.387688	-86.97749
1553.125	4.326733	-87.49368
1553.4375	4.270782	-87.2792
1553.75	4.25083	-87.18237
1554.0625	4.204686	-87.24475
1554.375	4.168511	-87.56939
1554.6875	4.122361	-87.49448
1555	4.02598	-87.10347
1555.3125	4.003405	-87.20016
1555.625	3.954046	-87.21059
1555.9375	3.914307	-87.63926
1556.25	3.870391	-87.35555
1556.5625	3.806197	-87.21053
1556.875	3.77357	-87.05595
1557.1875	3.730007	-87.13973
1557.5	3.681931	-87.29327
1557.8125	3.648351	-87.10011
1558.125	3.590169	-87.13342
1558.4375	3.534649	-86.74037
1558.75	3.528639	-86.65434
1559.0625	3.458648	-86.92371
1559.375	3.418015	-86.6488
1559.6875	3.382502	-86.7737
1560	3.325576	-86.26845
1560.3125	3.280812	-86.27812
1560.625	3.253788	-85.88525
1560.9375	3.197724	-85.78696
1561.25	3.15068	-86.18833
1561.5625	3.13153	-85.43068
1561.875	3.049665	-85.24706
1562.1875	3.040492	-85.40013
1562.5	3.006431	-85.09187
1562.8125	2.97878	-85.19198
1563.125	2.919469	-84.51402
1563.4375	2.897098	-84.63782
1563.75	2.868831	-84.42845
1564.0625	2.830721	-83.92603
1564.375	2.819053	-83.73943
1564.6875	2.78517	-83.69458
1565	2.75582	-83.14615
1565.3125	2.691865	-82.9987
1565.625	2.689836	-82.7376
1565.9375	2.679282	-82.07883
1566.25	2.64969	-82.39764
1566.5625	2.631496	-81.64265
1566.875	2.609753	-81.52071
1567.1875	2.600029	-81.09348
1567.5	2.585391	-80.8438
1567.8125	2.568774	-80.53473
1568.125	2.514601	-80.19763
1568.4375	2.511291	-80.05242
1568.75	2.505538	-79.87596
1569.0625	2.513036	-79.59893
1569.375	2.500508	-79.24857
1569.6875	2.51905	-78.55729
1570	2.518027	-77.95767
1570.3125	2.507147	-78.22057
1570.625	2.507181	-77.79537
1570.9375	2.497201	-77.5794
1571.25	2.4811	-77.21703
1571.5625	2.47948	-76.57121
1571.875	2.515543	-76.68919
1572.1875	2.538955	-76.3783
1572.5	2.555791	-75.72707
1572.8125	2.542062	-75.87854
1573.125	2.56872	-75.21767
1573.4375	2.550753	-74.75669
1573.75	2.552243	-75.00847
1574.0625	2.579229	-74.19753
1574.375	2.610867	-74.06461
1574.6875	2.600903	-74.13464
1575	2.662787	-73.60095
1575.3125	2.653559	-73.24043
1575.625	2.673385	-73.08717
1575.9375	2.703744	-73.13074
1576.25	2.724165	-72.3835
1576.5625	2.736758	-72.53262
1576.875	2.774135	-71.78276
1577.1875	2.779121	-71.66384
1577.5	2.8309	-71.76989
1577.8125	2.867404	-71.494
1578.125	2.893735	-71.49755
1578.4375	2.923175	-70.94852
1578.75	2.966379	-70.93849
1579.0625	2.989228	-70.88003
1579.375	3.001131	-70.57546
1579.6875	3.011482	-70.83173
1580	3.071045	-70.12405
1580.3125	3.078146	-70.26044
1580.625	3.121603	-70.00452
1580.9375	3.148655	-69.94744
1581.25	3.191505	-69.75956
1581.5625	3.221145	-69.81586
1581.875	3.243491	-69.66241
1582.1875	3.291872	-69.2545
1582.5	3.305907	-69.40376
1582.8125	3.35293	-68.80557
1583.125	3.422839	-68.90195
1583.4375	3.438894	-68.89644
1583.75	3.449211	-68.98432
1584.0625	3.518341	-68.95594
1584.375	3.533027	-69.10977
1584.6875	3.581124	-68.80854
1585	3.594908	-68.44182
1585.3125	3.633504	-68.9056
1585.625	3.650544	-68.5976
1585.9375	3.685355	-68.22576
1586.25	3.737659	-68.80518
1586.5625	3.742209	-68.51348
1586.875	3.783553	-68.80758
1587.1875	3.805571	-68.80132
1587.5	3.825301	-68.52013
1587.8125	3.867018	-68.76748
1588.125	3.896401	-68.45084
1588.4375	3.899736	-69.08468
1588.75	3.956487	-68.64274
1589.0625	3.965928	-68.38743
1589.375	4.008831	-68.67823
1589.6875	4.027467	-69.32919
1590	4.062881	-68.97988
1590.3125	4.060335	-68.49052
1590.625	4.078424	-69.04601
1590.9375	4.131103	-68.90455
1591.25	4.14318	-68.95643
1591.5625	4.220034	-68.874
1591.875	4.227293	-68.64675
1592.1875	4.254172	-69.18523
1592.5	4.24604	-68.96008
1592.8125	4.294958	-68.99005
1593.125	4.309912	-69.40249
1593.4375	4.308133	-69.31566
1593.75	4.367082	-69.3392
1594.0625	4.383577	-69.94244
1594.375	4.392803	-69.82834
1594.6875	4.43314	-69.50644
1595	4.450098	-69.6769
1595.3125	4.462798	-70.09738
1595.625	4.477902	-70.00222
1595.9375	4.495487	-69.40874
1596.25	4.530091	-70.14357
1596.5625	4.536825	-69.99091
1596.875	4.550897	-69.9737
1597.1875	4.549698	-70.24265
1597.5	4.59663	-70.42085
1597.8125	4.603881	-70.41364
1598.125	4.616545	-70.49746
1598.4375	4.644999	-70.49495
1598.75	4.665146	-70.42132
1599.0625	4.67321	-70.76573
1599.375	4.693141	-70.39574
1599.6875	4.721524	-70.96958
1600	4.728112	-71.04722
1600.3125	4.740122	-70.91423
1600.625	4.776428	-71.11938
1600.9375	4.792936	-71.45679
1601.25	4.807078	-71.38432
1601.5625	4.796205	-71.13053
1601.875	4.840485	-71.44375
1602.1875	4.849224	-71.52843
1602.5	4.855499	-71.64605
1602.8125	4.86532	-71.54118
1603.125	4.890902	-71.99073
1603.4375	4.898802	-72.0436
1603.75	4.894004	-72.03001
1604.0625	4.9063	-72.5189
1604.375	4.923636	-72.16721
1604.6875	4.911809	-72.37347
1605	4.922455	-72.70966
1605.3125	4.967662	-72.93053
1605.625	4.996017	-72.63037
1605.9375	4.980057	-73.15261
1606.25	4.978409	-73.42663
1606.5625	4.985482	-73.32269
1606.875	5.000429	-73.83054
1607.1875	5.009403	-73.69778
1607.5	4.997368	-73.61958
1607.8125	4.999436	-73.78791
1608.125	5.028978	-73.97697
1608.4375	4.997095	-74.28617
1608.75	5.009579	-74.021
1609.0625	5.041721	-74.51256
1609.375	5.042398	-74.29693
1609.6875	5.020577	-74.94867
1610	5.035033	-74.70124
1610.3125	5.002509	-74.90203
1610.625	5.006042	-75.21319
1610.9375	4.990959	-75.58024
1611.25	5.022998	-75.76739
1611.5625	5.015276	-75.8033
1611.875	4.979267	-75.85083
1612.1875	4.975956	-75.82659
1612.5	4.955633	-75.86884
1612.8125	4.944557	-76.15308
1613.125	4.892984	-76.49139
1613.4375	4.870539	-76.57535
1613.75	4.887843	-76.45161
1614.0625	4.813534	-76.6132
1614.375	4.780375	-76.52995
1614.6875	4.755967	-76.46984
1615	4.718904	-76.99388
1615.3125	4.671773	-76.70019
1615.625	4.610782	-76.49788
1615.9375	4.594735	-76.16482
1616.25	4.573271	-76.23639
1616.5625	4.535305	-76.06866
1616.875	4.535077	-75.77554
1617.1875	4.502707	-75.27024
1617.5	4.505138	-75.20008
1617.8125	4.485142	-74.70569
1618.125	4.513629	-74.12728
1618.4375	4.513641	-74.38133
1618.75	4.546575	-73.87019
1619.0625	4.54868	-73.87169
1619.375	4.588727	-73.62267
1619.6875	4.609321	-73.68703
1620	4.633237	-73.20741
1620.3125	4.65111	-73.12662
1620.625	4.667659	-72.96702
1620.9375	4.718113	-73.05117
1621.25	4.758755	-73.04234
1621.5625	4.78198	-73.02392
1621.875	4.799228	-72.94389
1622.1875	4.810612	-72.92293
1622.5	4.859819	-72.93691
1622.8125	4.85412	-73.08913
1623.125	4.897244	-72.70338
1623.4375	4.919571	-73.0085
1623.75	4.947399	-73.00113
1624.0625	4.945494	-73.16572
1624.375	4.99894	-73.12453
1624.6875	4.978679	-73.03058
1625	5.007267	-72.72472
1625.3125	5.034408	-73.06441
1625.625	5.057375	-73.20903
1625.9375	5.061125	-73.06875
1626.25	5.099853	-73.20934
1626.5625	5.125294	-73.03976
1626.875	5.119997	-73.44435
1627.1875	5.152711	-73.27463
1627.5	5.152411	-73.30894
1627.8125	5.193619	-73.32433
1628.125	5.202841	-73.41503
1628.4375	5.199843	-73.32381
1628.75	5.225899	-73.25539
1629.0625	5.229784	-73.45941
1629.375	5.270405	-73.19069
1629.6875	5.271604	-73.77015
1630	5.271311	-73.48784
1630.3125	5.285964	-73.62215
1630.625	5.283756	-73.94077
1630.9375	5.296854	-73.66782
1631.25	5.331147	-73.88019
1631.5625	5.330325	-74.09162
1631.875	5.318381	-74.16234
1632.1875	5.342644	-73.93396
1632.5	5.359752	-74.0364
1632.8125	5.385013	-74.43432
1633.125	5.384193	-74.76015
1633.4375	5.395027	-74.23453
1633.75	5.408101	-74.48528
1634.0625	5.425356	-74.60706
1634.375	5.42078	-74.689
1634.6875	5.400862	-74.46042
1635	5.42259	-74.60217
1635.3125	5.422659	-74.51822
1635.625	5.458928	-74.47419
1635.9375	5.448058	-74.91203
1636.25	5.431344	-74.89771
1636.5625	5.43937	-75.06818
1636.875	5.460342	-75.02141
1637.1875	5.461587	-74.682
1637.5	5.470126	-75.03568
1637.8125	5.480885	-74.941
1638.125	5.489458	-74.80242
1638.4375	5.487477	-75.00608
1638.75	5.497	-74.82227
1639.0625	5.486984	-74.4225
1639.375	5.510756	-74.99225
1639.6875	5.519426	-74.84789
1640	5.513816	-74.51274
1640.3125	5.534702	-75.07246
1640.625	5.522328	-74.7028
1640.9375	5.554543	-74.42324
1641.25	5.564325	-74.68437
1641.5625	5.573216	-74.92433
1641.875	5.591868	-74.66122
1642.1875	5.596642	-74.7884
1642.5	5.596175	-74.77126
1642.8125	5.625059	-74.8363
1643.125	5.655057	-74.74268
1643.4375	5.678759	-74.53757
1643.75	5.689177	-74.96854
1644.0625	5.697199	-74.7188
1644.375	5.716055	-74.71317
1644.6875	5.738361	-74.86095
1645	5.77811	-74.67855
1645.3125	5.764258	-74.94995
1645.625	5.775914	-74.70737
1645.9375	5.794996	-75.07416
1646.25	5.824748	-74.92524
1646.5625	5.847115	-74.90009
1646.875	5.85024	-75.1168
1647.1875	5.87246	-75.17962
1647.5	5.890174	-74.73967
1647.8125	5.892844	-75.16034
1648.125	5.906532	-75.08903
1648.4375	5.921381	-75.23747
1648.75	5.940332	-75.26774
1649.0625	5.970748	-75.26437
1649.375	5.96002	-75.51511
1649.6875	6.006368	-75.13971
1650	6.032056	-75.28725
1650.3125	6.039724	-75.07699
1650.625	6.04222	-75.14658
1650.9375	6.062982	-75.53542
1651.25	6.091915	-75.44542
1651.5625	6.105453	-75.79522
1651.875	6.132548	-75.86372
1652.1875	6.153568	-75.7629
1652.5	6.160053	-76.14306
1652.8125	6.1912	-75.73208
1653.125	6.193914	-76.16319
1653.4375	6.221644	-75.99445
1653.75	6.215166	-76.44271
1654.0625	6.24708	-76.16825
1654.375	6.251168	-76.50093
1654.6875	6.272033	-77.00554
1655	6.29389	-76.55183
1655.3125	6.280322	-76.49796
1655.625	6.329589	-76.55885
1655.9375	6.308308	-76.44152
1656.25	6.345041	-76.87271
1656.5625	6.347694	-76.39465
1656.875	6.36818	-77.14447
1657.1875	6.373842	-77.09268
1657.5	6.405764	-76.92931
1657.8125	6.39962	-77.11269
1658.125	6.432639	-77.3229
1658.4375	6.438607	-77.13039
1658.75	6.449845	-77.57082
1659.0625	6.471738	-77.70564
1659.375	6.49586	-77.82679
1659.6875	6.487762	-77.70283
1660	6.503468	-77.82311
1660.3125	6.509662	-78.26044
1660.625	6.536741	-78.35186
1660.9375	6.532985	-78.39028
1661.25	6.539687	-78.35635
1661.5625	6.567624	-78.38648
1661.875	6.595577	-78.93021
1662.1875	6.589568	-78.89451
1662.5	6.595625	-78.98186
1662.8125	6.587001	-79.08477
1663.125	6.607776	-78.72341
1663.4375	6.600814	-78.96416
1663.75	6.623849	-79.09696
1664.0625	6.620636	-79.1412
1664.375	6.620752	-79.31239
1664.6875	6.647851	-79.4845
1665	6.622544	-79.52748
1665.3125	6.668409	-79.78693
1665.625	6.670598	-79.36758
1665.9375	6.654728	-79.81325
1666.25	6.685054	-79.8063
1666.5625	6.68158	-79.72033
1666.875	6.698876	-80.048
1667.1875	6.703946	-80.1229
1667.5	6.722674	-80.23839
1667.8125	6.745004	-80.38279
1668.125	6.737036	-80.229
1668.4375	6.747983	-80.68112
1668.75	6.751263	-80.74093
1669.0625	6.776628	-80.70473
1669.375	6.757264	-80.67078
1669.6875	6.783664	-81.04448
1670	6.793231	-81.01658
1670.3125	6.794104	-81.15334
1670.625	6.80807	-81.14932
1670.9375	6.8244	-81.54858
1671.25	6.823138	-81.29845
1671.5625	6.815075	-81.92873
1671.875	6.82653	-81.7232
1672.1875	6.82634	-81.71258
1672.5	6.824434	-81.82156
1672.8125	6.854436	-81.39059
1673.125	6.822531	-82.55489
1673.4375	6.836892	-82.20736
1673.75	6.833615	-82.18938
1674.0625	6.835153	-81.98579
1674.375	6.83182	-82.79903
1674.6875	6.83414	-82.54532
1675	6.831076	-82.6291
1675.3125	6.829877	-82.64384
1675.625	6.823496	-82.86057
1675.9375	6.840024	-82.76384
1676.25	6.837112	-82.83263
1676.5625	6.839414	-82.81653
1676.875	6.826965	-83.30969
1677.1875	6.825335	-83.0891
1677.5	6.838644	-83.48202
1677.8125	6.826609	-83.07825
1678.125	6.83882	-83.36869
1678.4375	6.828873	-83.06732
1678.75	6.829334	-83.52547
1679.0625	6.8195	-83.65041
1679.375	6.811571	-83.6075
1679.6875	6.814281	-83.78586
1680	6.829789	-83.52224
1680.3125	6.841142	-83.89343
1680.625	6.823472	-83.53139
1680.9375	6.826992	-83.90023
1681.25	6.849307	-83.48202
1681.5625	6.853573	-83.6979
1681.875	6.836924	-83.81413
1682.1875	6.820731	-84.30633
1682.5	6.844941	-83.86242
1682.8125	6.858804	-83.86667
1683.125	6.851035	-84.02243
1683.4375	6.861044	-84.29037
1683.75	6.859603	-84.06933
1684.0625	6.867141	-84.09099
1684.375	6.86654	-84.01204
1684.6875	6.864501	-84.14552
1685	6.878946	-84.43141
1685.3125	6.883026	-84.31207
1685.625	6.894792	-84.03911
1685.9375	6.908688	-84.19651
1686.25	6.898895	-83.99966
1686.5625	6.917846	-84.44807
1686.875	6.903162	-84.35495
1687.1875	6.916636	-84.73965
1687.5	6.930158	-84.61221
1687.8125	6.942213	-84.57363
1688.125	6.951498	-84.65384
1688.4375	6.953394	-84.91145
1688.75	6.95863	-84.88985
1689.0625	6.955408	-84.80816
1689.375	6.96646	-84.95318
1689.6875	6.969585	-84.92897
1690	6.988153	-85.21677
1690.3125	6.997778	-84.91611
1690.625	6.966958	-85.09816
1690.9375	6.981591	-85.38361
1691.25	6.995897	-85.34318
1691.5625	7.009945	-85.26118
1691.875	7.003316	-85.48592
1692.1875	7.00813	-85.38547
1692.5	7.024302	-85.30607
1692.8125	6.991731	-85.55109
1693.125	7.019056	-85.46837
1693.4375	7.021579	-85.85587
1693.75	7.022305	-85.42795
1694.0625	7.03183	-86.06167
1694.375	7.030401	-85.90638
1694.6875	7.024011	-85.92867
1695	7.031257	-85.82473
1695.3125	7.043117	-86.05353
1695.625	7.062115	-86.03142
1695.9375	7.047429	-85.92101
1696.25	7.035439	-85.94975
1696.5625	7.043496	-86.05685
1696.875	7.060575	-85.85255
1697.1875	7.064566	-86.28175
1697.5	7.060096	-86.29733
1697.8125	7.075376	-85.86985
1698.125	7.081503	-86.14399
1698.4375	7.079033	-86.41683
1698.75	7.077267	-86.56183
1699.0625	7.101769	-86.47409
1699.375	7.103019	-86.54068
1699.6875	7.107143	-86.55619
1700	7.087665	-86.42963
1700.3125	7.11739	-86.69392
1700.625	7.111902	-86.9206
1700.9375	7.124491	-86.46899
1701.25	7.110768	-86.53474
1701.5625	7.111575	-86.30366
1701.875	7.136006	-86.39399
1702.1875	7.131574	-86.79613
1702.5	7.113607	-86.46111
1702.8125	7.134481	-86.93361
1703.125	7.144029	-86.90827
1703.4375	7.121131	-86.93272
1703.75	7.130283	-87.04195
1704.0625	7.136604	-86.77222
1704.375	7.1474	-86.73647
1704.6875	7.160569	-86.9705
1705	7.144482	-87.1253
1705.3125	7.158797	-87.3512
1705.625	7.146612	-87.17104
1705.9375	7.167362	-87.17237
1706.25	7.17657	-87.10413
1706.5625	7.189316	-86.70374
1706.875	7.171552	-86.66914
1707.1875	7.179684	-87.05855
1707.5	7.179584	-87.09303
1707.8125	7.182351	-87.22447
1708.125	7.214824	-87.37267
1708.4375	7.203246	-86.83377
1708.75	7.196436	-87.08498
1709.0625	7.21864	-87.3761
1709.375	7.225122	-86.8253
1709.6875	7.231749	-87.20023
1710	7.258144	-87.03078
1710.3125	7.258348	-86.78419
1710.625	7.258658	-87.16204
1710.9375	7.281775	-87.04224
1711.25	7.269476	-87.1985
1711.5625	7.302159	-86.96564
1711.875	7.301142	-87.13298
1712.1875	7.312122	-86.91513
1712.5	7.333688	-86.57214
1712.8125	7.33469	-87.10966
1713.125	7.343925	-87.30423
1713.4375	7.332013	-87.31935
1713.75	7.361244	-87.33267
1714.0625	7.373416	-87.78941
1714.375	7.379847	-87.09849
1714.6875	7.400609	-87.35181
1715	7.40746	-87.75446
1715.3125	7.408896	-87.23431
1715.625	7.419198	-87.25257
1715.9375	7.448922	-88.12731
1716.25	7.453769	-87.52911
1716.5625	7.477923	-87.76249
1716.875	7.474293	-87.41164
1717.1875	7.484393	-87.93645
1717.5	7.469719	-87.66593
1717.8125	7.510097	-88.00684
1718.125	7.493316	-88.04006
1718.4375	7.496114	-87.87113
1718.75	7.516291	-88.26843
1719.0625	7.52759	-87.68735
1719.375	7.520734	-88.27572
1719.6875	7.513526	-88.18285
1720	7.53742	-88.45969
1720.3125	7.531769	-88.47653
1720.625	7.535486	-88.37211
1720.9375	7.549577	-88.33666
1721.25	7.543858	-88.63018
1721.5625	7.532887	-88.21886
1721.875	7.540166	-88.42564
1722.1875	7.531723	-88.09118
1722.5	7.550663	-88.23151
1722.8125	7.551701	-88.64554
1723.125	7.565188	-88.73885
1723.4375	7.547702	-88.85786
1723.75	7.544541	-88.67506
1724.0625	7.561882	-88.51727
1724.375	7.561076	-89.162
1724.6875	7.578043	-88.53304
1725	7.561371	-88.75112
1725.3125	7.56386	-88.79301
1725.625	7.58086	-88.95165
1725.9375	7.580221	-88.52652
1726.25	7.578043	-88.91862
1726.5625	7.570929	-88.61414
1726.875	7.58487	-88.8362
1727.1875	7.587704	-88.59065
1727.5	7.594057	-88.93753
1727.8125	7.598351	-88.66492
1728.125	7.594197	-88.78569
1728.4375	7.596281	-89.07327
1728.75	7.601823	-88.89609
1729.0625	7.601445	-88.86633
1729.375	7.617474	-89.05529
1729.6875	7.624988	-88.76649
1730	7.615451	-89.23179
1730.3125	7.642388	-88.74049
1730.625	7.637244	-89.13782
1730.9375	7.642022	-88.95655
1731.25	7.623419	-88.95767
1731.5625	7.64029	-88.71772
1731.875	7.656781	-88.54426
1732.1875	7.656923	-88.68935
1732.5	7.686736	-88.48717
1732.8125	7.680702	-88.75657
1733.125	7.689433	-88.62743
1733.4375	7.684255	-88.50222
1733.75	7.687953	-88.59434
1734.0625	7.714744	-88.1832
1734.375	7.717311	-88.19307
1734.6875	7.712942	-88.23704
1735	7.726188	-88.37953
1735.3125	7.733685	-88.45415
1735.625	7.732571	-88.42432
1735.9375	7.751753	-88.17287
1736.25	7.76531	-88.14056
1736.5625	7.771641	-88.37305
1736.875	7.781408	-88.01198
1737.1875	7.77553	-87.74804
1737.5	7.786918	-87.99877
1737.8125	7.816292	-87.67744
1738.125	7.82209	-87.86837
1738.4375	7.8335	-87.53575
1738.75	7.839458	-87.74736
1739.0625	7.831947	-87.48683
1739.375	7.871843	-87.23352
1739.6875	7.897802	-87.19642
1740	7.900348	-87.45676
1740.3125	7.913727	-87.24989
1740.625	7.917173	-87.61319
1740.9375	7.943182	-87.41882
1741.25	7.963045	-87.49481
1741.5625	7.988048	-87.26759
1741.875	7.986967	-87.15125
1742.1875	8.015396	-87.16564
1742.5	8.014414	-86.85934
1742.8125	8.053418	-86.5944
1743.125	8.076505	-86.72525
1743.4375	8.074283	-86.7792
1743.75	8.100246	-86.59097
1744.0625	8.10253	-87.03185
1744.375	8.129205	-86.57343
1744.6875	8.172125	-86.23485
1745	8.175197	-86.34135
1745.3125	8.211292	-86.8117
1745.625	8.225439	-86.4852
1745.9375	8.245922	-86.07928
1746.25	8.260024	-86.50765
1746.5625	8.298347	-86.80334
1746.875	8.321894	-86.58062
1747.1875	8.330931	-86.05672
1747.5	8.375641	-86.16846
1747.8125	8.392821	-86.14439
1748.125	8.425154	-85.88502
1748.4375	8.416418	-86.04609
1748.75	8.468884	-86.46515
1749.0625	8.479009	-86.05691
1749.375	8.515281	-86.02621
1749.6875	8.529729	-85.89173
1750	8.549949	-87.74405
1750.3125	8.587797	-85.1211
1750.625	8.597214	-85.88918
1750.9375	8.627173	-86.06772
1751.25	8.652742	-85.93349
1751.5625	8.704965	-85.83424
1751.875	8.711601	-85.55656
1752.1875	8.737963	-85.53636
1752.5	8.771858	-86.25626
1752.8125	8.798599	-86.02278
1753.125	8.812098	-85.8792
1753.4375	8.850919	-85.48618
1753.75	8.888678	-86.19412
1754.0625	8.88511	-86.35534
1754.375	8.936923	-85.69284
1754.6875	8.958469	-86.22189
1755	8.987866	-86.0685
1755.3125	9.025742	-85.94241
1755.625	9.043432	-86.91026
1755.9375	9.076847	-86.35263
1756.25	9.098	-86.06978
1756.5625	9.126947	-86.33686
1756.875	9.149824	-86.48684
1757.1875	9.189477	-86.43909
1757.5	9.227599	-86.50063
1757.8125	9.242012	-86.59284
1758.125	9.291171	-86.83163
1758.4375	9.291499	-87.05865
1758.75	9.31175	-87.05295
1759.0625	9.350985	-87.20514
1759.375	9.364326	-87.27102
1759.6875	9.402763	-87.12395
1760	9.433816	-87.46239
1760.3125	9.457415	-87.24075
1760.625	9.486568	-87.28146
1760.9375	9.48048	-87.62356
1761.25	9.523897	-87.49621
1761.5625	9.542774	-88.06187
1761.875	9.568252	-87.80469
1762.1875	9.583761	-88.48297
1762.5	9.60343	-87.79926
1762.8125	9.630057	-87.92609
1763.125	9.638597	-88.22816
1763.4375	9.656981	-88.75104
1763.75	9.677874	-88.82416
1764.0625	9.690256	-88.84685
1764.375	9.709789	-88.45749
1764.6875	9.742162	-88.80065
1765	9.738379	-88.83692
1765.3125	9.762968	-88.74561
1765.625	9.778481	-89.22604
1765.9375	9.782523	-89.26594
1766.25	9.805921	-89.28651
1766.5625	9.804807	-89.53992
1766.875	9.82522	-89.32158
1767.1875	9.821909	-89.78487
1767.5	9.833128	-89.74247
1767.8125	9.844874	-89.97529
1768.125	9.841515	-90.21088
1768.4375	9.854139	-90.17005
1768.75	9.855902	-90.19125
1769.0625	9.854484	-90.41514
1769.375	9.859488	-90.23697
1769.6875	9.856055	-90.63972
1770	9.849535	-90.5947
1770.3125	9.860121	-90.93388
1770.625	9.859861	-90.54137
1770.9375	9.842113	-90.80467
1771.25	9.848074	-90.73587
1771.5625	9.861859	-90.69637
1771.875	9.843158	-90.84071
1772.1875	9.861893	-91.14365
1772.5	9.84985	-90.57583
1772.8125	9.844165	-90.77429
1773.125	9.837234	-90.69011
1773.4375	9.830321	-90.89646
1773.75	9.824573	-91.04793
1774.0625	9.83348	-90.61146
1774.375	9.829214	-90.42825
1774.6875	9.835063	-90.63441
1775	9.837254	-89.96747
1775.3125	9.837696	-90.22202
1775.625	9.828197	-90.02778
1775.9375	9.832705	-89.78417
1776.25	9.847448	-90.27699
1776.5625	9.854165	-89.83203
1776.875	9.847244	-89.74139
1777.1875	9.875723	-89.48774
1777.5	9.864244	-89.30696
1777.8125	9.895228	-89.13396
1778.125	9.898085	-88.74184
1778.4375	9.924527	-89.21947
1778.75	9.951659	-88.7319
1779.0625	9.972883	-88.33474
1779.375	9.985031	-88.15527
1779.6875	10.01823	-88.35796
1780	10.06023	-87.84126
1780.3125	10.09217	-87.62466
1780.625	10.11315	-87.51717
1780.9375	10.14249	-87.23873
1781.25	10.17999	-86.8293
1781.5625	10.22148	-87.35168
1781.875	10.25487	-86.97613
1782.1875	10.29481	-86.98698
1782.5	10.32604	-86.69711
1782.8125	10.37386	-86.87591
1783.125	10.41469	-86.37895
1783.4375	10.46948	-86.82631
1783.75	10.5021	-86.59561
1784.0625	10.53865	-86.41809
1784.375	10.57554	-86.61804
1784.6875	10.63348	-86.45742
1785	10.66469	-86.3261
1785.3125	10.70176	-86.50621
1785.625	10.74801	-86.44045
1785.9375	10.78231	-86.30528
1786.25	10.83043	-86.46048
1786.5625	10.86462	-86.36568
1786.875	10.89799	-86.57645
1787.1875	10.93349	-86.60112
1787.5	10.97392	-86.27218
1787.8125	11.01368	-86.65443
1788.125	11.05312	-86.08164
1788.4375	11.09294	-86.89619
1788.75	11.13133	-86.79784
1789.0625	11.17744	-86.48645
1789.375	11.20965	-86.09235
1789.6875	11.24291	-86.95892
1790	11.29091	-86.41162
1790.3125	11.33214	-86.84415
1790.625	11.36884	-87.0806
1790.9375	11.38967	-86.66042
1791.25	11.43664	-86.90992
1791.5625	11.47029	-86.45235
1791.875	11.5141	-86.66759
1792.1875	11.5567	-87.06026
1792.5	11.5852	-87.14005
1792.8125	11.61584	-87.05461
1793.125	11.6425	-87.27132
1793.4375	11.67111	-86.97697
1793.75	11.71391	-87.48916
1794.0625	11.73733	-87.4518
1794.375	11.77291	-87.30708
1794.6875	11.82299	-87.35655
1795	11.8463	-87.36935
1795.3125	11.863	-87.62031
1795.625	11.8879	-87.64954
1795.9375	11.9385	-87.97137
1796.25	11.97607	-87.5901
1796.5625	12.00523	-87.49906
1796.875	12.01718	-87.62984
1797.1875	12.04346	-87.86691
1797.5	12.08337	-87.96501
1797.8125	12.10941	-87.98847
1798.125	12.14702	-87.49272
1798.4375	12.17631	-87.97614
1798.75	12.19864	-88.04679
1799.0625	12.23948	-87.9078
1799.375	12.26189	-87.98036
1799.6875	12.30267	-88.29659
1800	12.33193	-87.96463
1800.3125	12.3715	-87.61373
1800.625	12.39653	-87.77066
1800.9375	12.42771	-88.27763
1801.25	12.47241	-88.14876
1801.5625	12.50028	-88.06155
1801.875	12.54276	-87.77462
1802.1875	12.57661	-88.38651
1802.5	12.61637	-88.19723
1802.8125	12.65401	-88.05119
1803.125	12.69489	-87.85973
1803.4375	12.73439	-88.4481
1803.75	12.77156	-88.35746
1804.0625	12.81982	-88.5681
1804.375	12.85436	-88.28118
1804.6875	12.89003	-88.42215
1805	12.92938	-88.3578
1805.3125	12.97699	-88.13924
1805.625	13.01698	-88.01057
1805.9375	13.05453	-88.93095
1806.25	13.08509	-88.54948
1806.5625	13.13004	-88.62294
1806.875	13.16857	-88.54446
1807.1875	13.20981	-88.76082
1807.5	13.24616	-88.76436
1807.8125	13.28592	-88.47011
1808.125	13.32309	-88.7687
1808.4375	13.35752	-88.89085
1808.75	13.41574	-88.33504
1809.0625	13.44367	-88.8704
1809.375	13.48272	-89.16253
1809.6875	13.52127	-88.91261
1810	13.57509	-89.16178
1810.3125	13.61224	-89.01084
1810.625	13.63701	-89.11395
1810.9375	13.6819	-89.70657
1811.25	13.72907	-89.48738
1811.5625	13.77185	-89.10912
1811.875	13.82159	-89.12296
1812.1875	13.8594	-89.43388
1812.5	13.89843	-89.72546
1812.8125	13.94257	-90.1435
1813.125	13.97739	-89.83105
1813.4375	14.02246	-90.08862
1813.75	14.07874	-89.69393
1814.0625	14.12435	-89.75696
1814.375	14.16041	-90.0493
1814.6875	14.20843	-90.14112
1815	14.25407	-89.97946
1815.3125	14.30227	-90.57576
1815.625	14.34463	-90.1096
1815.9375	14.39204	-90.6749
1816.25	14.43683	-90.46338
1816.5625	14.48176	-90.52165
1816.875	14.5276	-91.03026
1817.1875	14.56553	-90.91126
1817.5	14.6161	-90.98753
1817.8125	14.65668	-91.33528
1818.125	14.70921	-90.94051
1818.4375	14.75452	-91.86156
1818.75	14.80637	-91.20542
1819.0625	14.84985	-91.61776
1819.375	14.89207	-91.9163
1819.6875	14.94383	-91.67865
1820	14.98581	-91.8696
1820.3125	15.02889	-91.63726
1820.625	15.07067	-91.98243
1820.9375	15.11554	-91.95476
1821.25	15.1635	-91.87209
1821.5625	15.213	-92.78847
1821.875	15.25895	-92.37814
1822.1875	15.30798	-92.38621
1822.5	15.3502	-92.50043
1822.8125	15.40688	-92.74292
1823.125	15.44697	-92.87862
1823.4375	15.49065	-92.85865
1823.75	15.54514	-93.54406
1824.0625	15.58318	-93.34193
1824.375	15.63905	-93.1818
1824.6875	15.68292	-93.3299
1825	15.72737	-93.46068
1825.3125	15.78753	-93.7077
1825.625	15.8254	-93.95361
1825.9375	15.88071	-94.18678
1826.25	15.92705	-93.90331
1826.5625	15.98012	-94.28541
1826.875	16.03093	-94.47695
1827.1875	16.07915	-94.69453
1827.5	16.12542	-94.68845
1827.8125	16.17095	-94.91151
1828.125	16.2286	-95.02512
1828.4375	16.28459	-95.2917
1828.75	16.32895	-95.22046
1829.0625	16.37887	-95.58299
1829.375	16.43468	-95.90154
1829.6875	16.47879	-95.61356
1830	16.5251	-95.96901
1830.3125	16.58951	-96.45164
1830.625	16.63603	-96.13858
1830.9375	16.68603	-96.54123
1831.25	16.73847	-96.64804
1831.5625	16.79118	-96.82114
1831.875	16.83684	-97.35217
1832.1875	16.88974	-97.0044
1832.5	16.94299	-97.26788
1832.8125	16.99192	-97.85696
1833.125	17.04472	-97.5059
1833.4375	17.09985	-98.20499
1833.75	17.15042	-97.62273
1834.0625	17.20314	-98.20635
1834.375	17.25544	-98.03777
1834.6875	17.31008	-98.28451
1835	17.3692	-98.74569
1835.3125	17.41961	-98.76861
1835.625	17.47676	-99.11797
1835.9375	17.53307	-99.54312
1836.25	17.59176	-99.05652
1836.5625	17.65218	-99.39468
1836.875	17.70738	-99.63662
1837.1875	17.76585	-100.0615
1837.5	17.81923	-100.488
1837.8125	17.88531	-100.1458
1838.125	17.94651	-100.2511
1838.4375	18.00496	-100.1674
1838.75	18.06637	-100.616
1839.0625	18.12513	-101.4977
1839.375	18.19793	-101.481
1839.6875	18.25677	-101.2131
1840	18.32295	-101.5003
1840.3125	18.38282	-102.0769
1840.625	18.441	-102.7834
1840.9375	18.50901	-102.3064
1841.25	18.57413	-102.9428
1841.5625	18.64074	-102.7803
1841.875	18.70948	-103.1073
1842.1875	18.77493	-103.3374
1842.5	18.83815	-103.6911
1842.8125	18.90916	-103.8742
1843.125	18.97842	-104.0235
1843.4375	19.04324	-104.531
1843.75	19.11293	-105.2652
1844.0625	19.1854	-105.1887
1844.375	19.25272	-105.3493
1844.6875	19.3231	-105.4769
1845	19.38728	-106.0572
1845.3125	19.46115	-106.3526
1845.625	19.53074	-106.5246
1845.9375	19.59799	-107.5387
1846.25	19.66767	-108.2089
1846.5625	19.73306	-108.1875
1846.875	19.80649	-108.3565
1847.1875	19.86996	-109.0345
1847.5	19.94069	-109.1784
1847.8125	20.008	-109.5428
1848.125	20.07271	-109.6571
1848.4375	20.14226	-110.1738
1848.75	20.20862	-110.4065
1849.0625	20.27178	-111.4795
1849.375	20.33492	-111.8472
1849.6875	20.39985	-112.1893
1850	20.46022	-112.634
1850.3125	20.52526	-113.193
1850.625	20.57868	-113.6484
1850.9375	20.63759	-113.8602
1851.25	20.70346	-114.3189
1851.5625	20.75843	-115.1646
1851.875	20.81315	-115.9012
1852.1875	20.86723	-116.0581
1852.5	20.92419	-116.3683
1852.8125	20.97668	-116.6296
1853.125	21.03326	-117.446
1853.4375	21.08411	-118.399
1853.75	21.13229	-118.1839
1854.0625	21.18628	-118.7309
1854.375	21.23669	-119.7355
1854.6875	21.28839	-120.0454
1855	21.3392	-120.9855
1855.3125	21.38794	-121.1014
1855.625	21.44109	-121.2145
1855.9375	21.48713	-122.2141
1856.25	21.53564	-122.4407
1856.5625	21.58814	-123.155
1856.875	21.63742	-123.6842
1857.1875	21.68306	-124.1734
1857.5	21.73344	-124.9528
1857.8125	21.78158	-125.2374
1858.125	21.83162	-126.1189
1858.4375	21.87974	-126.1597
1858.75	21.92606	-126.9521
1859.0625	21.97379	-127.3894
1859.375	22.01992	-127.9872
1859.6875	22.06837	-128.4322
1860	22.11467	-129.4044
1860.3125	22.16118	-129.5618
1860.625	22.20136	-130.174
1860.9375	22.25359	-130.6777
1861.25	22.29712	-130.6929
1861.5625	22.34172	-132.1181
1861.875	22.38891	-132.4787
1862.1875	22.4278	-133.1813
1862.5	22.47618	-133.8129
1862.8125	22.51802	-134.3868
1863.125	22.56303	-135.2227
1863.4375	22.60537	-135.3473
1863.75	22.64447	-136.6858
1864.0625	22.6819	-136.9069
1864.375	22.72146	-137.539
1864.6875	22.76579	-138.2403
1865	22.80301	-139.2141
1865.3125	22.84299	-139.9534
1865.625	22.8796	-140.1469
1865.9375	22.91436	-140.8622
1866.25	22.94896	-141.7449
1866.5625	22.98392	-142.6678
1866.875	23.0136	-143.3124
1867.1875	23.04717	-143.788
1867.5	23.07923	-144.515
1867.8125	23.10523	-145.381
1868.125	23.13396	-146.2137
1868.4375	23.15868	-146.9757
1868.75	23.18567	-147.618
1869.0625	23.2093	-148.2155
1869.375	23.2287	-149.0324
1869.6875	23.24842	-150.1677
1870	23.26606	-150.8968
1870.3125	23.28268	-151.1146
1870.625	23.29962	-152.16
1870.9375	23.31594	-153.0585
1871.25	23.32783	-153.7717
1871.5625	23.34043	-154.2544
1871.875	23.34531	-155.5233
1872.1875	23.35283	-156.2053
1872.5	23.35697	-157.2204
1872.8125	23.36145	-157.7735
1873.125	23.36298	-158.7745
1873.4375	23.36312	-159.8249
1873.75	23.36118	-160.2563
1874.0625	23.35049	-160.8359
1874.375	23.34619	-162.1757
1874.6875	23.34013	-162.8205
1875	23.32617	-163.6039
1875.3125	23.31442	-164.1475
1875.625	23.30004	-165.1997
1875.9375	23.28229	-165.9213
1876.25	23.26281	-166.7283
1876.5625	23.24317	-167.4078
1876.875	23.21845	-168.7031
1877.1875	23.19153	-169.1801
1877.5	23.16493	-169.8369
1877.8125	23.13281	-170.8363
1878.125	23.10198	-171.6133
1878.4375	23.06604	-171.9137
1878.75	23.02937	-173.1498
1879.0625	22.99185	-174.1603
1879.375	22.95166	-174.7349
1879.6875	22.9062	-175.5153
1880	22.8589	-176.3296
1880.3125	22.81096	-176.6385
1880.625	22.75922	-177.9724
1880.9375	22.7052	-178.4686
1881.25	22.65283	-178.5477
1881.5625	22.59526	-179.7541
1881.875	22.53761	179.6669
1882.1875	22.47439	178.7557
1882.5	22.41375	178.1642
1882.8125	22.35331	176.8036
1883.125	22.28333	177.2415
1883.4375	22.21792	176.5659
1883.75	22.14711	175.8089
1884.0625	22.07847	175.108
1884.375	22.00874	174.6431
1884.6875	21.93655	174.0428
1885	21.86685	173.5262
1885.3125	21.79867	172.7406
1885.625	21.72359	172.8168
1885.9375	21.65591	171.8677
1886.25	21.58476	171.6771
1886.5625	21.513	171.554
1886.875	21.44926	170.9776
1887.1875	21.38311	170.1348
1887.5	21.31692	169.7164
1887.8125	21.24899	169.6234
1888.125	21.18398	169.324
1888.4375	21.11916	169.4547
1888.75	21.06036	168.7314
1889.0625	20.99446	168.1438
1889.375	20.93715	167.985
1889.6875	20.87317	167.7533
1890	20.81342	167.4495
1890.3125	20.75571	167.3238
1890.625	20.70233	167.2838
1890.9375	20.64583	166.4319
1891.25	20.59328	166.2622
1891.5625	20.5383	166.1205
1891.875	20.48994	165.8568
1892.1875	20.43581	165.7808
1892.5	20.389	165.6748
1892.8125	20.33694	165.0108
1893.125	20.29547	165.0489
1893.4375	20.24842	164.9191
1893.75	20.20679	165.0975
1894.0625	20.16618	164.505
1894.375	20.12518	164.11
1894.6875	20.08882	164.1467
1895	20.05333	164.2854
1895.3125	20.02016	163.1178
1895.625	19.98416	163.2004
1895.9375	19.95234	163.5646
1896.25	19.91935	163.2295
1896.5625	19.89644	163.1182
1896.875	19.86691	162.8799
1897.1875	19.83298	162.9079
1897.5	19.80426	162.2771
1897.8125	19.78596	161.9886
1898.125	19.75802	161.9744
1898.4375	19.73155	161.5953
1898.75	19.71222	161.3988
1899.0625	19.69346	161.3934
1899.375	19.6713	161.2272
1899.6875	19.64864	160.6212
1900	19.63364	160.1195
1900.3125	19.61668	160.2506
1900.625	19.59592	159.6212
1900.9375	19.5819	159.429
1901.25	19.5641	159.453
1901.5625	19.54909	159.1233
1901.875	19.53717	158.516
1902.1875	19.52331	158.5609
1902.5	19.50398	158.1578
1902.8125	19.49046	158.1286
1903.125	19.46893	158.07
1903.4375	19.45542	157.3362
1903.75	19.44353	157.6475
1904.0625	19.42652	156.6644
1904.375	19.41111	155.9739
1904.6875	19.39667	155.8056
1905	19.37861	156.0398
1905.3125	19.36092	155.0639
1905.625	19.34599	155.2107
1905.9375	19.32944	154.8254
1906.25	19.30825	154.6093
1906.5625	19.29045	153.8893
1906.875	19.2692	153.2904
1907.1875	19.25055	153.3543
1907.5	19.22361	152.2202
1907.8125	19.1963	152.3326
1908.125	19.17428	151.4569
1908.4375	19.15024	151.8717
1908.75	19.12268	151.2658
1909.0625	19.0905	150.9521
1909.375	19.06738	150.1083
1909.6875	19.03477	150.4178
1910	19.00581	149.6928
1910.3125	18.98133	149.3189
1910.625	18.94484	149.0885
1910.9375	18.91031	148.6775
1911.25	18.88285	147.8041
1911.5625	18.84584	147.6826
1911.875	18.81449	147.1973
1912.1875	18.78399	146.9445
1912.5	18.74491	145.9595
1912.8125	18.71013	146.5614
1913.125	18.68039	145.8176
1913.4375	18.64416	145.6996
1913.75	18.60582	144.9727
1914.0625	18.56886	144.8901
1914.375	18.53348	144.1093
1914.6875	18.49779	143.9662
1915	18.44451	143.8406
1915.3125	18.41387	143.6517
1915.625	18.36888	142.4436
1915.9375	18.32705	142.3673
1916.25	18.28741	141.9682
1916.5625	18.23677	141.3575
1916.875	18.19455	141.1665
1917.1875	18.14992	140.744
1917.5	18.1091	141.0068
1917.8125	18.05226	140.4861
1918.125	18.0126	139.808
1918.4375	17.96334	139.4658
1918.75	17.91993	139.2368
1919.0625	17.87027	138.497
1919.375	17.81487	138.5801
1919.6875	17.76149	138.7577
1920	17.71761	137.7901
1920.3125	17.66229	137.2707
1920.625	17.60896	137.3587
1920.9375	17.56214	136.1438
1921.25	17.50306	136.6189
1921.5625	17.44972	136.0489
1921.875	17.39856	136.0289
1922.1875	17.34137	135.7073
1922.5	17.28312	135.0954
1922.8125	17.23751	134.9394
1923.125	17.18793	134.4618
1923.4375	17.13686	134.4044
1923.75	17.0836	134.3941
1924.0625	17.03056	134.0422
1924.375	16.98039	134.0812
1924.6875	16.92743	133.4991
1925	16.87781	132.8827
1925.3125	16.83076	132.8978
1925.625	16.77106	132.9581
1925.9375	16.71864	132.3298
1926.25	16.66666	132.0968
1926.5625	16.61748	132.3399
1926.875	16.56588	131.5387
1927.1875	16.50887	131.7977
1927.5	16.45466	131.463
1927.8125	16.41176	131.4579
1928.125	16.36631	131.0873
1928.4375	16.29509	130.7815
1928.75	16.25521	130.516
1929.0625	16.19567	130.4694
1929.375	16.14781	130.0875
1929.6875	16.09511	130.3159
1930	16.0462	130.1297
1930.3125	15.98728	130.1181
1930.625	15.93598	129.2956
1930.9375	15.88438	129.0312
1931.25	15.83481	129.0586
1931.5625	15.78978	128.9487
1931.875	15.7299	128.7853
1932.1875	15.68034	127.9221
1932.5	15.62306	128.7056
1932.8125	15.5722	128.6157
1933.125	15.5201	127.9951
1933.4375	15.46725	128.0177
1933.75	15.41201	127.4165
1934.0625	15.36858	127.722
1934.375	15.31768	127.6696
1934.6875	15.26034	127.5173
1935	15.20782	127.1579
1935.3125	15.15276	127.0669
1935.625	15.11178	127.2177
1935.9375	15.06792	127.0325
1936.25	15.01749	126.4386
1936.5625	14.97965	126.9306
1936.875	14.93201	126.2483
1937.1875	14.87655	127.0695
1937.5	14.84833	126.7114
1937.8125	14.78938	126.5022
1938.125	14.75197	126.4501
1938.4375	14.70967	126.3217
1938.75	14.66998	126.1911
1939.0625	14.61889	126.4181
1939.375	14.57587	125.5536
1939.6875	14.5338	125.9357
1940	14.49351	125.7193
1940.3125	14.44849	125.0975
1940.625	14.40241	125.5141
1940.9375	14.36604	125.3815
1941.25	14.31968	125.3426
1941.5625	14.26768	125.1151
1941.875	14.22814	125.0434
1942.1875	14.18806	125.067
1942.5	14.14144	124.8722
1942.8125	14.09444	124.9713
1943.125	14.04559	124.5439
1943.4375	14.00797	125.0857
1943.75	13.96352	124.4479
1944.0625	13.92789	124.2225
1944.375	13.88896	124.7424
1944.6875	13.83762	124.2572
1945	13.81014	124.0052
1945.3125	13.76113	124.53
1945.625	13.72483	123.5494
1945.9375	13.68617	123.8524
1946.25	13.65157	123.9585
1946.5625	13.60296	123.634
1946.875	13.57217	124.0421
1947.1875	13.53183	123.6899
1947.5	13.49421	123.6691
1947.8125	13.44773	123.4542
1948.125	13.41981	123.2763
1948.4375	13.37772	123.0675
1948.75	13.33815	122.8123
1949.0625	13.2929	122.908
1949.375	13.2632	122.9795
1949.6875	13.21642	122.9462
1950	13.17936	122.7862
1950.3125	13.14645	122.8927
1950.625	13.10405	122.3892
1950.9375	13.07059	122.2138
1951.25	13.02198	122.6358
1951.5625	12.98839	122.3186
1951.875	12.957	122.3937
1952.1875	12.91727	122.0292
1952.5	12.86426	121.6015
1952.8125	12.82722	121.9177
1953.125	12.79799	121.8388
1953.4375	12.75566	121.8664
1953.75	12.71264	121.0962
1954.0625	12.67488	121.3936
1954.375	12.63548	122.0588
1954.6875	12.58597	121.315
1955	12.55869	121.1376
1955.3125	12.51666	121.1452
1955.625	12.48775	121.2304
1955.9375	12.44322	120.8491
1956.25	12.41492	120.7109
1956.5625	12.35852	121.3423
1956.875	12.33554	120.603
1957.1875	12.27632	120.5181
1957.5	12.2417	120.1805
1957.8125	12.20189	120.8031
1958.125	12.15426	120.3131
1958.4375	12.12905	120.063
1958.75	12.08378	120.2802
1959.0625	12.03264	119.9726
1959.375	12.00164	120.5703
1959.6875	11.94831	120.3088
1960	11.91282	119.6001
1960.3125	11.86038	119.9472
1960.625	11.81565	119.4646
1960.9375	11.78454	119.3204
1961.25	11.74574	119.2998
1961.5625	11.68673	119.5364
1961.875	11.65546	119.4004
1962.1875	11.60836	119.5412
1962.5	11.57041	119.3136
1962.8125	11.52377	119.6047
1963.125	11.47727	118.8984
1963.4375	11.4216	119.0957
1963.75	11.37135	118.7806
1964.0625	11.33873	119.0898
1964.375	11.28572	118.8515
1964.6875	11.24393	119.0574
1965	11.18505	118.4373
1965.3125	11.1396	118.8665
1965.625	11.09949	118.7496
1965.9375	11.04384	118.9416
1966.25	10.9855	118.9168
1966.5625	10.94654	118.5879
1966.875	10.89876	118.6557
1967.1875	10.84418	118.3973
1967.5	10.80997	119.0346
1967.8125	10.76418	118.7482
1968.125	10.70035	118.8511
1968.4375	10.64509	119.4004
1968.75	10.61138	118.491
1969.0625	10.58024	118.9482
1969.375	10.51794	118.9547
1969.6875	10.4854	118.5475
1970	10.43883	118.8813
1970.3125	10.39031	118.7196
1970.625	10.3543	118.5154
1970.9375	10.30767	119.0484
1971.25	10.26015	119.1932
1971.5625	10.21694	119.3252
1971.875	10.18186	118.9889
1972.1875	10.14642	119.2694
1972.5	10.0991	119.4806
1972.8125	10.0479	120.1004
1973.125	10.01666	119.5988
1973.4375	9.978	119.6412
1973.75	9.948967	119.9538
1974.0625	9.900874	120.0057
1974.375	9.876625	119.3863
1974.6875	9.819992	120.1849
1975	9.783868	119.7784
1975.3125	9.764177	120.2186
1975.625	9.726144	120.7427
1975.9375	9.692627	120.1921
1976.25	9.671261	120.273
1976.5625	9.619396	120.4598
1976.875	9.57017	120.578
1977.1875	9.547382	120.827
1977.5	9.516173	121.1473
1977.8125	9.500796	120.5216
1978.125	9.483142	120.6392
1978.4375	9.432083	121.6708
1978.75	9.397073	120.9988
1979.0625	9.381998	121.2994
1979.375	9.366836	121.8843
1979.6875	9.340321	121.6875
1980	9.300603	121.544
1980.3125	9.289969	122.0473
1980.625	9.261456	121.5847
1980.9375	9.227303	122.0187
1981.25	9.195068	121.8032
1981.5625	9.163333	122.0832
1981.875	9.156546	122.1843
1982.1875	9.135443	122.3702
1982.5	9.124452	122.2241
1982.8125	9.082176	122.1769
1983.125	9.061442	122.478
1983.4375	9.051451	122.3693
1983.75	9.030998	122.4882
1984.0625	8.987496	123.0594
1984.375	8.965376	122.3623
1984.6875	8.951147	122.84
1985	8.922772	123.3263
1985.3125	8.896676	123.0387
1985.625	8.889034	122.8993
1985.9375	8.859882	123.0742
1986.25	8.833044	123.8396
1986.5625	8.822397	123.0583
1986.875	8.804282	123.2535
1987.1875	8.766983	123.4239
1987.5	8.75816	123.5401
1987.8125	8.733086	123.493
1988.125	8.725026	123.5634
1988.4375	8.698071	123.733
1988.75	8.668084	123.8286
1989.0625	8.639482	124.3803
1989.375	8.632999	124.4376
1989.6875	8.615294	124.1539
1990	8.587877	124.8589
1990.3125	8.591305	125.4844
1990.625	8.562396	124.7893
1990.9375	8.546573	125.2235
1991.25	8.538445	124.8579
1991.5625	8.527992	125.7578
1991.875	8.510512	125.758
1992.1875	8.504827	125.8401
1992.5	8.492872	125.3128
1992.8125	8.487494	125.9361
1993.125	8.483503	125.8327
1993.4375	8.469094	126.4485
1993.75	8.443558	126.3371
1994.0625	8.475807	126.0389
1994.375	8.453549	126.357
1994.6875	8.450521	126.8646
1995	8.459416	126.3509
1995.3125	8.458581	126.5739
1995.625	8.443139	126.3832
1995.9375	8.437804	126.4804
1996.25	8.454799	126.6575
1996.5625	8.443517	127.9079
1996.875	8.449669	127.3132
1997.1875	8.463109	126.9198
1997.5	8.464195	127.4857
1997.8125	8.468073	127.4037
1998.125	8.475039	126.7303
1998.4375	8.482379	127.4415
1998.75	8.468805	127.9464
1999.0625	8.498077	127.8032
1999.375	8.496184	127.2835
1999.6875	8.507292	126.9196
2000	8.487903	125.5759
Source File Name:	Analyzer
Signal:	FFT - Vib Acceleration - Mag. [dB] & Phase
dB-Reference:	0 dB = 1 m/s²
Frequency	Magnitude	Phase
[ Hz ]	[ dB ]	[ ° ]
0.3125	-82.70638	34.23774
0.625	-78.262	-41.52579
0.9375	-78.31593	-60.48745
1.25	-73.57869	-63.16703
1.5625	-72.98905	-84.30722
1.875	-73.22437	-99.47216
2.1875	-72.65564	-99.01655
2.5	-73.00704	-105.4291
2.8125	-70.63074	-129.7272
3.125	-69.62106	-114.3578
3.4375	-68.48075	-112.4719
3.75	-66.76981	-120.8935
4.0625	-66.22183	-117.7492
4.375	-66.89566	-118.2333
4.6875	-68.56243	-123.3587
5	-64.97398	-118.3707
5.3125	-65.40332	-130.1191
5.625	-64.51379	-125.8955
5.9375	-63.45634	-118.0009
6.25	-62.88885	-126.0664
6.5625	-63.77743	-129.8463
6.875	-62.63447	-115.7033
7.1875	-64.44481	-132.0364
7.5	-63.03819	-127.721
7.8125	-62.84798	-123.937
8.125	-62.59559	-129.902
8.4375	-61.79115	-140.4698
8.75	-61.34108	-141.9751
9.0625	-61.53014	-125.2411
9.375	-60.70258	-136.5642
9.6875	-61.62151	-141.7167
10	-61.33386	-135.2426
10.3125	-61.44911	-138.7718
10.625	-60.84351	-143.7464
10.9375	-60.09297	-141.201
11.25	-60.80679	-147.1491
11.5625	-60.61846	-151.2222
11.875	-61.2913	-154.084
12.1875	-61.69606	-148.2272
12.5	-60.65575	-143.6815
12.8125	-60.2076	-161.4085
13.125	-60.44788	-146.0055
13.4375	-62.48278	-158.2129
13.75	-61.7911	-176.9924
14.0625	-62.51046	177.9152
14.375	-62.48613	177.1197
14.6875	-61.55151	167.8717
15	-61.83548	144.6202
15.3125	-61.92095	133.503
15.625	-60.54347	110.1232
15.9375	-58.19781	111.4963
16.25	-56.29422	91.92547
16.5625	-54.8047	67.01622
16.875	-56.41777	64.4201
17.1875	-57.67404	56.37472
17.5	-56.00169	69.75695
17.8125	-53.90665	82.27244
18.125	-52.1489	81.95135
18.4375	-49.0466	76.76628
18.75	-46.78021	78.46664
19.0625	-44.78338	79.29194
19.375	-42.48714	76.15804
19.6875	-40.10506	75.89346
20	-37.93187	73.77381
20.3125	-35.17249	70.54722
20.625	-32.15014	69.55708
20.9375	-28.6613	64.11019
21.25	-23.41897	54.30035
21.5625	-14.01507	18.08168
21.875	-19.11567	-76.91537
22.1875	-24.84127	-91.2405
22.5	-27.45767	-92.46799
22.8125	-29.36093	-93.24345
23.125	-30.70794	-95.8485
23.4375	-31.21619	-97.22316
23.75	-31.6506	-97.20164
24.0625	-32.22152	-99.04226
24.375	-32.19724	-101.6031
24.6875	-32.18637	-105.217
25	-32.47852	-109.1565
25.3125	-32.36235	-113.5824
25.625	-32.27165	-118.5264
25.9375	-32.57022	-122.2943
26.25	-32.71783	-129.9121
26.5625	-32.94439	-135.8751
26.875	-33.96887	-142.2599
27.1875	-34.99723	-149.5276
27.5	-36.09214	-152.8998
27.8125	-37.92522	-152.8198
28.125	-39.11046	-151.4812
28.4375	-40.15428	-142.8675
28.75	-40.42794	-134.1998
29.0625	-39.80404	-129.8901
29.375	-38.90753	-126.9166
29.6875	-37.90843	-125.704
30	-36.73175	-129.0039
30.3125	-35.34225	-135.3669
30.625	-34.23433	-146.5197
30.9375	-34.38798	-168.2994
31.25	-36.3927	170.5757
31.5625	-39.95612	165.9555
31.875	-43.63353	-175.4331
32.1875	-41.32493	-163.276
32.5	-39.9961	-175.0117
32.8125	-41.5673	173.7084
33.125	-42.68792	166.44
33.4375	-45.02275	162.7456
33.75	-46.83469	169.0686
34.0625	-48.55745	173.2693
34.375	-49.53518	175.6754
34.6875	-50.62718	-172.1876
35	-51.64403	-159.9336
35.3125	-52.7128	-156.6883
35.625	-51.96695	-146.1508
35.9375	-51.15842	-137.9764
36.25	-50.80575	-127.9607
36.5625	-50.33611	-128.352
36.875	-49.44984	-127.5717
37.1875	-49.35455	-125.2197
37.5	-49.8494	-123.318
37.8125	-49.12561	-120.7708
38.125	-49.16433	-116.8389
38.4375	-48.08486	-114.7596
38.75	-47.68315	-112.6153
39.0625	-48.14052	-115.4506
39.375	-47.63918	-110.8655
39.6875	-47.4417	-111.8979
40	-47.31755	-106.6904
40.3125	-45.64083	-107.5224
40.625	-45.12971	-104.6115
40.9375	-43.3731	-130.2682
41.25	-46.25381	-124.029
41.5625	-47.39101	-122.3843
41.875	-46.17529	-116.184
42.1875	-45.77759	-113.8911
42.5	-45.47318	-114.3834
42.8125	-45.61794	-111.1253
43.125	-44.75581	-108.2049
43.4375	-44.66604	-111.003
43.75	-44.74405	-114.1807
44.0625	-44.37208	-112.7451
44.375	-43.78512	-116.4538
44.6875	-44.42229	-116.0552
45	-45.58516	-119.0096
45.3125	-45.00977	-120.2858
45.625	-45.11312	-105.9795
45.9375	-45.22199	-111.2633
46.25	-44.5564	-109.6993
46.5625	-44.78905	-109.8437
46.875	-44.149	-107.8522
47.1875	-44.24223	-111.3362
47.5	-43.70305	-108.1801
47.8125	-43.73529	-107.9916
48.125	-43.2482	-108.1413
48.4375	-43.38732	-106.9262
48.75	-43.23763	-105.4093
49.0625	-43.28321	-108.2623
49.375	-42.97266	-106.5732
49.6875	-42.45827	-107.077
50	-42.67484	-104.8559
50.3125	-42.75217	-105.0967
50.625	-42.46502	-107.289
50.9375	-42.19587	-107.0405
51.25	-42.00984	-105.482
51.5625	-42.01735	-106.4987
51.875	-41.71977	-104.4212
52.1875	-41.55692	-104.4214
52.5	-41.46767	-105.2939
52.8125	-41.58202	-105.5784
53.125	-41.33455	-103.1023
53.4375	-41.05421	-103.817
53.75	-40.78046	-103.4433
54.0625	-41.03144	-104.1824
54.375	-40.52435	-104.0849
54.6875	-40.51758	-103.5808
55	-40.40729	-104.1093
55.3125	-40.09219	-105.2559
55.625	-39.72948	-100.3862
55.9375	-39.53138	-102.8089
56.25	-39.63756	-101.886
56.5625	-39.69589	-101.8212
56.875	-39.21831	-101.4393
57.1875	-39.40139	-105.1124
57.5	-39.161	-102.9513
57.8125	-39.16364	-103.1264
58.125	-38.84261	-102.8036
58.4375	-38.70647	-104.9381
58.75	-38.4257	-102.2664
59.0625	-38.41872	-103.7696
59.375	-38.41658	-106.263
59.6875	-38.16582	-106.1533
60	-38.33958	-104.846
60.3125	-38.24966	-106.9953
60.625	-38.18457	-107.5151
60.9375	-38.01904	-105.2601
61.25	-38.25223	-105.8917
61.5625	-37.80603	-104.0401
61.875	-37.79823	-106.796
62.1875	-37.75285	-106.4881
62.5	-37.47757	-106.6883
62.8125	-37.40998	-105.2057
63.125	-37.66725	-104.8209
63.4375	-37.26123	-106.3368
63.75	-37.11049	-107.1671
64.0625	-36.92886	-105.3822
64.375	-36.83002	-105.3524
64.6875	-36.71492	-107.9625
65	-36.77163	-107.3772
65.3125	-36.78154	-106.7421
65.625	-36.65345	-107.2983
65.9375	-36.68391	-106.0499
66.25	-36.74369	-104.136
66.5625	-36.58138	-103.9436
66.875	-36.62313	-104.0342
67.1875	-36.2192	-101.8211
67.5	-36.15693	-101.8727
67.8125	-35.89872	-103.2443
68.125	-35.48247	-101.6175
68.4375	-35.40608	-102.4783
68.75	-35.31715	-102.5056
69.0625	-34.92335	-101.4061
69.375	-35.10815	-102.2506
69.6875	-34.66608	-102.307
70	-34.52523	-103.5268
70.3125	-34.5722	-105.3637
70.625	-34.41668	-106.5538
70.9375	-34.43711	-106.0431
71.25	-34.10661	-105.0773
71.5625	-33.92497	-103.3273
71.875	-33.89706	-104.3196
72.1875	-33.6813	-105.0786
72.5	-33.61546	-103.9428
72.8125	-33.33493	-104.6945
73.125	-33.03818	-103.6865
73.4375	-32.88906	-103.7736
73.75	-32.75285	-104.5167
74.0625	-32.83632	-104.0135
74.375	-32.32188	-104.8017
74.6875	-32.26913	-103.5211
75	-32.11207	-105.0622
75.3125	-31.77922	-104.4992
75.625	-31.64072	-106.5424
75.9375	-31.35906	-105.6664
76.25	-31.1047	-106.3721
76.5625	-30.98071	-106.4565
76.875	-30.72458	-106.9152
77.1875	-30.45938	-106.4552
77.5	-30.20709	-107.1493
77.8125	-30.03494	-107.5552
78.125	-29.76223	-108.7687
78.4375	-29.54602	-109.5163
78.75	-29.27898	-109.9562
79.0625	-28.99665	-111.0254
79.375	-28.57419	-111.5324
79.6875	-28.30491	-113.068
80	-28.04453	-113.4627
80.3125	-27.82039	-114.7551
80.625	-27.46935	-116.4164
80.9375	-27.13116	-118.4457
81.25	-26.89817	-119.6154
81.5625	-26.61434	-122.1018
81.875	-26.31411	-124.201
82.1875	-26.09923	-125.8757
82.5	-25.92546	-128.2447
82.8125	-25.73143	-132.0524
83.125	-25.38879	-134.2237
83.4375	-25.33553	-136.9882
83.75	-25.19391	-139.7381
84.0625	-25.10279	-144.6218
84.375	-24.97471	-146.071
84.6875	-25.18382	-150.8283
85	-24.85267	-155.0194
85.3125	-24.7498	-157.5824
85.625	-25.04114	-160.3749
85.9375	-25.14164	-166.3513
86.25	-25.11375	-170.7625
86.5625	-25.46048	-174.6559
86.875	-25.8593	178.6433
87.1875	-26.37014	172.2733
87.5	-27.1314	168.0694
87.8125	-28.41842	162.7626
88.125	-30.00298	157.6857
88.4375	-31.04805	156.7609
88.75	-32.19487	162.233
89.0625	-33.9418	162.4897
89.375	-35.07576	167.8528
89.6875	-35.92208	174.2896
90	-35.88653	-175.8488
90.3125	-36.67819	-168.7299
90.625	-36.80798	-164.4509
90.9375	-36.22412	-156.4515
91.25	-36.03097	-147.653
91.5625	-36.10485	-144.4414
91.875	-35.2563	-145.5883
92.1875	-34.18502	-140.132
92.5	-34.3057	-137.7414
92.8125	-33.92391	-140.1416
93.125	-33.14185	-138.6765
93.4375	-32.76118	-137.304
93.75	-32.80909	-139.1091
94.0625	-32.35014	-140.8018
94.375	-32.09375	-140.9412
94.6875	-32.15899	-142.8824
95	-31.94123	-143.5226
95.3125	-31.97039	-144.7547
95.625	-32.3033	-146.0786
95.9375	-32.70883	-148.6289
96.25	-33.09599	-148.4715
96.5625	-33.43402	-146.4524
96.875	-33.83643	-146.1244
97.1875	-34.1819	-144.3976
97.5	-34.60973	-140.8395
97.8125	-34.21326	-137.1057
98.125	-34.38981	-134.0133
98.4375	-34.17317	-132.1317
98.75	-34.01453	-128.7138
99.0625	-34.08659	-125.7915
99.375	-33.58172	-124.0738
99.6875	-33.60611	-122.1952
100	-33.10002	-119.1041
100.3125	-33.03498	-116.7468
100.625	-32.57442	-116.66
100.9375	-32.322	-114.9722
101.25	-32.23737	-112.7147
101.5625	-31.95474	-111.819
101.875	-31.64877	-113.3095
102.1875	-31.27128	-110.0227
102.5	-31.08992	-110.29
102.8125	-30.83213	-109.4378
103.125	-30.6279	-109.4426
103.4375	-30.31321	-109.2656
103.75	-30.05509	-107.8378
104.0625	-29.81149	-107.9775
104.375	-29.75117	-107.4349
104.6875	-29.44991	-107.0409
105	-29.18987	-106.9837
105.3125	-28.90792	-106.1089
105.625	-28.71747	-106.9482
105.9375	-28.27597	-105.374
106.25	-28.37127	-104.7898
106.5625	-27.95149	-105.8305
106.875	-27.73223	-105.6284
107.1875	-27.44876	-105.9518
107.5	-27.21024	-104.693
107.8125	-27.00104	-105.8964
108.125	-26.78666	-105.3513
108.4375	-26.5654	-104.4223
108.75	-26.41663	-105.6113
109.0625	-26.26038	-105.3159
109.375	-25.89536	-105.386
109.6875	-25.69427	-106.1489
110	-25.57327	-105.2579
110.3125	-25.39242	-105.6693
110.625	-25.09501	-105.5407
110.9375	-24.967	-105.7908
111.25	-24.7519	-106.1171
111.5625	-24.57837	-106.5492
111.875	-24.21413	-106.5367
112.1875	-24.18053	-107.373
112.5	-23.98591	-107.5696
112.8125	-23.78459	-107.8887
113.125	-23.69382	-108.056
113.4375	-23.42541	-108.202
113.75	-23.23822	-108.9994
114.0625	-23.14826	-108.5177
114.375	-22.9568	-109.6946
114.6875	-22.85295	-109.8812
115	-22.78002	-110.5025
115.3125	-22.66537	-109.9754
115.625	-22.57347	-110.0033
115.9375	-22.50129	-110.3239
116.25	-22.31618	-109.0624
116.5625	-22.0342	-109.4193
116.875	-21.84995	-110.3388
117.1875	-21.75541	-111.0372
117.5	-21.80913	-111.3959
117.8125	-21.7468	-111.8583
118.125	-21.72424	-110.9564
118.4375	-21.53507	-110.1348
118.75	-21.40631	-109.7457
119.0625	-21.22297	-109.0405
119.375	-21.05661	-108.5168
119.6875	-20.91332	-107.9786
120	-20.70745	-108.0742
120.3125	-20.52213	-107.4043
120.625	-20.31869	-106.6225
120.9375	-20.18743	-106.5817
121.25	-19.93941	-105.9318
121.5625	-19.65846	-105.1826
121.875	-19.4565	-104.8611
122.1875	-19.21851	-105.1429
122.5	-18.88876	-104.455
122.8125	-18.62355	-104.3232
123.125	-18.42627	-104.603
123.4375	-18.14994	-104.33
123.75	-17.90159	-104.2188
124.0625	-17.70921	-104.383
124.375	-17.41662	-104.2393
124.6875	-17.18893	-104.0469
125	-16.98645	-103.7118
125.3125	-16.75192	-103.4796
125.625	-16.4836	-103.0528
125.9375	-16.17722	-101.9114
126.25	-15.87959	-101.7173
126.5625	-15.5535	-101.6154
126.875	-15.17471	-101.5325
127.1875	-14.84565	-101.1563
127.5	-14.45758	-101.2877
127.8125	-14.07494	-101.179
128.125	-13.71899	-101.0261
128.4375	-13.28485	-101.6977
128.75	-12.90787	-101.0595
129.0625	-12.56256	-101.7805
129.375	-12.19422	-101.7156
129.6875	-11.85813	-102.4448
130	-11.45559	-102.2573
130.3125	-11.04444	-102.3855
130.625	-10.58479	-102.8568
130.9375	-10.12416	-102.8688
131.25	-9.612954	-103.0346
131.5625	-9.176995	-103.6724
131.875	-8.734567	-104.2086
132.1875	-8.160656	-104.5505
132.5	-7.639706	-104.831
132.8125	-7.058864	-105.2867
133.125	-6.485374	-105.981
133.4375	-5.84838	-106.619
133.75	-5.180936	-107.6701
134.0625	-4.485447	-108.5588
134.375	-3.749887	-110.3463
134.6875	-2.977664	-111.7983
135	-2.165447	-113.848
135.3125	-1.333244	-116.2106
135.625	-0.371743	-118.8719
135.9375	0.604461	-122.0101
136.25	1.598985	-126.1101
136.5625	2.621464	-131.3373
136.875	3.688375	-136.6342
137.1875	4.77103	-143.8587
137.5	5.856696	-151.7619
137.8125	6.899819	-161.5541
138.125	7.837492	-173.9393
138.4375	8.500224	171.4394
138.75	8.619778	154.8728
139.0625	8.01339	137.7086
139.375	6.783104	123.4313
139.6875	5.193052	112.875
140	3.527487	105.2454
140.3125	2.008343	101.2355
140.625	0.6703601	98.52901
140.9375	-0.4776396	97.48898
141.25	-1.445016	96.88838
141.5625	-2.248436	96.36947
141.875	-2.980058	95.97285
142.1875	-3.61963	95.54938
142.5	-4.18359	95.4649
142.8125	-4.68955	95.3438
143.125	-5.189342	94.96233
143.4375	-5.617823	94.75043
143.75	-6.026782	94.53998
144.0625	-6.435534	94.45283
144.375	-6.83183	94.3672
144.6875	-7.164762	94.24849
145	-7.506667	94.18165
145.3125	-7.820309	94.1193
145.625	-8.082915	94.16708
145.9375	-8.372016	94.26737
146.25	-8.621991	93.80211
146.5625	-8.898247	93.93676
146.875	-9.104889	93.74673
147.1875	-9.354295	93.6641
147.5	-9.571445	93.59622
147.8125	-9.775981	93.58665
148.125	-9.964855	93.57288
148.4375	-10.14738	93.47129
148.75	-10.33393	93.32909
149.0625	-10.5407	93.30158
149.375	-10.69417	93.07368
149.6875	-10.84226	92.99011
150	-11.03242	92.70405
150.3125	-11.1876	93.13871
150.625	-11.37363	93.10242
150.9375	-11.52287	92.9161
151.25	-11.61583	92.79995
151.5625	-11.77666	93.15134
151.875	-11.891	92.81395
152.1875	-12.03079	92.53074
152.5	-12.16602	92.9697
152.8125	-12.2641	92.48074
153.125	-12.404	92.50669
153.4375	-12.50819	92.46603
153.75	-12.60288	93.07936
154.0625	-12.738	92.42532
154.375	-12.81871	92.65183
154.6875	-12.92834	92.82886
155	-13.02198	93.08635
155.3125	-13.13339	92.68805
155.625	-13.24345	92.99516
155.9375	-13.30777	92.69142
156.25	-13.40543	92.85046
156.5625	-13.47291	92.69729
156.875	-13.538	92.74032
157.1875	-13.62847	92.91934
157.5	-13.70519	92.70844
157.8125	-13.7543	92.78784
158.125	-13.79843	92.9549
158.4375	-13.83495	92.5267
158.75	-13.90116	92.70923
159.0625	-13.94481	92.6116
159.375	-14.01149	92.66941
159.6875	-13.98977	92.043
160	-14.04934	91.84063
160.3125	-14.18584	91.32888
160.625	-14.29955	90.76785
160.9375	-14.35257	90.73719
161.25	-14.46565	90.6815
161.5625	-14.59886	90.80762
161.875	-14.68278	90.6891
162.1875	-14.75503	91.00761
162.5	-14.84325	90.84988
162.8125	-14.88649	91.20882
163.125	-14.9226	91.32115
163.4375	-15.04328	91.22449
163.75	-15.06445	91.61343
164.0625	-15.137	91.20994
164.375	-15.20243	91.65971
164.6875	-15.23638	91.71165
165	-15.30352	92.02253
165.3125	-15.34612	91.5817
165.625	-15.37372	92.07843
165.9375	-15.38617	91.93478
166.25	-15.40635	92.00356
166.5625	-15.44036	92.30547
166.875	-15.49236	91.76855
167.1875	-15.5019	92.1106
167.5	-15.52783	92.009
167.8125	-15.57622	91.85213
168.125	-15.58794	92.14647
168.4375	-15.59208	91.8728
168.75	-15.66684	92.07535
169.0625	-15.76861	92.22065
169.375	-15.72593	92.02795
169.6875	-15.77147	91.82056
170	-15.7942	92.39379
170.3125	-15.86889	91.75211
170.625	-15.82859	92.49355
170.9375	-15.89456	91.78898
171.25	-15.85673	91.96164
171.5625	-15.98825	91.9232
171.875	-15.99632	91.56329
172.1875	-15.91287	91.09126
172.5	-15.94843	91.6492
172.8125	-15.95557	91.73386
173.125	-15.95955	91.81578
173.4375	-16.00021	91.81347
173.75	-16.03578	91.88819
174.0625	-16.0886	92.39581
174.375	-16.13578	92.5407
174.6875	-16.29486	91.5742
175	-16.23221	90.93563
175.3125	-16.14083	91.91724
175.625	-16.30968	91.36686
175.9375	-16.244	91.34274
176.25	-16.36693	91.79881
176.5625	-16.2482	91.52529
176.875	-16.32975	91.90177
177.1875	-16.33825	91.55937
177.5	-16.34654	90.97359
177.8125	-16.43382	91.33305
178.125	-16.41403	91.68246
178.4375	-16.53065	91.67367
178.75	-16.51329	92.01606
179.0625	-16.49717	91.74524
179.375	-16.46273	92.03856
179.6875	-16.55529	92.04698
180	-16.55613	92.06364
180.3125	-16.56234	91.95547
180.625	-16.55437	92.27851
180.9375	-16.55866	92.28325
181.25	-16.56537	92.10441
181.5625	-16.52445	92.48647
181.875	-16.56473	92.35686
182.1875	-16.57954	92.35517
182.5	-16.53812	92.25518
182.8125	-16.54873	92.00167
183.125	-16.57034	91.67207
183.4375	-16.56005	92.01063
183.75	-16.52652	91.82481
184.0625	-16.57732	92.20046
184.375	-16.62761	91.93996
184.6875	-16.63513	91.86454
185	-16.61492	92.05457
185.3125	-16.61171	92.37832
185.625	-16.65457	91.84101
185.9375	-16.6213	92.10892
186.25	-16.63382	92.14425
186.5625	-16.63093	92.41065
186.875	-16.67137	91.91435
187.1875	-16.63325	92.32851
187.5	-16.65648	91.9657
187.8125	-16.63928	92.21581
188.125	-16.62649	92.72154
188.4375	-16.60675	92.32909
188.75	-16.62443	92.24516
189.0625	-16.6207	92.36392
189.375	-16.60146	92.13049
189.6875	-16.63595	92.50851
190	-16.66085	92.1517
190.3125	-16.70356	92.09406
190.625	-16.68311	91.88341
190.9375	-16.64902	92.42828
191.25	-16.6503	92.27327
191.5625	-16.6094	92.5925
191.875	-16.65622	92.38498
192.1875	-16.65882	92.38295
192.5	-16.68623	92.28535
192.8125	-16.62004	92.46323
193.125	-16.62525	92.67891
193.4375	-16.61637	92.05322
193.75	-16.60874	92.52519
194.0625	-16.60891	92.341
194.375	-16.60471	92.20047
194.6875	-16.58813	92.53912
195	-16.54946	92.21227
195.3125	-16.60003	92.43769
195.625	-16.54152	92.28141
195.9375	-16.58641	92.34789
196.25	-16.50082	92.52168
196.5625	-16.60264	92.77272
196.875	-16.55932	91.99056
197.1875	-16.56477	92.44481
197.5	-16.56771	92.11228
197.8125	-16.49889	92.19299
198.125	-16.48551	92.39285
198.4375	-16.48379	92.42622
198.75	-16.47547	92.24477
199.0625	-16.47646	92.43472
199.375	-16.49018	92.70499
199.6875	-16.46464	92.44718
200	-16.49537	92.55973
200.3125	-16.47981	92.1909
200.625	-16.47964	92.21684
200.9375	-16.4307	92.48026
201.25	-16.41014	92.42872
201.5625	-16.43504	92.25358
201.875	-16.4026	92.51181
202.1875	-16.42414	92.61783
202.5	-16.45806	92.52688
202.8125	-16.41004	92.14417
203.125	-16.39336	92.32728
203.4375	-16.42154	92.51817
203.75	-16.39168	92.36958
204.0625	-16.37009	92.65336
204.375	-16.37193	92.62057
204.6875	-16.38149	92.68903
205	-16.30702	92.61897
205.3125	-16.34713	92.93055
205.625	-16.33846	92.42527
205.9375	-16.30943	92.76566
206.25	-16.3257	92.49937
206.5625	-16.29059	92.81019
206.875	-16.29392	92.4566
207.1875	-16.29516	92.61596
207.5	-16.20761	92.55435
207.8125	-16.19668	92.47516
208.125	-16.25163	92.79478
208.4375	-16.16497	92.44606
208.75	-16.15119	92.96172
209.0625	-16.15932	92.64503
209.375	-16.20451	92.53061
209.6875	-16.06651	92.73975
210	-16.09096	93.0173
210.3125	-16.08195	92.83922
210.625	-16.10285	93.02938
210.9375	-16.04525	93.02773
211.25	-16.00594	93.10322
211.5625	-15.96939	92.86017
211.875	-15.94836	92.63882
212.1875	-15.94151	92.56618
212.5	-15.90291	92.68011
212.8125	-15.85334	92.76315
213.125	-15.85984	92.54313
213.4375	-15.88569	92.73763
213.75	-15.83238	92.37583
214.0625	-15.82078	92.80681
214.375	-15.76974	92.18972
214.6875	-15.80681	92.90739
215	-15.81986	91.62595
215.3125	-15.66517	91.91264
215.625	-15.63137	92.62278
215.9375	-15.71954	92.79903
216.25	-15.81536	92.34487
216.5625	-15.78333	92.05569
216.875	-15.71838	91.23975
217.1875	-15.65578	90.86082
217.5	-15.56535	91.4203
217.8125	-15.53716	92.02731
218.125	-15.65663	92.36418
218.4375	-15.6665	91.14302
218.75	-15.57235	91.90333
219.0625	-15.59066	91.8199
219.375	-15.49561	91.6524
219.6875	-15.58877	91.60301
220	-15.52173	92.41763
220.3125	-15.50875	91.56767
220.625	-15.52527	91.76579
220.9375	-15.45191	91.84889
221.25	-15.44018	91.90771
221.5625	-15.46619	92.08237
221.875	-15.37961	91.84399
222.1875	-15.40542	91.51066
222.5	-15.40261	91.68179
222.8125	-15.36911	91.53124
223.125	-15.32671	91.7823
223.4375	-15.34794	91.48258
223.75	-15.30702	91.78944
224.0625	-15.28878	91.84824
224.375	-15.26905	91.48002
224.6875	-15.21779	91.36507
225	-15.22333	91.54092
225.3125	-15.18469	91.80656
225.625	-15.16093	91.62759
225.9375	-15.16607	91.48122
226.25	-15.14964	91.7446
226.5625	-15.15422	91.6703
226.875	-15.06515	91.35405
227.1875	-15.05958	91.42278
227.5	-15.06611	91.34792
227.8125	-15.05851	91.60069
228.125	-15.00299	91.65562
228.4375	-14.95333	91.41148
228.75	-15.01303	91.73829
229.0625	-14.93066	91.54137
229.375	-14.8837	91.61916
229.6875	-14.92664	91.77075
230	-14.90445	91.53076
230.3125	-14.87428	91.65247
230.625	-14.83672	91.79323
230.9375	-14.81732	91.51065
231.25	-14.76509	91.81571
231.5625	-14.78141	91.60759
231.875	-14.76323	91.4085
232.1875	-14.7238	91.26368
232.5	-14.72843	91.22417
232.8125	-14.69254	90.81501
233.125	-14.63066	91.28855
233.4375	-14.67024	90.93492
233.75	-14.62857	91.27277
234.0625	-14.5991	90.99588
234.375	-14.59551	91.12664
234.6875	-14.52852	91.0571
235	-14.56124	90.88362
235.3125	-14.49232	90.8948
235.625	-14.53639	90.86557
235.9375	-14.45023	91.17358
236.25	-14.49564	91.29245
236.5625	-14.45547	90.35378
236.875	-14.38574	91.042
237.1875	-14.348	90.70474
237.5	-14.32226	90.65954
237.8125	-14.33684	90.99812
238.125	-14.28158	91.11402
238.4375	-14.21151	90.60239
238.75	-14.26558	90.73769
239.0625	-14.21916	91.2464
239.375	-14.21472	91.08103
239.6875	-14.18896	90.70975
240	-14.23324	90.87946
240.3125	-14.13926	90.26237
240.625	-14.1428	90.97001
240.9375	-14.13815	90.86727
241.25	-14.13755	90.79227
241.5625	-14.09313	90.50652
241.875	-14.11806	90.44633
242.1875	-14.05714	90.16815
242.5	-14.08578	90.5543
242.8125	-14.09698	90.74807
243.125	-14.07289	91.01656
243.4375	-14.04847	91.26324
243.75	-14.07483	91.56187
244.0625	-14.05267	91.45081
244.375	-13.98488	91.75033
244.6875	-14.00333	92.30014
245	-13.93657	92.53001
245.3125	-13.81363	92.62051
245.625	-13.79354	93.48144
245.9375	-13.7217	93.4252
246.25	-13.62427	93.24143
246.5625	-13.53459	93.36092
246.875	-13.41403	93.60375
247.1875	-13.32964	93.60942
247.5	-13.25468	93.24454
247.8125	-13.09406	93.31463
248.125	-13.00764	93.31709
248.4375	-12.90412	92.91863
248.75	-12.83425	92.97613
249.0625	-12.71301	92.91277
249.375	-12.57556	92.43089
249.6875	-12.469	92.17123
250	-12.3716	91.95376
250.3125	-12.18517	91.29896
250.625	-12.0059	90.94939
250.9375	-11.7931	90.40349
251.25	-11.62153	89.03278
251.5625	-11.36746	87.63923
251.875	-11.03042	85.48326
252.1875	-10.69186	82.00182
252.5	-10.39433	75.81332
252.8125	-10.42865	66.07071
253.125	-11.76824	52.30304
253.4375	-15.659	49.78108
253.75	-17.16623	73.31487
254.0625	-16.16833	84.68338
254.375	-15.45494	87.80771
254.6875	-14.91763	89.57423
255	-14.58366	90.28758
255.3125	-14.33349	90.7064
255.625	-14.13099	90.68068
255.9375	-13.98473	91.49531
256.25	-13.8431	91.64194
256.5625	-13.76058	91.89021
256.875	-13.6185	91.05197
257.1875	-13.46797	91.61134
257.5	-13.40416	91.23421
257.8125	-13.35163	91.85871
258.125	-13.32829	91.15318
258.4375	-13.10159	91.57478
258.75	-13.13942	92.15407
259.0625	-13.14584	91.78632
259.375	-13.04808	91.3147
259.6875	-12.9041	91.49434
260	-12.86168	91.95258
260.3125	-12.86157	92.46688
260.625	-12.86542	92.00907
260.9375	-12.80086	91.00455
261.25	-12.66258	91.27029
261.5625	-12.71116	92.19177
261.875	-12.64527	91.4454
262.1875	-12.5342	91.90149
262.5	-12.5476	91.8264
262.8125	-12.45146	91.53606
263.125	-12.42435	91.48099
263.4375	-12.42837	91.77345
263.75	-12.34182	91.59397
264.0625	-12.34393	91.48993
264.375	-12.25717	91.70291
264.6875	-12.2298	91.37134
265	-12.2179	91.52262
265.3125	-12.13948	91.34106
265.625	-12.10195	91.51373
265.9375	-12.07601	91.45882
266.25	-12.05867	91.30397
266.5625	-12.05185	91.17571
266.875	-11.93617	91.1263
267.1875	-11.96358	91.55316
267.5	-11.93162	91.51678
267.8125	-11.88215	91.51878
268.125	-11.85163	91.23186
268.4375	-11.83326	91.14753
268.75	-11.76458	91.34837
269.0625	-11.74718	91.32155
269.375	-11.71102	91.23689
269.6875	-11.64709	91.35482
270	-11.60731	91.20354
270.3125	-11.57813	91.46027
270.625	-11.56549	91.54488
270.9375	-11.51203	91.47932
271.25	-11.44647	91.85735
271.5625	-11.42622	91.15883
271.875	-11.3672	91.57684
272.1875	-11.36666	92.05795
272.5	-11.26822	91.53232
272.8125	-11.24488	91.85397
273.125	-11.20387	91.5515
273.4375	-11.1513	91.57251
273.75	-11.08896	91.63219
274.0625	-11.02701	91.62593
274.375	-11.01056	91.79611
274.6875	-10.94104	91.35464
275	-10.8974	91.53249
275.3125	-10.85852	91.45745
275.625	-10.7848	91.16128
275.9375	-10.7238	90.80583
276.25	-10.70608	90.99392
276.5625	-10.67812	90.61268
276.875	-10.63209	90.71703
277.1875	-10.60494	90.4576
277.5	-10.53836	90.27625
277.8125	-10.57478	90.14676
278.125	-10.52163	90.17145
278.4375	-10.4882	90.34029
278.75	-10.49753	90.24758
279.0625	-10.41489	90.32659
279.375	-10.44729	90.3009
279.6875	-10.39114	90.28488
280	-10.32545	90.40607
280.3125	-10.32467	90.3306
280.625	-10.242	90.16495
280.9375	-10.2462	90.48771
281.25	-10.20254	90.21886
281.5625	-10.18373	90.36407
281.875	-10.12383	90.22135
282.1875	-10.09618	89.86423
282.5	-10.02911	89.96503
282.8125	-10.01783	90.07433
283.125	-9.935863	89.95127
283.4375	-9.92983	90.34328
283.75	-9.921929	90.20258
284.0625	-9.862529	90.00053
284.375	-9.779469	89.97271
284.6875	-9.764494	90.33
285	-9.749718	90.23572
285.3125	-9.677485	90.05549
285.625	-9.663077	90.31831
285.9375	-9.603921	90.16788
286.25	-9.579047	90.30265
286.5625	-9.538786	90.08788
286.875	-9.508363	90.11072
287.1875	-9.464134	90.01401
287.5	-9.435174	90.22805
287.8125	-9.373001	90.0741
288.125	-9.326725	90.18151
288.4375	-9.30107	90.16918
288.75	-9.254588	90.03266
289.0625	-9.213868	89.87371
289.375	-9.168209	89.93891
289.6875	-9.111606	89.90604
290	-9.112576	90.02596
290.3125	-9.042843	90.10167
290.625	-9.00132	90.11169
290.9375	-8.968316	90.02327
291.25	-8.916889	90.1488
291.5625	-8.883467	90.03618
291.875	-8.827001	89.91001
292.1875	-8.786184	89.72662
292.5	-8.742047	89.99622
292.8125	-8.710867	89.90255
293.125	-8.657213	89.73926
293.4375	-8.618614	90.10107
293.75	-8.58778	89.57822
294.0625	-8.556599	89.73673
294.375	-8.463	89.72455
294.6875	-8.436477	89.61916
295	-8.42412	89.57416
295.3125	-8.368192	89.73416
295.625	-8.303956	89.59093
295.9375	-8.258554	89.56757
296.25	-8.22164	89.66612
296.5625	-8.184289	89.67197
296.875	-8.171336	89.74661
297.1875	-8.069065	89.44835
297.5	-8.062631	89.4938
297.8125	-8.010008	89.4743
298.125	-7.941911	89.51774
298.4375	-7.895975	89.55737
298.75	-7.847212	89.2075
299.0625	-7.797413	89.14532
299.375	-7.78657	89.35622
299.6875	-7.712689	89.27175
300	-7.667387	88.93947
300.3125	-7.657764	89.31055
300.625	-7.592046	88.7146
300.9375	-7.541298	89.11163
301.25	-7.507905	88.90331
301.5625	-7.438149	88.86205
301.875	-7.415524	89.10882
302.1875	-7.372359	88.50697
302.5	-7.281406	88.51944
302.8125	-7.281954	89.12136
303.125	-7.27488	88.75939
303.4375	-7.181887	88.40318
303.75	-7.082128	88.58628
304.0625	-7.06013	89.12745
304.375	-7.090149	88.76759
304.6875	-7.016184	88.4549
305	-6.961851	88.81193
305.3125	-6.916456	88.61182
305.625	-6.856258	88.66938
305.9375	-6.836106	88.52123
306.25	-6.759282	88.62663
306.5625	-6.698907	88.32962
306.875	-6.679746	88.47209
307.1875	-6.607932	88.61357
307.5	-6.574851	88.58595
307.8125	-6.541772	88.26238
308.125	-6.486515	88.34135
308.4375	-6.444194	88.23163
308.75	-6.405158	88.40295
309.0625	-6.351604	88.30967
309.375	-6.278921	88.03875
309.6875	-6.244161	88.11069
310	-6.197181	88.07176
310.3125	-6.139301	88.10286
310.625	-6.116843	88.03288
310.9375	-6.071257	87.99976
311.25	-6.007329	88.03394
311.5625	-5.949875	88.06767
311.875	-5.922966	87.95696
312.1875	-5.860251	87.86961
312.5	-5.808707	88.02627
312.8125	-5.770615	87.95632
313.125	-5.70879	87.91499
313.4375	-5.660001	87.72484
313.75	-5.605047	87.97272
314.0625	-5.552268	88.02945
314.375	-5.514335	87.87949
314.6875	-5.453002	87.81342
315	-5.417477	87.93046
315.3125	-5.353766	87.655
315.625	-5.303483	87.87486
315.9375	-5.256152	87.65961
316.25	-5.235835	87.72515
316.5625	-5.154378	87.86447
316.875	-5.099174	87.67811
317.1875	-5.051582	87.55809
317.5	-4.998067	87.63639
317.8125	-4.945334	87.68707
318.125	-4.877059	87.83879
318.4375	-4.830211	87.683
318.75	-4.779899	87.70271
319.0625	-4.716496	87.57798
319.375	-4.652222	87.49783
319.6875	-4.587481	87.51019
320	-4.55513	87.41529
320.3125	-4.50004	87.41118
320.625	-4.432272	87.45477
320.9375	-4.388857	87.45976
321.25	-4.318456	87.44994
321.5625	-4.267016	87.12428
321.875	-4.227604	87.24287
322.1875	-4.148963	87.17374
322.5	-4.102877	87.22727
322.8125	-4.036147	87.0714
323.125	-3.976206	87.12579
323.4375	-3.927785	87.1133
323.75	-3.863968	87.08866
324.0625	-3.810589	87.03716
324.375	-3.760179	87.00987
324.6875	-3.687573	86.98867
325	-3.628868	87.0005
325.3125	-3.569277	87.06461
325.625	-3.507775	86.98059
325.9375	-3.426313	86.92059
326.25	-3.396291	86.81583
326.5625	-3.32096	86.73784
326.875	-3.269633	86.75412
327.1875	-3.203969	86.53329
327.5	-3.143309	86.71091
327.8125	-3.085073	86.48803
328.125	-3.019392	86.40203
328.4375	-2.96337	86.57112
328.75	-2.896009	86.4991
329.0625	-2.83427	86.23073
329.375	-2.768067	86.30441
329.6875	-2.710344	86.29575
330	-2.632005	86.13264
330.3125	-2.579524	86.38308
330.625	-2.522295	86.2608
330.9375	-2.45304	86.00695
331.25	-2.380899	85.88943
331.5625	-2.341866	85.99236
331.875	-2.272074	85.77227
332.1875	-2.201329	85.76677
332.5	-2.14787	85.68638
332.8125	-2.090139	85.58254
333.125	-2.019409	85.52655
333.4375	-1.962162	85.31432
333.75	-1.902694	85.34378
334.0625	-1.832874	85.33086
334.375	-1.774562	85.37922
334.6875	-1.710606	85.29103
335	-1.644761	85.19805
335.3125	-1.588633	85.32923
335.625	-1.520623	85.23164
335.9375	-1.458365	84.95718
336.25	-1.389563	85.19371
336.5625	-1.324516	85.00723
336.875	-1.263227	84.87182
337.1875	-1.201785	84.96423
337.5	-1.1364	84.93253
337.8125	-1.0735	84.83402
338.125	-1.018146	84.71651
338.4375	-0.9418594	84.65129
338.75	-0.8786689	84.85296
339.0625	-0.8146354	84.68327
339.375	-0.7412603	84.43132
339.6875	-0.6763772	84.51063
340	-0.6051812	84.42439
340.3125	-0.5315804	84.28826
340.625	-0.4733484	84.39173
340.9375	-0.4094635	84.34901
341.25	-0.3345543	84.4231
341.5625	-0.2578837	84.23755
341.875	-0.1876654	84.20304
342.1875	-0.1309946	84.14572
342.5	-0.05639978	84.14996
342.8125	0.01268625	84.01287
343.125	0.06894884	84.04213
343.4375	0.1244543	83.93436
343.75	0.1859046	84.08212
344.0625	0.2654195	84.12235
344.375	0.3109843	83.90661
344.6875	0.3918186	83.88269
345	0.4375903	84.07823
345.3125	0.5182855	84.00029
345.625	0.5896499	84.1384
345.9375	0.6322036	84.30589
346.25	0.7303845	84.05341
346.5625	0.8051009	84.40222
346.875	0.8433124	84.46986
347.1875	0.9112633	84.23218
347.5	1.011526	84.4558
347.8125	1.070849	84.77798
348.125	1.14943	84.87037
348.4375	1.233519	84.9401
348.75	1.305288	84.9453
349.0625	1.412716	85.38165
349.375	1.497758	85.20226
349.6875	1.576129	85.64079
350	1.685418	85.64868
350.3125	1.795628	85.92533
350.625	1.900836	86.07632
350.9375	2.020159	86.26812
351.25	2.120128	86.25488
351.5625	2.253199	86.39969
351.875	2.365908	86.51205
352.1875	2.487792	86.47671
352.5	2.615332	86.3103
352.8125	2.731693	86.5262
353.125	2.853333	86.48151
353.4375	2.981714	86.47797
353.75	3.104019	86.36349
354.0625	3.227972	86.56806
354.375	3.359563	86.35456
354.6875	3.485193	86.18887
355	3.607616	86.33107
355.3125	3.747693	86.09676
355.625	3.871425	86.02538
355.9375	4.000627	85.96529
356.25	4.13289	85.83401
356.5625	4.252685	85.766
356.875	4.374413	85.58143
357.1875	4.49956	85.32645
357.5	4.624562	85.23991
357.8125	4.734147	84.99361
358.125	4.8496	84.90318
358.4375	4.962402	84.69016
358.75	5.078807	84.52599
359.0625	5.185631	84.41692
359.375	5.293047	84.20966
359.6875	5.397228	84.12772
360	5.498682	84.05869
360.3125	5.606021	84.01311
360.625	5.713263	84.22593
360.9375	5.824985	84.24701
361.25	5.932855	84.58031
361.5625	6.065714	84.63841
361.875	6.203286	84.75397
362.1875	6.350908	85.03563
362.5	6.510189	85.16782
362.8125	6.693227	85.51049
363.125	6.883061	85.47639
363.4375	7.081964	85.66195
363.75	7.277195	85.453
364.0625	7.468887	85.3865
364.375	7.673989	85.45104
364.6875	7.859392	84.98233
365	8.051689	84.63248
365.3125	8.237803	84.41357
365.625	8.422821	84.2961
365.9375	8.609038	83.87098
366.25	8.796773	83.83343
366.5625	8.973825	83.64928
366.875	9.166363	83.24983
367.1875	9.353655	83.02847
367.5	9.542547	82.79476
367.8125	9.741957	82.54117
368.125	9.937567	82.26079
368.4375	10.13384	81.9742
368.75	10.34149	81.71017
369.0625	10.54229	81.55437
369.375	10.75401	81.2817
369.6875	10.96513	81.00901
370	11.18242	80.65971
370.3125	11.39836	80.39765
370.625	11.62607	79.94911
370.9375	11.85208	79.61036
371.25	12.08672	79.34518
371.5625	12.3243	78.99836
371.875	12.56951	78.68168
372.1875	12.8194	78.20728
372.5	13.07399	77.85947
372.8125	13.33697	77.4735
373.125	13.60671	76.99233
373.4375	13.88182	76.52237
373.75	14.16586	75.98879
374.0625	14.46156	75.7696
374.375	14.75468	74.9845
374.6875	15.06562	74.37658
375	15.38263	73.74722
375.3125	15.70718	73.18092
375.625	16.04118	72.45517
375.9375	16.38972	71.7427
376.25	16.74794	70.89188
376.5625	17.11782	69.93886
376.875	17.49849	69.10368
377.1875	17.89266	67.97575
377.5	18.29911	66.8956
377.8125	18.72179	65.53307
378.125	19.15768	64.50521
378.4375	19.60916	63.02139
378.75	20.07713	61.46642
379.0625	20.56205	59.84976
379.375	21.06448	57.81851
379.6875	21.58428	55.7737
380	22.12333	53.34129
380.3125	22.67619	50.66999
380.625	23.24584	47.68491
380.9375	23.82544	44.32628
381.25	24.4132	40.55331
381.5625	24.99922	36.38047
381.875	25.5768	31.64331
382.1875	26.13225	26.31117
382.5	26.64907	20.40054
382.8125	27.10868	13.6972
383.125	27.48509	6.390456
383.4375	27.75333	-1.371218
383.75	27.88343	-9.640146
384.0625	27.85194	-18.22994
384.375	27.64409	-26.769
384.6875	27.25431	-35.17097
385	26.69915	-42.71468
385.3125	26.00708	-49.8876
385.625	25.21984	-55.83587
385.9375	24.37915	-60.7325
386.25	23.52688	-64.72324
386.5625	22.691	-67.86892
386.875	21.89745	-70.07995
387.1875	21.15478	-71.87665
387.5	20.47209	-73.08807
387.8125	19.84121	-73.97748
388.125	19.26859	-74.84107
388.4375	18.7399	-75.4215
388.75	18.25773	-76.01086
389.0625	17.80935	-76.35963
389.375	17.38654	-76.74327
389.6875	16.99635	-76.97496
390	16.62752	-77.29905
390.3125	16.27332	-77.60081
390.625	15.94394	-77.87254
390.9375	15.62549	-78.04243
391.25	15.31991	-78.30866
391.5625	15.03135	-78.58595
391.875	14.7521	-78.71703
392.1875	14.48561	-78.98207
392.5	14.22553	-79.26167
392.8125	13.97514	-79.35646
393.125	13.7372	-79.51587
393.4375	13.50016	-79.82016
393.75	13.27699	-79.98684
394.0625	13.05541	-79.98833
394.375	12.84576	-80.18708
394.6875	12.63776	-80.34158
395	12.43651	-80.42836
395.3125	12.24103	-80.54747
395.625	12.05162	-80.81115
395.9375	11.87053	-80.88722
396.25	11.68947	-80.86522
396.5625	11.51176	-81.1131
396.875	11.33839	-81.21671
397.1875	11.17662	-81.25423
397.5	11.0147	-81.21096
397.8125	10.85965	-81.28606
398.125	10.70774	-81.27651
398.4375	10.55761	-81.37383
398.75	10.41724	-81.52213
399.0625	10.27856	-81.50809
399.375	10.14036	-81.71989
399.6875	10.01177	-81.63116
400	9.882406	-81.90977
400.3125	9.756372	-81.78905
400.625	9.639975	-81.84261
400.9375	9.518857	-81.97198
401.25	9.40346	-81.83978
401.5625	9.295189	-82.04883
401.875	9.190244	-82.13743
402.1875	9.090537	-82.13242
402.5	8.99511	-82.27047
402.8125	8.901675	-82.19382
403.125	8.81316	-82.34518
403.4375	8.727044	-82.53842
403.75	8.651321	-82.85187
404.0625	8.567807	-83.00246
404.375	8.483556	-83.33098
404.6875	8.399047	-83.77568
405	8.287626	-84.18747
405.3125	8.183427	-84.57924
405.625	8.053378	-85.09885
405.9375	7.915345	-85.43552
406.25	7.774114	-85.78636
406.5625	7.617397	-85.92426
406.875	7.465997	-86.05043
407.1875	7.321157	-86.22419
407.5	7.184355	-85.95721
407.8125	7.06501	-85.96365
408.125	6.938018	-85.839
408.4375	6.829634	-85.6877
408.75	6.726095	-85.64032
409.0625	6.626159	-85.45155
409.375	6.521109	-85.32737
409.6875	6.427193	-85.20859
410	6.33157	-85.2326
410.3125	6.259013	-84.95071
410.625	6.170678	-84.80077
410.9375	6.092863	-84.79191
411.25	6.022931	-84.86618
411.5625	5.939966	-84.48238
411.875	5.876938	-84.5102
412.1875	5.80571	-84.67216
412.5	5.737028	-84.43404
412.8125	5.666594	-84.36809
413.125	5.602838	-84.28426
413.4375	5.536275	-84.17035
413.75	5.478385	-84.30786
414.0625	5.409127	-84.15491
414.375	5.354647	-84.30139
414.6875	5.286146	-84.25559
415	5.224662	-84.20043
415.3125	5.165236	-84.35423
415.625	5.105547	-84.2398
415.9375	5.051132	-84.15115
416.25	4.992674	-84.18996
416.5625	4.935725	-84.35764
416.875	4.878828	-84.15609
417.1875	4.823209	-84.31502
417.5	4.755191	-84.29053
417.8125	4.700483	-84.28699
418.125	4.648448	-84.22942
418.4375	4.59553	-84.20203
418.75	4.541943	-84.32226
419.0625	4.493569	-84.14961
419.375	4.433058	-84.16286
419.6875	4.383415	-84.39013
420	4.326063	-84.20198
420.3125	4.276313	-84.335
420.625	4.220346	-84.27705
420.9375	4.161083	-84.2074
421.25	4.122336	-84.41338
421.5625	4.063987	-84.30591
421.875	4.014946	-84.31107
422.1875	3.967118	-84.4184
422.5	3.904557	-84.44088
422.8125	3.861123	-84.30135
423.125	3.81838	-84.44942
423.4375	3.765056	-84.26022
423.75	3.719945	-84.25492
424.0625	3.677131	-84.2253
424.375	3.627453	-84.32468
424.6875	3.576505	-84.37061
425	3.531301	-84.18999
425.3125	3.492805	-84.22134
425.625	3.449094	-84.25912
425.9375	3.403315	-84.27869
426.25	3.359782	-84.19384
426.5625	3.313295	-84.19135
426.875	3.288223	-84.25415
427.1875	3.242009	-84.16882
427.5	3.203044	-84.22479
427.8125	3.17553	-84.05348
428.125	3.138626	-84.24163
428.4375	3.093605	-84.18044
428.75	3.057138	-84.1535
429.0625	3.00811	-84.22987
429.375	2.963027	-84.07729
429.6875	2.932636	-84.06213
430	2.896806	-84.18484
430.3125	2.840384	-84.19631
430.625	2.823341	-84.24812
430.9375	2.778754	-84.27335
431.25	2.736391	-84.16521
431.5625	2.700618	-84.04316
431.875	2.6677	-84.15074
432.1875	2.619369	-84.07107
432.5	2.599428	-84.01022
432.8125	2.572349	-84.09078
433.125	2.518833	-83.78799
433.4375	2.496411	-83.9864
433.75	2.464236	-83.90878
434.0625	2.417732	-83.85171
434.375	2.400463	-83.92735
434.6875	2.366623	-83.85607
435	2.3519	-83.81327
435.3125	2.299801	-83.79591
435.625	2.285183	-83.66705
435.9375	2.244117	-83.77724
436.25	2.219972	-83.67466
436.5625	2.196113	-83.58198
436.875	2.158584	-83.65006
437.1875	2.146937	-83.57088
437.5	2.108442	-83.68202
437.8125	2.080807	-83.73422
438.125	2.06418	-83.56914
438.4375	2.039575	-83.56911
438.75	2.014481	-83.43491
439.0625	1.974379	-83.47041
439.375	1.949748	-83.34125
439.6875	1.926557	-83.70686
440	1.907512	-83.47187
440.3125	1.877417	-83.48106
440.625	1.853393	-83.38844
440.9375	1.833951	-83.52785
441.25	1.814425	-83.42819
441.5625	1.80178	-83.35738
441.875	1.766537	-83.35545
442.1875	1.738115	-83.15199
442.5	1.725334	-83.25791
442.8125	1.705512	-83.19813
443.125	1.674505	-83.24762
443.4375	1.661676	-83.01489
443.75	1.645548	-83.1545
444.0625	1.626546	-83.36462
444.375	1.589735	-83.09312
444.6875	1.587638	-83.15593
445	1.559046	-83.11428
445.3125	1.540117	-83.13737
445.625	1.529265	-83.1133
445.9375	1.49463	-83.11504
446.25	1.49024	-83.13535
446.5625	1.461716	-83.14674
446.875	1.443121	-83.08942
447.1875	1.42928	-82.9497
447.5	1.429924	-83.13056
447.8125	1.398264	-82.96375
448.125	1.383546	-82.9997
448.4375	1.374991	-82.93622
448.75	1.341696	-82.96136
449.0625	1.331447	-82.90643
449.375	1.317493	-82.92109
449.6875	1.308157	-83.00878
450	1.283256	-82.85854
450.3125	1.273107	-82.98199
450.625	1.260867	-82.91895
450.9375	1.237868	-83.09422
451.25	1.239195	-82.85751
451.5625	1.230162	-82.83865
451.875	1.191597	-82.95515
452.1875	1.195764	-82.80894
452.5	1.191186	-82.98341
452.8125	1.180044	-82.7305
453.125	1.145039	-82.85219
453.4375	1.156012	-82.75903
453.75	1.122693	-82.7554
454.0625	1.122552	-82.75291
454.375	1.099298	-82.74073
454.6875	1.081683	-82.98592
455	1.084426	-82.68121
455.3125	1.065899	-82.97392
455.625	1.061585	-82.77181
455.9375	1.044026	-82.85308
456.25	1.032717	-82.77711
456.5625	1.016327	-82.81425
456.875	1.010014	-82.8341
457.1875	1.004803	-82.95177
457.5	0.9858359	-82.87121
457.8125	0.9786119	-82.85857
458.125	0.9767253	-82.77171
458.4375	0.9619291	-82.76221
458.75	0.9559755	-82.89226
459.0625	0.9455076	-82.96027
459.375	0.9375065	-82.93533
459.6875	0.9268386	-82.86311
460	0.9200059	-82.99705
460.3125	0.9182352	-82.935
460.625	0.8987249	-82.86604
460.9375	0.8947326	-83.00833
461.25	0.8870838	-82.87411
461.5625	0.8760533	-83.01002
461.875	0.8669271	-82.90649
462.1875	0.8600228	-82.93228
462.5	0.8544775	-82.84283
462.8125	0.8475106	-83.0815
463.125	0.8342045	-83.01249
463.4375	0.8263656	-83.04405
463.75	0.8073487	-82.98549
464.0625	0.795984	-82.97874
464.375	0.8006877	-83.15666
464.6875	0.7779921	-83.08287
465	0.7802535	-83.17933
465.3125	0.7712933	-83.04962
465.625	0.7782345	-83.01609
465.9375	0.7812151	-83.16096
466.25	0.7553263	-83.12711
466.5625	0.7572824	-83.24606
466.875	0.7630152	-83.19285
467.1875	0.740935	-83.31367
467.5	0.74238	-83.2291
467.8125	0.7444179	-83.11773
468.125	0.7313592	-83.31375
468.4375	0.7284099	-83.29922
468.75	0.7227066	-83.32539
469.0625	0.6994622	-83.44469
469.375	0.6911106	-83.45802
469.6875	0.6804428	-83.49172
470	0.6662365	-83.61595
470.3125	0.6578778	-83.52774
470.625	0.657273	-83.58118
470.9375	0.6477103	-83.67027
471.25	0.6357545	-83.61484
471.5625	0.6354917	-83.572
471.875	0.6073647	-83.58482
472.1875	0.6181042	-83.61732
472.5	0.5956317	-83.61177
472.8125	0.5916485	-83.74998
473.125	0.6007852	-83.69836
473.4375	0.5726385	-83.61581
473.75	0.580298	-83.78041
474.0625	0.5776467	-83.64025
474.375	0.5743958	-83.76138
474.6875	0.5594556	-83.77232
475	0.5625026	-83.82062
475.3125	0.5514852	-83.73958
475.625	0.5341388	-83.90787
475.9375	0.5605924	-83.82185
476.25	0.5408069	-83.93793
476.5625	0.5393153	-83.59451
476.875	0.5351524	-83.82766
477.1875	0.529875	-83.82746
477.5	0.5168133	-83.90036
477.8125	0.5159479	-83.87044
478.125	0.5011961	-83.85645
478.4375	0.5226681	-83.89761
478.75	0.5009576	-84.06257
479.0625	0.5166485	-84.02443
479.375	0.5034878	-84.15535
479.6875	0.4937688	-83.89304
480	0.4964731	-84.20753
480.3125	0.4699655	-83.9696
480.625	0.482221	-84.01287
480.9375	0.4833347	-84.09148
481.25	0.4610268	-84.144
481.5625	0.4559999	-84.0464
481.875	0.4720016	-84.26704
482.1875	0.4698105	-84.14734
482.5	0.4556531	-84.27813
482.8125	0.4504904	-84.15903
483.125	0.4466387	-84.13495
483.4375	0.4443241	-84.29803
483.75	0.4623768	-84.23997
484.0625	0.4441972	-84.45211
484.375	0.4170427	-84.28771
484.6875	0.4349365	-84.42152
485	0.438441	-84.36489
485.3125	0.4406803	-84.43851
485.625	0.4074774	-84.40657
485.9375	0.3971073	-84.49682
486.25	0.4171197	-84.56423
486.5625	0.3892052	-84.51632
486.875	0.3913524	-84.61627
487.1875	0.3891804	-84.6174
487.5	0.3845625	-84.64735
487.8125	0.3608172	-84.53091
488.125	0.3570378	-84.68714
488.4375	0.344442	-84.55747
488.75	0.3396668	-84.5919
489.0625	0.3400233	-84.68499
489.375	0.3395523	-84.55827
489.6875	0.3159501	-84.49332
490	0.3137981	-84.48521
490.3125	0.3280538	-84.5965
490.625	0.3145501	-84.39917
490.9375	0.3116217	-84.54601
491.25	0.3168506	-84.47752
491.5625	0.3176293	-84.53851
491.875	0.3192683	-84.49719
492.1875	0.2842624	-84.47083
492.5	0.2928902	-84.49084
492.8125	0.2862363	-84.35217
493.125	0.2908357	-84.2696
493.4375	0.2897301	-84.31628
493.75	0.2888328	-84.46059
494.0625	0.2870668	-84.26072
494.375	0.2692399	-84.30688
494.6875	0.3028865	-84.13638
495	0.2826238	-84.16019
495.3125	0.3192922	-84.22686
495.625	0.2932406	-84.20056
495.9375	0.313914	-84.24643
496.25	0.3032095	-84.33841
496.5625	0.3093508	-84.07515
496.875	0.3064666	-84.11399
497.1875	0.3281765	-84.00463
497.5	0.3179248	-84.25961
497.8125	0.3360785	-84.1612
498.125	0.3155097	-84.28297
498.4375	0.3294336	-84.2506
498.75	0.3248976	-84.12773
499.0625	0.3479185	-84.08557
499.375	0.3174147	-84.24
499.6875	0.3212851	-84.11509
500	0.3415018	-84.14581
500.3125	0.2957139	-84.2308
500.625	0.3215466	-84.34313
500.9375	0.3196565	-84.29176
501.25	0.3200397	-84.08076
501.5625	0.3121461	-83.9295
501.875	0.324339	-83.92586
502.1875	0.3267426	-83.8846
502.5	0.3318977	-83.96809
502.8125	0.3428406	-83.83724
503.125	0.3497348	-83.7944
503.4375	0.3628721	-83.90239
503.75	0.3638482	-83.95329
504.0625	0.3698635	-83.78357
504.375	0.3900813	-83.60832
504.6875	0.3959785	-83.71603
505	0.4074458	-83.72523
505.3125	0.4035947	-83.70656
505.625	0.4221228	-83.74955
505.9375	0.4431484	-83.91663
506.25	0.4330257	-83.92536
506.5625	0.4531679	-83.81731
506.875	0.4566179	-83.91439
507.1875	0.4650321	-83.83432
507.5	0.4844208	-83.7618
507.8125	0.4650036	-83.68113
508.125	0.4882009	-83.83276
508.4375	0.5107458	-83.79623
508.75	0.5195086	-83.89608
509.0625	0.5180113	-83.82758
509.375	0.5184122	-83.93834
509.6875	0.5325019	-83.93367
510	0.5420736	-83.78154
510.3125	0.5422001	-83.87655
510.625	0.563177	-83.79241
510.9375	0.5542814	-83.87185
511.25	0.5729186	-83.92525
511.5625	0.5782484	-83.84494
511.875	0.6038573	-83.81725
512.1875	0.5992429	-84.02741
512.5	0.6024953	-83.90226
512.8125	0.6186123	-83.91369
513.125	0.629572	-83.92748
513.4375	0.6362664	-83.99975
513.75	0.6609451	-83.93173
514.0625	0.6625389	-84.08464
514.375	0.6770194	-83.85941
514.6875	0.6854611	-84.05091
515	0.7098175	-84.07948
515.3125	0.7102163	-83.89573
515.625	0.7313144	-84.09855
515.9375	0.7488798	-83.92764
516.25	0.7671254	-83.86266
516.5625	0.7845221	-83.88673
516.875	0.7994506	-83.67091
517.1875	0.8116257	-83.86925
517.5	0.8423079	-83.79826
517.8125	0.8788302	-83.9702
518.125	0.8974476	-84.04408
518.4375	0.9171182	-84.11261
518.75	0.9662306	-84.29731
519.0625	0.9835995	-84.25742
519.375	1.02226	-84.42577
519.6875	1.044298	-84.53706
520	1.08402	-84.6368
520.3125	1.116177	-84.77969
520.625	1.139261	-85.14377
520.9375	1.163854	-85.14025
521.25	1.191661	-85.78161
521.5625	1.172606	-85.99482
521.875	1.178285	-86.33638
522.1875	1.16284	-86.69841
522.5	1.148513	-87.15696
522.8125	1.104815	-87.33991
523.125	1.06927	-87.51496
523.4375	1.053447	-87.7934
523.75	0.9824484	-87.73367
524.0625	0.9474845	-87.70532
524.375	0.915386	-87.73431
524.6875	0.8795919	-87.71204
525	0.8624748	-87.50549
525.3125	0.8576882	-87.36879
525.625	0.8487963	-87.26157
525.9375	0.8335102	-87.11829
526.25	0.8460519	-87.07018
526.5625	0.8406754	-87.08468
526.875	0.855018	-86.81105
527.1875	0.8509717	-86.89305
527.5	0.8682895	-86.76939
527.8125	0.862638	-86.86545
528.125	0.8701491	-86.59276
528.4375	0.871275	-86.57574
528.75	0.8870903	-86.55592
529.0625	0.8947467	-86.5742
529.375	0.8862928	-86.56035
529.6875	0.898499	-86.4771
530	0.9108457	-86.33049
530.3125	0.9330753	-86.41462
530.625	0.9518173	-86.15926
530.9375	0.9589458	-86.23245
531.25	0.953957	-86.3237
531.5625	0.9812286	-86.33708
531.875	0.9924867	-86.2923
532.1875	1.009804	-86.18232
532.5	1.025279	-86.24429
532.8125	1.028724	-86.19656
533.125	1.049872	-86.10356
533.4375	1.057195	-86.26132
533.75	1.066877	-86.37065
534.0625	1.08946	-86.42552
534.375	1.113878	-86.38888
534.6875	1.109322	-86.63645
535	1.128933	-86.35352
535.3125	1.144487	-86.40304
535.625	1.163797	-86.31428
535.9375	1.165579	-86.34258
536.25	1.193138	-86.42286
536.5625	1.204742	-86.41582
536.875	1.22874	-86.50694
537.1875	1.218723	-86.57973
537.5	1.249854	-86.46716
537.8125	1.246945	-86.65153
538.125	1.263973	-86.561
538.4375	1.289423	-86.66759
538.75	1.286831	-86.52047
539.0625	1.312642	-86.47729
539.375	1.32625	-86.88405
539.6875	1.341081	-86.61142
540	1.360807	-86.85393
540.3125	1.369328	-86.73894
540.625	1.392569	-86.92292
540.9375	1.386067	-86.73953
541.25	1.419563	-86.89289
541.5625	1.422726	-86.84209
541.875	1.444346	-87.04387
542.1875	1.448027	-86.925
542.5	1.493871	-86.938
542.8125	1.486401	-86.95122
543.125	1.515834	-87.03646
543.4375	1.538172	-87.29154
543.75	1.567662	-87.30219
544.0625	1.587506	-87.29027
544.375	1.583295	-87.43277
544.6875	1.628148	-87.69123
545	1.633248	-87.57922
545.3125	1.631358	-87.79549
545.625	1.67002	-87.94405
545.9375	1.669822	-88.02421
546.25	1.676424	-88.291
546.5625	1.699255	-88.30257
546.875	1.70892	-88.47849
547.1875	1.699639	-88.6945
547.5	1.716912	-88.62646
547.8125	1.720376	-88.74786
548.125	1.722115	-88.96101
548.4375	1.719475	-89.05756
548.75	1.754804	-89.10267
549.0625	1.75659	-89.16281
549.375	1.75903	-89.31074
549.6875	1.753615	-89.38605
550	1.780986	-89.54263
550.3125	1.771436	-89.60906
550.625	1.771063	-89.68338
550.9375	1.771463	-89.77309
551.25	1.7788	-89.75291
551.5625	1.770841	-89.94109
551.875	1.778021	-90.1615
552.1875	1.765142	-90.18669
552.5	1.771637	-90.32339
552.8125	1.769214	-90.20965
553.125	1.776764	-90.48067
553.4375	1.746593	-90.56956
553.75	1.747862	-90.45133
554.0625	1.750361	-90.60422
554.375	1.732996	-90.73374
554.6875	1.74235	-90.73441
555	1.73141	-90.66405
555.3125	1.715651	-90.97378
555.625	1.711431	-90.87777
555.9375	1.716609	-90.84949
556.25	1.695282	-90.9121
556.5625	1.701805	-91.05016
556.875	1.674533	-90.95644
557.1875	1.65666	-90.90216
557.5	1.660133	-90.82049
557.8125	1.645658	-90.79227
558.125	1.637459	-90.74469
558.4375	1.652051	-90.7802
558.75	1.630203	-90.67324
559.0625	1.643723	-90.57853
559.375	1.62938	-90.63245
559.6875	1.628666	-90.35586
560	1.633491	-90.39186
560.3125	1.62416	-90.30257
560.625	1.624439	-90.20526
560.9375	1.639435	-90.15195
561.25	1.633259	-89.82682
561.5625	1.635002	-89.86967
561.875	1.658466	-89.77307
562.1875	1.652246	-89.74423
562.5	1.658218	-89.64709
562.8125	1.667957	-89.6167
563.125	1.67586	-89.29105
563.4375	1.689608	-89.45342
563.75	1.706751	-89.09142
564.0625	1.714831	-89.12091
564.375	1.735031	-88.88236
564.6875	1.753665	-89.04755
565	1.77005	-88.68771
565.3125	1.788944	-88.75084
565.625	1.800508	-88.70776
565.9375	1.842278	-88.41232
566.25	1.864263	-88.31241
566.5625	1.878287	-88.2912
566.875	1.901932	-88.20437
567.1875	1.914737	-88.10581
567.5	1.951589	-88.13335
567.8125	1.975331	-88.03345
568.125	1.98281	-88.00177
568.4375	2.039701	-88.11881
568.75	2.039861	-87.99173
569.0625	2.064352	-87.97279
569.375	2.104799	-88.08561
569.6875	2.118745	-87.87261
570	2.149076	-87.88024
570.3125	2.172964	-87.95609
570.625	2.197399	-87.94154
570.9375	2.221894	-87.80711
571.25	2.243442	-87.93642
571.5625	2.274619	-87.754
571.875	2.295538	-87.61801
572.1875	2.323805	-87.70584
572.5	2.343921	-87.67422
572.8125	2.381997	-87.62526
573.125	2.409152	-87.64577
573.4375	2.425828	-87.698
573.75	2.439782	-87.60004
574.0625	2.4959	-87.53597
574.375	2.5165	-87.56191
574.6875	2.548589	-87.66114
575	2.569578	-87.72436
575.3125	2.596367	-87.6148
575.625	2.633091	-87.76418
575.9375	2.670666	-87.62918
576.25	2.69073	-87.52126
576.5625	2.713692	-87.58073
576.875	2.752621	-87.55927
577.1875	2.787595	-87.59383
577.5	2.805896	-87.52199
577.8125	2.851878	-87.5675
578.125	2.877915	-87.54076
578.4375	2.924038	-87.67174
578.75	2.941923	-87.68863
579.0625	2.994139	-87.73414
579.375	3.011706	-87.73192
579.6875	3.041872	-87.72334
580	3.081168	-87.72634
580.3125	3.11443	-87.89522
580.625	3.141811	-87.7116
580.9375	3.177874	-87.89191
581.25	3.203262	-87.92493
581.5625	3.265257	-87.92887
581.875	3.285791	-88.05128
582.1875	3.329208	-88.0258
582.5	3.37122	-88.03642
582.8125	3.394789	-88.2053
583.125	3.451894	-88.24387
583.4375	3.465767	-88.35326
583.75	3.521321	-88.35838
584.0625	3.543867	-88.37794
584.375	3.601122	-88.41328
584.6875	3.621046	-88.46942
585	3.684732	-88.39532
585.3125	3.712991	-88.56886
585.625	3.751984	-88.4814
585.9375	3.808865	-88.71043
586.25	3.844882	-88.734
586.5625	3.898094	-88.78007
586.875	3.937438	-89.01365
587.1875	3.986159	-89.03357
587.5	4.034919	-89.19666
587.8125	4.09054	-89.21269
588.125	4.13706	-89.30987
588.4375	4.194745	-89.26163
588.75	4.241632	-89.55466
589.0625	4.300897	-89.56435
589.375	4.356827	-89.70587
589.6875	4.413926	-89.65767
590	4.481049	-89.90231
590.3125	4.537104	-89.91997
590.625	4.60991	-90.10678
590.9375	4.674479	-90.27705
591.25	4.754742	-90.24937
591.5625	4.821546	-90.3756
591.875	4.906006	-90.61224
592.1875	4.991554	-90.82153
592.5	5.089588	-90.91914
592.8125	5.178006	-91.27058
593.125	5.28109	-91.48994
593.4375	5.394025	-91.62095
593.75	5.519093	-92.00125
594.0625	5.63607	-92.25372
594.375	5.786757	-92.65305
594.6875	5.925494	-93.17078
595	6.095738	-93.54072
595.3125	6.270739	-94.10136
595.625	6.454898	-94.75175
595.9375	6.658523	-95.64274
596.25	6.875035	-96.5938
596.5625	7.118827	-97.72263
596.875	7.369503	-99.18708
597.1875	7.646295	-100.7541
597.5	7.931633	-102.6372
597.8125	8.242837	-105.2763
598.125	8.56291	-108.2262
598.4375	8.874854	-111.8865
598.75	9.189447	-116.4925
599.0625	9.452925	-121.9301
599.375	9.633199	-128.8369
599.6875	9.648303	-137.3575
600	9.357769	-147.3128
600.3125	8.598068	-158.363
600.625	7.226606	-169.2871
600.9375	5.169614	-178.0245
601.25	2.550126	177.1463
601.5625	-0.3739577	178.5385
601.875	-3.231282	-172.6177
602.1875	-5.307345	-156.7685
602.5	-6.049408	-137.8701
602.8125	-5.659607	-122.578
603.125	-4.826445	-111.9745
603.4375	-3.985205	-105.4246
603.75	-3.194499	-100.8809
604.0625	-2.536586	-98.0349
604.375	-2.01154	-95.91464
604.6875	-1.532756	-94.26599
605	-1.141332	-93.15804
605.3125	-0.8217051	-92.09677
605.625	-0.5159556	-91.37374
605.9375	-0.238525	-90.67288
606.25	0.01144855	-89.87337
606.5625	0.2295632	-89.54092
606.875	0.4525557	-89.05245
607.1875	0.6511741	-88.88703
607.5	0.8164548	-88.62384
607.8125	0.9744942	-88.2282
608.125	1.123867	-88.0905
608.4375	1.279018	-87.75928
608.75	1.396801	-87.99467
609.0625	1.521499	-87.54262
609.375	1.648247	-87.50755
609.6875	1.779412	-87.30051
610	1.865989	-87.21638
610.3125	1.967996	-87.22765
610.625	2.061772	-87.12085
610.9375	2.164641	-86.98105
611.25	2.249765	-87.14162
611.5625	2.336728	-86.88292
611.875	2.420156	-86.97762
612.1875	2.507869	-86.94991
612.5	2.5752	-86.8182
612.8125	2.642352	-86.84074
613.125	2.720819	-86.99937
613.4375	2.7783	-86.84248
613.75	2.855733	-87.02895
614.0625	2.917647	-86.89081
614.375	2.992916	-86.76314
614.6875	3.042409	-87.02107
615	3.11186	-86.79636
615.3125	3.177631	-86.74942
615.625	3.224683	-86.86269
615.9375	3.292909	-86.68902
616.25	3.338868	-87.03461
616.5625	3.401825	-86.90051
616.875	3.453398	-86.92522
617.1875	3.50388	-86.89748
617.5	3.562446	-87.0807
617.8125	3.617017	-87.01564
618.125	3.646995	-87.0404
618.4375	3.695343	-87.03952
618.75	3.766969	-87.12338
619.0625	3.808321	-86.99207
619.375	3.849427	-87.05088
619.6875	3.897516	-87.20309
620	3.936965	-87.22386
620.3125	3.98566	-87.27122
620.625	4.039849	-87.1304
620.9375	4.079591	-87.34956
621.25	4.132672	-87.12162
621.5625	4.173645	-87.11737
621.875	4.212357	-87.29741
622.1875	4.257582	-87.29679
622.5	4.30617	-87.27574
622.8125	4.345695	-87.36699
623.125	4.387971	-87.40799
623.4375	4.432487	-87.48664
623.75	4.477487	-87.59229
624.0625	4.51018	-87.67964
624.375	4.564175	-87.66151
624.6875	4.604199	-87.70573
625	4.632079	-87.73779
625.3125	4.672746	-87.70467
625.625	4.702646	-87.77078
625.9375	4.741469	-87.91071
626.25	4.790956	-88.10624
626.5625	4.806184	-88.03716
626.875	4.843433	-88.01978
627.1875	4.874993	-88.38374
627.5	4.905129	-88.15293
627.8125	4.928573	-88.34603
628.125	4.948484	-88.38848
628.4375	4.987677	-88.29438
628.75	5.00045	-88.47014
629.0625	5.04415	-88.21935
629.375	5.067058	-88.28914
629.6875	5.094638	-88.17177
630	5.130353	-88.16043
630.3125	5.152295	-88.09311
630.625	5.196588	-88.10179
630.9375	5.242339	-87.92073
631.25	5.279808	-87.85176
631.5625	5.315161	-87.87981
631.875	5.372576	-87.89654
632.1875	5.414846	-87.96545
632.5	5.45854	-87.94988
632.8125	5.485705	-87.91797
633.125	5.541764	-87.9821
633.4375	5.590236	-88.02669
633.75	5.619325	-88.12868
634.0625	5.668055	-88.12002
634.375	5.707943	-88.04618
634.6875	5.745611	-88.26273
635	5.782476	-88.29011
635.3125	5.825585	-88.27231
635.625	5.862697	-88.29078
635.9375	5.902009	-88.4396
636.25	5.940171	-88.27006
636.5625	5.974223	-88.51118
636.875	6.013148	-88.44456
637.1875	6.05576	-88.51249
637.5	6.09671	-88.58664
637.8125	6.124928	-88.66059
638.125	6.170628	-88.65589
638.4375	6.210189	-88.64948
638.75	6.248723	-88.69526
639.0625	6.287703	-88.78525
639.375	6.315528	-88.83508
639.6875	6.355048	-88.95238
640	6.404963	-88.76425
640.3125	6.439249	-88.91888
640.625	6.467726	-88.92403
640.9375	6.513355	-88.98246
641.25	6.549398	-89.14008
641.5625	6.574102	-89.12515
641.875	6.621138	-89.12558
642.1875	6.660964	-89.14474
642.5	6.688766	-89.16579
642.8125	6.732368	-89.33998
643.125	6.758824	-89.34301
643.4375	6.800463	-89.41445
643.75	6.841111	-89.60139
644.0625	6.879914	-89.61497
644.375	6.900117	-89.64948
644.6875	6.94176	-89.6123
645	6.981676	-89.65898
645.3125	7.017601	-89.42449
645.625	7.051048	-89.74396
645.9375	7.086014	-89.7551
646.25	7.118737	-89.6514
646.5625	7.154131	-89.93975
646.875	7.193965	-89.93999
647.1875	7.233966	-89.96889
647.5	7.261042	-89.92506
647.8125	7.303307	-89.97818
648.125	7.334595	-90.01986
648.4375	7.373263	-89.90728
648.75	7.407334	-90.10921
649.0625	7.449415	-90.04773
649.375	7.480549	-90.08578
649.6875	7.524734	-90.0398
650	7.564948	-90.25063
650.3125	7.597506	-90.05228
650.625	7.640822	-90.1529
650.9375	7.679363	-90.17666
651.25	7.729212	-90.15512
651.5625	7.765397	-90.25269
651.875	7.807258	-90.24445
652.1875	7.851086	-90.28585
652.5	7.885988	-90.43208
652.8125	7.934562	-90.36463
653.125	7.97254	-90.43443
653.4375	8.015932	-90.46358
653.75	8.06421	-90.42461
654.0625	8.099164	-90.57962
654.375	8.137975	-90.65557
654.6875	8.187492	-90.6228
655	8.227078	-90.73567
655.3125	8.261324	-90.68945
655.625	8.308639	-90.80121
655.9375	8.35079	-90.87136
656.25	8.385778	-90.80591
656.5625	8.423374	-90.8856
656.875	8.473227	-91.06597
657.1875	8.50596	-90.88709
657.5	8.553258	-90.98225
657.8125	8.595907	-91.00948
658.125	8.640974	-91.08419
658.4375	8.684404	-91.16422
658.75	8.730468	-91.31055
659.0625	8.779114	-91.18922
659.375	8.822855	-91.34893
659.6875	8.869226	-91.52174
660	8.924664	-91.34192
660.3125	8.971411	-91.46044
660.625	9.006636	-91.42113
660.9375	9.063072	-91.6928
661.25	9.102722	-91.77235
661.5625	9.15298	-91.79842
661.875	9.194349	-91.82084
662.1875	9.230133	-91.92113
662.5	9.281302	-92.10251
662.8125	9.32514	-92.0686
663.125	9.360398	-92.33077
663.4375	9.411293	-92.27486
663.75	9.439184	-92.3774
664.0625	9.484708	-92.49486
664.375	9.523422	-92.47639
664.6875	9.568282	-92.46316
665	9.609425	-92.63575
665.3125	9.65161	-92.62687
665.625	9.695333	-92.82404
665.9375	9.738416	-92.96663
666.25	9.785435	-92.88455
666.5625	9.829064	-93.01314
666.875	9.872313	-93.00973
667.1875	9.920843	-93.06548
667.5	9.95945	-93.17126
667.8125	10.00661	-93.13457
668.125	10.0478	-93.17953
668.4375	10.09928	-93.18739
668.75	10.14184	-93.35957
669.0625	10.1843	-93.54169
669.375	10.23647	-93.5991
669.6875	10.27481	-93.53208
670	10.32381	-93.5677
670.3125	10.37396	-93.67138
670.625	10.41448	-93.81904
670.9375	10.47006	-93.78879
671.25	10.50779	-93.90999
671.5625	10.55982	-93.95712
671.875	10.60442	-94.14847
672.1875	10.65422	-94.09222
672.5	10.70576	-94.2498
672.8125	10.74671	-94.32873
673.125	10.79432	-94.3597
673.4375	10.84351	-94.25105
673.75	10.89157	-94.51546
674.0625	10.94581	-94.49297
674.375	10.99473	-94.43826
674.6875	11.04449	-94.50563
675	11.09167	-94.66721
675.3125	11.1405	-94.74639
675.625	11.19523	-94.86488
675.9375	11.25085	-94.83401
676.25	11.29462	-95.00787
676.5625	11.34947	-94.94306
676.875	11.40646	-95.21767
677.1875	11.4552	-95.13144
677.5	11.5068	-95.36166
677.8125	11.56243	-95.41434
678.125	11.61777	-95.43757
678.4375	11.6653	-95.50974
678.75	11.71943	-95.563
679.0625	11.77687	-95.74335
679.375	11.83066	-95.71554
679.6875	11.88802	-95.83366
680	11.93834	-95.87193
680.3125	11.99604	-95.86829
680.625	12.05069	-96.12198
680.9375	12.10526	-96.14323
681.25	12.15888	-96.20171
681.5625	12.21203	-96.38089
681.875	12.26829	-96.38026
682.1875	12.3226	-96.52268
682.5	12.37961	-96.50655
682.8125	12.44025	-96.62641
683.125	12.49364	-96.75924
683.4375	12.55093	-96.77022
683.75	12.61129	-96.90135
684.0625	12.66546	-96.9571
684.375	12.72267	-97.18986
684.6875	12.7859	-97.29986
685	12.84234	-97.27207
685.3125	12.90347	-97.47278
685.625	12.9592	-97.45486
685.9375	13.01938	-97.58715
686.25	13.08558	-97.56214
686.5625	13.13874	-97.64282
686.875	13.20267	-97.84581
687.1875	13.26219	-97.87631
687.5	13.32673	-98.04716
687.8125	13.39141	-98.17433
688.125	13.45463	-98.14427
688.4375	13.51837	-98.3385
688.75	13.58585	-98.46404
689.0625	13.64999	-98.60865
689.375	13.71579	-98.62637
689.6875	13.77798	-98.6974
690	13.85104	-98.83259
690.3125	13.92062	-98.95477
690.625	13.98068	-99.06148
690.9375	14.05292	-99.37557
691.25	14.1195	-99.35744
691.5625	14.19171	-99.37997
691.875	14.25702	-99.62683
692.1875	14.32562	-99.81036
692.5	14.39595	-99.86147
692.8125	14.4615	-99.9208
693.125	14.53421	-100.1141
693.4375	14.60346	-100.2627
693.75	14.67722	-100.2677
694.0625	14.7466	-100.6313
694.375	14.81933	-100.6765
694.6875	14.89286	-100.8127
695	14.96095	-100.9632
695.3125	15.03602	-101.0658
695.625	15.1113	-101.3631
695.9375	15.18228	-101.3371
696.25	15.25851	-101.582
696.5625	15.33278	-101.663
696.875	15.40996	-101.8663
697.1875	15.48639	-102.1665
697.5	15.5613	-102.1865
697.8125	15.64055	-102.3952
698.125	15.71779	-102.5587
698.4375	15.79732	-102.8349
698.75	15.87941	-102.9754
699.0625	15.95831	-103.1934
699.375	16.04037	-103.4512
699.6875	16.11778	-103.4581
700	16.20263	-103.8579
700.3125	16.28168	-104.0341
700.625	16.36406	-104.2625
700.9375	16.44581	-104.391
701.25	16.52882	-104.6423
701.5625	16.6147	-104.8451
701.875	16.69981	-105.0298
702.1875	16.78401	-105.2505
702.5	16.86823	-105.5635
702.8125	16.95377	-105.6916
703.125	17.039	-106.0617
703.4375	17.12633	-106.4561
703.75	17.21257	-106.5608
704.0625	17.30101	-106.8064
704.375	17.38482	-107.069
704.6875	17.47336	-107.4199
705	17.56281	-107.6439
705.3125	17.64776	-107.9294
705.625	17.7341	-108.1445
705.9375	17.8244	-108.5196
706.25	17.91076	-108.8474
706.5625	17.99932	-109.106
706.875	18.08808	-109.3261
707.1875	18.17637	-109.7545
707.5	18.2637	-110.0596
707.8125	18.35415	-110.3482
708.125	18.4444	-110.5434
708.4375	18.5357	-111.0594
708.75	18.62286	-111.243
709.0625	18.71616	-111.5643
709.375	18.80691	-111.9932
709.6875	18.89708	-112.3581
710	18.99026	-112.4592
710.3125	19.08377	-112.9314
710.625	19.17859	-113.1568
710.9375	19.27463	-113.5868
711.25	19.37427	-113.9173
711.5625	19.47691	-114.1967
711.875	19.57254	-114.5189
712.1875	19.67663	-114.7656
712.5	19.78489	-115.3636
712.8125	19.8906	-115.555
713.125	19.99803	-116.0591
713.4375	20.10963	-116.5206
713.75	20.2178	-116.8147
714.0625	20.32995	-117.2069
714.375	20.4424	-117.7511
714.6875	20.55054	-118.148
715	20.66413	-118.6448
715.3125	20.77422	-119.2238
715.625	20.88243	-119.7805
715.9375	20.99222	-120.2518
716.25	21.10134	-120.663
716.5625	21.20818	-121.2965
716.875	21.31618	-121.8448
717.1875	21.42183	-122.3827
717.5	21.52676	-122.9173
717.8125	21.63334	-123.4595
718.125	21.74039	-124.0202
718.4375	21.84727	-124.7121
718.75	21.95397	-125.1581
719.0625	22.06218	-125.7764
719.375	22.17084	-126.3578
719.6875	22.27907	-126.8584
720	22.38985	-127.5681
720.3125	22.50131	-127.9828
720.625	22.61583	-128.6769
720.9375	22.73055	-129.2805
721.25	22.84576	-129.8578
721.5625	22.96562	-130.5374
721.875	23.08773	-131.2267
722.1875	23.20994	-131.749
722.5	23.33634	-132.2958
722.8125	23.46631	-133.1069
723.125	23.59936	-133.6325
723.4375	23.73208	-134.2145
723.75	23.87178	-135.1154
724.0625	24.0141	-135.5159
724.375	24.15867	-136.3424
724.6875	24.3101	-137.1799
725	24.46276	-138.085
725.3125	24.62008	-138.8991
725.625	24.78359	-139.7074
725.9375	24.94902	-140.5248
726.25	25.1174	-141.5963
726.5625	25.29121	-142.5403
726.875	25.46855	-143.5222
727.1875	25.64705	-144.6981
727.5	25.82803	-145.7805
727.8125	26.01365	-147.0444
728.125	26.19986	-148.462
728.4375	26.38573	-149.8345
728.75	26.5733	-151.2376
729.0625	26.76012	-152.822
729.375	26.94658	-154.4003
729.6875	27.13072	-156.2964
730	27.31064	-158.0372
730.3125	27.48457	-160.0302
730.625	27.65214	-162.2298
730.9375	27.81079	-164.3426
731.25	27.95816	-166.8196
731.5625	28.0929	-169.0712
731.875	28.20988	-171.683
732.1875	28.30868	-174.4244
732.5	28.38554	-177.1282
732.8125	28.43638	179.8185
733.125	28.46055	177.1022
733.4375	28.45186	174.2163
733.75	28.41138	171.1689
734.0625	28.33653	168.1914
734.375	28.22745	165.36
734.6875	28.08426	162.3789
735	27.91189	159.6848
735.3125	27.71339	157.1284
735.625	27.4945	154.742
735.9375	27.25782	152.485
736.25	27.01038	150.5328
736.5625	26.75671	148.6315
736.875	26.49863	147.0026
737.1875	26.24195	145.4312
737.5	25.98653	143.9571
737.8125	25.73347	142.7509
738.125	25.48824	141.5479
738.4375	25.24768	140.3458
738.75	25.01183	139.5544
739.0625	24.786	138.5445
739.375	24.56444	137.7948
739.6875	24.34937	137.1062
740	24.14321	136.2432
740.3125	23.94253	135.704
740.625	23.75064	135.1496
740.9375	23.56468	134.2729
741.25	23.38383	133.817
741.5625	23.20762	133.3124
741.875	23.03744	132.8863
742.1875	22.87309	132.3697
742.5	22.71025	131.8694
742.8125	22.5532	131.4958
743.125	22.39717	130.9689
743.4375	22.2465	130.5668
743.75	22.09795	130.1274
744.0625	21.95128	129.8711
744.375	21.80887	129.3958
744.6875	21.6672	129.0917
745	21.52865	128.7526
745.3125	21.39188	128.3275
745.625	21.25919	128.2008
745.9375	21.13112	127.8887
746.25	21.00368	127.7427
746.5625	20.88207	127.4224
746.875	20.76357	127.1355
747.1875	20.64861	127.0211
747.5	20.53792	126.7732
747.8125	20.43218	126.4872
748.125	20.32743	126.2403
748.4375	20.22611	126.0037
748.75	20.128	125.7484
749.0625	20.03072	125.5766
749.375	19.93695	125.3417
749.6875	19.84639	124.9319
750	19.74815	124.6415
750.3125	19.66182	124.6102
750.625	19.5711	124.44
750.9375	19.48395	124.1952
751.25	19.39701	124.0089
751.5625	19.30987	123.7118
751.875	19.22416	123.4122
752.1875	19.1387	123.2564
752.5	19.05766	123.0545
752.8125	18.97363	122.7979
753.125	18.89122	122.5949
753.4375	18.8063	122.3589
753.75	18.72479	121.9835
754.0625	18.64146	121.7891
754.375	18.55942	121.6361
754.6875	18.47452	121.4605
755	18.39201	121.1048
755.3125	18.30848	121.0327
755.625	18.22383	120.8079
755.9375	18.13973	120.5551
756.25	18.05312	120.2863
756.5625	17.97225	120.3447
756.875	17.89406	120.1969
757.1875	17.81285	119.9252
757.5	17.73733	120.0225
757.8125	17.66622	119.9227
758.125	17.59203	119.7868
758.4375	17.52185	119.4148
758.75	17.45613	119.4224
759.0625	17.39223	119.4577
759.375	17.32951	119.3454
759.6875	17.27076	119.0995
760	17.21166	119.0624
760.3125	17.15685	118.8783
760.625	17.10535	118.8646
760.9375	17.05671	118.7514
761.25	17.0103	118.6178
761.5625	16.96505	118.473
761.875	16.92438	118.3527
762.1875	16.88135	118.0682
762.5	16.84347	117.9881
762.8125	16.80359	117.678
763.125	16.76403	117.5301
763.4375	16.7293	117.3142
763.75	16.69276	116.9395
764.0625	16.65708	116.8397
764.375	16.61631	116.3565
764.6875	16.58045	116.0705
765	16.53677	115.7708
765.3125	16.4944	115.3262
765.625	16.44658	114.9227
765.9375	16.39557	114.4188
766.25	16.33083	113.998
766.5625	16.27018	113.6059
766.875	16.19454	113.0522
767.1875	16.11559	112.6675
767.5	16.03066	112.1588
767.8125	15.93943	111.8545
768.125	15.84431	111.51
768.4375	15.73834	111.1244
768.75	15.63349	110.8171
769.0625	15.52668	110.4928
769.375	15.41901	110.2901
769.6875	15.31746	110.2105
770	15.21776	110.0859
770.3125	15.11725	110.0053
770.625	15.02055	109.8235
770.9375	14.92938	109.7879
771.25	14.83822	109.7489
771.5625	14.75232	109.8161
771.875	14.66558	109.6632
772.1875	14.58467	109.6194
772.5	14.50312	109.5721
772.8125	14.4158	109.3979
773.125	14.33377	109.4323
773.4375	14.24617	109.3217
773.75	14.15934	109.0712
774.0625	14.0705	109.1279
774.375	13.97944	109.1036
774.6875	13.88309	109.0666
775	13.77945	108.8512
775.3125	13.67158	108.8162
775.625	13.55697	108.9243
775.9375	13.43545	108.9341
776.25	13.30461	109.0086
776.5625	13.1735	109.277
776.875	13.03676	109.5059
777.1875	12.88668	109.9944
777.5	12.76033	110.657
777.8125	12.64047	111.4035
778.125	12.54498	112.2479
778.4375	12.47697	113.4397
778.75	12.45499	114.4901
779.0625	12.46974	115.503
779.375	12.51013	116.1525
779.6875	12.56726	116.8534
780	12.6499	117.6788
780.3125	12.72689	117.7534
780.625	12.79455	117.9194
780.9375	12.86335	118.0268
781.25	12.91718	117.9106
781.5625	12.95715	117.8577
781.875	12.98622	117.7793
782.1875	13.00041	117.4447
782.5	13.01436	117.3597
782.8125	13.01322	117.1872
783.125	13.01514	116.8217
783.4375	13.00127	116.6713
783.75	12.99481	116.468
784.0625	12.97487	116.1802
784.375	12.96095	116.2816
784.6875	12.94784	116.1817
785	12.9165	116
785.3125	12.89631	115.7557
785.625	12.87416	115.6088
785.9375	12.85189	115.5928
786.25	12.82758	115.4235
786.5625	12.80407	115.317
786.875	12.78382	115.3522
787.1875	12.75803	115.1853
787.5	12.73876	115.0608
787.8125	12.71707	115.079
788.125	12.69571	114.9059
788.4375	12.67606	114.9883
788.75	12.65331	114.8634
789.0625	12.63134	114.7762
789.375	12.60735	114.5948
789.6875	12.58425	114.4219
790	12.55645	114.3812
790.3125	12.53191	114.2975
790.625	12.50576	114.2592
790.9375	12.47709	114.0661
791.25	12.45271	114.0179
791.5625	12.41532	113.8455
791.875	12.39475	113.7344
792.1875	12.36701	113.6514
792.5	12.32828	113.5476
792.8125	12.30059	113.4839
793.125	12.26975	113.3913
793.4375	12.24096	113.3741
793.75	12.21323	113.3971
794.0625	12.18068	113.0717
794.375	12.15027	113.252
794.6875	12.12627	113.115
795	12.09978	113.1456
795.3125	12.07239	112.9896
795.625	12.04624	112.9739
795.9375	12.01397	112.9523
796.25	11.99118	112.9857
796.5625	11.96011	112.8152
796.875	11.93685	112.7965
797.1875	11.90877	112.8865
797.5	11.89212	112.8565
797.8125	11.86303	112.741
798.125	11.83591	112.5479
798.4375	11.81357	112.6886
798.75	11.79265	112.68
799.0625	11.76744	112.6427
799.375	11.74163	112.669
799.6875	11.71996	112.592
800	11.70016	112.6309
800.3125	11.68218	112.5116
800.625	11.65475	112.4723
800.9375	11.64044	112.4347
801.25	11.61712	112.4623
801.5625	11.59684	112.3392
801.875	11.57369	112.318
802.1875	11.556	112.2856
802.5	11.53447	112.2114
802.8125	11.51326	112.0416
803.125	11.49774	112.0758
803.4375	11.46938	112.1173
803.75	11.44255	111.9559
804.0625	11.42834	111.8362
804.375	11.40473	111.923
804.6875	11.39133	111.835
805	11.36522	111.7992
805.3125	11.33731	111.7031
805.625	11.31585	111.7758
805.9375	11.30432	111.7067
806.25	11.27712	111.5864
806.5625	11.25558	111.5677
806.875	11.24222	111.4828
807.1875	11.21823	111.5024
807.5	11.19376	111.5108
807.8125	11.17379	111.3335
808.125	11.1522	111.2779
808.4375	11.13161	111.4329
808.75	11.10894	111.3558
809.0625	11.09566	111.0634
809.375	11.07009	111.257
809.6875	11.05345	111.2016
810	11.03242	111.3418
810.3125	11.0154	111.1662
810.625	10.9941	111.1288
810.9375	10.97639	111.1062
811.25	10.95697	111.0259
811.5625	10.94892	111.0414
811.875	10.9227	110.9593
812.1875	10.90525	110.8422
812.5	10.88529	110.8221
812.8125	10.87081	110.7542
813.125	10.85182	110.7246
813.4375	10.83414	110.7174
813.75	10.80714	110.5755
814.0625	10.7914	110.6419
814.375	10.77211	110.6852
814.6875	10.74775	110.5405
815	10.73759	110.5858
815.3125	10.71717	110.5321
815.625	10.69721	110.5476
815.9375	10.67979	110.438
816.25	10.6596	110.4875
816.5625	10.64673	110.3863
816.875	10.63349	110.4429
817.1875	10.60921	110.2408
817.5	10.59307	110.2264
817.8125	10.57499	110.1381
818.125	10.55729	110.2155
818.4375	10.53783	110.0601
818.75	10.51437	110.0794
819.0625	10.4995	110.119
819.375	10.48814	109.9213
819.6875	10.46369	109.9071
820	10.44609	109.961
820.3125	10.42444	109.9999
820.625	10.40984	109.9518
820.9375	10.38941	109.9818
821.25	10.37255	109.7948
821.5625	10.35326	109.84
821.875	10.34186	109.6415
822.1875	10.31995	109.7618
822.5	10.30497	109.8087
822.8125	10.28038	109.6298
823.125	10.26666	109.6658
823.4375	10.2493	109.7768
823.75	10.23734	109.7231
824.0625	10.21745	109.521
824.375	10.20006	109.5212
824.6875	10.18571	109.5863
825	10.16887	109.4934
825.3125	10.15338	109.5641
825.625	10.13907	109.5756
825.9375	10.12091	109.2728
826.25	10.09775	109.5295
826.5625	10.08972	109.4469
826.875	10.06894	109.3017
827.1875	10.05365	109.3027
827.5	10.04098	109.2551
827.8125	10.02637	109.1818
828.125	10.00269	109.4325
828.4375	9.999016	109.2084
828.75	9.977533	109.241
829.0625	9.965797	109.3522
829.375	9.944249	109.0926
829.6875	9.934943	109.289
830	9.914573	109.1344
830.3125	9.897337	109.0195
830.625	9.884154	109.1054
830.9375	9.875091	109.0781
831.25	9.851583	109.1003
831.5625	9.844261	109.1607
831.875	9.832362	108.932
832.1875	9.813011	109.1151
832.5	9.800375	108.9719
832.8125	9.787165	108.989
833.125	9.777473	108.983
833.4375	9.758429	108.8959
833.75	9.745781	108.9756
834.0625	9.723927	108.8839
834.375	9.713748	108.9356
834.6875	9.696721	108.9961
835	9.688245	108.9167
835.3125	9.670548	109.0371
835.625	9.666072	109.1597
835.9375	9.644665	108.8647
836.25	9.630267	109.0142
836.5625	9.625856	109.0188
836.875	9.612103	108.9539
837.1875	9.600846	108.886
837.5	9.593224	109.1777
837.8125	9.589298	108.9075
838.125	9.567673	109.025
838.4375	9.571776	108.8554
838.75	9.554482	109.0755
839.0625	9.542356	108.8534
839.375	9.524499	108.942
839.6875	9.527586	108.9079
840	9.519423	108.7984
840.3125	9.506229	108.9915
840.625	9.496391	109.018
840.9375	9.487652	109.1303
841.25	9.479376	109.0647
841.5625	9.479733	108.9644
841.875	9.463966	109.0658
842.1875	9.457478	108.743
842.5	9.447304	108.8394
842.8125	9.437163	108.9806
843.125	9.428478	108.9127
843.4375	9.418811	108.9412
843.75	9.41602	108.9448
844.0625	9.405969	108.8418
844.375	9.38708	108.842
844.6875	9.380721	108.7675
845	9.379037	108.7734
845.3125	9.368812	108.827
845.625	9.361094	108.8262
845.9375	9.34882	108.8816
846.25	9.342802	108.8035
846.5625	9.33474	108.8509
846.875	9.332654	108.7517
847.1875	9.330999	108.7262
847.5	9.313349	108.6324
847.8125	9.306315	108.7176
848.125	9.306627	108.6094
848.4375	9.293279	108.4995
848.75	9.283388	108.6511
849.0625	9.27737	108.6508
849.375	9.267211	108.4671
849.6875	9.255935	108.6265
850	9.249986	108.6724
850.3125	9.24938	108.5949
850.625	9.238047	108.663
850.9375	9.235953	108.44
851.25	9.222865	108.627
851.5625	9.226259	108.6932
851.875	9.216455	108.6747
852.1875	9.208939	108.5999
852.5	9.204579	108.5936
852.8125	9.201027	108.6735
853.125	9.201329	108.491
853.4375	9.19503	108.611
853.75	9.189569	108.6006
854.0625	9.188653	108.4645
854.375	9.181868	108.654
854.6875	9.181219	108.565
855	9.184017	108.4662
855.3125	9.180861	108.5256
855.625	9.169914	108.5025
855.9375	9.178771	108.4728
856.25	9.175179	108.4726
856.5625	9.174663	108.4759
856.875	9.167707	108.5375
857.1875	9.17077	108.5558
857.5	9.161934	108.3891
857.8125	9.161786	108.4017
858.125	9.155244	108.3067
858.4375	9.156425	108.1602
858.75	9.155396	108.2273
859.0625	9.155835	108.12
859.375	9.143399	108.3417
859.6875	9.149517	108.0819
860	9.145324	108.2486
860.3125	9.147375	108.2599
860.625	9.144047	108.0986
860.9375	9.14511	108.1812
861.25	9.141323	108.0546
861.5625	9.146484	108.0651
861.875	9.145113	107.9587
862.1875	9.137062	107.9604
862.5	9.144804	108.0077
862.8125	9.14422	107.8465
863.125	9.140604	107.8236
863.4375	9.153006	107.6847
863.75	9.142643	107.9041
864.0625	9.138945	107.8331
864.375	9.14329	107.6181
864.6875	9.140452	107.6033
865	9.136859	107.507
865.3125	9.150537	107.6174
865.625	9.152938	107.4155
865.9375	9.142381	107.3041
866.25	9.147268	107.3573
866.5625	9.149139	107.3506
866.875	9.15521	107.2292
867.1875	9.152896	107.216
867.5	9.141856	107.2741
867.8125	9.15626	107.2234
868.125	9.160057	106.898
868.4375	9.152874	106.8689
868.75	9.157385	106.8364
869.0625	9.161305	106.6162
869.375	9.14459	106.5839
869.6875	9.145921	106.4641
870	9.148649	106.3331
870.3125	9.148063	106.1166
870.625	9.139686	106.0439
870.9375	9.134074	105.9129
871.25	9.124937	105.8973
871.5625	9.107746	105.6863
871.875	9.103601	105.6635
872.1875	9.098618	105.4811
872.5	9.086338	105.4911
872.8125	9.06319	105.3712
873.125	9.050265	105.3635
873.4375	9.041046	105.196
873.75	9.018207	105.0601
874.0625	9.006292	105.0753
874.375	8.999597	104.9752
874.6875	8.982727	104.9965
875	8.956963	105.0378
875.3125	8.951149	104.7317
875.625	8.941788	104.886
875.9375	8.926071	104.8593
876.25	8.924529	104.7773
876.5625	8.905639	104.6492
876.875	8.896368	104.8294
877.1875	8.882848	104.7167
877.5	8.869718	104.6896
877.8125	8.856178	104.652
878.125	8.855739	104.5626
878.4375	8.840652	104.6676
878.75	8.833206	104.5643
879.0625	8.825291	104.5605
879.375	8.814284	104.7248
879.6875	8.795354	104.3933
880	8.799151	104.4791
880.3125	8.785534	104.4235
880.625	8.781973	104.3217
880.9375	8.772253	104.3391
881.25	8.764897	104.4724
881.5625	8.756332	104.4454
881.875	8.752533	104.4625
882.1875	8.734249	104.3418
882.5	8.729348	104.3888
882.8125	8.721401	104.3259
883.125	8.719272	104.3663
883.4375	8.720514	104.4811
883.75	8.705431	104.4216
884.0625	8.709471	104.2912
884.375	8.695516	104.2688
884.6875	8.695086	104.4037
885	8.686162	104.1845
885.3125	8.681514	104.1018
885.625	8.667117	104.2062
885.9375	8.659786	104.1634
886.25	8.649674	104.2372
886.5625	8.644827	104.2413
886.875	8.637971	104.1343
887.1875	8.640228	104.1373
887.5	8.631143	104.0958
887.8125	8.620573	104.1938
888.125	8.61575	104.1017
888.4375	8.612866	104.2077
888.75	8.602537	104.2304
889.0625	8.599483	104.0801
889.375	8.597139	104.2462
889.6875	8.579329	104.0841
890	8.579792	104.1668
890.3125	8.594614	104.0329
890.625	8.591013	104.0755
890.9375	8.584275	104.1814
891.25	8.576634	104.0056
891.5625	8.5754	104.1234
891.875	8.571758	104.1166
892.1875	8.567851	104.0707
892.5	8.561716	104.2094
892.8125	8.548579	104.2036
893.125	8.555836	104.0854
893.4375	8.544396	104.3132
893.75	8.550631	103.9919
894.0625	8.546295	104.1405
894.375	8.547033	104.0449
894.6875	8.539494	104.1962
895	8.543452	104.2355
895.3125	8.543097	104.0495
895.625	8.52669	104.1708
895.9375	8.533667	104.2309
896.25	8.535561	104.086
896.5625	8.5294	104.1015
896.875	8.526488	104.0377
897.1875	8.533467	104.1263
897.5	8.526422	104.1442
897.8125	8.528092	104.0807
898.125	8.52988	104.1434
898.4375	8.521492	104.2636
898.75	8.52744	104.1781
899.0625	8.527905	104.1938
899.375	8.528169	104.2618
899.6875	8.531113	104.1625
900	8.528389	104.1819
900.3125	8.534886	104.1428
900.625	8.541195	104.1512
900.9375	8.540173	104.2068
901.25	8.543756	104.2478
901.5625	8.543696	104.2016
901.875	8.556717	104.3383
902.1875	8.549362	104.322
902.5	8.553285	104.1293
902.8125	8.559405	104.1257
903.125	8.57253	104.2351
903.4375	8.576953	104.1142
903.75	8.584439	104.0729
904.0625	8.578694	104.129
904.375	8.589871	104.234
904.6875	8.594254	103.8991
905	8.603469	104.0049
905.3125	8.602577	104.0696
905.625	8.601115	103.9187
905.9375	8.609542	103.9817
906.25	8.612869	104.0289
906.5625	8.607387	103.9188
906.875	8.626622	103.8917
907.1875	8.624784	103.6458
907.5	8.624797	103.8032
907.8125	8.634813	103.7849
908.125	8.636358	103.6122
908.4375	8.643553	103.7501
908.75	8.642832	103.3927
909.0625	8.644334	103.4958
909.375	8.646564	103.3258
909.6875	8.636703	103.2601
910	8.646783	103.293
910.3125	8.64249	103.2599
910.625	8.630706	103.2673
910.9375	8.634628	103.1019
911.25	8.634801	103.1778
911.5625	8.634398	103.1476
911.875	8.636402	103.1278
912.1875	8.634437	102.8131
912.5	8.631812	103.1322
912.8125	8.634313	103.039
913.125	8.628453	102.8889
913.4375	8.635388	103.1173
913.75	8.620709	102.8696
914.0625	8.63424	102.8362
914.375	8.633112	102.9541
914.6875	8.636097	102.9419
915	8.637257	102.9516
915.3125	8.647405	102.8764
915.625	8.639105	102.678
915.9375	8.632892	102.7159
916.25	8.638298	102.7059
916.5625	8.64492	102.6368
916.875	8.635522	102.5793
917.1875	8.641159	102.8441
917.5	8.662807	102.696
917.8125	8.655034	102.6512
918.125	8.651689	102.5714
918.4375	8.666063	102.5056
918.75	8.665431	102.4634
919.0625	8.66392	102.561
919.375	8.668204	102.4255
919.6875	8.674339	102.3697
920	8.659555	102.4545
920.3125	8.673397	102.4155
920.625	8.676883	102.3467
920.9375	8.666091	102.3059
921.25	8.672306	102.2398
921.5625	8.67159	102.1651
921.875	8.682617	102.0871
922.1875	8.67617	102.0366
922.5	8.681242	102.0323
922.8125	8.672855	102.0559
923.125	8.685102	101.993
923.4375	8.685135	102.0564
923.75	8.689902	101.9297
924.0625	8.690855	101.8678
924.375	8.696689	101.8185
924.6875	8.692027	101.8426
925	8.691296	101.7137
925.3125	8.698608	101.7844
925.625	8.700932	101.8675
925.9375	8.699106	101.6408
926.25	8.699558	101.5856
926.5625	8.705914	101.6055
926.875	8.71127	101.4617
927.1875	8.70023	101.4474
927.5	8.709422	101.5572
927.8125	8.697832	101.4049
928.125	8.708227	101.494
928.4375	8.694422	101.2182
928.75	8.700904	101.3753
929.0625	8.701715	101.381
929.375	8.709379	101.1967
929.6875	8.706925	101.4868
930	8.710683	101.3906
930.3125	8.71059	101.2013
930.625	8.71908	101.2376
930.9375	8.710755	101.275
931.25	8.717729	101.3183
931.5625	8.719828	101.0334
931.875	8.716968	101.2794
932.1875	8.714499	101.0424
932.5	8.723059	101.1612
932.8125	8.721107	101.3039
933.125	8.733303	101.0744
933.4375	8.723381	101.0987
933.75	8.730442	101.1781
934.0625	8.733404	100.9613
934.375	8.735451	100.9439
934.6875	8.74415	100.8174
935	8.742696	100.7146
935.3125	8.746918	100.7569
935.625	8.745773	100.6997
935.9375	8.745502	100.8618
936.25	8.750116	100.5588
936.5625	8.74654	100.7058
936.875	8.756573	100.8988
937.1875	8.759033	100.7018
937.5	8.75238	100.6994
937.8125	8.749105	100.7363
938.125	8.765144	100.815
938.4375	8.774457	100.634
938.75	8.771696	100.8818
939.0625	8.769547	100.4654
939.375	8.77626	100.5896
939.6875	8.769197	100.6994
940	8.772257	100.5197
940.3125	8.783582	100.5745
940.625	8.787264	100.6825
940.9375	8.796037	100.471
941.25	8.790623	100.5247
941.5625	8.797659	100.3475
941.875	8.794963	100.2193
942.1875	8.802318	100.2969
942.5	8.807596	100.2829
942.8125	8.805604	100.4171
943.125	8.814835	100.27
943.4375	8.81525	100.411
943.75	8.823883	100.2333
944.0625	8.819374	100.3698
944.375	8.826799	100.1751
944.6875	8.831437	100.4066
945	8.827638	100.2864
945.3125	8.839964	100.2542
945.625	8.842726	100.3412
945.9375	8.84563	100.3653
946.25	8.847357	100.1928
946.5625	8.857168	100.1685
946.875	8.864464	100.1025
947.1875	8.864193	100.2066
947.5	8.870794	100.0717
947.8125	8.872725	100.2644
948.125	8.880146	100.1349
948.4375	8.886062	100.0167
948.75	8.900867	100.1126
949.0625	8.902989	99.92173
949.375	8.905459	99.99438
949.6875	8.916012	99.98765
950	8.918159	99.9347
950.3125	8.933243	100.0523
950.625	8.935993	99.98286
950.9375	8.937806	99.91577
951.25	8.950897	99.73753
951.5625	8.95815	99.82133
951.875	8.949787	99.7778
952.1875	8.959575	99.96361
952.5	8.97621	99.74838
952.8125	8.978774	99.77225
953.125	8.979647	99.57713
953.4375	8.991137	99.62127
953.75	8.999797	99.63257
954.0625	9.012936	99.71812
954.375	9.011614	99.58002
954.6875	9.014706	99.52587
955	9.018849	99.70326
955.3125	9.034075	99.37347
955.625	9.044178	99.59774
955.9375	9.040737	99.43597
956.25	9.058782	99.44044
956.5625	9.062518	99.59412
956.875	9.068253	99.21945
957.1875	9.074491	99.47095
957.5	9.086864	99.33094
957.8125	9.091869	99.34798
958.125	9.099992	99.34358
958.4375	9.09265	99.25842
958.75	9.116329	99.2448
959.0625	9.105639	99.19559
959.375	9.117878	99.1825
959.6875	9.128758	99.13057
960	9.132091	98.77905
960.3125	9.133986	98.90674
960.625	9.145514	99.0976
960.9375	9.152863	98.93046
961.25	9.155123	98.96337
961.5625	9.172447	98.96398
961.875	9.173109	98.97388
962.1875	9.176882	98.90744
962.5	9.202889	99.03374
962.8125	9.207418	98.96009
963.125	9.212399	98.69872
963.4375	9.232744	98.67499
963.75	9.249907	98.77637
964.0625	9.254965	98.71363
964.375	9.269096	98.71879
964.6875	9.283704	98.54374
965	9.277826	98.47157
965.3125	9.293763	98.46966
965.625	9.310972	98.357
965.9375	9.305726	98.29074
966.25	9.312775	98.23216
966.5625	9.323124	98.22859
966.875	9.331307	98.22305
967.1875	9.340013	98.15559
967.5	9.341616	97.91934
967.8125	9.359859	98.00438
968.125	9.36475	97.8872
968.4375	9.363714	98.01723
968.75	9.375904	97.75854
969.0625	9.389208	97.76689
969.375	9.392564	97.76426
969.6875	9.401782	97.51817
970	9.405479	97.4836
970.3125	9.406641	97.47308
970.625	9.413289	97.42023
970.9375	9.419088	97.40416
971.25	9.427435	97.29051
971.5625	9.428438	97.26349
971.875	9.43228	97.30711
972.1875	9.436926	97.23561
972.5	9.444311	97.03358
972.8125	9.451051	97.14316
973.125	9.456831	96.88149
973.4375	9.460232	96.88998
973.75	9.471423	96.80904
974.0625	9.477328	96.92978
974.375	9.478513	96.87169
974.6875	9.47197	96.57345
975	9.484114	96.61638
975.3125	9.486032	96.63522
975.625	9.49343	96.40728
975.9375	9.498495	96.30643
976.25	9.497993	96.42901
976.5625	9.499608	96.44913
976.875	9.494108	96.46463
977.1875	9.49541	96.17135
977.5	9.502706	96.27625
977.8125	9.509556	96.14691
978.125	9.50091	95.98777
978.4375	9.511332	96.12395
978.75	9.51213	96.0829
979.0625	9.530985	96.04375
979.375	9.516306	95.87728
979.6875	9.522251	95.93077
980	9.522799	96.06191
980.3125	9.529758	95.75227
980.625	9.535814	95.82761
980.9375	9.541231	95.65969
981.25	9.542571	95.7882
981.5625	9.543099	95.73892
981.875	9.545553	95.59488
982.1875	9.554764	95.66351
982.5	9.558191	95.58307
982.8125	9.557557	95.44405
983.125	9.563164	95.5366
983.4375	9.563485	95.43811
983.75	9.555408	95.54774
984.0625	9.557323	95.38489
984.375	9.554208	95.56799
984.6875	9.560932	95.32868
985	9.562005	95.4642
985.3125	9.559282	95.39422
985.625	9.57182	95.30669
985.9375	9.563838	95.3278
986.25	9.556111	95.28408
986.5625	9.566371	95.26901
986.875	9.579431	95.55625
987.1875	9.579524	95.22892
987.5	9.594477	95.30365
987.8125	9.591614	95.33659
988.125	9.601837	95.31164
988.4375	9.608966	95.21975
988.75	9.624959	95.36124
989.0625	9.637519	95.25452
989.375	9.640018	95.36841
989.6875	9.635866	95.2467
990	9.65085	95.42259
990.3125	9.662704	95.18332
990.625	9.664139	95.23548
990.9375	9.673409	95.36218
991.25	9.685869	95.42941
991.5625	9.682335	95.34705
991.875	9.696122	95.17199
992.1875	9.7073	95.22139
992.5	9.714538	95.43475
992.8125	9.727499	95.33349
993.125	9.726655	95.33063
993.4375	9.733284	95.32904
993.75	9.745816	95.19957
994.0625	9.744553	95.18958
994.375	9.765733	95.01607
994.6875	9.779758	95.17721
995	9.788451	95.08231
995.3125	9.782944	95.17502
995.625	9.799232	95.08612
995.9375	9.805125	94.96823
996.25	9.808894	94.96536
996.5625	9.816897	95.16058
996.875	9.815747	95.0548
997.1875	9.831602	95.15283
997.5	9.837061	94.91007
997.8125	9.858252	94.9693
998.125	9.858744	95.05064
998.4375	9.862542	95.10769
998.75	9.879685	94.97307
999.0625	9.881262	94.98844
999.375	9.893399	94.94704
999.6875	9.902538	94.79244
1000	9.919576	95.59703
1000.3125	9.918904	94.81517
1000.625	9.932294	95.01718
1000.9375	9.944938	94.98211
1001.25	9.946638	94.94876
1001.5625	9.947404	94.60006
1001.875	9.964274	94.88575
1002.1875	9.983423	94.70837
1002.5	9.981679	94.94926
1002.8125	9.998135	94.6701
1003.125	10.01465	94.84933
1003.4375	10.01641	94.71877
1003.75	10.02874	94.79088
1004.0625	10.03834	94.74181
1004.375	10.04223	94.80222
1004.6875	10.06021	94.51258
1005	10.06944	94.64583
1005.3125	10.07796	94.67355
1005.625	10.08995	94.53593
1005.9375	10.10185	94.67136
1006.25	10.10323	94.70618
1006.5625	10.12008	94.75563
1006.875	10.12304	94.56573
1007.1875	10.13912	94.61796
1007.5	10.14736	94.54389
1007.8125	10.15857	94.50541
1008.125	10.17214	94.64169
1008.4375	10.18641	94.47393
1008.75	10.19471	94.68563
1009.0625	10.2067	94.80012
1009.375	10.2222	94.56139
1009.6875	10.23234	94.32888
1010	10.2453	94.65379
1010.3125	10.26099	94.56844
1010.625	10.27318	94.58973
1010.9375	10.28662	94.53532
1011.25	10.30059	94.48615
1011.5625	10.30549	94.38571
1011.875	10.32951	94.51563
1012.1875	10.34401	94.46547
1012.5	10.35405	94.33372
1012.8125	10.37143	94.18038
1013.125	10.38203	94.42519
1013.4375	10.38972	94.36209
1013.75	10.40326	94.18652
1014.0625	10.42262	94.05849
1014.375	10.43839	94.17056
1014.6875	10.44324	94.02612
1015	10.45309	94.19392
1015.3125	10.46365	94.12405
1015.625	10.48488	93.99586
1015.9375	10.49209	93.92921
1016.25	10.50364	93.91814
1016.5625	10.50835	94.02534
1016.875	10.53092	94.00157
1017.1875	10.5346	93.93921
1017.5	10.54524	93.78769
1017.8125	10.55758	93.91265
1018.125	10.57576	93.78271
1018.4375	10.57644	93.82438
1018.75	10.59459	93.91436
1019.0625	10.5977	93.56492
1019.375	10.60739	93.84559
1019.6875	10.62255	93.74014
1020	10.63224	93.72231
1020.3125	10.63847	93.93552
1020.625	10.64959	93.83238
1020.9375	10.6604	93.57691
1021.25	10.6627	93.76905
1021.5625	10.67628	93.62009
1021.875	10.69536	93.73929
1022.1875	10.69616	93.63694
1022.5	10.70457	93.50136
1022.8125	10.72363	93.59052
1023.125	10.72723	93.82201
1023.4375	10.74368	93.49136
1023.75	10.75157	93.63815
1024.0625	10.75729	93.59943
1024.375	10.7817	93.59401
1024.6875	10.78649	93.56557
1025	10.80303	93.61711
1025.3125	10.81972	93.73916
1025.625	10.83405	93.59058
1025.9375	10.84785	93.63997
1026.25	10.86423	93.67017
1026.5625	10.88023	93.64399
1026.875	10.88826	93.57758
1027.1875	10.90721	93.61658
1027.5	10.917	93.76935
1027.8125	10.93577	93.60088
1028.125	10.946	93.5955
1028.4375	10.958	93.64132
1028.75	10.98324	93.54837
1029.0625	10.99156	93.56911
1029.375	11.01155	93.64766
1029.6875	11.02285	93.54612
1030	11.04664	93.5041
1030.3125	11.05563	93.61105
1030.625	11.06973	93.53452
1030.9375	11.08837	93.63235
1031.25	11.10781	93.71295
1031.5625	11.12821	93.79494
1031.875	11.13909	93.56672
1032.1875	11.14841	93.63757
1032.5	11.16671	93.69412
1032.8125	11.19064	93.47959
1033.125	11.20538	93.64474
1033.4375	11.22127	93.5211
1033.75	11.24308	93.4985
1034.0625	11.25625	93.51105
1034.375	11.27219	93.4799
1034.6875	11.29084	93.4472
1035	11.30814	93.63694
1035.3125	11.33144	93.69193
1035.625	11.34782	93.60706
1035.9375	11.36526	93.65364
1036.25	11.38598	93.66796
1036.5625	11.40889	93.63723
1036.875	11.42542	93.42688
1037.1875	11.44575	93.67854
1037.5	11.45914	93.50307
1037.8125	11.48109	93.48046
1038.125	11.50441	93.53708
1038.4375	11.51595	93.46162
1038.75	11.54372	93.39907
1039.0625	11.56451	93.46055
1039.375	11.58569	93.46198
1039.6875	11.60386	93.2965
1040	11.62131	93.49948
1040.3125	11.63849	93.28729
1040.625	11.66001	93.19283
1040.9375	11.68048	93.10117
1041.25	11.70452	93.20705
1041.5625	11.71745	93.11472
1041.875	11.74028	93.20744
1042.1875	11.76127	93.24318
1042.5	11.77462	93.22018
1042.8125	11.79648	93.05015
1043.125	11.81037	93.05979
1043.4375	11.83711	93.01694
1043.75	11.84828	92.9952
1044.0625	11.85878	92.91911
1044.375	11.89012	93.06686
1044.6875	11.90178	92.85136
1045	11.91787	92.95882
1045.3125	11.93904	92.88818
1045.625	11.96001	92.84399
1045.9375	11.97806	92.81995
1046.25	11.99859	92.96643
1046.5625	12.01885	92.80389
1046.875	12.03423	93.00948
1047.1875	12.05472	92.88305
1047.5	12.07435	92.64146
1047.8125	12.09478	92.86485
1048.125	12.11498	92.70423
1048.4375	12.1373	92.87241
1048.75	12.14561	92.86356
1049.0625	12.18007	92.63538
1049.375	12.19275	92.77586
1049.6875	12.22193	92.76198
1050	12.24239	92.78237
1050.3125	12.26366	92.75266
1050.625	12.27609	92.59367
1050.9375	12.29315	92.78817
1051.25	12.3277	92.76392
1051.5625	12.34506	92.69106
1051.875	12.36839	92.57017
1052.1875	12.39331	92.48927
1052.5	12.41832	92.5372
1052.8125	12.43649	92.54875
1053.125	12.46217	92.38683
1053.4375	12.49	92.67554
1053.75	12.51094	92.43958
1054.0625	12.53167	92.69975
1054.375	12.55069	92.43536
1054.6875	12.58674	92.45369
1055	12.60958	92.42962
1055.3125	12.63252	92.41661
1055.625	12.654	92.4358
1055.9375	12.68206	92.46893
1056.25	12.70535	92.32497
1056.5625	12.72952	92.41127
1056.875	12.74882	92.34103
1057.1875	12.78357	92.28401
1057.5	12.8006	92.16903
1057.8125	12.82651	92.28809
1058.125	12.85704	92.28582
1058.4375	12.885	92.13869
1058.75	12.90429	92.19188
1059.0625	12.93662	92.1174
1059.375	12.96719	92.13094
1059.6875	12.97861	92.2478
1060	13.00313	92.11445
1060.3125	13.04124	91.95281
1060.625	13.07216	91.89376
1060.9375	13.09417	91.97387
1061.25	13.11978	91.8604
1061.5625	13.14853	91.89315
1061.875	13.17414	91.95143
1062.1875	13.19788	91.89509
1062.5	13.22892	91.89601
1062.8125	13.25907	91.78742
1063.125	13.28735	91.70505
1063.4375	13.31431	91.70504
1063.75	13.34144	91.59529
1064.0625	13.36913	91.53651
1064.375	13.3978	91.45975
1064.6875	13.42915	91.27415
1065	13.45474	91.37801
1065.3125	13.48191	91.43676
1065.625	13.5102	91.24797
1065.9375	13.54201	91.37482
1066.25	13.56703	91.11495
1066.5625	13.59757	91.13873
1066.875	13.62355	90.9111
1067.1875	13.65487	91.08197
1067.5	13.67094	90.88952
1067.8125	13.70518	90.81532
1068.125	13.73132	90.85707
1068.4375	13.7555	90.81888
1068.75	13.78553	90.74473
1069.0625	13.81166	90.59241
1069.375	13.84032	90.73868
1069.6875	13.86678	90.2831
1070	13.88804	90.44013
1070.3125	13.92088	90.54215
1070.625	13.9452	90.39688
1070.9375	13.9709	90.38213
1071.25	14.00225	90.37671
1071.5625	14.03016	90.26054
1071.875	14.06084	90.15622
1072.1875	14.0887	90.00375
1072.5	14.10851	89.99068
1072.8125	14.13951	89.83254
1073.125	14.16175	89.76291
1073.4375	14.19061	89.70834
1073.75	14.21996	89.72873
1074.0625	14.2463	89.63897
1074.375	14.27361	89.67657
1074.6875	14.29561	89.68083
1075	14.32429	89.24021
1075.3125	14.34167	89.39897
1075.625	14.37351	89.46005
1075.9375	14.40743	89.30337
1076.25	14.4251	89.29099
1076.5625	14.45103	89.25927
1076.875	14.47648	89.11028
1077.1875	14.50739	89.24442
1077.5	14.5351	88.85115
1077.8125	14.55952	88.84614
1078.125	14.57986	89.01641
1078.4375	14.60921	88.87414
1078.75	14.63239	88.92607
1079.0625	14.66317	88.91752
1079.375	14.68762	88.80633
1079.6875	14.71497	88.69328
1080	14.74493	88.48697
1080.3125	14.76855	88.60139
1080.625	14.79306	88.63439
1080.9375	14.82084	88.62138
1081.25	14.85089	88.61588
1081.5625	14.87815	88.60815
1081.875	14.9006	88.45376
1082.1875	14.93338	88.51556
1082.5	14.95809	88.33361
1082.8125	14.98954	88.18251
1083.125	15.01173	88.37003
1083.4375	15.04352	88.30331
1083.75	15.07257	88.31757
1084.0625	15.09983	88.38738
1084.375	15.1298	88.29778
1084.6875	15.16251	88.14772
1085	15.19912	88.36383
1085.3125	15.23438	88.02921
1085.625	15.26097	88.28849
1085.9375	15.29317	88.32259
1086.25	15.32193	88.28098
1086.5625	15.36581	88.37137
1086.875	15.40132	88.30657
1087.1875	15.43941	88.45986
1087.5	15.47279	88.2189
1087.8125	15.51905	88.25365
1088.125	15.55149	88.2364
1088.4375	15.593	87.9967
1088.75	15.63309	88.14758
1089.0625	15.67525	88.08471
1089.375	15.71735	88.09782
1089.6875	15.76129	88.11143
1090	15.80403	88.20975
1090.3125	15.84079	88.24655
1090.625	15.88799	87.94177
1090.9375	15.93358	87.92612
1091.25	15.97499	88.01328
1091.5625	16.02336	87.98742
1091.875	16.06461	87.81138
1092.1875	16.10657	87.9873
1092.5	16.14879	87.7655
1092.8125	16.19604	87.86671
1093.125	16.24037	87.78407
1093.4375	16.28599	87.61808
1093.75	16.3346	87.81213
1094.0625	16.38106	87.6157
1094.375	16.42291	87.53495
1094.6875	16.4759	87.52538
1095	16.52155	87.46816
1095.3125	16.56358	87.43846
1095.625	16.61458	87.33802
1095.9375	16.66664	87.00392
1096.25	16.71138	87.11957
1096.5625	16.75934	87.01904
1096.875	16.80937	87.00624
1097.1875	16.8613	86.93834
1097.5	16.91278	86.91051
1097.8125	16.96292	86.8783
1098.125	17.017	86.64105
1098.4375	17.07221	86.60456
1098.75	17.12375	86.38308
1099.0625	17.17388	86.4455
1099.375	17.22993	86.49113
1099.6875	17.28598	86.24973
1100	17.3386	86.23048
1100.3125	17.40054	85.98927
1100.625	17.45191	85.88332
1100.9375	17.50714	85.82925
1101.25	17.56392	85.8198
1101.5625	17.61963	85.64918
1101.875	17.67571	85.38735
1102.1875	17.73432	85.54478
1102.5	17.78983	85.05086
1102.8125	17.84629	84.94963
1103.125	17.90188	84.63772
1103.4375	17.9604	84.7203
1103.75	18.01705	84.42009
1104.0625	18.07318	84.3605
1104.375	18.13159	84.12008
1104.6875	18.1925	83.97423
1105	18.24793	83.93423
1105.3125	18.3051	83.91769
1105.625	18.36231	83.58318
1105.9375	18.4196	83.40475
1106.25	18.48082	83.22466
1106.5625	18.5391	83.17198
1106.875	18.59969	83.02678
1107.1875	18.65834	82.55714
1107.5	18.71853	82.63246
1107.8125	18.781	82.23851
1108.125	18.83378	82.08414
1108.4375	18.89738	81.87103
1108.75	18.95867	81.52515
1109.0625	19.01942	81.2872
1109.375	19.07664	81.2607
1109.6875	19.13676	80.86298
1110	19.19573	80.59712
1110.3125	19.25681	80.62747
1110.625	19.31637	80.13097
1110.9375	19.37443	79.89
1111.25	19.43698	79.74626
1111.5625	19.49188	79.11421
1111.875	19.55215	79.01991
1112.1875	19.61057	78.78869
1112.5	19.66615	78.49996
1112.8125	19.7229	77.93068
1113.125	19.77777	77.65238
1113.4375	19.83267	77.51692
1113.75	19.88331	77.21977
1114.0625	19.93764	76.83698
1114.375	19.9891	76.52285
1114.6875	20.03354	76.21008
1115	20.08213	75.83597
1115.3125	20.12877	75.52364
1115.625	20.17015	75.01679
1115.9375	20.21427	74.71664
1116.25	20.2559	74.35596
1116.5625	20.29388	73.99552
1116.875	20.3324	73.77858
1117.1875	20.37147	73.46513
1117.5	20.40378	73.01734
1117.8125	20.44031	72.67016
1118.125	20.46939	72.31062
1118.4375	20.50321	72.17551
1118.75	20.53404	71.8733
1119.0625	20.56249	71.65118
1119.375	20.59872	71.20668
1119.6875	20.63459	71.11275
1120	20.66935	71.10571
1120.3125	20.70091	70.80039
1120.625	20.73694	70.42091
1120.9375	20.77535	70.1052
1121.25	20.81273	70.18439
1121.5625	20.85038	69.7467
1121.875	20.89197	69.48636
1122.1875	20.93397	69.35506
1122.5	20.97778	69.07658
1122.8125	21.02114	68.79489
1123.125	21.06543	68.63126
1123.4375	21.11141	68.57606
1123.75	21.16148	68.45145
1124.0625	21.20655	68.10888
1124.375	21.25583	67.92579
1124.6875	21.30379	67.71375
1125	21.35711	67.49818
1125.3125	21.40529	67.06757
1125.625	21.4624	66.91841
1125.9375	21.51308	66.75069
1126.25	21.56533	66.52035
1126.5625	21.62075	66.13516
1126.875	21.67315	66.15955
1127.1875	21.72905	65.90378
1127.5	21.78595	65.47469
1127.8125	21.84498	65.26077
1128.125	21.90065	65.05092
1128.4375	21.95928	64.7905
1128.75	22.01893	64.62712
1129.0625	22.07735	64.24973
1129.375	22.13565	63.80281
1129.6875	22.19661	63.62185
1130	22.25792	63.26807
1130.3125	22.3194	62.9975
1130.625	22.37916	62.66631
1130.9375	22.44233	62.34781
1131.25	22.50543	62.09245
1131.5625	22.56826	61.85855
1131.875	22.63028	61.4567
1132.1875	22.69697	61.22327
1132.5	22.75904	60.83163
1132.8125	22.82522	60.48721
1133.125	22.88813	60.08741
1133.4375	22.95257	59.96656
1133.75	23.01647	59.54984
1134.0625	23.08426	58.97437
1134.375	23.15062	58.58839
1134.6875	23.2178	58.23884
1135	23.28563	57.69334
1135.3125	23.35103	57.40781
1135.625	23.4197	57.19241
1135.9375	23.48598	56.68888
1136.25	23.5548	56.34237
1136.5625	23.62564	55.99994
1136.875	23.69507	55.55244
1137.1875	23.76458	55.22953
1137.5	23.83592	54.74467
1137.8125	23.90611	54.26607
1138.125	23.9748	53.70929
1138.4375	24.04548	53.15606
1138.75	24.11591	52.81524
1139.0625	24.18523	52.33071
1139.375	24.25637	51.91029
1139.6875	24.32306	51.44324
1140	24.393	50.71081
1140.3125	24.46219	50.27202
1140.625	24.53158	49.77536
1140.9375	24.59881	49.23109
1141.25	24.66826	48.75142
1141.5625	24.73684	47.96429
1141.875	24.80354	47.45632
1142.1875	24.87045	47.03693
1142.5	24.93634	46.35845
1142.8125	25.00322	45.82772
1143.125	25.06793	45.19162
1143.4375	25.13296	44.74331
1143.75	25.19904	43.98945
1144.0625	25.26265	43.41537
1144.375	25.32803	42.97644
1144.6875	25.39527	42.09005
1145	25.45554	41.37405
1145.3125	25.5192	40.70607
1145.625	25.5821	40.21175
1145.9375	25.64454	39.46962
1146.25	25.70423	38.97997
1146.5625	25.76683	38.01189
1146.875	25.82519	37.32798
1147.1875	25.88283	36.776
1147.5	25.94342	35.97276
1147.8125	26.00011	35.17879
1148.125	26.05409	34.57514
1148.4375	26.10974	33.84789
1148.75	26.16472	32.71164
1149.0625	26.21828	32.13176
1149.375	26.27107	31.28206
1149.6875	26.32131	30.68082
1150	26.37067	29.72003
1150.3125	26.41998	28.86223
1150.625	26.46776	28.08192
1150.9375	26.51278	27.33056
1151.25	26.55841	26.37904
1151.5625	26.59982	25.61922
1151.875	26.63977	24.65414
1152.1875	26.68019	23.88191
1152.5	26.71397	22.96188
1152.8125	26.74778	21.99998
1153.125	26.78011	21.37896
1153.4375	26.80946	20.16398
1153.75	26.83798	19.26272
1154.0625	26.86242	18.35828
1154.375	26.88297	17.60148
1154.6875	26.90289	16.53268
1155	26.91994	15.52408
1155.3125	26.93598	14.60398
1155.625	26.94883	13.67641
1155.9375	26.95806	12.45216
1156.25	26.96804	11.79015
1156.5625	26.97493	10.71825
1156.875	26.9792	9.846098
1157.1875	26.9808	8.818686
1157.5	26.98162	7.87891
1157.8125	26.97961	6.99319
1158.125	26.97819	6.083609
1158.4375	26.97229	5.064316
1158.75	26.96418	4.214661
1159.0625	26.95535	2.893587
1159.375	26.94448	2.448297
1159.6875	26.92945	1.296356
1160	26.91446	0.4098989
1160.3125	26.89814	-0.5207705
1160.625	26.87957	-1.554528
1160.9375	26.85826	-2.391697
1161.25	26.8356	-3.245514
1161.5625	26.81111	-4.264283
1161.875	26.78479	-5.080139
1162.1875	26.75469	-6.247282
1162.5	26.72611	-6.888628
1162.8125	26.69461	-7.904931
1163.125	26.66018	-8.921367
1163.4375	26.62388	-9.585195
1163.75	26.58645	-10.68127
1164.0625	26.54668	-11.28447
1164.375	26.50559	-12.24687
1164.6875	26.46313	-13.30541
1165	26.41888	-14.0176
1165.3125	26.37345	-14.93116
1165.625	26.32544	-16.08194
1165.9375	26.27476	-16.76666
1166.25	26.22515	-17.56822
1166.5625	26.17314	-18.41741
1166.875	26.11961	-19.07567
1167.1875	26.06509	-19.91297
1167.5	26.00848	-20.68783
1167.8125	25.95041	-21.59421
1168.125	25.89187	-22.39741
1168.4375	25.83135	-23.15405
1168.75	25.76888	-23.81976
1169.0625	25.70725	-24.53676
1169.375	25.64404	-25.49923
1169.6875	25.57781	-26.21835
1170	25.51282	-26.88726
1170.3125	25.44378	-27.6827
1170.625	25.37661	-28.49884
1170.9375	25.30541	-29.13409
1171.25	25.23577	-29.94662
1171.5625	25.16531	-30.48738
1171.875	25.09278	-31.28546
1172.1875	25.02066	-31.87983
1172.5	24.94569	-32.59171
1172.8125	24.87018	-33.24168
1173.125	24.79437	-33.91303
1173.4375	24.71915	-34.52219
1173.75	24.64356	-35.17937
1174.0625	24.56491	-35.77438
1174.375	24.48407	-36.416
1174.6875	24.40715	-36.77097
1175	24.3291	-37.67411
1175.3125	24.25024	-38.1158
1175.625	24.17026	-38.52062
1175.9375	24.08871	-39.36052
1176.25	24.00884	-39.65863
1176.5625	23.92773	-40.37876
1176.875	23.84598	-40.93872
1177.1875	23.76316	-41.33114
1177.5	23.68022	-41.79681
1177.8125	23.59735	-42.46196
1178.125	23.51527	-42.73655
1178.4375	23.43228	-43.40905
1178.75	23.3505	-43.86895
1179.0625	23.26672	-44.29388
1179.375	23.18007	-44.95498
1179.6875	23.09675	-45.12505
1180	23.01404	-45.74379
1180.3125	22.93188	-45.99104
1180.625	22.85085	-46.44103
1180.9375	22.76418	-46.9195
1181.25	22.67931	-47.35147
1181.5625	22.59466	-47.90436
1181.875	22.51459	-48.1311
1182.1875	22.42708	-48.30244
1182.5	22.34341	-49.03831
1182.8125	22.25841	-49.4786
1183.125	22.17518	-49.63063
1183.4375	22.09129	-49.89879
1183.75	22.00812	-50.44814
1184.0625	21.92495	-50.74242
1184.375	21.84204	-51.06157
1184.6875	21.75829	-51.45774
1185	21.67809	-51.73379
1185.3125	21.59287	-52.15639
1185.625	21.51008	-52.23481
1185.9375	21.4256	-52.51737
1186.25	21.34701	-52.82509
1186.5625	21.26423	-53.08831
1186.875	21.18054	-53.38416
1187.1875	21.09831	-53.75605
1187.5	21.02129	-53.83139
1187.8125	20.94444	-54.27938
1188.125	20.85835	-54.4766
1188.4375	20.7789	-54.48146
1188.75	20.70185	-54.89425
1189.0625	20.62001	-55.287
1189.375	20.54228	-55.33955
1189.6875	20.4628	-55.47927
1190	20.38278	-55.88641
1190.3125	20.309	-55.91902
1190.625	20.22857	-56.11102
1190.9375	20.15325	-56.24784
1191.25	20.07513	-56.5722
1191.5625	19.99748	-56.72276
1191.875	19.92605	-56.86316
1192.1875	19.84668	-57.14594
1192.5	19.77035	-57.28029
1192.8125	19.69589	-57.24477
1193.125	19.62475	-57.59893
1193.4375	19.55115	-57.71497
1193.75	19.47474	-57.95844
1194.0625	19.40226	-58.04858
1194.375	19.32848	-58.21688
1194.6875	19.25528	-58.36559
1195	19.18653	-58.51434
1195.3125	19.11308	-58.69513
1195.625	19.04085	-58.72205
1195.9375	18.97298	-58.76433
1196.25	18.89772	-59.07093
1196.5625	18.8292	-59.26677
1196.875	18.75191	-59.26276
1197.1875	18.68632	-59.36733
1197.5	18.6187	-59.13868
1197.8125	18.55043	-59.50123
1198.125	18.48273	-59.57951
1198.4375	18.41357	-59.51054
1198.75	18.34933	-59.65871
1199.0625	18.27241	-59.67655
1199.375	18.21379	-59.69276
1199.6875	18.15197	-59.88788
1200	18.08532	-60.00249
1200.3125	18.01686	-60.09421
1200.625	17.95392	-60.07611
1200.9375	17.89119	-60.11403
1201.25	17.82815	-60.08994
1201.5625	17.76857	-60.14732
1201.875	17.70709	-60.19594
1202.1875	17.64657	-60.17541
1202.5	17.58101	-60.15221
1202.8125	17.52233	-60.50136
1203.125	17.45904	-60.4343
1203.4375	17.39787	-60.31522
1203.75	17.33692	-60.37531
1204.0625	17.27288	-60.48896
1204.375	17.21365	-60.38297
1204.6875	17.15516	-60.42101
1205	17.09909	-60.56718
1205.3125	17.03442	-60.4695
1205.625	16.97704	-60.39658
1205.9375	16.91828	-60.63472
1206.25	16.85929	-60.53627
1206.5625	16.80321	-60.30033
1206.875	16.74237	-60.28231
1207.1875	16.68424	-60.19316
1207.5	16.62653	-60.32984
1207.8125	16.5776	-60.11836
1208.125	16.51844	-60.14998
1208.4375	16.46493	-60.05983
1208.75	16.4049	-59.97
1209.0625	16.35821	-59.86552
1209.375	16.30439	-60.04917
1209.6875	16.25145	-59.78281
1210	16.20214	-59.59719
1210.3125	16.15042	-59.60057
1210.625	16.10555	-59.61198
1210.9375	16.05011	-59.36022
1211.25	16.00143	-59.32318
1211.5625	15.9566	-59.30648
1211.875	15.90866	-59.25607
1212.1875	15.86672	-59.05658
1212.5	15.81956	-59.00961
1212.8125	15.7702	-58.61768
1213.125	15.73161	-58.74356
1213.4375	15.6887	-58.48095
1213.75	15.64523	-58.51853
1214.0625	15.601	-58.30648
1214.375	15.56722	-58.32431
1214.6875	15.5268	-58.07396
1215	15.49338	-57.82846
1215.3125	15.45663	-57.52389
1215.625	15.42598	-57.52729
1215.9375	15.38729	-57.33371
1216.25	15.36216	-57.26896
1216.5625	15.33177	-56.97688
1216.875	15.3053	-56.88003
1217.1875	15.274	-56.69876
1217.5	15.24946	-56.57652
1217.8125	15.22866	-56.15976
1218.125	15.20211	-55.86412
1218.4375	15.1787	-55.86228
1218.75	15.16237	-55.53393
1219.0625	15.14324	-55.67334
1219.375	15.13316	-55.02923
1219.6875	15.11995	-54.91276
1220	15.10233	-54.84259
1220.3125	15.08881	-54.85843
1220.625	15.08065	-54.57639
1220.9375	15.06621	-54.29062
1221.25	15.06362	-54.14128
1221.5625	15.06706	-53.95767
1221.875	15.05877	-53.70276
1222.1875	15.06328	-53.42654
1222.5	15.06076	-53.35331
1222.8125	15.06911	-53.15063
1223.125	15.07327	-52.9015
1223.4375	15.07885	-52.70313
1223.75	15.09156	-52.59263
1224.0625	15.10751	-52.31137
1224.375	15.12171	-52.0919
1224.6875	15.13196	-52.1436
1225	15.15266	-52.00156
1225.3125	15.16898	-51.58998
1225.625	15.19524	-51.86729
1225.9375	15.22136	-51.85112
1226.25	15.24468	-51.43188
1226.5625	15.27794	-51.22356
1226.875	15.30648	-51.25558
1227.1875	15.34042	-51.15318
1227.5	15.37059	-51.16541
1227.8125	15.40631	-50.98369
1228.125	15.44024	-51.13884
1228.4375	15.47855	-50.78465
1228.75	15.51601	-51.17438
1229.0625	15.55246	-51.06946
1229.375	15.59434	-51.04784
1229.6875	15.6353	-51.38314
1230	15.67682	-51.2053
1230.3125	15.71982	-51.51352
1230.625	15.75808	-51.34963
1230.9375	15.79837	-51.71035
1231.25	15.84412	-51.60453
1231.5625	15.88936	-51.9483
1231.875	15.93172	-52.13292
1232.1875	15.97047	-52.15731
1232.5	16.01332	-52.42836
1232.8125	16.06262	-52.73931
1233.125	16.10302	-52.78699
1233.4375	16.14956	-53.33517
1233.75	16.19061	-53.43036
1234.0625	16.21899	-53.89009
1234.375	16.25583	-54.32323
1234.6875	16.28876	-54.26733
1235	16.31903	-54.85972
1235.3125	16.34728	-55.46808
1235.625	16.37427	-55.50786
1235.9375	16.39928	-56.0749
1236.25	16.41921	-56.41218
1236.5625	16.44168	-56.90591
1236.875	16.46016	-57.31633
1237.1875	16.47772	-57.7275
1237.5	16.48849	-58.1959
1237.8125	16.5027	-58.56322
1238.125	16.51112	-58.85379
1238.4375	16.51261	-59.3384
1238.75	16.51625	-59.91089
1239.0625	16.52149	-60.19786
1239.375	16.5197	-60.78414
1239.6875	16.51007	-61.46513
1240	16.50825	-61.76073
1240.3125	16.50132	-62.33817
1240.625	16.48634	-62.87555
1240.9375	16.48317	-63.02886
1241.25	16.46411	-63.49923
1241.5625	16.44613	-64.20343
1241.875	16.42847	-64.1964
1242.1875	16.40524	-64.71806
1242.5	16.38159	-65.31671
1242.8125	16.3602	-65.56287
1243.125	16.33394	-65.79144
1243.4375	16.30811	-66.33395
1243.75	16.28269	-66.8512
1244.0625	16.25556	-67.36646
1244.375	16.22047	-67.34673
1244.6875	16.19285	-67.8475
1245	16.16228	-68.36868
1245.3125	16.12644	-68.52769
1245.625	16.09224	-68.98376
1245.9375	16.06067	-69.46465
1246.25	16.02269	-69.58068
1246.5625	15.98306	-69.95306
1246.875	15.94812	-70.48862
1247.1875	15.91318	-70.64564
1247.5	15.87768	-70.9492
1247.8125	15.83645	-71.22609
1248.125	15.8016	-71.75105
1248.4375	15.76428	-71.66138
1248.75	15.72765	-72.2514
1249.0625	15.6863	-72.17251
1249.375	15.6434	-72.69341
1249.6875	15.60576	-72.83646
1250	15.57454	-74.18044
1250.3125	15.52404	-72.99294
1250.625	15.48802	-73.45432
1250.9375	15.45034	-73.97459
1251.25	15.40566	-74.15042
1251.5625	15.37195	-74.4659
1251.875	15.32709	-74.33887
1252.1875	15.29551	-74.86525
1252.5	15.25678	-74.93225
1252.8125	15.21167	-75.07754
1253.125	15.17279	-75.19763
1253.4375	15.13537	-75.54338
1253.75	15.09928	-75.63703
1254.0625	15.05787	-76.05551
1254.375	15.01812	-76.16199
1254.6875	14.98461	-76.40423
1255	14.94785	-76.73811
1255.3125	14.90602	-76.77911
1255.625	14.87106	-76.87599
1255.9375	14.8407	-76.95351
1256.25	14.80038	-77.16332
1256.5625	14.76197	-77.26069
1256.875	14.72942	-77.59917
1257.1875	14.69264	-77.61493
1257.5	14.6588	-78.09193
1257.8125	14.62786	-77.90707
1258.125	14.58846	-78.07622
1258.4375	14.55313	-78.25616
1258.75	14.51982	-78.53194
1259.0625	14.48902	-78.53712
1259.375	14.45099	-78.68981
1259.6875	14.42089	-78.91674
1260	14.38186	-79.29038
1260.3125	14.35831	-79.2879
1260.625	14.32377	-79.56557
1260.9375	14.28239	-79.27782
1261.25	14.25203	-79.73826
1261.5625	14.21702	-79.65608
1261.875	14.18668	-80.16572
1262.1875	14.15029	-79.93336
1262.5	14.11822	-80.07004
1262.8125	14.09033	-80.29582
1263.125	14.0524	-80.27643
1263.4375	14.01868	-80.49294
1263.75	13.98849	-80.5565
1264.0625	13.95431	-80.8534
1264.375	13.92908	-80.90894
1264.6875	13.89612	-81.02031
1265	13.86493	-80.99496
1265.3125	13.83798	-81.1642
1265.625	13.80769	-81.15467
1265.9375	13.77758	-81.60745
1266.25	13.74393	-81.54736
1266.5625	13.71625	-81.48239
1266.875	13.69175	-81.71712
1267.1875	13.66034	-81.82369
1267.5	13.63047	-81.8531
1267.8125	13.60239	-81.97352
1268.125	13.57413	-82.10946
1268.4375	13.54675	-82.35852
1268.75	13.51149	-82.58883
1269.0625	13.49949	-82.72519
1269.375	13.46437	-82.51038
1269.6875	13.44162	-82.91917
1270	13.41357	-82.98487
1270.3125	13.38706	-83.06203
1270.625	13.35743	-83.20132
1270.9375	13.33361	-83.10342
1271.25	13.30763	-83.36342
1271.5625	13.27829	-83.36868
1271.875	13.25723	-83.73551
1272.1875	13.23559	-83.8149
1272.5	13.20582	-83.9801
1272.8125	13.18185	-83.92648
1273.125	13.15433	-84.18901
1273.4375	13.12127	-84.50249
1273.75	13.10547	-84.49918
1274.0625	13.07747	-85.07011
1274.375	13.0482	-84.78345
1274.6875	13.0175	-85.17088
1275	12.99007	-85.34326
1275.3125	12.94839	-85.40001
1275.625	12.92344	-85.67869
1275.9375	12.88267	-85.9385
1276.25	12.84616	-86.02868
1276.5625	12.80016	-86.29871
1276.875	12.74867	-86.34106
1277.1875	12.6999	-86.34434
1277.5	12.64294	-86.64845
1277.8125	12.5826	-86.66805
1278.125	12.52361	-86.92631
1278.4375	12.4586	-86.75851
1278.75	12.39799	-86.83053
1279.0625	12.33963	-86.65093
1279.375	12.29228	-86.95089
1279.6875	12.24744	-86.34946
1280	12.21152	-86.31499
1280.3125	12.19455	-86.36256
1280.625	12.16921	-86.35272
1280.9375	12.1408	-86.21602
1281.25	12.10954	-86.36716
1281.5625	12.09938	-85.98833
1281.875	12.07338	-85.93406
1282.1875	12.06566	-85.87658
1282.5	12.03374	-86.01799
1282.8125	12.01172	-85.9585
1283.125	11.99418	-85.81863
1283.4375	11.97239	-85.80915
1283.75	11.95614	-86.04554
1284.0625	11.93751	-85.68385
1284.375	11.92594	-85.94799
1284.6875	11.89907	-85.91599
1285	11.88269	-86.02385
1285.3125	11.87261	-85.88131
1285.625	11.84684	-85.9343
1285.9375	11.84447	-85.96265
1286.25	11.82273	-85.91212
1286.5625	11.81322	-85.76391
1286.875	11.79517	-85.81892
1287.1875	11.7811	-85.8982
1287.5	11.77319	-85.83079
1287.8125	11.76521	-86.08086
1288.125	11.74698	-85.90028
1288.4375	11.74292	-86.11816
1288.75	11.72022	-85.92367
1289.0625	11.71701	-86.14373
1289.375	11.71195	-85.94748
1289.6875	11.70488	-86.09047
1290	11.689	-86.06097
1290.3125	11.68261	-85.95589
1290.625	11.67849	-86.22486
1290.9375	11.66991	-86.19968
1291.25	11.66751	-86.02208
1291.5625	11.66144	-86.37859
1291.875	11.65301	-86.33609
1292.1875	11.64569	-86.43143
1292.5	11.63537	-86.17944
1292.8125	11.6457	-86.60462
1293.125	11.63433	-86.7275
1293.4375	11.626	-86.55412
1293.75	11.61627	-86.68887
1294.0625	11.61135	-86.78699
1294.375	11.60681	-86.60197
1294.6875	11.60721	-86.75756
1295	11.59626	-86.96794
1295.3125	11.58867	-86.76061
1295.625	11.58471	-86.95399
1295.9375	11.57541	-87.03488
1296.25	11.57483	-87.22771
1296.5625	11.57918	-87.23239
1296.875	11.57428	-87.42316
1297.1875	11.56255	-87.3514
1297.5	11.55847	-87.47236
1297.8125	11.56813	-87.45307
1298.125	11.55689	-87.62746
1298.4375	11.55552	-87.86353
1298.75	11.55008	-87.93608
1299.0625	11.5433	-88.14546
1299.375	11.53479	-88.17208
1299.6875	11.5374	-88.21785
1300	11.53535	-88.26464
1300.3125	11.52495	-88.61098
1300.625	11.51502	-88.54762
1300.9375	11.51977	-88.6099
1301.25	11.51368	-88.77757
1301.5625	11.50963	-88.94794
1301.875	11.51263	-89.05282
1302.1875	11.50509	-89.03522
1302.5	11.49134	-89.15418
1302.8125	11.48893	-89.3093
1303.125	11.48849	-89.49622
1303.4375	11.4803	-89.66882
1303.75	11.47213	-89.79907
1304.0625	11.47571	-89.70335
1304.375	11.4731	-89.94789
1304.6875	11.46456	-90.0047
1305	11.46209	-90.26089
1305.3125	11.45455	-90.43597
1305.625	11.45715	-90.6927
1305.9375	11.43795	-90.45952
1306.25	11.4441	-90.56732
1306.5625	11.43634	-90.8219
1306.875	11.42174	-90.8366
1307.1875	11.42909	-91.14323
1307.5	11.42347	-91.16568
1307.8125	11.41166	-91.20454
1308.125	11.40918	-91.33647
1308.4375	11.41237	-91.67425
1308.75	11.40526	-91.69057
1309.0625	11.39708	-91.68303
1309.375	11.39202	-91.78661
1309.6875	11.38698	-92.11669
1310	11.37776	-92.23474
1310.3125	11.37796	-92.30191
1310.625	11.3785	-92.51336
1310.9375	11.37222	-92.33
1311.25	11.37286	-92.61862
1311.5625	11.37652	-92.72057
1311.875	11.37507	-93.01821
1312.1875	11.38306	-92.8203
1312.5	11.38239	-93.3157
1312.8125	11.38119	-93.33275
1313.125	11.37797	-93.32458
1313.4375	11.38481	-93.40081
1313.75	11.38935	-93.64053
1314.0625	11.38536	-93.88039
1314.375	11.3905	-93.83442
1314.6875	11.40518	-94.25172
1315	11.40977	-94.28091
1315.3125	11.41253	-94.473
1315.625	11.41355	-94.72061
1315.9375	11.41524	-94.80112
1316.25	11.41952	-94.96815
1316.5625	11.42089	-95.11285
1316.875	11.4285	-95.5428
1317.1875	11.42765	-95.53851
1317.5	11.43015	-95.72911
1317.8125	11.43657	-96.03358
1318.125	11.44333	-95.86834
1318.4375	11.43888	-96.32084
1318.75	11.44559	-96.69899
1319.0625	11.44068	-96.83501
1319.375	11.45189	-96.89822
1319.6875	11.45615	-97.23749
1320	11.46287	-97.53163
1320.3125	11.46419	-97.60703
1320.625	11.46987	-97.7186
1320.9375	11.47186	-98.04119
1321.25	11.47432	-98.22726
1321.5625	11.47788	-98.37832
1321.875	11.48794	-98.73211
1322.1875	11.49043	-98.87074
1322.5	11.49054	-99.01782
1322.8125	11.49085	-99.33778
1323.125	11.49253	-99.53851
1323.4375	11.49492	-99.76375
1323.75	11.501	-100.1876
1324.0625	11.50405	-100.5162
1324.375	11.50776	-100.4802
1324.6875	11.51849	-100.8572
1325	11.50643	-100.8488
1325.3125	11.51614	-101.1609
1325.625	11.51605	-101.2714
1325.9375	11.51749	-101.7509
1326.25	11.53015	-101.8387
1326.5625	11.53136	-102.156
1326.875	11.53231	-102.5538
1327.1875	11.5373	-102.7785
1327.5	11.53745	-102.8322
1327.8125	11.54218	-103.0929
1328.125	11.54838	-103.4374
1328.4375	11.55201	-103.7403
1328.75	11.55385	-103.9683
1329.0625	11.56615	-104.2238
1329.375	11.56212	-104.3997
1329.6875	11.56649	-104.9834
1330	11.56442	-105.2112
1330.3125	11.57313	-105.4618
1330.625	11.58476	-105.5915
1330.9375	11.59263	-105.7674
1331.25	11.58831	-106.0601
1331.5625	11.60863	-106.5049
1331.875	11.61063	-106.6149
1332.1875	11.62138	-106.6406
1332.5	11.64237	-106.9373
1332.8125	11.65827	-107.5243
1333.125	11.66192	-107.7365
1333.4375	11.68727	-107.9637
1333.75	11.70132	-108.0214
1334.0625	11.72167	-108.6679
1334.375	11.74729	-108.7327
1334.6875	11.76083	-109.3571
1335	11.77814	-109.422
1335.3125	11.80763	-109.8236
1335.625	11.82739	-110.0655
1335.9375	11.84697	-110.5906
1336.25	11.86821	-110.9602
1336.5625	11.88517	-111.7155
1336.875	11.91163	-111.7218
1337.1875	11.92356	-112.1209
1337.5	11.94693	-112.9809
1337.8125	11.95842	-113.1909
1338.125	11.97682	-113.6718
1338.4375	11.99274	-113.7492
1338.75	12.01109	-114.4546
1339.0625	12.01206	-114.8202
1339.375	12.02436	-114.9967
1339.6875	12.05385	-115.7227
1340	12.06904	-116.2299
1340.3125	12.08737	-116.7894
1340.625	12.09762	-117.3515
1340.9375	12.11437	-117.623
1341.25	12.12817	-118.3743
1341.5625	12.14225	-118.9499
1341.875	12.15741	-119.4051
1342.1875	12.18157	-119.8218
1342.5	12.18027	-120.2203
1342.8125	12.19409	-121.1956
1343.125	12.20754	-121.5892
1343.4375	12.22302	-122.1751
1343.75	12.23842	-122.6645
1344.0625	12.25961	-123.1006
1344.375	12.26692	-123.8877
1344.6875	12.27546	-124.3752
1345	12.28555	-124.8863
1345.3125	12.29961	-125.6232
1345.625	12.31252	-126.4038
1345.9375	12.32667	-126.8248
1346.25	12.33129	-127.3994
1346.5625	12.33895	-128.1961
1346.875	12.34445	-128.7111
1347.1875	12.3631	-129.4967
1347.5	12.37168	-130.3246
1347.8125	12.37442	-130.8595
1348.125	12.37957	-131.5045
1348.4375	12.38912	-132.295
1348.75	12.387	-132.9684
1349.0625	12.39356	-133.6698
1349.375	12.40214	-134.5915
1349.6875	12.41929	-135.0833
1350	12.4148	-135.8315
1350.3125	12.41681	-136.7614
1350.625	12.41955	-137.4465
1350.9375	12.42145	-138.2721
1351.25	12.42625	-138.9481
1351.5625	12.4276	-139.8902
1351.875	12.43411	-140.6475
1352.1875	12.42817	-141.3685
1352.5	12.42579	-142.4784
1352.8125	12.42218	-143.0774
1353.125	12.41636	-143.901
1353.4375	12.42202	-144.7228
1353.75	12.41544	-145.462
1354.0625	12.41726	-146.4572
1354.375	12.41265	-147.3426
1354.6875	12.40385	-148.1606
1355	12.39859	-149.1482
1355.3125	12.397	-149.8036
1355.625	12.38268	-151.1956
1355.9375	12.38325	-151.8544
1356.25	12.37129	-153.0109
1356.5625	12.35729	-154.3378
1356.875	12.35485	-154.9227
1357.1875	12.33219	-155.5989
1357.5	12.32741	-156.6499
1357.8125	12.30893	-157.806
1358.125	12.30743	-158.9195
1358.4375	12.27817	-160.0321
1358.75	12.27118	-160.9478
1359.0625	12.24175	-162.4365
1359.375	12.22403	-163.2515
1359.6875	12.2002	-164.352
1360	12.17579	-165.6438
1360.3125	12.15284	-166.5884
1360.625	12.13679	-167.9597
1360.9375	12.10481	-169.0121
1361.25	12.06223	-170.3301
1361.5625	12.03704	-171.2497
1361.875	12.00149	-172.4375
1362.1875	11.97234	-174.2761
1362.5	11.93253	-174.7866
1362.8125	11.89042	-176.3918
1363.125	11.84128	-177.8115
1363.4375	11.79268	-178.7607
1363.75	11.75898	179.9386
1364.0625	11.71515	178.7032
1364.375	11.65982	177.5537
1364.6875	11.60742	175.9286
1365	11.55515	174.725
1365.3125	11.49754	173.4938
1365.625	11.44542	171.6464
1365.9375	11.3769	170.6921
1366.25	11.33465	169.1727
1366.5625	11.25741	167.6729
1366.875	11.19441	166.0875
1367.1875	11.13393	165.1671
1367.5	11.05929	163.4987
1367.8125	10.99192	162.0066
1368.125	10.9188	160.5285
1368.4375	10.85639	159.158
1368.75	10.77936	157.7912
1369.0625	10.70228	156.2163
1369.375	10.62162	154.7339
1369.6875	10.57014	153.4055
1370	10.47034	151.8727
1370.3125	10.40128	150.2378
1370.625	10.31322	148.846
1370.9375	10.22533	147.3042
1371.25	10.13586	145.3627
1371.5625	10.04912	143.8795
1371.875	9.954296	142.2151
1372.1875	9.856572	140.6787
1372.5	9.769358	138.9637
1372.8125	9.662738	137.4944
1373.125	9.563905	135.7631
1373.4375	9.472076	133.9284
1373.75	9.368939	132.4449
1374.0625	9.263151	130.2809
1374.375	9.149397	128.6581
1374.6875	9.057093	126.9855
1375	8.96496	125.3052
1375.3125	8.848377	123.7725
1375.625	8.737469	121.8343
1375.9375	8.633801	119.9017
1376.25	8.533029	118.0174
1376.5625	8.416456	116.0896
1376.875	8.30276	114.7749
1377.1875	8.195504	112.57
1377.5	8.113917	110.8447
1377.8125	7.984689	108.953
1378.125	7.892292	106.8328
1378.4375	7.788317	105.0767
1378.75	7.683269	102.835
1379.0625	7.57508	101.1634
1379.375	7.476048	99.15553
1379.6875	7.376418	96.85839
1380	7.284911	94.743
1380.3125	7.179335	92.47802
1380.625	7.068441	90.47562
1380.9375	6.976264	88.12918
1381.25	6.884299	85.3834
1381.5625	6.772303	83.75453
1381.875	6.682666	81.41515
1382.1875	6.588351	78.58955
1382.5	6.478517	76.06416
1382.8125	6.379451	73.67824
1383.125	6.295529	71.33748
1383.4375	6.190788	68.72904
1383.75	6.098176	66.03185
1384.0625	6.000187	63.26786
1384.375	5.884405	60.5909
1384.6875	5.810813	57.4836
1385	5.728154	54.77213
1385.3125	5.632052	51.61852
1385.625	5.527109	48.66125
1385.9375	5.446079	45.44796
1386.25	5.358625	42.18914
1386.5625	5.272515	39.05845
1386.875	5.195269	35.53695
1387.1875	5.120939	31.8834
1387.5	5.036808	28.30956
1387.8125	4.959792	24.52293
1388.125	4.872386	20.57929
1388.4375	4.805862	16.54456
1388.75	4.757371	12.29909
1389.0625	4.686145	7.919747
1389.375	4.647507	3.529131
1389.6875	4.571313	-1.057963
1390	4.559229	-5.976621
1390.3125	4.523992	-10.77867
1390.625	4.488033	-16.03655
1390.9375	4.48713	-21.60524
1391.25	4.492418	-26.76778
1391.5625	4.513238	-32.85452
1391.875	4.56222	-38.837
1392.1875	4.584108	-45.10458
1392.5	4.656803	-51.59342
1392.8125	4.743502	-58.38721
1393.125	4.816536	-65.26963
1393.4375	4.933452	-73.14674
1393.75	5.010593	-80.1228
1394.0625	5.149474	-87.57226
1394.375	5.260127	-95.45441
1394.6875	5.417634	-102.9913
1395	5.565681	-110.7699
1395.3125	5.701382	-118.891
1395.625	5.826001	-126.4092
1395.9375	5.958812	-134.9238
1396.25	6.070451	-142.4955
1396.5625	6.159019	-150.1687
1396.875	6.237048	-158.0262
1397.1875	6.314266	-165.1191
1397.5	6.341343	-172.3025
1397.8125	6.391597	-179.319
1398.125	6.420208	174.1813
1398.4375	6.442361	167.6957
1398.75	6.433091	161.7351
1399.0625	6.441416	155.461
1399.375	6.458625	150.0559
1399.6875	6.460128	144.7075
1400	6.465552	139.6921
1400.3125	6.468341	134.8275
1400.625	6.47669	129.9741
1400.9375	6.467313	125.4743
1401.25	6.471191	121.0915
1401.5625	6.461648	117.4326
1401.875	6.467669	112.9998
1402.1875	6.468084	109.5123
1402.5	6.454774	105.6991
1402.8125	6.464465	102.2444
1403.125	6.453896	98.68378
1403.4375	6.480107	95.76501
1403.75	6.444624	92.67939
1404.0625	6.471663	90.12898
1404.375	6.4861	86.97382
1404.6875	6.472037	83.94033
1405	6.486927	81.40134
1405.3125	6.495395	78.9472
1405.625	6.507378	76.4645
1405.9375	6.501133	73.83131
1406.25	6.497811	71.63952
1406.5625	6.509797	69.43576
1406.875	6.525827	67.00272
1407.1875	6.513473	65.124
1407.5	6.535421	62.94487
1407.8125	6.540996	60.94369
1408.125	6.52049	58.99564
1408.4375	6.553894	57.18325
1408.75	6.556338	55.61947
1409.0625	6.552797	53.92117
1409.375	6.560983	51.70282
1409.6875	6.560598	50.47894
1410	6.57017	48.45806
1410.3125	6.584583	46.98787
1410.625	6.601093	45.47553
1410.9375	6.628308	44.04264
1411.25	6.61083	42.76563
1411.5625	6.633577	41.04611
1411.875	6.660039	39.50089
1412.1875	6.67795	38.29274
1412.5	6.689954	37.01833
1412.8125	6.67976	35.32059
1413.125	6.699942	34.35478
1413.4375	6.706533	33.09245
1413.75	6.741342	31.89572
1414.0625	6.732864	30.54633
1414.375	6.745014	29.49759
1414.6875	6.766981	28.30491
1415	6.763937	27.21588
1415.3125	6.78417	26.00735
1415.625	6.789224	25.06834
1415.9375	6.809044	23.71997
1416.25	6.811684	22.76436
1416.5625	6.831358	21.87382
1416.875	6.837761	20.97961
1417.1875	6.844023	19.82062
1417.5	6.847635	19.03639
1417.8125	6.882269	18.10596
1418.125	6.898661	16.70597
1418.4375	6.882525	15.87882
1418.75	6.917443	15.05001
1419.0625	6.93212	14.10756
1419.375	6.934603	13.55165
1419.6875	6.966172	12.52762
1420	6.967745	11.57927
1420.3125	6.96261	10.8606
1420.625	6.993881	9.913263
1420.9375	6.994069	8.918714
1421.25	7.012942	8.211898
1421.5625	7.019069	7.535526
1421.875	7.047935	6.862266
1422.1875	7.059995	6.259362
1422.5	7.066049	5.214636
1422.8125	7.052396	4.538178
1423.125	7.07875	3.888386
1423.4375	7.087698	3.371984
1423.75	7.099661	2.497386
1424.0625	7.124496	1.790506
1424.375	7.11871	1.177648
1424.6875	7.149691	0.5824248
1425	7.158165	0.06222033
1425.3125	7.192398	-0.6045791
1425.625	7.21647	-1.224515
1425.9375	7.22502	-2.164941
1426.25	7.238808	-2.638841
1426.5625	7.254539	-3.157809
1426.875	7.250806	-4.168739
1427.1875	7.279106	-4.703361
1427.5	7.277836	-5.508295
1427.8125	7.291076	-5.902484
1428.125	7.30082	-6.393438
1428.4375	7.325759	-7.016148
1428.75	7.340178	-7.335522
1429.0625	7.318588	-8.156127
1429.375	7.350485	-8.718444
1429.6875	7.349534	-9.02977
1430	7.351017	-9.493333
1430.3125	7.382565	-9.952751
1430.625	7.392233	-10.73827
1430.9375	7.406582	-10.99767
1431.25	7.429008	-11.45033
1431.5625	7.429279	-11.85255
1431.875	7.465386	-12.67067
1432.1875	7.469288	-12.60721
1432.5	7.487961	-13.40799
1432.8125	7.525148	-14.04181
1433.125	7.532573	-14.50388
1433.4375	7.554398	-14.75766
1433.75	7.5773	-15.56644
1434.0625	7.594306	-15.58024
1434.375	7.613697	-16.53194
1434.6875	7.62793	-16.68764
1435	7.633148	-16.81803
1435.3125	7.676957	-17.81702
1435.625	7.672879	-18.19042
1435.9375	7.67544	-18.76585
1436.25	7.709804	-18.99773
1436.5625	7.714057	-19.61443
1436.875	7.738166	-19.92556
1437.1875	7.758176	-20.60155
1437.5	7.765796	-20.82902
1437.8125	7.780452	-21.4696
1438.125	7.79125	-21.82735
1438.4375	7.811089	-22.07338
1438.75	7.834966	-22.59986
1439.0625	7.849912	-23.09487
1439.375	7.855427	-23.23717
1439.6875	7.889481	-23.66859
1440	7.905626	-24.48588
1440.3125	7.92922	-24.56086
1440.625	7.943585	-24.72413
1440.9375	7.962141	-25.57375
1441.25	7.985817	-25.58922
1441.5625	7.992629	-26.17654
1441.875	8.008673	-26.87037
1442.1875	8.035482	-27.31584
1442.5	8.051631	-27.59765
1442.8125	8.088776	-27.91095
1443.125	8.10862	-28.13905
1443.4375	8.122957	-28.8207
1443.75	8.144239	-28.83308
1444.0625	8.148827	-29.45469
1444.375	8.171088	-30.09073
1444.6875	8.200705	-30.35746
1445	8.201282	-30.56592
1445.3125	8.240068	-31.37351
1445.625	8.2575	-31.67186
1445.9375	8.264419	-31.97619
1446.25	8.290771	-32.57253
1446.5625	8.303257	-32.54448
1446.875	8.339151	-33.29882
1447.1875	8.346682	-33.71971
1447.5	8.362831	-33.74703
1447.8125	8.399574	-34.56554
1448.125	8.409084	-34.96885
1448.4375	8.419983	-35.2328
1448.75	8.444016	-35.76943
1449.0625	8.445184	-36.02917
1449.375	8.484585	-36.39232
1449.6875	8.494687	-36.97927
1450	8.515559	-37.31255
1450.3125	8.53572	-37.85015
1450.625	8.550312	-37.97466
1450.9375	8.546995	-38.27248
1451.25	8.58957	-38.82533
1451.5625	8.611753	-39.3772
1451.875	8.640567	-39.86699
1452.1875	8.64712	-39.90812
1452.5	8.664275	-40.90766
1452.8125	8.706448	-40.97889
1453.125	8.709466	-41.66529
1453.4375	8.722387	-42.23814
1453.75	8.738817	-42.26469
1454.0625	8.771875	-42.85255
1454.375	8.776616	-43.28893
1454.6875	8.791126	-43.94154
1455	8.81409	-44.0385
1455.3125	8.828135	-45.0255
1455.625	8.854894	-45.2609
1455.9375	8.866826	-45.71619
1456.25	8.870636	-46.17249
1456.5625	8.879431	-46.81319
1456.875	8.888713	-47.19613
1457.1875	8.910005	-47.9795
1457.5	8.907131	-48.43317
1457.8125	8.932688	-48.86521
1458.125	8.927834	-49.46805
1458.4375	8.949387	-49.86177
1458.75	8.95841	-50.36447
1459.0625	8.959286	-51.1049
1459.375	8.958184	-51.52607
1459.6875	8.968965	-52.07359
1460	8.964484	-52.43209
1460.3125	8.982639	-53.17811
1460.625	8.976213	-53.97498
1460.9375	8.964259	-54.20392
1461.25	8.978661	-54.66222
1461.5625	8.961585	-55.38118
1461.875	8.976511	-55.84956
1462.1875	8.982069	-56.3308
1462.5	8.971434	-57.15332
1462.8125	8.961213	-57.70477
1463.125	8.962282	-58.53466
1463.4375	8.940791	-58.99239
1463.75	8.921063	-59.4417
1464.0625	8.904647	-60.08439
1464.375	8.887997	-60.3892
1464.6875	8.879965	-61.19298
1465	8.846951	-61.79046
1465.3125	8.817731	-62.49792
1465.625	8.798458	-63.20363
1465.9375	8.760527	-63.69658
1466.25	8.728516	-64.13584
1466.5625	8.697975	-64.86572
1466.875	8.657239	-65.34833
1467.1875	8.627015	-66.1329
1467.5	8.568109	-66.5287
1467.8125	8.524	-67.19922
1468.125	8.486902	-67.4304
1468.4375	8.446585	-68.07183
1468.75	8.401053	-68.66109
1469.0625	8.350978	-69.36327
1469.375	8.309416	-69.7428
1469.6875	8.250298	-70.56634
1470	8.188778	-70.68546
1470.3125	8.14744	-71.05224
1470.625	8.086461	-71.53326
1470.9375	8.016727	-71.86218
1471.25	7.961466	-72.87095
1471.5625	7.883722	-73.12447
1471.875	7.82852	-73.68432
1472.1875	7.749321	-74.0359
1472.5	7.693107	-74.4839
1472.8125	7.630087	-74.58442
1473.125	7.558723	-75.12821
1473.4375	7.48926	-75.85786
1473.75	7.426927	-75.63861
1474.0625	7.360116	-75.9377
1474.375	7.292194	-76.53123
1474.6875	7.217743	-77.01269
1475	7.148304	-77.14823
1475.3125	7.086798	-77.51745
1475.625	7.015433	-77.65316
1475.9375	6.946625	-77.90297
1476.25	6.883335	-78.12916
1476.5625	6.824298	-78.64767
1476.875	6.736042	-78.59242
1477.1875	6.674585	-79.11852
1477.5	6.594702	-79.51076
1477.8125	6.534691	-79.2656
1478.125	6.488306	-79.66142
1478.4375	6.382667	-79.86986
1478.75	6.3161	-79.96535
1479.0625	6.245566	-80.24571
1479.375	6.1809	-80.35986
1479.6875	6.10698	-80.69488
1480	6.038446	-80.62901
1480.3125	5.961987	-80.88842
1480.625	5.884063	-81.16814
1480.9375	5.808757	-81.51263
1481.25	5.732115	-81.29816
1481.5625	5.663497	-81.49392
1481.875	5.617379	-81.34701
1482.1875	5.514641	-81.75329
1482.5	5.427488	-82.48509
1482.8125	5.327713	-81.9154
1483.125	5.264268	-81.94781
1483.4375	5.201712	-82.29905
1483.75	5.104332	-82.13539
1484.0625	5.037148	-82.24163
1484.375	4.955719	-82.18468
1484.6875	4.862613	-82.2879
1485	4.791297	-82.20319
1485.3125	4.736392	-81.96625
1485.625	4.637777	-81.94132
1485.9375	4.554468	-82.10717
1486.25	4.505869	-81.84757
1486.5625	4.405075	-81.98503
1486.875	4.308621	-81.35378
1487.1875	4.25909	-81.3749
1487.5	4.169573	-81.06389
1487.8125	4.094558	-80.99177
1488.125	4.01342	-80.91114
1488.4375	3.957856	-80.48956
1488.75	3.89843	-80.20885
1489.0625	3.795972	-79.88184
1489.375	3.77014	-79.582
1489.6875	3.683963	-79.30511
1490	3.63867	-79.19736
1490.3125	3.557964	-79.05705
1490.625	3.53187	-78.07018
1490.9375	3.466161	-77.84619
1491.25	3.438584	-77.77439
1491.5625	3.373534	-77.2163
1491.875	3.333518	-76.75713
1492.1875	3.301303	-76.42266
1492.5	3.269008	-76.2084
1492.8125	3.236843	-75.59988
1493.125	3.20352	-74.98925
1493.4375	3.176904	-74.51592
1493.75	3.151243	-73.99037
1494.0625	3.136522	-73.14723
1494.375	3.15058	-73.12812
1494.6875	3.140442	-72.65504
1495	3.157748	-72.3857
1495.3125	3.162216	-71.51556
1495.625	3.149009	-71.14825
1495.9375	3.177591	-70.72013
1496.25	3.174589	-70.19774
1496.5625	3.213275	-69.5626
1496.875	3.232983	-69.62464
1497.1875	3.278571	-68.70722
1497.5	3.307664	-68.40268
1497.8125	3.322143	-68.36805
1498.125	3.382146	-68.1188
1498.4375	3.407252	-67.8457
1498.75	3.429985	-67.62399
1499.0625	3.489328	-66.9301
1499.375	3.500972	-67.19411
1499.6875	3.555198	-66.75249
1500	3.577084	-66.27142
1500.3125	3.656099	-66.83566
1500.625	3.67722	-66.23989
1500.9375	3.692438	-66.40874
1501.25	3.737542	-66.49641
1501.5625	3.782561	-66.14567
1501.875	3.77251	-66.19334
1502.1875	3.808443	-66.15816
1502.5	3.810671	-66.17532
1502.8125	3.824589	-65.99263
1503.125	3.874142	-65.98186
1503.4375	3.857175	-65.85741
1503.75	3.898353	-65.51853
1504.0625	3.922857	-65.48977
1504.375	3.945732	-65.61304
1504.6875	3.920224	-65.06139
1505	3.974669	-65.57967
1505.3125	3.998966	-65.07654
1505.625	4.007565	-65.35477
1505.9375	4.003168	-65.12667
1506.25	4.014257	-65.12228
1506.5625	4.057408	-64.85995
1506.875	4.077437	-64.88197
1507.1875	4.09784	-64.62678
1507.5	4.118107	-64.79897
1507.8125	4.118905	-64.49152
1508.125	4.178984	-64.51773
1508.4375	4.20487	-64.58071
1508.75	4.235133	-64.50523
1509.0625	4.269646	-64.40393
1509.375	4.291596	-64.46691
1509.6875	4.334455	-64.2268
1510	4.346342	-64.29987
1510.3125	4.382817	-64.21774
1510.625	4.427076	-64.17166
1510.9375	4.455939	-63.92825
1511.25	4.505255	-64.01048
1511.5625	4.503707	-63.95818
1511.875	4.541933	-64.1162
1512.1875	4.593146	-63.7578
1512.5	4.617046	-64.02477
1512.8125	4.649717	-63.79371
1513.125	4.680871	-64.19009
1513.4375	4.740215	-64.29955
1513.75	4.765912	-64.23666
1514.0625	4.804515	-64.32703
1514.375	4.824825	-64.68364
1514.6875	4.837383	-64.38893
1515	4.899428	-64.62162
1515.3125	4.934016	-64.41673
1515.625	4.930321	-64.98561
1515.9375	4.96857	-64.82497
1516.25	4.990535	-65.23941
1516.5625	5.029612	-65.04395
1516.875	5.065124	-65.41069
1517.1875	5.055818	-65.05362
1517.5	5.080261	-65.65362
1517.8125	5.109488	-65.59824
1518.125	5.149355	-65.70671
1518.4375	5.150082	-66.20437
1518.75	5.189037	-66.14427
1519.0625	5.215115	-66.43633
1519.375	5.225715	-66.54771
1519.6875	5.247095	-66.59726
1520	5.257588	-66.57687
1520.3125	5.291534	-67.04736
1520.625	5.279712	-67.0349
1520.9375	5.302706	-67.24389
1521.25	5.332867	-67.17931
1521.5625	5.322045	-67.53905
1521.875	5.358886	-67.71903
1522.1875	5.33913	-68.08603
1522.5	5.384965	-68.04095
1522.8125	5.384037	-68.2316
1523.125	5.388111	-67.82236
1523.4375	5.414863	-68.26264
1523.75	5.420926	-68.66556
1524.0625	5.427614	-68.51386
1524.375	5.439596	-68.4937
1524.6875	5.450261	-69.12041
1525	5.471735	-69.19572
1525.3125	5.476983	-69.19515
1525.625	5.491043	-69.76149
1525.9375	5.526099	-69.38922
1526.25	5.514894	-70.06535
1526.5625	5.54501	-70.01251
1526.875	5.544436	-70.13387
1527.1875	5.579462	-70.18932
1527.5	5.575594	-70.71283
1527.8125	5.591937	-70.59315
1528.125	5.619851	-70.72768
1528.4375	5.612819	-70.95228
1528.75	5.629245	-71.26828
1529.0625	5.626671	-71.04288
1529.375	5.678165	-71.43969
1529.6875	5.672172	-72.08788
1530	5.672538	-71.78203
1530.3125	5.669022	-72.38316
1530.625	5.686457	-72.45306
1530.9375	5.687461	-72.39596
1531.25	5.703044	-72.98012
1531.5625	5.694519	-72.66741
1531.875	5.7007	-73.50034
1532.1875	5.700107	-73.27132
1532.5	5.670851	-73.84179
1532.8125	5.683841	-73.92411
1533.125	5.681611	-74.06062
1533.4375	5.686047	-74.48192
1533.75	5.687384	-74.39742
1534.0625	5.689857	-74.64158
1534.375	5.672452	-75.12363
1534.6875	5.67337	-75.23403
1535	5.669671	-75.06578
1535.3125	5.666882	-75.79332
1535.625	5.669906	-75.71912
1535.9375	5.687687	-75.8698
1536.25	5.673714	-76.34356
1536.5625	5.689297	-76.63634
1536.875	5.67056	-76.69529
1537.1875	5.684068	-76.72775
1537.5	5.680799	-76.91502
1537.8125	5.665342	-77.12144
1538.125	5.651121	-77.52335
1538.4375	5.661173	-77.77104
1538.75	5.660751	-77.91043
1539.0625	5.656077	-78.18953
1539.375	5.628366	-78.4726
1539.6875	5.633898	-78.65432
1540	5.614143	-79.05099
1540.3125	5.615335	-79.16848
1540.625	5.607538	-79.48105
1540.9375	5.589489	-79.84913
1541.25	5.598261	-79.75896
1541.5625	5.561406	-80.39484
1541.875	5.559426	-80.54341
1542.1875	5.547298	-81.14202
1542.5	5.500723	-81.166
1542.8125	5.490477	-81.68355
1543.125	5.456728	-81.59095
1543.4375	5.435938	-81.84829
1543.75	5.405927	-82.16628
1544.0625	5.403892	-82.40057
1544.375	5.377691	-82.39976
1544.6875	5.341923	-82.42046
1545	5.339183	-82.80142
1545.3125	5.293234	-83.43901
1545.625	5.274329	-83.16634
1545.9375	5.235509	-83.70053
1546.25	5.213614	-83.93342
1546.5625	5.176059	-83.93025
1546.875	5.13839	-84.49613
1547.1875	5.110237	-84.79146
1547.5	5.084275	-84.68983
1547.8125	5.044067	-84.92469
1548.125	5.005933	-84.96673
1548.4375	4.981368	-85.17833
1548.75	4.95439	-85.52442
1549.0625	4.894937	-85.29124
1549.375	4.860672	-85.8159
1549.6875	4.806765	-86.10065
1550	4.786671	-86.52058
1550.3125	4.726058	-86.46246
1550.625	4.677862	-86.33462
1550.9375	4.640913	-86.75731
1551.25	4.601003	-86.61871
1551.5625	4.580162	-86.7094
1551.875	4.50286	-86.88934
1552.1875	4.47032	-87.25298
1552.5	4.417926	-87.10732
1552.8125	4.387688	-86.97749
1553.125	4.326733	-87.49368
1553.4375	4.270782	-87.2792
1553.75	4.25083	-87.18237
1554.0625	4.204686	-87.24475
1554.375	4.168511	-87.56939
1554.6875	4.122361	-87.49448
1555	4.02598	-87.10347
1555.3125	4.003405	-87.20016
1555.625	3.954046	-87.21059
1555.9375	3.914307	-87.63926
1556.25	3.870391	-87.35555
1556.5625	3.806197	-87.21053
1556.875	3.77357	-87.05595
1557.1875	3.730007	-87.13973
1557.5	3.681931	-87.29327
1557.8125	3.648351	-87.10011
1558.125	3.590169	-87.13342
1558.4375	3.534649	-86.74037
1558.75	3.528639	-86.65434
1559.0625	3.458648	-86.92371
1559.375	3.418015	-86.6488
1559.6875	3.382502	-86.7737
1560	3.325576	-86.26845
1560.3125	3.280812	-86.27812
1560.625	3.253788	-85.88525
1560.9375	3.197724	-85.78696
1561.25	3.15068	-86.18833
1561.5625	3.13153	-85.43068
1561.875	3.049665	-85.24706
1562.1875	3.040492	-85.40013
1562.5	3.006431	-85.09187
1562.8125	2.97878	-85.19198
1563.125	2.919469	-84.51402
1563.4375	2.897098	-84.63782
1563.75	2.868831	-84.42845
1564.0625	2.830721	-83.92603
1564.375	2.819053	-83.73943
1564.6875	2.78517	-83.69458
1565	2.75582	-83.14615
1565.3125	2.691865	-82.9987
1565.625	2.689836	-82.7376
1565.9375	2.679282	-82.07883
1566.25	2.64969	-82.39764
1566.5625	2.631496	-81.64265
1566.875	2.609753	-81.52071
1567.1875	2.600029	-81.09348
1567.5	2.585391	-80.8438
1567.8125	2.568774	-80.53473
1568.125	2.514601	-80.19763
1568.4375	2.511291	-80.05242
1568.75	2.505538	-79.87596
1569.0625	2.513036	-79.59893
1569.375	2.500508	-79.24857
1569.6875	2.51905	-78.55729
1570	2.518027	-77.95767
1570.3125	2.507147	-78.22057
1570.625	2.507181	-77.79537
1570.9375	2.497201	-77.5794
1571.25	2.4811	-77.21703
1571.5625	2.47948	-76.57121
1571.875	2.515543	-76.68919
1572.1875	2.538955	-76.3783
1572.5	2.555791	-75.72707
1572.8125	2.542062	-75.87854
1573.125	2.56872	-75.21767
1573.4375	2.550753	-74.75669
1573.75	2.552243	-75.00847
1574.0625	2.579229	-74.19753
1574.375	2.610867	-74.06461
1574.6875	2.600903	-74.13464
1575	2.662787	-73.60095
1575.3125	2.653559	-73.24043
1575.625	2.673385	-73.08717
1575.9375	2.703744	-73.13074
1576.25	2.724165	-72.3835
1576.5625	2.736758	-72.53262
1576.875	2.774135	-71.78276
1577.1875	2.779121	-71.66384
1577.5	2.8309	-71.76989
1577.8125	2.867404	-71.494
1578.125	2.893735	-71.49755
1578.4375	2.923175	-70.94852
1578.75	2.966379	-70.93849
1579.0625	2.989228	-70.88003
1579.375	3.001131	-70.57546
1579.6875	3.011482	-70.83173
1580	3.071045	-70.12405
1580.3125	3.078146	-70.26044
1580.625	3.121603	-70.00452
1580.9375	3.148655	-69.94744
1581.25	3.191505	-69.75956
1581.5625	3.221145	-69.81586
1581.875	3.243491	-69.66241
1582.1875	3.291872	-69.2545
1582.5	3.305907	-69.40376
1582.8125	3.35293	-68.80557
1583.125	3.422839	-68.90195
1583.4375	3.438894	-68.89644
1583.75	3.449211	-68.98432
1584.0625	3.518341	-68.95594
1584.375	3.533027	-69.10977
1584.6875	3.581124	-68.80854
1585	3.594908	-68.44182
1585.3125	3.633504	-68.9056
1585.625	3.650544	-68.5976
1585.9375	3.685355	-68.22576
1586.25	3.737659	-68.80518
1586.5625	3.742209	-68.51348
1586.875	3.783553	-68.80758
1587.1875	3.805571	-68.80132
1587.5	3.825301	-68.52013
1587.8125	3.867018	-68.76748
1588.125	3.896401	-68.45084
1588.4375	3.899736	-69.08468
1588.75	3.956487	-68.64274
1589.0625	3.965928	-68.38743
1589.375	4.008831	-68.67823
1589.6875	4.027467	-69.32919
1590	4.062881	-68.97988
1590.3125	4.060335	-68.49052
1590.625	4.078424	-69.04601
1590.9375	4.131103	-68.90455
1591.25	4.14318	-68.95643
1591.5625	4.220034	-68.874
1591.875	4.227293	-68.64675
1592.1875	4.254172	-69.18523
1592.5	4.24604	-68.96008
1592.8125	4.294958	-68.99005
1593.125	4.309912	-69.40249
1593.4375	4.308133	-69.31566
1593.75	4.367082	-69.3392
1594.0625	4.383577	-69.94244
1594.375	4.392803	-69.82834
1594.6875	4.43314	-69.50644
1595	4.450098	-69.6769
1595.3125	4.462798	-70.09738
1595.625	4.477902	-70.00222
1595.9375	4.495487	-69.40874
1596.25	4.530091	-70.14357
1596.5625	4.536825	-69.99091
1596.875	4.550897	-69.9737
1597.1875	4.549698	-70.24265
1597.5	4.59663	-70.42085
1597.8125	4.603881	-70.41364
1598.125	4.616545	-70.49746
1598.4375	4.644999	-70.49495
1598.75	4.665146	-70.42132
1599.0625	4.67321	-70.76573
1599.375	4.693141	-70.39574
1599.6875	4.721524	-70.96958
1600	4.728112	-71.04722
1600.3125	4.740122	-70.91423
1600.625	4.776428	-71.11938
1600.9375	4.792936	-71.45679
1601.25	4.807078	-71.38432
1601.5625	4.796205	-71.13053
1601.875	4.840485	-71.44375
1602.1875	4.849224	-71.52843
1602.5	4.855499	-71.64605
1602.8125	4.86532	-71.54118
1603.125	4.890902	-71.99073
1603.4375	4.898802	-72.0436
1603.75	4.894004	-72.03001
1604.0625	4.9063	-72.5189
1604.375	4.923636	-72.16721
1604.6875	4.911809	-72.37347
1605	4.922455	-72.70966
1605.3125	4.967662	-72.93053
1605.625	4.996017	-72.63037
1605.9375	4.980057	-73.15261
1606.25	4.978409	-73.42663
1606.5625	4.985482	-73.32269
1606.875	5.000429	-73.83054
1607.1875	5.009403	-73.69778
1607.5	4.997368	-73.61958
1607.8125	4.999436	-73.78791
1608.125	5.028978	-73.97697
1608.4375	4.997095	-74.28617
1608.75	5.009579	-74.021
1609.0625	5.041721	-74.51256
1609.375	5.042398	-74.29693
1609.6875	5.020577	-74.94867
1610	5.035033	-74.70124
1610.3125	5.002509	-74.90203
1610.625	5.006042	-75.21319
1610.9375	4.990959	-75.58024
1611.25	5.022998	-75.76739
1611.5625	5.015276	-75.8033
1611.875	4.979267	-75.85083
1612.1875	4.975956	-75.82659
1612.5	4.955633	-75.86884
1612.8125	4.944557	-76.15308
1613.125	4.892984	-76.49139
1613.4375	4.870539	-76.57535
1613.75	4.887843	-76.45161
1614.0625	4.813534	-76.6132
1614.375	4.780375	-76.52995
1614.6875	4.755967	-76.46984
1615	4.718904	-76.99388
1615.3125	4.671773	-76.70019
1615.625	4.610782	-76.49788
1615.9375	4.594735	-76.16482
1616.25	4.573271	-76.23639
1616.5625	4.535305	-76.06866
1616.875	4.535077	-75.77554
1617.1875	4.502707	-75.27024
1617.5	4.505138	-75.20008
1617.8125	4.485142	-74.70569
1618.125	4.513629	-74.12728
1618.4375	4.513641	-74.38133
1618.75	4.546575	-73.87019
1619.0625	4.54868	-73.87169
1619.375	4.588727	-73.62267
1619.6875	4.609321	-73.68703
1620	4.633237	-73.20741
1620.3125	4.65111	-73.12662
1620.625	4.667659	-72.96702
1620.9375	4.718113	-73.05117
1621.25	4.758755	-73.04234
1621.5625	4.78198	-73.02392
1621.875	4.799228	-72.94389
1622.1875	4.810612	-72.92293
1622.5	4.859819	-72.93691
1622.8125	4.85412	-73.08913
1623.125	4.897244	-72.70338
1623.4375	4.919571	-73.0085
1623.75	4.947399	-73.00113
1624.0625	4.945494	-73.16572
1624.375	4.99894	-73.12453
1624.6875	4.978679	-73.03058
1625	5.007267	-72.72472
1625.3125	5.034408	-73.06441
1625.625	5.057375	-73.20903
1625.9375	5.061125	-73.06875
1626.25	5.099853	-73.20934
1626.5625	5.125294	-73.03976
1626.875	5.119997	-73.44435
1627.1875	5.152711	-73.27463
1627.5	5.152411	-73.30894
1627.8125	5.193619	-73.32433
1628.125	5.202841	-73.41503
1628.4375	5.199843	-73.32381
1628.75	5.225899	-73.25539
1629.0625	5.229784	-73.45941
1629.375	5.270405	-73.19069
1629.6875	5.271604	-73.77015
1630	5.271311	-73.48784
1630.3125	5.285964	-73.62215
1630.625	5.283756	-73.94077
1630.9375	5.296854	-73.66782
1631.25	5.331147	-73.88019
1631.5625	5.330325	-74.09162
1631.875	5.318381	-74.16234
1632.1875	5.342644	-73.93396
1632.5	5.359752	-74.0364
1632.8125	5.385013	-74.43432
1633.125	5.384193	-74.76015
1633.4375	5.395027	-74.23453
1633.75	5.408101	-74.48528
1634.0625	5.425356	-74.60706
1634.375	5.42078	-74.689
1634.6875	5.400862	-74.46042
1635	5.42259	-74.60217
1635.3125	5.422659	-74.51822
1635.625	5.458928	-74.47419
1635.9375	5.448058	-74.91203
1636.25	5.431344	-74.89771
1636.5625	5.43937	-75.06818
1636.875	5.460342	-75.02141
1637.1875	5.461587	-74.682
1637.5	5.470126	-75.03568
1637.8125	5.480885	-74.941
1638.125	5.489458	-74.80242
1638.4375	5.487477	-75.00608
1638.75	5.497	-74.82227
1639.0625	5.486984	-74.4225
1639.375	5.510756	-74.99225
1639.6875	5.519426	-74.84789
1640	5.513816	-74.51274
1640.3125	5.534702	-75.07246
1640.625	5.522328	-74.7028
1640.9375	5.554543	-74.42324
1641.25	5.564325	-74.68437
1641.5625	5.573216	-74.92433
1641.875	5.591868	-74.66122
1642.1875	5.596642	-74.7884
1642.5	5.596175	-74.77126
1642.8125	5.625059	-74.8363
1643.125	5.655057	-74.74268
1643.4375	5.678759	-74.53757
1643.75	5.689177	-74.96854
1644.0625	5.697199	-74.7188
1644.375	5.716055	-74.71317
1644.6875	5.738361	-74.86095
1645	5.77811	-74.67855
1645.3125	5.764258	-74.94995
1645.625	5.775914	-74.70737
1645.9375	5.794996	-75.07416
1646.25	5.824748	-74.92524
1646.5625	5.847115	-74.90009
1646.875	5.85024	-75.1168
1647.1875	5.87246	-75.17962
1647.5	5.890174	-74.73967
1647.8125	5.892844	-75.16034
1648.125	5.906532	-75.08903
1648.4375	5.921381	-75.23747
1648.75	5.940332	-75.26774
1649.0625	5.970748	-75.26437
1649.375	5.96002	-75.51511
1649.6875	6.006368	-75.13971
1650	6.032056	-75.28725
1650.3125	6.039724	-75.07699
1650.625	6.04222	-75.14658
1650.9375	6.062982	-75.53542
1651.25	6.091915	-75.44542
1651.5625	6.105453	-75.79522
1651.875	6.132548	-75.86372
1652.1875	6.153568	-75.7629
1652.5	6.160053	-76.14306
1652.8125	6.1912	-75.73208
1653.125	6.193914	-76.16319
1653.4375	6.221644	-75.99445
1653.75	6.215166	-76.44271
1654.0625	6.24708	-76.16825
1654.375	6.251168	-76.50093
1654.6875	6.272033	-77.00554
1655	6.29389	-76.55183
1655.3125	6.280322	-76.49796
1655.625	6.329589	-76.55885
1655.9375	6.308308	-76.44152
1656.25	6.345041	-76.87271
1656.5625	6.347694	-76.39465
1656.875	6.36818	-77.14447
1657.1875	6.373842	-77.09268
1657.5	6.405764	-76.92931
1657.8125	6.39962	-77.11269
1658.125	6.432639	-77.3229
1658.4375	6.438607	-77.13039
1658.75	6.449845	-77.57082
1659.0625	6.471738	-77.70564
1659.375	6.49586	-77.82679
1659.6875	6.487762	-77.70283
1660	6.503468	-77.82311
1660.3125	6.509662	-78.26044
1660.625	6.536741	-78.35186
1660.9375	6.532985	-78.39028
1661.25	6.539687	-78.35635
1661.5625	6.567624	-78.38648
1661.875	6.595577	-78.93021
1662.1875	6.589568	-78.89451
1662.5	6.595625	-78.98186
1662.8125	6.587001	-79.08477
1663.125	6.607776	-78.72341
1663.4375	6.600814	-78.96416
1663.75	6.623849	-79.09696
1664.0625	6.620636	-79.1412
1664.375	6.620752	-79.31239
1664.6875	6.647851	-79.4845
1665	6.622544	-79.52748
1665.3125	6.668409	-79.78693
1665.625	6.670598	-79.36758
1665.9375	6.654728	-79.81325
1666.25	6.685054	-79.8063
1666.5625	6.68158	-79.72033
1666.875	6.698876	-80.048
1667.1875	6.703946	-80.1229
1667.5	6.722674	-80.23839
1667.8125	6.745004	-80.38279
1668.125	6.737036	-80.229
1668.4375	6.747983	-80.68112
1668.75	6.751263	-80.74093
1669.0625	6.776628	-80.70473
1669.375	6.757264	-80.67078
1669.6875	6.783664	-81.04448
1670	6.793231	-81.01658
1670.3125	6.794104	-81.15334
1670.625	6.80807	-81.14932
1670.9375	6.8244	-81.54858
1671.25	6.823138	-81.29845
1671.5625	6.815075	-81.92873
1671.875	6.82653	-81.7232
1672.1875	6.82634	-81.71258
1672.5	6.824434	-81.82156
1672.8125	6.854436	-81.39059
1673.125	6.822531	-82.55489
1673.4375	6.836892	-82.20736
1673.75	6.833615	-82.18938
1674.0625	6.835153	-81.98579
1674.375	6.83182	-82.79903
1674.6875	6.83414	-82.54532
1675	6.831076	-82.6291
1675.3125	6.829877	-82.64384
1675.625	6.823496	-82.86057
1675.9375	6.840024	-82.76384
1676.25	6.837112	-82.83263
1676.5625	6.839414	-82.81653
1676.875	6.826965	-83.30969
1677.1875	6.825335	-83.0891
1677.5	6.838644	-83.48202
1677.8125	6.826609	-83.07825
1678.125	6.83882	-83.36869
1678.4375	6.828873	-83.06732
1678.75	6.829334	-83.52547
1679.0625	6.8195	-83.65041
1679.375	6.811571	-83.6075
1679.6875	6.814281	-83.78586
1680	6.829789	-83.52224
1680.3125	6.841142	-83.89343
1680.625	6.823472	-83.53139
1680.9375	6.826992	-83.90023
1681.25	6.849307	-83.48202
1681.5625	6.853573	-83.6979
1681.875	6.836924	-83.81413
1682.1875	6.820731	-84.30633
1682.5	6.844941	-83.86242
1682.8125	6.858804	-83.86667
1683.125	6.851035	-84.02243
1683.4375	6.861044	-84.29037
1683.75	6.859603	-84.06933
1684.0625	6.867141	-84.09099
1684.375	6.86654	-84.01204
1684.6875	6.864501	-84.14552
1685	6.878946	-84.43141
1685.3125	6.883026	-84.31207
1685.625	6.894792	-84.03911
1685.9375	6.908688	-84.19651
1686.25	6.898895	-83.99966
1686.5625	6.917846	-84.44807
1686.875	6.903162	-84.35495
1687.1875	6.916636	-84.73965
1687.5	6.930158	-84.61221
1687.8125	6.942213	-84.57363
1688.125	6.951498	-84.65384
1688.4375	6.953394	-84.91145
1688.75	6.95863	-84.88985
1689.0625	6.955408	-84.80816
1689.375	6.96646	-84.95318
1689.6875	6.969585	-84.92897
1690	6.988153	-85.21677
1690.3125	6.997778	-84.91611
1690.625	6.966958	-85.09816
1690.9375	6.981591	-85.38361
1691.25	6.995897	-85.34318
1691.5625	7.009945	-85.26118
1691.875	7.003316	-85.48592
1692.1875	7.00813	-85.38547
1692.5	7.024302	-85.30607
1692.8125	6.991731	-85.55109
1693.125	7.019056	-85.46837
1693.4375	7.021579	-85.85587
1693.75	7.022305	-85.42795
1694.0625	7.03183	-86.06167
1694.375	7.030401	-85.90638
1694.6875	7.024011	-85.92867
1695	7.031257	-85.82473
1695.3125	7.043117	-86.05353
1695.625	7.062115	-86.03142
1695.9375	7.047429	-85.92101
1696.25	7.035439	-85.94975
1696.5625	7.043496	-86.05685
1696.875	7.060575	-85.85255
1697.1875	7.064566	-86.28175
1697.5	7.060096	-86.29733
1697.8125	7.075376	-85.86985
1698.125	7.081503	-86.14399
1698.4375	7.079033	-86.41683
1698.75	7.077267	-86.56183
1699.0625	7.101769	-86.47409
1699.375	7.103019	-86.54068
1699.6875	7.107143	-86.55619
1700	7.087665	-86.42963
1700.3125	7.11739	-86.69392
1700.625	7.111902	-86.9206
1700.9375	7.124491	-86.46899
1701.25	7.110768	-86.53474
1701.5625	7.111575	-86.30366
1701.875	7.136006	-86.39399
1702.1875	7.131574	-86.79613
1702.5	7.113607	-86.46111
1702.8125	7.134481	-86.93361
1703.125	7.144029	-86.90827
1703.4375	7.121131	-86.93272
1703.75	7.130283	-87.04195
1704.0625	7.136604	-86.77222
1704.375	7.1474	-86.73647
1704.6875	7.160569	-86.9705
1705	7.144482	-87.1253
1705.3125	7.158797	-87.3512
1705.625	7.146612	-87.17104
1705.9375	7.167362	-87.17237
1706.25	7.17657	-87.10413
1706.5625	7.189316	-86.70374
1706.875	7.171552	-86.66914
1707.1875	7.179684	-87.05855
1707.5	7.179584	-87.09303
1707.8125	7.182351	-87.22447
1708.125	7.214824	-87.37267
1708.4375	7.203246	-86.83377
1708.75	7.196436	-87.08498
1709.0625	7.21864	-87.3761
1709.375	7.225122	-86.8253
1709.6875	7.231749	-87.20023
1710	7.258144	-87.03078
1710.3125	7.258348	-86.78419
1710.625	7.258658	-87.16204
1710.9375	7.281775	-87.04224
1711.25	7.269476	-87.1985
1711.5625	7.302159	-86.96564
1711.875	7.301142	-87.13298
1712.1875	7.312122	-86.91513
1712.5	7.333688	-86.57214
1712.8125	7.33469	-87.10966
1713.125	7.343925	-87.30423
1713.4375	7.332013	-87.31935
1713.75	7.361244	-87.33267
1714.0625	7.373416	-87.78941
1714.375	7.379847	-87.09849
1714.6875	7.400609	-87.35181
1715	7.40746	-87.75446
1715.3125	7.408896	-87.23431
1715.625	7.419198	-87.25257
1715.9375	7.448922	-88.12731
1716.25	7.453769	-87.52911
1716.5625	7.477923	-87.76249
1716.875	7.474293	-87.41164
1717.1875	7.484393	-87.93645
1717.5	7.469719	-87.66593
1717.8125	7.510097	-88.00684
1718.125	7.493316	-88.04006
1718.4375	7.496114	-87.87113
1718.75	7.516291	-88.26843
1719.0625	7.52759	-87.68735
1719.375	7.520734	-88.27572
1719.6875	7.513526	-88.18285
1720	7.53742	-88.45969
1720.3125	7.531769	-88.47653
1720.625	7.535486	-88.37211
1720.9375	7.549577	-88.33666
1721.25	7.543858	-88.63018
1721.5625	7.532887	-88.21886
1721.875	7.540166	-88.42564
1722.1875	7.531723	-88.09118
1722.5	7.550663	-88.23151
1722.8125	7.551701	-88.64554
1723.125	7.565188	-88.73885
1723.4375	7.547702	-88.85786
1723.75	7.544541	-88.67506
1724.0625	7.561882	-88.51727
1724.375	7.561076	-89.162
1724.6875	7.578043	-88.53304
1725	7.561371	-88.75112
1725.3125	7.56386	-88.79301
1725.625	7.58086	-88.95165
1725.9375	7.580221	-88.52652
1726.25	7.578043	-88.91862
1726.5625	7.570929	-88.61414
1726.875	7.58487	-88.8362
1727.1875	7.587704	-88.59065
1727.5	7.594057	-88.93753
1727.8125	7.598351	-88.66492
1728.125	7.594197	-88.78569
1728.4375	7.596281	-89.07327
1728.75	7.601823	-88.89609
1729.0625	7.601445	-88.86633
1729.375	7.617474	-89.05529
1729.6875	7.624988	-88.76649
1730	7.615451	-89.23179
1730.3125	7.642388	-88.74049
1730.625	7.637244	-89.13782
1730.9375	7.642022	-88.95655
1731.25	7.623419	-88.95767
1731.5625	7.64029	-88.71772
1731.875	7.656781	-88.54426
1732.1875	7.656923	-88.68935
1732.5	7.686736	-88.48717
1732.8125	7.680702	-88.75657
1733.125	7.689433	-88.62743
1733.4375	7.684255	-88.50222
1733.75	7.687953	-88.59434
1734.0625	7.714744	-88.1832
1734.375	7.717311	-88.19307
1734.6875	7.712942	-88.23704
1735	7.726188	-88.37953
1735.3125	7.733685	-88.45415
1735.625	7.732571	-88.42432
1735.9375	7.751753	-88.17287
1736.25	7.76531	-88.14056
1736.5625	7.771641	-88.37305
1736.875	7.781408	-88.01198
1737.1875	7.77553	-87.74804
1737.5	7.786918	-87.99877
1737.8125	7.816292	-87.67744
1738.125	7.82209	-87.86837
1738.4375	7.8335	-87.53575
1738.75	7.839458	-87.74736
1739.0625	7.831947	-87.48683
1739.375	7.871843	-87.23352
1739.6875	7.897802	-87.19642
1740	7.900348	-87.45676
1740.3125	7.913727	-87.24989
1740.625	7.917173	-87.61319
1740.9375	7.943182	-87.41882
1741.25	7.963045	-87.49481
1741.5625	7.988048	-87.26759
1741.875	7.986967	-87.15125
1742.1875	8.015396	-87.16564
1742.5	8.014414	-86.85934
1742.8125	8.053418	-86.5944
1743.125	8.076505	-86.72525
1743.4375	8.074283	-86.7792
1743.75	8.100246	-86.59097
1744.0625	8.10253	-87.03185
1744.375	8.129205	-86.57343
1744.6875	8.172125	-86.23485
1745	8.175197	-86.34135
1745.3125	8.211292	-86.8117
1745.625	8.225439	-86.4852
1745.9375	8.245922	-86.07928
1746.25	8.260024	-86.50765
1746.5625	8.298347	-86.80334
1746.875	8.321894	-86.58062
1747.1875	8.330931	-86.05672
1747.5	8.375641	-86.16846
1747.8125	8.392821	-86.14439
1748.125	8.425154	-85.88502
1748.4375	8.416418	-86.04609
1748.75	8.468884	-86.46515
1749.0625	8.479009	-86.05691
1749.375	8.515281	-86.02621
1749.6875	8.529729	-85.89173
1750	8.549949	-87.74405
1750.3125	8.587797	-85.1211
1750.625	8.597214	-85.88918
1750.9375	8.627173	-86.06772
1751.25	8.652742	-85.93349
1751.5625	8.704965	-85.83424
1751.875	8.711601	-85.55656
1752.1875	8.737963	-85.53636
1752.5	8.771858	-86.25626
1752.8125	8.798599	-86.02278
1753.125	8.812098	-85.8792
1753.4375	8.850919	-85.48618
1753.75	8.888678	-86.19412
1754.0625	8.88511	-86.35534
1754.375	8.936923	-85.69284
1754.6875	8.958469	-86.22189
1755	8.987866	-86.0685
1755.3125	9.025742	-85.94241
1755.625	9.043432	-86.91026
1755.9375	9.076847	-86.35263
1756.25	9.098	-86.06978
1756.5625	9.126947	-86.33686
1756.875	9.149824	-86.48684
1757.1875	9.189477	-86.43909
1757.5	9.227599	-86.50063
1757.8125	9.242012	-86.59284
1758.125	9.291171	-86.83163
1758.4375	9.291499	-87.05865
1758.75	9.31175	-87.05295
1759.0625	9.350985	-87.20514
1759.375	9.364326	-87.27102
1759.6875	9.402763	-87.12395
1760	9.433816	-87.46239
1760.3125	9.457415	-87.24075
1760.625	9.486568	-87.28146
1760.9375	9.48048	-87.62356
1761.25	9.523897	-87.49621
1761.5625	9.542774	-88.06187
1761.875	9.568252	-87.80469
1762.1875	9.583761	-88.48297
1762.5	9.60343	-87.79926
1762.8125	9.630057	-87.92609
1763.125	9.638597	-88.22816
1763.4375	9.656981	-88.75104
1763.75	9.677874	-88.82416
1764.0625	9.690256	-88.84685
1764.375	9.709789	-88.45749
1764.6875	9.742162	-88.80065
1765	9.738379	-88.83692
1765.3125	9.762968	-88.74561
1765.625	9.778481	-89.22604
1765.9375	9.782523	-89.26594
1766.25	9.805921	-89.28651
1766.5625	9.804807	-89.53992
1766.875	9.82522	-89.32158
1767.1875	9.821909	-89.78487
1767.5	9.833128	-89.74247
1767.8125	9.844874	-89.97529
1768.125	9.841515	-90.21088
1768.4375	9.854139	-90.17005
1768.75	9.855902	-90.19125
1769.0625	9.854484	-90.41514
1769.375	9.859488	-90.23697
1769.6875	9.856055	-90.63972
1770	9.849535	-90.5947
1770.3125	9.860121	-90.93388
1770.625	9.859861	-90.54137
1770.9375	9.842113	-90.80467
1771.25	9.848074	-90.73587
1771.5625	9.861859	-90.69637
1771.875	9.843158	-90.84071
1772.1875	9.861893	-91.14365
1772.5	9.84985	-90.57583
1772.8125	9.844165	-90.77429
1773.125	9.837234	-90.69011
1773.4375	9.830321	-90.89646
1773.75	9.824573	-91.04793
1774.0625	9.83348	-90.61146
1774.375	9.829214	-90.42825
1774.6875	9.835063	-90.63441
1775	9.837254	-89.96747
1775.3125	9.837696	-90.22202
1775.625	9.828197	-90.02778
1775.9375	9.832705	-89.78417
1776.25	9.847448	-90.27699
1776.5625	9.854165	-89.83203
1776.875	9.847244	-89.74139
1777.1875	9.875723	-89.48774
1777.5	9.864244	-89.30696
1777.8125	9.895228	-89.13396
1778.125	9.898085	-88.74184
1778.4375	9.924527	-89.21947
1778.75	9.951659	-88.7319
1779.0625	9.972883	-88.33474
1779.375	9.985031	-88.15527
1779.6875	10.01823	-88.35796
1780	10.06023	-87.84126
1780.3125	10.09217	-87.62466
1780.625	10.11315	-87.51717
1780.9375	10.14249	-87.23873
1781.25	10.17999	-86.8293
1781.5625	10.22148	-87.35168
1781.875	10.25487	-86.97613
1782.1875	10.29481	-86.98698
1782.5	10.32604	-86.69711
1782.8125	10.37386	-86.87591
1783.125	10.41469	-86.37895
1783.4375	10.46948	-86.82631
1783.75	10.5021	-86.59561
1784.0625	10.53865	-86.41809
1784.375	10.57554	-86.61804
1784.6875	10.63348	-86.45742
1785	10.66469	-86.3261
1785.3125	10.70176	-86.50621
1785.625	10.74801	-86.44045
1785.9375	10.78231	-86.30528
1786.25	10.83043	-86.46048
1786.5625	10.86462	-86.36568
1786.875	10.89799	-86.57645
1787.1875	10.93349	-86.60112
1787.5	10.97392	-86.27218
1787.8125	11.01368	-86.65443
1788.125	11.05312	-86.08164
1788.4375	11.09294	-86.89619
1788.75	11.13133	-86.79784
1789.0625	11.17744	-86.48645
1789.375	11.20965	-86.09235
1789.6875	11.24291	-86.95892
1790	11.29091	-86.41162
1790.3125	11.33214	-86.84415
1790.625	11.36884	-87.0806
1790.9375	11.38967	-86.66042
1791.25	11.43664	-86.90992
1791.5625	11.47029	-86.45235
1791.875	11.5141	-86.66759
1792.1875	11.5567	-87.06026
1792.5	11.5852	-87.14005
1792.8125	11.61584	-87.05461
1793.125	11.6425	-87.27132
1793.4375	11.67111	-86.97697
1793.75	11.71391	-87.48916
1794.0625	11.73733	-87.4518
1794.375	11.77291	-87.30708
1794.6875	11.82299	-87.35655
1795	11.8463	-87.36935
1795.3125	11.863	-87.62031
1795.625	11.8879	-87.64954
1795.9375	11.9385	-87.97137
1796.25	11.97607	-87.5901
1796.5625	12.00523	-87.49906
1796.875	12.01718	-87.62984
1797.1875	12.04346	-87.86691
1797.5	12.08337	-87.96501
1797.8125	12.10941	-87.98847
1798.125	12.14702	-87.49272
1798.4375	12.17631	-87.97614
1798.75	12.19864	-88.04679
1799.0625	12.23948	-87.9078
1799.375	12.26189	-87.98036
1799.6875	12.30267	-88.29659
1800	12.33193	-87.96463
1800.3125	12.3715	-87.61373
1800.625	12.39653	-87.77066
1800.9375	12.42771	-88.27763
1801.25	12.47241	-88.14876
1801.5625	12.50028	-88.06155
1801.875	12.54276	-87.77462
1802.1875	12.57661	-88.38651
1802.5	12.61637	-88.19723
1802.8125	12.65401	-88.05119
1803.125	12.69489	-87.85973
1803.4375	12.73439	-88.4481
1803.75	12.77156	-88.35746
1804.0625	12.81982	-88.5681
1804.375	12.85436	-88.28118
1804.6875	12.89003	-88.42215
1805	12.92938	-88.3578
1805.3125	12.97699	-88.13924
1805.625	13.01698	-88.01057
1805.9375	13.05453	-88.93095
1806.25	13.08509	-88.54948
1806.5625	13.13004	-88.62294
1806.875	13.16857	-88.54446
1807.1875	13.20981	-88.76082
1807.5	13.24616	-88.76436
1807.8125	13.28592	-88.47011
1808.125	13.32309	-88.7687
1808.4375	13.35752	-88.89085
1808.75	13.41574	-88.33504
1809.0625	13.44367	-88.8704
1809.375	13.48272	-89.16253
1809.6875	13.52127	-88.91261
1810	13.57509	-89.16178
1810.3125	13.61224	-89.01084
1810.625	13.63701	-89.11395
1810.9375	13.6819	-89.70657
1811.25	13.72907	-89.48738
1811.5625	13.77185	-89.10912
1811.875	13.82159	-89.12296
1812.1875	13.8594	-89.43388
1812.5	13.89843	-89.72546
1812.8125	13.94257	-90.1435
1813.125	13.97739	-89.83105
1813.4375	14.02246	-90.08862
1813.75	14.07874	-89.69393
1814.0625	14.12435	-89.75696
1814.375	14.16041	-90.0493
1814.6875	14.20843	-90.14112
1815	14.25407	-89.97946
1815.3125	14.30227	-90.57576
1815.625	14.34463	-90.1096
1815.9375	14.39204	-90.6749
1816.25	14.43683	-90.46338
1816.5625	14.48176	-90.52165
1816.875	14.5276	-91.03026
1817.1875	14.56553	-90.91126
1817.5	14.6161	-90.98753
1817.8125	14.65668	-91.33528
1818.125	14.70921	-90.94051
1818.4375	14.75452	-91.86156
1818.75	14.80637	-91.20542
1819.0625	14.84985	-91.61776
1819.375	14.89207	-91.9163
1819.6875	14.94383	-91.67865
1820	14.98581	-91.8696
1820.3125	15.02889	-91.63726
1820.625	15.07067	-91.98243
1820.9375	15.11554	-91.95476
1821.25	15.1635	-91.87209
1821.5625	15.213	-92.78847
1821.875	15.25895	-92.37814
1822.1875	15.30798	-92.38621
1822.5	15.3502	-92.50043
1822.8125	15.40688	-92.74292
1823.125	15.44697	-92.87862
1823.4375	15.49065	-92.85865
1823.75	15.54514	-93.54406
1824.0625	15.58318	-93.34193
1824.375	15.63905	-93.1818
1824.6875	15.68292	-93.3299
1825	15.72737	-93.46068
1825.3125	15.78753	-93.7077
1825.625	15.8254	-93.95361
1825.9375	15.88071	-94.18678
1826.25	15.92705	-93.90331
1826.5625	15.98012	-94.28541
1826.875	16.03093	-94.47695
1827.1875	16.07915	-94.69453
1827.5	16.12542	-94.68845
1827.8125	16.17095	-94.91151
1828.125	16.2286	-95.02512
1828.4375	16.28459	-95.2917
1828.75	16.32895	-95.22046
1829.0625	16.37887	-95.58299
1829.375	16.43468	-95.90154
1829.6875	16.47879	-95.61356
1830	16.5251	-95.96901
1830.3125	16.58951	-96.45164
1830.625	16.63603	-96.13858
1830.9375	16.68603	-96.54123
1831.25	16.73847	-96.64804
1831.5625	16.79118	-96.82114
1831.875	16.83684	-97.35217
1832.1875	16.88974	-97.0044
1832.5	16.94299	-97.26788
1832.8125	16.99192	-97.85696
1833.125	17.04472	-97.5059
1833.4375	17.09985	-98.20499
1833.75	17.15042	-97.62273
1834.0625	17.20314	-98.20635
1834.375	17.25544	-98.03777
1834.6875	17.31008	-98.28451
1835	17.3692	-98.74569
1835.3125	17.41961	-98.76861
1835.625	17.47676	-99.11797
1835.9375	17.53307	-99.54312
1836.25	17.59176	-99.05652
1836.5625	17.65218	-99.39468
1836.875	17.70738	-99.63662
1837.1875	17.76585	-100.0615
1837.5	17.81923	-100.488
1837.8125	17.88531	-100.1458
1838.125	17.94651	-100.2511
1838.4375	18.00496	-100.1674
1838.75	18.06637	-100.616
1839.0625	18.12513	-101.4977
1839.375	18.19793	-101.481
1839.6875	18.25677	-101.2131
1840	18.32295	-101.5003
1840.3125	18.38282	-102.0769
1840.625	18.441	-102.7834
1840.9375	18.50901	-102.3064
1841.25	18.57413	-102.9428
1841.5625	18.64074	-102.7803
1841.875	18.70948	-103.1073
1842.1875	18.77493	-103.3374
1842.5	18.83815	-103.6911
1842.8125	18.90916	-103.8742
1843.125	18.97842	-104.0235
1843.4375	19.04324	-104.531
1843.75	19.11293	-105.2652
1844.0625	19.1854	-105.1887
1844.375	19.25272	-105.3493
1844.6875	19.3231	-105.4769
1845	19.38728	-106.0572
1845.3125	19.46115	-106.3526
1845.625	19.53074	-106.5246
1845.9375	19.59799	-107.5387
1846.25	19.66767	-108.2089
1846.5625	19.73306	-108.1875
1846.875	19.80649	-108.3565
1847.1875	19.86996	-109.0345
1847.5	19.94069	-109.1784
1847.8125	20.008	-109.5428
1848.125	20.07271	-109.6571
1848.4375	20.14226	-110.1738
1848.75	20.20862	-110.4065
1849.0625	20.27178	-111.4795
1849.375	20.33492	-111.8472
1849.6875	20.39985	-112.1893
1850	20.46022	-112.634
1850.3125	20.52526	-113.193
1850.625	20.57868	-113.6484
1850.9375	20.63759	-113.8602
1851.25	20.70346	-114.3189
1851.5625	20.75843	-115.1646
1851.875	20.81315	-115.9012
1852.1875	20.86723	-116.0581
1852.5	20.92419	-116.3683
1852.8125	20.97668	-116.6296
1853.125	21.03326	-117.446
1853.4375	21.08411	-118.399
1853.75	21.13229	-118.1839
1854.0625	21.18628	-118.7309
1854.375	21.23669	-119.7355
1854.6875	21.28839	-120.0454
1855	21.3392	-120.9855
1855.3125	21.38794	-121.1014
1855.625	21.44109	-121.2145
1855.9375	21.48713	-122.2141
1856.25	21.53564	-122.4407
1856.5625	21.58814	-123.155
1856.875	21.63742	-123.6842
1857.1875	21.68306	-124.1734
1857.5	21.73344	-124.9528
1857.8125	21.78158	-125.2374
1858.125	21.83162	-126.1189
1858.4375	21.87974	-126.1597
1858.75	21.92606	-126.9521
1859.0625	21.97379	-127.3894
1859.375	22.01992	-127.9872
1859.6875	22.06837	-128.4322
1860	22.11467	-129.4044
1860.3125	22.16118	-129.5618
1860.625	22.20136	-130.174
1860.9375	22.25359	-130.6777
1861.25	22.29712	-130.6929
1861.5625	22.34172	-132.1181
1861.875	22.38891	-132.4787
1862.1875	22.4278	-133.1813
1862.5	22.47618	-133.8129
1862.8125	22.51802	-134.3868
1863.125	22.56303	-135.2227
1863.4375	22.60537	-135.3473
1863.75	22.64447	-136.6858
1864.0625	22.6819	-136.9069
1864.375	22.72146	-137.539
1864.6875	22.76579	-138.2403
1865	22.80301	-139.2141
1865.3125	22.84299	-139.9534
1865.625	22.8796	-140.1469
1865.9375	22.91436	-140.8622
1866.25	22.94896	-141.7449
1866.5625	22.98392	-142.6678
1866.875	23.0136	-143.3124
1867.1875	23.04717	-143.788
1867.5	23.07923	-144.515
1867.8125	23.10523	-145.381
1868.125	23.13396	-146.2137
1868.4375	23.15868	-146.9757
1868.75	23.18567	-147.618
1869.0625	23.2093	-148.2155
1869.375	23.2287	-149.0324
1869.6875	23.24842	-150.1677
1870	23.26606	-150.8968
1870.3125	23.28268	-151.1146
1870.625	23.29962	-152.16
1870.9375	23.31594	-153.0585
1871.25	23.32783	-153.7717
1871.5625	23.34043	-154.2544
1871.875	23.34531	-155.5233
1872.1875	23.35283	-156.2053
1872.5	23.35697	-157.2204
1872.8125	23.36145	-157.7735
1873.125	23.36298	-158.7745
1873.4375	23.36312	-159.8249
1873.75	23.36118	-160.2563
1874.0625	23.35049	-160.8359
1874.375	23.34619	-162.1757
1874.6875	23.34013	-162.8205
1875	23.32617	-163.6039
1875.3125	23.31442	-164.1475
1875.625	23.30004	-165.1997
1875.9375	23.28229	-165.9213
1876.25	23.26281	-166.7283
1876.5625	23.24317	-167.4078
1876.875	23.21845	-168.7031
1877.1875	23.19153	-169.1801
1877.5	23.16493	-169.8369
1877.8125	23.13281	-170.8363
1878.125	23.10198	-171.6133
1878.4375	23.06604	-171.9137
1878.75	23.02937	-173.1498
1879.0625	22.99185	-174.1603
1879.375	22.95166	-174.7349
1879.6875	22.9062	-175.5153
1880	22.8589	-176.3296
1880.3125	22.81096	-176.6385
1880.625	22.75922	-177.9724
1880.9375	22.7052	-178.4686
1881.25	22.65283	-178.5477
1881.5625	22.59526	-179.7541
1881.875	22.53761	179.6669
1882.1875	22.47439	178.7557
1882.5	22.41375	178.1642
1882.8125	22.35331	176.8036
1883.125	22.28333	177.2415
1883.4375	22.21792	176.5659
1883.75	22.14711	175.8089
1884.0625	22.07847	175.108
1884.375	22.00874	174.6431
1884.6875	21.93655	174.0428
1885	21.86685	173.5262
1885.3125	21.79867	172.7406
1885.625	21.72359	172.8168
1885.9375	21.65591	171.8677
1886.25	21.58476	171.6771
1886.5625	21.513	171.554
1886.875	21.44926	170.9776
1887.1875	21.38311	170.1348
1887.5	21.31692	169.7164
1887.8125	21.24899	169.6234
1888.125	21.18398	169.324
1888.4375	21.11916	169.4547
1888.75	21.06036	168.7314
1889.0625	20.99446	168.1438
1889.375	20.93715	167.985
1889.6875	20.87317	167.7533
1890	20.81342	167.4495
1890.3125	20.75571	167.3238
1890.625	20.70233	167.2838
1890.9375	20.64583	166.4319
1891.25	20.59328	166.2622
1891.5625	20.5383	166.1205
1891.875	20.48994	165.8568
1892.1875	20.43581	165.7808
1892.5	20.389	165.6748
1892.8125	20.33694	165.0108
1893.125	20.29547	165.0489
1893.4375	20.24842	164.9191
1893.75	20.20679	165.0975
1894.0625	20.16618	164.505
1894.375	20.12518	164.11
1894.6875	20.08882	164.1467
1895	20.05333	164.2854
1895.3125	20.02016	163.1178
1895.625	19.98416	163.2004
1895.9375	19.95234	163.5646
1896.25	19.91935	163.2295
1896.5625	19.89644	163.1182
1896.875	19.86691	162.8799
1897.1875	19.83298	162.9079
1897.5	19.80426	162.2771
1897.8125	19.78596	161.9886
1898.125	19.75802	161.9744
1898.4375	19.73155	161.5953
1898.75	19.71222	161.3988
1899.0625	19.69346	161.3934
1899.375	19.6713	161.2272
1899.6875	19.64864	160.6212
1900	19.63364	160.1195
1900.3125	19.61668	160.2506
1900.625	19.59592	159.6212
1900.9375	19.5819	159.429
1901.25	19.5641	159.453
1901.5625	19.54909	159.1233
1901.875	19.53717	158.516
1902.1875	19.52331	158.5609
1902.5	19.50398	158.1578
1902.8125	19.49046	158.1286
1903.125	19.46893	158.07
1903.4375	19.45542	157.3362
1903.75	19.44353	157.6475
1904.0625	19.42652	156.6644
1904.375	19.41111	155.9739
1904.6875	19.39667	155.8056
1905	19.37861	156.0398
1905.3125	19.36092	155.0639
1905.625	19.34599	155.2107
1905.9375	19.32944	154.8254
1906.25	19.30825	154.6093
1906.5625	19.29045	153.8893
1906.875	19.2692	153.2904
1907.1875	19.25055	153.3543
1907.5	19.22361	152.2202
1907.8125	19.1963	152.3326
1908.125	19.17428	151.4569
1908.4375	19.15024	151.8717
1908.75	19.12268	151.2658
1909.0625	19.0905	150.9521
1909.375	19.06738	150.1083
1909.6875	19.03477	150.4178
1910	19.00581	149.6928
1910.3125	18.98133	149.3189
1910.625	18.94484	149.0885
1910.9375	18.91031	148.6775
1911.25	18.88285	147.8041
1911.5625	18.84584	147.6826
1911.875	18.81449	147.1973
1912.1875	18.78399	146.9445
1912.5	18.74491	145.9595
1912.8125	18.71013	146.5614
1913.125	18.68039	145.8176
1913.4375	18.64416	145.6996
1913.75	18.60582	144.9727
1914.0625	18.56886	144.8901
1914.375	18.53348	144.1093
1914.6875	18.49779	143.9662
1915	18.44451	143.8406
1915.3125	18.41387	143.6517
1915.625	18.36888	142.4436
1915.9375	18.32705	142.3673
1916.25	18.28741	141.9682
1916.5625	18.23677	141.3575
1916.875	18.19455	141.1665
1917.1875	18.14992	140.744
1917.5	18.1091	141.0068
1917.8125	18.05226	140.4861
1918.125	18.0126	139.808
1918.4375	17.96334	139.4658
1918.75	17.91993	139.2368
1919.0625	17.87027	138.497
1919.375	17.81487	138.5801
1919.6875	17.76149	138.7577
1920	17.71761	137.7901
1920.3125	17.66229	137.2707
1920.625	17.60896	137.3587
1920.9375	17.56214	136.1438
1921.25	17.50306	136.6189
1921.5625	17.44972	136.0489
1921.875	17.39856	136.0289
1922.1875	17.34137	135.7073
1922.5	17.28312	135.0954
1922.8125	17.23751	134.9394
1923.125	17.18793	134.4618
1923.4375	17.13686	134.4044
1923.75	17.0836	134.3941
1924.0625	17.03056	134.0422
1924.375	16.98039	134.0812
1924.6875	16.92743	133.4991
1925	16.87781	132.8827
1925.3125	16.83076	132.8978
1925.625	16.77106	132.9581
1925.9375	16.71864	132.3298
1926.25	16.66666	132.0968
1926.5625	16.61748	132.3399
1926.875	16.56588	131.5387
1927.1875	16.50887	131.7977
1927.5	16.45466	131.463
1927.8125	16.41176	131.4579
1928.125	16.36631	131.0873
1928.4375	16.29509	130.7815
1928.75	16.25521	130.516
1929.0625	16.19567	130.4694
1929.375	16.14781	130.0875
1929.6875	16.09511	130.3159
1930	16.0462	130.1297
1930.3125	15.98728	130.1181
1930.625	15.93598	129.2956
1930.9375	15.88438	129.0312
1931.25	15.83481	129.0586
1931.5625	15.78978	128.9487
1931.875	15.7299	128.7853
1932.1875	15.68034	127.9221
1932.5	15.62306	128.7056
1932.8125	15.5722	128.6157
1933.125	15.5201	127.9951
1933.4375	15.46725	128.0177
1933.75	15.41201	127.4165
1934.0625	15.36858	127.722
1934.375	15.31768	127.6696
1934.6875	15.26034	127.5173
1935	15.20782	127.1579
1935.3125	15.15276	127.0669
1935.625	15.11178	127.2177
1935.9375	15.06792	127.0325
1936.25	15.01749	126.4386
1936.5625	14.97965	126.9306
1936.875	14.93201	126.2483
1937.1875	14.87655	127.0695
1937.5	14.84833	126.7114
1937.8125	14.78938	126.5022
1938.125	14.75197	126.4501
1938.4375	14.70967	126.3217
1938.75	14.66998	126.1911
1939.0625	14.61889	126.4181
1939.375	14.57587	125.5536
1939.6875	14.5338	125.9357
1940	14.49351	125.7193
1940.3125	14.44849	125.0975
1940.625	14.40241	125.5141
1940.9375	14.36604	125.3815
1941.25	14.31968	125.3426
1941.5625	14.26768	125.1151
1941.875	14.22814	125.0434
1942.1875	14.18806	125.067
1942.5	14.14144	124.8722
1942.8125	14.09444	124.9713
1943.125	14.04559	124.5439
1943.4375	14.00797	125.0857
1943.75	13.96352	124.4479
1944.0625	13.92789	124.2225
1944.375	13.88896	124.7424
1944.6875	13.83762	124.2572
1945	13.81014	124.0052
1945.3125	13.76113	124.53
1945.625	13.72483	123.5494
1945.9375	13.68617	123.8524
1946.25	13.65157	123.9585
1946.5625	13.60296	123.634
1946.875	13.57217	124.0421
1947.1875	13.53183	123.6899
1947.5	13.49421	123.6691
1947.8125	13.44773	123.4542
1948.125	13.41981	123.2763
1948.4375	13.37772	123.0675
1948.75	13.33815	122.8123
1949.0625	13.2929	122.908
1949.375	13.2632	122.9795
1949.6875	13.21642	122.9462
1950	13.17936	122.7862
1950.3125	13.14645	122.8927
1950.625	13.10405	122.3892
1950.9375	13.07059	122.2138
1951.25	13.02198	122.6358
1951.5625	12.98839	122.3186
1951.875	12.957	122.3937
1952.1875	12.91727	122.0292
1952.5	12.86426	121.6015
1952.8125	12.82722	121.9177
1953.125	12.79799	121.8388
1953.4375	12.75566	121.8664
1953.75	12.71264	121.0962
1954.0625	12.67488	121.3936
1954.375	12.63548	122.0588
1954.6875	12.58597	121.315
1955	12.55869	121.1376
1955.3125	12.51666	121.1452
1955.625	12.48775	121.2304
1955.9375	12.44322	120.8491
1956.25	12.41492	120.7109
1956.5625	12.35852	121.3423
1956.875	12.33554	120.603
1957.1875	12.27632	120.5181
1957.5	12.2417	120.1805
1957.8125	12.20189	120.8031
1958.125	12.15426	120.3131
1958.4375	12.12905	120.063
1958.75	12.08378	120.2802
1959.0625	12.03264	119.9726
1959.375	12.00164	120.5703
1959.6875	11.94831	120.3088
1960	11.91282	119.6001
1960.3125	11.86038	119.9472
1960.625	11.81565	119.4646
1960.9375	11.78454	119.3204
1961.25	11.74574	119.2998
1961.5625	11.68673	119.5364
1961.875	11.65546	119.4004
1962.1875	11.60836	119.5412
1962.5	11.57041	119.3136
1962.8125	11.52377	119.6047
1963.125	11.47727	118.8984
1963.4375	11.4216	119.0957
1963.75	11.37135	118.7806
1964.0625	11.33873	119.0898
1964.375	11.28572	118.8515
1964.6875	11.24393	119.0574
1965	11.18505	118.4373
1965.3125	11.1396	118.8665
1965.625	11.09949	118.7496
1965.9375	11.04384	118.9416
1966.25	10.9855	118.9168
1966.5625	10.94654	118.5879
1966.875	10.89876	118.6557
1967.1875	10.84418	118.3973
1967.5	10.80997	119.0346
1967.8125	10.76418	118.7482
1968.125	10.70035	118.8511
1968.4375	10.64509	119.4004
1968.75	10.61138	118.491
1969.0625	10.58024	118.9482
1969.375	10.51794	118.9547
1969.6875	10.4854	118.5475
1970	10.43883	118.8813
1970.3125	10.39031	118.7196
1970.625	10.3543	118.5154
1970.9375	10.30767	119.0484
1971.25	10.26015	119.1932
1971.5625	10.21694	119.3252
1971.875	10.18186	118.9889
1972.1875	10.14642	119.2694
1972.5	10.0991	119.4806
1972.8125	10.0479	120.1004
1973.125	10.01666	119.5988
1973.4375	9.978	119.6412
1973.75	9.948967	119.9538
1974.0625	9.900874	120.0057
1974.375	9.876625	119.3863
1974.6875	9.819992	120.1849
1975	9.783868	119.7784
1975.3125	9.764177	120.2186
1975.625	9.726144	120.7427
1975.9375	9.692627	120.1921
1976.25	9.671261	120.273
1976.5625	9.619396	120.4598
1976.875	9.57017	120.578
1977.1875	9.547382	120.827
1977.5	9.516173	121.1473
1977.8125	9.500796	120.5216
1978.125	9.483142	120.6392
1978.4375	9.432083	121.6708
1978.75	9.397073	120.9988
1979.0625	9.381998	121.2994
1979.375	9.366836	121.8843
1979.6875	9.340321	121.6875
1980	9.300603	121.544
1980.3125	9.289969	122.0473
1980.625	9.261456	121.5847
1980.9375	9.227303	122.0187
1981.25	9.195068	121.8032
1981.5625	9.163333	122.0832
1981.875	9.156546	122.1843
1982.1875	9.135443	122.3702
1982.5	9.124452	122.2241
1982.8125	9.082176	122.1769
1983.125	9.061442	122.478
1983.4375	9.051451	122.3693
1983.75	9.030998	122.4882
1984.0625	8.987496	123.0594
1984.375	8.965376	122.3623
1984.6875	8.951147	122.84
1985	8.922772	123.3263
1985.3125	8.896676	123.0387
1985.625	8.889034	122.8993
1985.9375	8.859882	123.0742
1986.25	8.833044	123.8396
1986.5625	8.822397	123.0583
1986.875	8.804282	123.2535
1987.1875	8.766983	123.4239
1987.5	8.75816	123.5401
1987.8125	8.733086	123.493
1988.125	8.725026	123.5634
1988.4375	8.698071	123.733
1988.75	8.668084	123.8286
1989.0625	8.639482	124.3803
1989.375	8.632999	124.4376
1989.6875	8.615294	124.1539
1990	8.587877	124.8589
1990.3125	8.591305	125.4844
1990.625	8.562396	124.7893
1990.9375	8.546573	125.2235
1991.25	8.538445	124.8579
1991.5625	8.527992	125.7578
1991.875	8.510512	125.758
1992.1875	8.504827	125.8401
1992.5	8.492872	125.3128
1992.8125	8.487494	125.9361
1993.125	8.483503	125.8327
1993.4375	8.469094	126.4485
1993.75	8.443558	126.3371
1994.0625	8.475807	126.0389
1994.375	8.453549	126.357
1994.6875	8.450521	126.8646
1995	8.459416	126.3509
1995.3125	8.458581	126.5739
1995.625	8.443139	126.3832
1995.9375	8.437804	126.4804
1996.25	8.454799	126.6575
1996.5625	8.443517	127.9079
1996.875	8.449669	127.3132
1997.1875	8.463109	126.9198
1997.5	8.464195	127.4857
1997.8125	8.468073	127.4037
1998.125	8.475039	126.7303
1998.4375	8.482379	127.4415
1998.75	8.468805	127.9464
1999.0625	8.498077	127.8032
1999.375	8.496184	127.2835
1999.6875	8.507292	126.9196
2000	8.487903	125.5759
