Source File Name:	Analyzer
Signal:	FFT - Vib Acceleration - Mag. [dB] & Phase
dB-Reference:	0 dB = 1 m/s²
Frequency	Magnitude	Phase
[ Hz ]	[ dB ]	[ ° ]
0.3125	-77.61297	105.604
0.625	-78.37486	49.75091
0.9375	-78.75706	23.84756
1.25	-75.89761	-8.528415
1.5625	-75.743	-37.94397
1.875	-75.44016	-17.2965
2.1875	-78.88841	-10.72401
2.5	-75.06352	-39.91483
2.8125	-74.93214	-74.15298
3.125	-77.4716	-52.32186
3.4375	-74.5124	-51.77696
3.75	-77.64172	-43.83609
4.0625	-74.26127	-58.10687
4.375	-76.07339	-49.69467
4.6875	-79.36049	-15.5288
5	-75.24518	-53.39253
5.3125	-82.3922	-43.84287
5.625	-77.01422	0.3108152
5.9375	-74.54552	-37.74321
6.25	-74.7392	-8.005732
6.5625	-75.29299	82.43857
6.875	-79.11089	-11.17877
7.1875	-74.11456	51.58862
7.5	-73.25307	46.97151
7.8125	-74.72978	56.72531
8.125	-71.96586	84.92619
8.4375	-71.34214	59.28456
8.75	-69.23911	67.87377
9.0625	-67.32972	68.57151
9.375	-71.4771	69.39261
9.6875	-66.03217	87.78018
10	-65.72694	82.77316
10.3125	-63.86183	77.76904
10.625	-63.11737	79.453
10.9375	-61.58198	79.88453
11.25	-60.63082	86.29961
11.5625	-60.6046	87.64851
11.875	-59.352	94.67696
12.1875	-59.02442	87.17259
12.5	-58.79109	80.69455
12.8125	-57.51206	82.90202
13.125	-56.90053	87.29414
13.4375	-56.17437	93.13665
13.75	-54.67143	88.76493
14.0625	-53.87501	88.06563
14.375	-53.16627	88.68552
14.6875	-52.36934	90.72873
15	-51.65024	90.22251
15.3125	-49.71449	86.77312
15.625	-49.09305	86.11739
15.9375	-47.98606	80.68588
16.25	-47.06541	75.69474
16.5625	-46.41457	67.64748
16.875	-47.90704	59.2618
17.1875	-49.35393	69.70927
17.5	-48.1806	81.57989
17.8125	-46.14388	87.42252
18.125	-44.69652	90.14598
18.4375	-43.39084	90.00224
18.75	-41.90625	90.64603
19.0625	-39.96809	90.53647
19.375	-38.2541	88.06713
19.6875	-36.70845	85.81014
20	-34.42096	84.18925
20.3125	-31.99892	82.40455
20.625	-29.03513	78.90752
20.9375	-25.10752	73.34887
21.25	-18.74599	59.60813
21.5625	-11.41514	-36.14581
21.875	-21.34359	-76.06608
22.1875	-25.59007	-82.99405
22.5	-28.0385	-85.61804
22.8125	-29.61812	-86.84931
23.125	-30.68707	-88.45087
23.4375	-31.47191	-91.13403
23.75	-32.09195	-91.63915
24.0625	-32.36889	-94.59846
24.375	-32.49415	-97.86907
24.6875	-32.57371	-101.3054
25	-32.48619	-104.7362
25.3125	-32.45875	-112.2226
25.625	-32.36534	-116.6962
25.9375	-32.49791	-124.2838
26.25	-32.75844	-135.0973
26.5625	-33.16978	-142.8486
26.875	-34.43368	-151.6254
27.1875	-35.84476	-158.0954
27.5	-37.37004	-161.742
27.8125	-38.94654	-161.2441
28.125	-40.2091	-157.8134
28.4375	-41.31592	-149.7726
28.75	-41.22252	-139.8688
29.0625	-40.40311	-132.1156
29.375	-39.3315	-128.7993
29.6875	-37.77571	-128.3685
30	-35.88715	-130.7738
30.3125	-33.9423	-141.3255
30.625	-32.25619	-160.5362
30.9375	-32.41887	163.4433
31.25	-36.98159	134.369
31.5625	-46.48952	138.2624
31.875	-41.93636	-156.5739
32.1875	-38.07682	177.2553
32.5	-39.35561	152.1031
32.8125	-42.32343	137.4526
33.125	-45.69919	134.6526
33.4375	-49.2155	138.8615
33.75	-53.08086	145.6716
34.0625	-54.29047	151.1955
34.375	-55.05298	-177.2873
34.6875	-59.32405	-145.2113
35	-55.70564	-137.965
35.3125	-55.40682	-128.1891
35.625	-53.94344	-115.5087
35.9375	-53.42403	-118.8718
36.25	-52.21109	-108.7137
36.5625	-49.81032	-106.2545
36.875	-50.15318	-105.5957
37.1875	-50.03648	-102.6693
37.5	-48.92382	-106.0031
37.8125	-48.51913	-97.67966
38.125	-47.82323	-100.0972
38.4375	-47.85667	-97.75105
38.75	-47.32063	-94.72483
39.0625	-46.91866	-97.57899
39.375	-46.70475	-94.34293
39.6875	-46.21155	-95.42982
40	-46.08347	-90.47659
40.3125	-44.9433	-92.7898
40.625	-42.9973	-96.90493
40.9375	-45.13874	-115.3861
41.25	-45.94599	-103.9937
41.5625	-45.4912	-98.98577
41.875	-45.54432	-93.22044
42.1875	-45.26734	-95.23333
42.5	-45.19249	-93.52295
42.8125	-44.87633	-94.311
43.125	-44.6922	-95.64327
43.4375	-44.20263	-95.27084
43.75	-44.03537	-91.31075
44.0625	-43.88	-95.80787
44.375	-44.08461	-97.53497
44.6875	-44.35918	-96.6686
45	-44.09991	-96.40132
45.3125	-44.0456	-96.42707
45.625	-44.41851	-95.6827
45.9375	-43.76543	-96.15737
46.25	-43.38456	-93.66087
46.5625	-43.93251	-95.34527
46.875	-43.94112	-91.16811
47.1875	-43.67579	-90.71793
47.5	-42.97274	-92.48676
47.8125	-43.06748	-91.93795
48.125	-42.73804	-90.45113
48.4375	-42.92018	-93.10954
48.75	-42.51239	-94.32367
49.0625	-42.62741	-90.6367
49.375	-42.31728	-91.489
49.6875	-42.12246	-93.26173
50	-42.51646	-92.30437
50.3125	-42.07796	-92.66241
50.625	-42.1471	-92.66529
50.9375	-41.5936	-90.28972
51.25	-42.00483	-90.24019
51.5625	-41.70159	-92.38087
51.875	-41.41781	-90.37104
52.1875	-41.42361	-92.58891
52.5	-41.1869	-92.24472
52.8125	-41.08081	-92.83341
53.125	-41.02738	-92.18258
53.4375	-40.41076	-93.06137
53.75	-40.70284	-92.41117
54.0625	-40.55654	-90.56158
54.375	-40.57359	-92.74718
54.6875	-40.4692	-91.54477
55	-40.16113	-95.46966
55.3125	-39.66245	-92.68555
55.625	-39.36164	-93.9912
55.9375	-39.4309	-95.85739
56.25	-39.60799	-93.76479
56.5625	-39.17942	-94.55243
56.875	-38.95411	-94.22865
57.1875	-38.95921	-95.79304
57.5	-38.59637	-97.00483
57.8125	-38.57609	-94.83455
58.125	-38.38344	-97.65391
58.4375	-38.39159	-99.70195
58.75	-38.1208	-98.73828
59.0625	-37.83323	-97.9975
59.375	-37.85609	-101.2634
59.6875	-37.77289	-100.3386
60	-37.73711	-98.66532
60.3125	-37.84182	-101.0547
60.625	-37.62302	-101.9616
60.9375	-37.52753	-102.183
61.25	-37.42257	-101.485
61.5625	-37.47911	-102.8615
61.875	-37.26998	-101.3401
62.1875	-37.33946	-99.86784
62.5	-36.99611	-100.8156
62.8125	-36.57542	-100.3863
63.125	-36.7658	-99.37432
63.4375	-36.61009	-98.79527
63.75	-36.4941	-100.2506
64.0625	-36.24062	-102.1925
64.375	-36.37559	-101.6971
64.6875	-36.08134	-103.0071
65	-36.14954	-105.7216
65.3125	-36.0652	-103.0749
65.625	-36.07969	-102.0957
65.9375	-35.89734	-102.1643
66.25	-35.66269	-99.27988
66.5625	-35.36786	-99.33849
66.875	-35.56417	-98.57314
67.1875	-35.16728	-100.9394
67.5	-35.00069	-97.59657
67.8125	-34.75005	-98.34218
68.125	-34.53331	-97.80323
68.4375	-34.45887	-98.1666
68.75	-34.23782	-98.67703
69.0625	-33.99648	-98.44964
69.375	-33.78012	-98.85854
69.6875	-33.47041	-100.2173
70	-33.39814	-99.73973
70.3125	-33.40977	-101.9592
70.625	-33.3781	-100.9245
70.9375	-33.40642	-101.3248
71.25	-33.00122	-101.5592
71.5625	-32.70388	-100.3499
71.875	-32.6542	-100.1763
72.1875	-32.6688	-99.91563
72.5	-32.30863	-98.96086
72.8125	-32.1862	-100.008
73.125	-31.97667	-100.8469
73.4375	-31.75056	-101.454
73.75	-31.68608	-101.7094
74.0625	-31.44221	-101.038
74.375	-31.27606	-100.9574
74.6875	-30.9497	-101.9835
75	-30.68915	-102.6103
75.3125	-30.58731	-102.019
75.625	-30.2423	-102.1404
75.9375	-30.04614	-103.4657
76.25	-29.96381	-103.1506
76.5625	-29.69932	-104.5155
76.875	-29.39697	-105
77.1875	-29.21955	-105.9429
77.5	-28.97455	-105.9678
77.8125	-28.65841	-107.769
78.125	-28.4225	-108.7339
78.4375	-28.27934	-108.744
78.75	-27.9803	-110.2113
79.0625	-27.72922	-111.8537
79.375	-27.51106	-112.4306
79.6875	-27.15099	-114.1201
80	-26.8988	-115.1706
80.3125	-26.48313	-116.9534
80.625	-26.40615	-119.0179
80.9375	-26.14096	-121.1239
81.25	-25.92264	-123.1038
81.5625	-25.61882	-125.5619
81.875	-25.4413	-128.0217
82.1875	-25.39334	-129.731
82.5	-25.11094	-132.8436
82.8125	-24.96204	-135.4345
83.125	-24.89928	-138.4506
83.4375	-24.78985	-142.4265
83.75	-24.81308	-144.6566
84.0625	-24.74974	-147.4055
84.375	-24.72308	-150.6595
84.6875	-24.70435	-153.361
85	-24.66455	-156.4443
85.3125	-24.56192	-160.8771
85.625	-24.64315	-165.1589
85.9375	-24.70173	-170.0944
86.25	-24.95376	-175.2313
86.5625	-25.5411	179.0209
86.875	-26.08265	173.409
87.1875	-26.92551	168.5613
87.5	-28.21525	163.8325
87.8125	-29.42852	162.0265
88.125	-30.84065	160.8602
88.4375	-32.03772	163.9855
88.75	-33.17191	169.7507
89.0625	-33.80882	173.455
89.375	-34.65381	179.316
89.6875	-35.10091	-176.9239
90	-35.54987	-169.7593
90.3125	-35.71419	-162.637
90.625	-35.5373	-155.9081
90.9375	-35.35872	-148.361
91.25	-34.81134	-146.9454
91.5625	-34.56099	-141.2172
91.875	-34.25232	-139.5256
92.1875	-33.57182	-138.816
92.5	-33.40352	-136.1547
92.8125	-32.53751	-135.6654
93.125	-32.36029	-134.2659
93.4375	-31.70059	-135.3778
93.75	-31.49025	-136.3252
94.0625	-31.43479	-139.4565
94.375	-31.16713	-139.6984
94.6875	-31.16577	-141.685
95	-31.36762	-142.2637
95.3125	-31.54037	-143.9678
95.625	-31.65236	-144.0847
95.9375	-31.94226	-143.9574
96.25	-32.32161	-144.8031
96.5625	-32.55178	-143.6934
96.875	-33.05416	-142.3775
97.1875	-33.47851	-138.6891
97.5	-33.36826	-134.4758
97.8125	-33.08274	-131.1825
98.125	-33.02193	-128.9569
98.4375	-32.89624	-127.8248
98.75	-32.88378	-124.048
99.0625	-32.51654	-121.3123
99.375	-32.21482	-118.9125
99.6875	-32.18225	-118.1824
100	-31.91623	-117.9946
100.3125	-31.63756	-115.2292
100.625	-31.25837	-114.8147
100.9375	-31.25607	-113.9727
101.25	-31.1096	-113.3464
101.5625	-30.68332	-112.5717
101.875	-30.53229	-110.2432
102.1875	-30.14214	-110.3311
102.5	-29.84938	-109.3426
102.8125	-29.69822	-108.717
103.125	-29.53495	-107.8506
103.4375	-29.09521	-106.7446
103.75	-28.99788	-106.6697
104.0625	-28.73713	-106.6779
104.375	-28.41074	-106.0839
104.6875	-28.15471	-105.1719
105	-28.06208	-105.587
105.3125	-27.62367	-105.1293
105.625	-27.45796	-104.9195
105.9375	-27.34975	-105.7916
106.25	-27.13163	-105.3847
106.5625	-26.83343	-105.284
106.875	-26.71463	-105.2531
107.1875	-26.3552	-105.242
107.5	-26.26856	-105.9781
107.8125	-26.14613	-105.5958
108.125	-25.79535	-106.1857
108.4375	-25.6693	-105.2919
108.75	-25.50994	-105.6671
109.0625	-25.22974	-105.9757
109.375	-25.01385	-105.3726
109.6875	-24.94382	-105.4363
110	-24.73522	-106.0211
110.3125	-24.47366	-106.0741
110.625	-24.30048	-105.76
110.9375	-24.11803	-105.6841
111.25	-23.96939	-106.1984
111.5625	-23.7488	-106.4943
111.875	-23.54549	-106.5399
112.1875	-23.42128	-106.8045
112.5	-23.23898	-106.638
112.8125	-23.03188	-107.1971
113.125	-22.8489	-107.232
113.4375	-22.73203	-107.1707
113.75	-22.56883	-107.5258
114.0625	-22.43999	-108.3159
114.375	-22.14713	-108.3211
114.6875	-22.01708	-108.3323
115	-21.83817	-108.1883
115.3125	-21.67905	-108.9824
115.625	-21.42879	-109.3215
115.9375	-21.28826	-110.9899
116.25	-21.26055	-112.5738
116.5625	-21.3148	-112.2023
116.875	-21.33493	-112.0907
117.1875	-21.31238	-111.8037
117.5	-21.30527	-111.4004
117.8125	-21.24527	-110.1898
118.125	-21.00399	-109.0876
118.4375	-20.87947	-108.271
118.75	-20.7086	-107.5105
119.0625	-20.51266	-106.8738
119.375	-20.27019	-106.7352
119.6875	-20.0795	-106.5901
120	-19.84649	-106.8772
120.3125	-19.63391	-106.1519
120.625	-19.51229	-105.273
120.9375	-19.31998	-104.856
121.25	-19.00937	-104.2964
121.5625	-18.75103	-103.9903
121.875	-18.57714	-103.8243
122.1875	-18.29101	-103.5264
122.5	-18.03918	-103.251
122.8125	-17.80882	-103.0656
123.125	-17.53155	-103.2957
123.4375	-17.29542	-103.5328
123.75	-17.04369	-102.9797
124.0625	-16.85815	-103.0095
124.375	-16.64081	-102.9546
124.6875	-16.41634	-102.166
125	-16.15771	-101.5849
125.3125	-15.93146	-101.5581
125.625	-15.56399	-100.7707
125.9375	-15.287	-100.212
126.25	-14.91586	-100.4913
126.5625	-14.56906	-100.2076
126.875	-14.20423	-99.94361
127.1875	-13.84446	-100.0249
127.5	-13.49511	-99.7819
127.8125	-13.13971	-99.81711
128.125	-12.82179	-100.0417
128.4375	-12.41822	-100.3875
128.75	-12.04784	-100.5019
129.0625	-11.6916	-100.984
129.375	-11.33218	-101.1853
129.6875	-10.98535	-100.9259
130	-10.57482	-101.2534
130.3125	-10.16961	-101.42
130.625	-9.751451	-101.6503
130.9375	-9.313512	-101.7763
131.25	-8.877501	-102.443
131.5625	-8.422338	-102.6008
131.875	-7.96279	-102.7575
132.1875	-7.446299	-103.5076
132.5	-6.958437	-103.9659
132.8125	-6.421964	-104.5039
133.125	-5.883455	-105.337
133.4375	-5.30236	-105.9154
133.75	-4.701722	-106.6475
134.0625	-4.078239	-107.7677
134.375	-3.407741	-109.112
134.6875	-2.715433	-110.3595
135	-2.002527	-112.0048
135.3125	-1.225398	-113.6121
135.625	-0.37053	-115.7847
135.9375	0.4976143	-118.3372
136.25	1.394175	-121.5473
136.5625	2.331701	-125.0358
136.875	3.310165	-129.2609
137.1875	4.343016	-134.4417
137.5	5.405882	-140.6768
137.8125	6.477932	-147.8561
138.125	7.532773	-156.7342
138.4375	8.512747	-167.5919
138.75	9.301722	179.3519
139.0625	9.715012	163.8723
139.375	9.526726	147.129
139.6875	8.637388	131.4352
140	7.24293	118.73
140.3125	5.638761	109.8648
140.625	4.071157	104.1735
140.9375	2.660648	100.8659
141.25	1.448928	98.7534
141.5625	0.4267287	97.78924
141.875	-0.4582951	97.05407
142.1875	-1.214482	96.47115
142.5	-1.895084	95.9151
142.8125	-2.516339	95.46566
143.125	-3.092361	95.00009
143.4375	-3.62595	94.66188
143.75	-4.127965	94.6444
144.0625	-4.591362	94.4676
144.375	-5.023538	94.48852
144.6875	-5.422658	94.64364
145	-5.78737	94.73386
145.3125	-6.112489	94.8077
145.625	-6.432035	95.05096
145.9375	-6.707084	95.12898
146.25	-6.972104	94.84654
146.5625	-7.228683	94.98853
146.875	-7.466418	94.90214
147.1875	-7.690096	94.86358
147.5	-7.913597	94.64313
147.8125	-8.149507	94.51571
148.125	-8.367368	94.59975
148.4375	-8.544514	94.52096
148.75	-8.718246	94.25236
149.0625	-8.917927	94.39114
149.375	-9.101824	94.26488
149.6875	-9.272993	94.21745
150	-9.436651	94.35658
150.3125	-9.590156	94.21864
150.625	-9.763862	94.14366
150.9375	-9.904005	94.24362
151.25	-10.05465	94.20138
151.5625	-10.20262	94.28947
151.875	-10.32634	94.4269
152.1875	-10.4739	94.33197
152.5	-10.64346	93.96628
152.8125	-10.7272	94.13588
153.125	-10.81978	93.94686
153.4375	-10.95362	94.05923
153.75	-11.06991	94.07822
154.0625	-11.14986	94.0213
154.375	-11.26224	93.98312
154.6875	-11.38324	93.96599
155	-11.44871	93.86538
155.3125	-11.5524	93.91944
155.625	-11.66848	93.63702
155.9375	-11.7759	93.8786
156.25	-11.83386	93.90806
156.5625	-11.91273	93.84677
156.875	-11.99426	93.97122
157.1875	-12.05167	93.7132
157.5	-12.10593	93.73947
157.8125	-12.21317	93.91047
158.125	-12.23424	93.94977
158.4375	-12.31141	93.71242
158.75	-12.36353	93.76639
159.0625	-12.34595	93.84795
159.375	-12.41224	93.63074
159.6875	-12.45358	93.34797
160	-12.48446	92.92088
160.3125	-12.53479	92.36565
160.625	-12.62994	91.74403
160.9375	-12.73643	91.60829
161.25	-12.84254	91.33998
161.5625	-12.95676	91.31416
161.875	-13.07536	91.16448
162.1875	-13.13205	90.96941
162.5	-13.23134	91.11867
162.8125	-13.35422	91.13297
163.125	-13.44151	91.25356
163.4375	-13.50503	91.5061
163.75	-13.54558	91.9031
164.0625	-13.59545	92.04285
164.375	-13.63438	92.38935
164.6875	-13.68965	92.05021
165	-13.72293	92.30738
165.3125	-13.7715	92.34345
165.625	-13.81395	92.35654
165.9375	-13.84316	92.56371
166.25	-13.83995	92.46503
166.5625	-13.91376	92.48442
166.875	-13.93952	92.57465
167.1875	-13.95744	92.21211
167.5	-14.01707	92.41351
167.8125	-13.99022	92.45911
168.125	-14.01948	92.19823
168.4375	-14.07005	92.40343
168.75	-14.09023	92.13916
169.0625	-14.14264	92.35629
169.375	-14.17017	92.01955
169.6875	-14.2062	92.39404
170	-14.2377	92.14968
170.3125	-14.24624	92.14209
170.625	-14.2376	92.48004
170.9375	-14.28812	92.49173
171.25	-14.31139	92.14231
171.5625	-14.35154	92.07764
171.875	-14.38321	91.89391
172.1875	-14.37662	91.93661
172.5	-14.45177	92.04346
172.8125	-14.48443	92.04031
173.125	-14.50623	91.75215
173.4375	-14.56666	91.58705
173.75	-14.56636	91.82449
174.0625	-14.55684	91.49318
174.375	-14.59534	91.81818
174.6875	-14.67361	91.98234
175	-14.67803	91.57761
175.3125	-14.68112	92.07015
175.625	-14.67943	91.89964
175.9375	-14.74374	91.79146
176.25	-14.72984	91.75652
176.5625	-14.77371	91.9763
176.875	-14.75782	91.78917
177.1875	-14.80749	91.88931
177.5	-14.82168	91.93187
177.8125	-14.81172	91.52013
178.125	-14.89406	91.6762
178.4375	-14.89263	92.08533
178.75	-14.9145	92.04591
179.0625	-14.92226	91.82221
179.375	-14.9337	92.07613
179.6875	-14.9258	92.39193
180	-14.94055	92.19258
180.3125	-14.98771	92.3113
180.625	-15.00055	92.44438
180.9375	-14.98228	92.46709
181.25	-14.96521	92.38018
181.5625	-14.98765	92.29104
181.875	-14.99903	92.51052
182.1875	-14.99262	92.65099
182.5	-14.98495	92.64799
182.8125	-14.96603	92.27949
183.125	-15.02402	92.19358
183.4375	-15.04513	92.40832
183.75	-15.03059	92.15426
184.0625	-15.05533	92.06029
184.375	-15.05046	92.1434
184.6875	-15.0733	92.25362
185	-15.05282	92.35771
185.3125	-15.09119	92.30352
185.625	-15.11887	92.31828
185.9375	-15.09451	92.4613
186.25	-15.07447	92.0045
186.5625	-15.09597	92.22663
186.875	-15.10105	92.07401
187.1875	-15.12163	92.17471
187.5	-15.08672	92.48643
187.8125	-15.08464	92.20741
188.125	-15.09781	92.04155
188.4375	-15.12406	92.44891
188.75	-15.10921	92.16354
189.0625	-15.10557	92.43401
189.375	-15.11268	92.00399
189.6875	-15.13925	92.361
190	-15.08853	92.17226
190.3125	-15.15577	92.2897
190.625	-15.14109	92.03958
190.9375	-15.11516	92.21344
191.25	-15.1324	92.01353
191.5625	-15.11409	92.36952
191.875	-15.10846	92.24783
192.1875	-15.14002	92.08028
192.5	-15.14502	92.09436
192.8125	-15.1767	92.19315
193.125	-15.14434	92.10569
193.4375	-15.15248	92.0171
193.75	-15.11976	91.95406
194.0625	-15.11484	91.94267
194.375	-15.05061	91.98805
194.6875	-15.03871	92.16141
195	-15.08996	92.1472
195.3125	-15.12602	92.24309
195.625	-15.16607	92.26694
195.9375	-15.08691	91.85909
196.25	-15.09219	92.3257
196.5625	-15.09511	92.13687
196.875	-15.10307	92.09231
197.1875	-15.12558	92.10104
197.5	-15.08145	92.0788
197.8125	-15.06474	92.03651
198.125	-15.04568	92.01362
198.4375	-15.02093	91.64685
198.75	-15.05501	91.9966
199.0625	-15.01988	91.54955
199.375	-15.05622	92.3336
199.6875	-15.05549	92.46104
200	-15.03306	91.81515
200.3125	-15.03905	92.19266
200.625	-15.018	92.48372
200.9375	-15.0226	91.9277
201.25	-14.94891	92.40498
201.5625	-15.00341	92.3614
201.875	-15.01365	91.97513
202.1875	-14.99326	91.85553
202.5	-14.97896	92.12325
202.8125	-14.9956	91.9296
203.125	-14.9909	92.15002
203.4375	-14.97812	92.19825
203.75	-14.93256	92.40523
204.0625	-14.97208	92.06017
204.375	-14.94907	91.81186
204.6875	-14.91175	92.11552
205	-14.9558	92.34302
205.3125	-14.95449	92.22652
205.625	-14.91738	92.27686
205.9375	-14.9182	92.50162
206.25	-14.9197	92.02918
206.5625	-14.88806	92.24268
206.875	-14.86545	92.33251
207.1875	-14.87597	92.31814
207.5	-14.90712	92.65401
207.8125	-14.83735	92.474
208.125	-14.84703	92.47062
208.4375	-14.85298	92.59832
208.75	-14.84686	92.45025
209.0625	-14.82203	92.52715
209.375	-14.80543	92.76449
209.6875	-14.76783	92.48582
210	-14.82886	92.56052
210.3125	-14.7876	92.96912
210.625	-14.76151	92.71769
210.9375	-14.74484	92.56371
211.25	-14.71401	93.18276
211.5625	-14.77632	92.62767
211.875	-14.68043	93.00996
212.1875	-14.73262	93.09265
212.5	-14.68958	93.11105
212.8125	-14.61339	93.07988
213.125	-14.63807	92.98633
213.4375	-14.62255	93.08199
213.75	-14.59751	93.08765
214.0625	-14.6409	93.38005
214.375	-14.55946	93.13045
214.6875	-14.5743	93.45045
215	-14.55377	93.57132
215.3125	-14.55271	93.68245
215.625	-14.51359	93.84697
215.9375	-14.51357	94.20977
216.25	-14.49728	94.21221
216.5625	-14.49918	94.12635
216.875	-14.4541	94.14674
217.1875	-14.42239	93.9761
217.5	-14.36965	94.69079
217.8125	-14.43073	94.35122
218.125	-14.33808	94.67731
218.4375	-14.33139	94.35547
218.75	-14.25179	94.54192
219.0625	-14.2155	94.36246
219.375	-14.21368	94.69922
219.6875	-14.19927	94.39017
220	-14.1235	94.76239
220.3125	-14.12526	94.43616
220.625	-14.06179	94.22491
220.9375	-14.03928	94.60322
221.25	-14.02915	94.35891
221.5625	-13.99601	94.38583
221.875	-13.97767	94.00304
222.1875	-13.92208	94.47799
222.5	-13.90059	93.99251
222.8125	-13.83439	94.14621
223.125	-13.81897	93.90168
223.4375	-13.79522	93.84777
223.75	-13.78196	94.02631
224.0625	-13.73553	93.74265
224.375	-13.71797	93.53002
224.6875	-13.73785	93.60308
225	-13.69639	93.51137
225.3125	-13.67099	93.48498
225.625	-13.6664	93.30241
225.9375	-13.69727	93.39467
226.25	-13.64128	93.16334
226.5625	-13.61849	93.40728
226.875	-13.58506	93.44304
227.1875	-13.56003	93.00469
227.5	-13.5669	93.19528
227.8125	-13.59996	93.31671
228.125	-13.52862	93.29737
228.4375	-13.48268	93.03787
228.75	-13.49585	93.41124
229.0625	-13.49692	93.18719
229.375	-13.47538	93.37772
229.6875	-13.44563	92.87324
230	-13.41972	93.37553
230.3125	-13.35913	93.25009
230.625	-13.36324	93.25024
230.9375	-13.33983	93.23639
231.25	-13.30139	93.24878
231.5625	-13.28734	93.46185
231.875	-13.27861	93.33693
232.1875	-13.25957	93.34063
232.5	-13.23344	93.21643
232.8125	-13.22848	93.48356
233.125	-13.17808	93.58875
233.4375	-13.15141	93.23055
233.75	-13.06839	93.11671
234.0625	-13.1123	93.18355
234.375	-13.03067	93.16512
234.6875	-13.05693	93.34683
235	-13.01816	93.40706
235.3125	-12.9803	93.26513
235.625	-12.93465	93.02936
235.9375	-12.89018	93.2264
236.25	-12.88286	93.05197
236.5625	-12.7907	93.13937
236.875	-12.785	93.37564
237.1875	-12.76014	93.20083
237.5	-12.72586	93.07924
237.8125	-12.65255	93.02531
238.125	-12.61259	93.44321
238.4375	-12.6411	93.41785
238.75	-12.64948	93.23692
239.0625	-12.57027	92.89133
239.375	-12.55792	93.06551
239.6875	-12.5513	93.00113
240	-12.55821	92.95367
240.3125	-12.50208	93.16757
240.625	-12.46748	92.92504
240.9375	-12.46953	92.92281
241.25	-12.46151	92.96141
241.5625	-12.42616	92.71009
241.875	-12.41949	92.89077
242.1875	-12.37258	92.82778
242.5	-12.36342	93.16791
242.8125	-12.35228	93.19758
243.125	-12.28973	93.18829
243.4375	-12.25667	93.4238
243.75	-12.28357	93.24277
244.0625	-12.2311	93.50375
244.375	-12.20613	93.69461
244.6875	-12.1475	93.63544
245	-12.12628	93.99585
245.3125	-12.06618	93.91512
245.625	-12.0323	94.19524
245.9375	-11.93273	94.09483
246.25	-11.89157	94.2626
246.5625	-11.78727	94.06535
246.875	-11.75692	94.4356
247.1875	-11.67603	94.2001
247.5	-11.62238	94.50948
247.8125	-11.50203	94.11858
248.125	-11.42571	94.0664
248.4375	-11.37519	93.99943
248.75	-11.26648	94.06889
249.0625	-11.16866	93.72403
249.375	-11.07061	93.52977
249.6875	-10.96768	93.24236
250	-10.88051	93.05812
250.3125	-10.66053	92.98399
250.625	-10.54625	92.20974
250.9375	-10.36207	91.50349
251.25	-10.13547	90.42273
251.5625	-9.889956	88.87424
251.875	-9.582871	86.74673
252.1875	-9.246365	82.80299
252.5	-9.080893	76.24558
252.8125	-9.416384	66.46785
253.125	-11.50644	55.26387
253.4375	-14.88233	65.51335
253.75	-14.69917	83.18016
254.0625	-13.80192	88.35207
254.375	-13.23389	90.74993
254.6875	-12.82509	91.50365
255	-12.63806	91.82885
255.3125	-12.36249	91.31361
255.625	-12.23206	91.96584
255.9375	-12.14611	91.92347
256.25	-11.98175	92.14864
256.5625	-11.93617	92.11977
256.875	-11.86636	92.34497
257.1875	-11.76632	92.1507
257.5	-11.67813	92.54968
257.8125	-11.65283	92.72897
258.125	-11.57354	92.52596
258.4375	-11.48629	92.53343
258.75	-11.41773	92.52346
259.0625	-11.33558	92.50513
259.375	-11.34423	92.84965
259.6875	-11.29982	92.58981
260	-11.25069	92.40015
260.3125	-11.1146	92.52744
260.625	-11.12115	92.63291
260.9375	-11.06881	92.36575
261.25	-11.02864	92.72361
261.5625	-10.98513	92.54868
261.875	-10.96257	92.87576
262.1875	-10.91026	92.45457
262.5	-10.86866	92.67617
262.8125	-10.82266	92.64493
263.125	-10.79396	92.194
263.4375	-10.76136	92.51693
263.75	-10.71291	92.50078
264.0625	-10.70126	92.4711
264.375	-10.64109	92.48458
264.6875	-10.58989	92.83129
265	-10.58729	92.40493
265.3125	-10.55461	92.43014
265.625	-10.5023	92.43379
265.9375	-10.46866	92.46916
266.25	-10.43463	92.23846
266.5625	-10.40795	92.23291
266.875	-10.35365	92.42414
267.1875	-10.34957	92.58564
267.5	-10.29961	92.54107
267.8125	-10.27339	92.46187
268.125	-10.22683	92.42924
268.4375	-10.16641	92.46939
268.75	-10.14558	92.54701
269.0625	-10.09691	92.54816
269.375	-10.08228	92.53633
269.6875	-10.03438	92.46279
270	-10.0418	92.56597
270.3125	-9.978389	92.66143
270.625	-9.931026	92.50793
270.9375	-9.923214	92.49861
271.25	-9.868568	92.67386
271.5625	-9.853152	92.69263
271.875	-9.785215	92.8637
272.1875	-9.782664	92.96918
272.5	-9.748956	92.90646
272.8125	-9.688826	93.0602
273.125	-9.63831	93.14725
273.4375	-9.603219	93.0932
273.75	-9.574157	93.04174
274.0625	-9.538365	93.18539
274.375	-9.461401	93.27279
274.6875	-9.402921	93.15701
275	-9.359238	93.10898
275.3125	-9.29078	93.16868
275.625	-9.236296	93.25094
275.9375	-9.19799	93.18811
276.25	-9.157368	93.18837
276.5625	-9.069626	92.91116
276.875	-9.05601	92.90296
277.1875	-9.001035	92.6711
277.5	-8.965728	93.00974
277.8125	-8.932735	92.85355
278.125	-8.872532	92.27375
278.4375	-8.828521	92.74023
278.75	-8.831953	92.50287
279.0625	-8.821732	92.17977
279.375	-8.810884	92.05505
279.6875	-8.776093	92.40476
280	-8.788998	92.32967
280.3125	-8.745606	92.29147
280.625	-8.738816	92.15656
280.9375	-8.66699	92.16916
281.25	-8.594896	92.21167
281.5625	-8.55512	92.55717
281.875	-8.549341	92.1384
282.1875	-8.461592	92.23919
282.5	-8.43516	92.51531
282.8125	-8.379147	92.38558
283.125	-8.324476	92.3255
283.4375	-8.285786	92.03349
283.75	-8.276503	92.43772
284.0625	-8.21218	92.10975
284.375	-8.218736	92.14112
284.6875	-8.164766	92.21103
285	-8.145101	92.16365
285.3125	-8.071004	92.21271
285.625	-8.016467	92.09827
285.9375	-8.015865	92.36646
286.25	-7.945176	92.08208
286.5625	-7.919549	92.25656
286.875	-7.869763	92.22795
287.1875	-7.822468	92.20707
287.5	-7.777829	92.2031
287.8125	-7.715432	92.21065
288.125	-7.664311	92.23071
288.4375	-7.630841	92.2067
288.75	-7.581707	92.1652
289.0625	-7.540662	92.29913
289.375	-7.509342	92.25687
289.6875	-7.442841	92.03754
290	-7.411226	92.25043
290.3125	-7.360591	92.19055
290.625	-7.315073	91.99238
290.9375	-7.283194	91.96583
291.25	-7.215161	92.13824
291.5625	-7.180173	92.01401
291.875	-7.14251	91.87047
292.1875	-7.106434	91.99906
292.5	-7.058546	92.00836
292.8125	-7.010703	91.85777
293.125	-6.96815	91.81731
293.4375	-6.914788	91.96962
293.75	-6.861844	91.88393
294.0625	-6.826124	91.90347
294.375	-6.786937	91.77365
294.6875	-6.730784	91.74468
295	-6.699038	91.81433
295.3125	-6.637867	91.86888
295.625	-6.602895	91.61192
295.9375	-6.565704	91.50509
296.25	-6.521244	91.50141
296.5625	-6.453685	91.51854
296.875	-6.438856	91.65319
297.1875	-6.371947	91.8112
297.5	-6.335449	91.46313
297.8125	-6.31449	91.78704
298.125	-6.255324	91.4931
298.4375	-6.194453	91.67553
298.75	-6.151435	91.45212
299.0625	-6.093926	91.43668
299.375	-6.045938	91.57327
299.6875	-5.990825	91.49945
300	-5.946121	91.5972
300.3125	-5.888393	91.33192
300.625	-5.857144	91.21825
300.9375	-5.815471	91.36573
301.25	-5.756433	91.29051
301.5625	-5.724046	91.06313
301.875	-5.664518	91.07519
302.1875	-5.628886	91.20825
302.5	-5.55685	91.14795
302.8125	-5.549426	91.00851
303.125	-5.503388	91.24633
303.4375	-5.435036	91.07212
303.75	-5.406751	91.14615
304.0625	-5.334197	90.99525
304.375	-5.30442	90.81515
304.6875	-5.259527	90.77489
305	-5.193749	91.07158
305.3125	-5.133705	90.90217
305.625	-5.093086	91.02184
305.9375	-5.052954	90.9072
306.25	-5.007355	91.10307
306.5625	-4.952213	90.7722
306.875	-4.898425	90.9091
307.1875	-4.83493	90.71066
307.5	-4.778914	90.61269
307.8125	-4.751206	90.79724
308.125	-4.689244	90.66151
308.4375	-4.632054	90.80257
308.75	-4.568169	90.81689
309.0625	-4.532241	90.43527
309.375	-4.482518	90.54104
309.6875	-4.431757	90.46577
310	-4.359567	90.50699
310.3125	-4.314399	90.50433
310.625	-4.257662	90.54055
310.9375	-4.217455	90.4243
311.25	-4.154318	90.31876
311.5625	-4.104877	90.41299
311.875	-4.060302	90.22865
312.1875	-3.986286	90.21809
312.5	-3.949805	90.11338
312.8125	-3.868252	90.07642
313.125	-3.831542	89.98246
313.4375	-3.762202	89.99177
313.75	-3.730034	89.95285
314.0625	-3.658181	89.91771
314.375	-3.611175	89.87021
314.6875	-3.560519	89.75021
315	-3.48706	89.57274
315.3125	-3.457422	89.64565
315.625	-3.374044	89.49573
315.9375	-3.322538	89.48616
316.25	-3.267974	89.38104
316.5625	-3.203843	89.02578
316.875	-3.147356	89.29269
317.1875	-3.084499	89.2197
317.5	-3.035328	89.12981
317.8125	-2.978381	88.9411
318.125	-2.930007	88.88039
318.4375	-2.860442	88.73889
318.75	-2.800677	88.7419
319.0625	-2.738649	88.70614
319.375	-2.70189	88.63079
319.6875	-2.641064	88.4573
320	-2.581861	88.10102
320.3125	-2.517274	88.34209
320.625	-2.464278	88.13945
320.9375	-2.403885	87.94623
321.25	-2.360188	87.95354
321.5625	-2.301836	87.83119
321.875	-2.237379	87.52686
322.1875	-2.173683	87.56181
322.5	-2.11113	87.39789
322.8125	-2.061733	87.28245
323.125	-2.004655	87.39342
323.4375	-1.955181	87.15959
323.75	-1.905771	86.98177
324.0625	-1.872058	86.80997
324.375	-1.787503	86.71475
324.6875	-1.750171	86.74041
325	-1.706779	86.66142
325.3125	-1.63307	86.56783
325.625	-1.60677	86.31725
325.9375	-1.552464	86.28336
326.25	-1.50448	86.14902
326.5625	-1.454372	85.84981
326.875	-1.405939	85.72446
327.1875	-1.33836	85.65478
327.5	-1.304768	85.51997
327.8125	-1.261136	85.51327
328.125	-1.199687	85.46486
328.4375	-1.16809	85.54714
328.75	-1.12313	85.37503
329.0625	-1.078658	85.26881
329.375	-1.048525	85.06302
329.6875	-0.9866477	85.02488
330	-0.9460177	85.01257
330.3125	-0.8994721	84.91768
330.625	-0.8596128	84.82648
330.9375	-0.8105354	84.84486
331.25	-0.7667863	84.72089
331.5625	-0.7331329	84.95238
331.875	-0.6777048	84.8846
332.1875	-0.6287979	84.76392
332.5	-0.5853332	84.92192
332.8125	-0.5308605	84.71395
333.125	-0.48334	84.90488
333.4375	-0.4460583	84.85165
333.75	-0.3867531	84.71152
334.0625	-0.3408146	84.88675
334.375	-0.2848994	84.93511
334.6875	-0.2235296	85.07075
335	-0.150096	84.78617
335.3125	-0.1013182	85.07676
335.625	-0.05977087	85.09552
335.9375	0.0191056	85.24774
336.25	0.08222722	85.18577
336.5625	0.12642	85.26215
336.875	0.1936585	85.23996
337.1875	0.2685944	85.32265
337.5	0.339862	85.4398
337.8125	0.3953691	85.30619
338.125	0.4729851	85.43972
338.4375	0.5520886	85.39481
338.75	0.6185651	85.38524
339.0625	0.6883379	85.43979
339.375	0.7606468	85.41477
339.6875	0.8302417	85.46156
340	0.9205973	85.45217
340.3125	0.9908388	85.45361
340.625	1.074289	85.47548
340.9375	1.147035	85.2417
341.25	1.228418	85.35172
341.5625	1.294977	85.08143
341.875	1.381446	84.96179
342.1875	1.456273	85.25797
342.5	1.537455	85.07059
342.8125	1.622356	85.07488
343.125	1.698846	84.98406
343.4375	1.774419	84.76162
343.75	1.855969	84.80997
344.0625	1.918778	84.70926
344.375	1.991711	84.79086
344.6875	2.070951	84.70329
345	2.135209	84.55086
345.3125	2.21229	84.36478
345.625	2.306994	84.34048
345.9375	2.383986	84.26648
346.25	2.437212	84.04972
346.5625	2.529348	83.95262
346.875	2.598004	84.105
347.1875	2.678331	83.87453
347.5	2.740318	83.85419
347.8125	2.828978	83.76537
348.125	2.895541	83.86327
348.4375	2.969396	83.80003
348.75	3.04744	83.67672
349.0625	3.115521	83.66667
349.375	3.203582	83.55432
349.6875	3.277186	83.55309
350	3.350815	83.31691
350.3125	3.435884	83.44522
350.625	3.509101	83.26463
350.9375	3.583361	83.19744
351.25	3.666017	83.32533
351.5625	3.742136	83.27611
351.875	3.820988	83.22588
352.1875	3.894929	83.19075
352.5	3.983838	83.01891
352.8125	4.056596	83.16298
353.125	4.128795	83.15315
353.4375	4.212123	83.09834
353.75	4.293958	83.08394
354.0625	4.360454	83.23234
354.375	4.44826	83.18994
354.6875	4.531868	83.08715
355	4.612225	83.36072
355.3125	4.70198	83.28054
355.625	4.788984	83.29826
355.9375	4.877115	83.53236
356.25	4.96018	83.42353
356.5625	5.057876	83.61392
356.875	5.144831	83.70708
357.1875	5.252294	83.80743
357.5	5.339145	83.82935
357.8125	5.437584	83.95718
358.125	5.538763	84.18089
358.4375	5.642874	84.26846
358.75	5.742678	84.39723
359.0625	5.845812	84.50186
359.375	5.952626	84.64837
359.6875	6.074751	84.94588
360	6.180348	85.1293
360.3125	6.294768	85.32926
360.625	6.427548	85.5088
360.9375	6.544299	85.76593
361.25	6.677007	85.99723
361.5625	6.813772	86.27322
361.875	6.961975	86.63582
362.1875	7.11866	86.91593
362.5	7.288258	87.22106
362.8125	7.460979	87.44058
363.125	7.657892	87.72356
363.4375	7.850752	87.79967
363.75	8.060335	87.99216
364.0625	8.260928	88.02865
364.375	8.474316	87.97554
364.6875	8.683256	87.94435
365	8.885224	87.8384
365.3125	9.091795	87.61873
365.625	9.29743	87.4447
365.9375	9.505462	87.54147
366.25	9.716737	87.29362
366.5625	9.922844	86.93919
366.875	10.12718	86.70663
367.1875	10.32881	86.29749
367.5	10.54151	86.06633
367.8125	10.75286	85.96793
368.125	10.96109	85.57674
368.4375	11.17693	85.21281
368.75	11.38567	84.81971
369.0625	11.60666	84.47968
369.375	11.8187	84.16532
369.6875	12.03947	83.75909
370	12.25837	83.44773
370.3125	12.484	83.09116
370.625	12.70804	82.54677
370.9375	12.93721	82.13894
371.25	13.17123	81.70399
371.5625	13.40875	81.16328
371.875	13.64547	80.76035
372.1875	13.89597	80.19646
372.5	14.1403	79.71369
372.8125	14.38974	79.26075
373.125	14.64848	78.49586
373.4375	14.91023	77.96748
373.75	15.17374	77.2411
374.0625	15.44402	76.63601
374.375	15.72019	76.00146
374.6875	16.00288	75.24315
375	16.29298	74.36653
375.3125	16.58825	73.70879
375.625	16.8897	72.93838
375.9375	17.1972	72.02238
376.25	17.51343	70.95089
376.5625	17.83561	70.02546
376.875	18.16822	68.82482
377.1875	18.50964	67.87283
377.5	18.8588	66.66251
377.8125	19.22024	65.56743
378.125	19.59408	64.08356
378.4375	19.97848	62.61501
378.75	20.37374	61.11834
379.0625	20.78026	59.36105
379.375	21.20206	57.51908
379.6875	21.63235	55.53984
380	22.07633	53.26917
380.3125	22.52859	50.80253
380.625	22.98972	48.01342
380.9375	23.45555	45.16726
381.25	23.92069	41.84186
381.5625	24.38122	38.0519
381.875	24.82842	33.8905
382.1875	25.25068	29.40056
382.5	25.63682	24.45069
382.8125	25.96975	18.85019
383.125	26.23451	13.0215
383.4375	26.41504	6.940203
383.75	26.49427	0.3470676
384.0625	26.45837	-6.207041
384.375	26.30317	-12.76426
384.6875	26.0296	-19.08312
385	25.64922	-24.97966
385.3125	25.18195	-30.28443
385.625	24.65003	-34.94974
385.9375	24.08174	-39.03572
386.25	23.5001	-42.4998
386.5625	22.92445	-45.288
386.875	22.36726	-47.65942
387.1875	21.83995	-49.69373
387.5	21.34054	-51.38214
387.8125	20.87486	-52.58531
388.125	20.44153	-53.89753
388.4375	20.03695	-54.97968
388.75	19.66062	-55.96446
389.0625	19.30225	-56.84485
389.375	18.96847	-57.73552
389.6875	18.64736	-58.48776
390	18.34931	-59.25422
390.3125	18.06007	-59.87447
390.625	17.78732	-60.56552
390.9375	17.52138	-61.32203
391.25	17.26776	-61.91097
391.5625	17.02349	-62.44379
391.875	16.78609	-63.05757
392.1875	16.55788	-63.6078
392.5	16.33273	-64.21725
392.8125	16.11734	-64.79412
393.125	15.90233	-65.29684
393.4375	15.693	-65.92729
393.75	15.48702	-66.32642
394.0625	15.28477	-66.86226
394.375	15.08589	-67.27045
394.6875	14.89009	-67.86391
395	14.69746	-68.07835
395.3125	14.51004	-68.71589
395.625	14.32565	-69.0914
395.9375	14.1467	-69.39577
396.25	13.96796	-69.74282
396.5625	13.79405	-70.02833
396.875	13.62484	-70.35892
397.1875	13.46225	-70.62272
397.5	13.29906	-70.91788
397.8125	13.14281	-71.19512
398.125	12.98628	-71.45451
398.4375	12.83685	-71.82834
398.75	12.6876	-72.01584
399.0625	12.5418	-72.25396
399.375	12.397	-72.54941
399.6875	12.25212	-72.80715
400	12.11117	-73.00725
400.3125	11.97719	-73.1739
400.625	11.83604	-73.33868
400.9375	11.71205	-73.51093
401.25	11.5831	-73.59932
401.5625	11.46092	-73.88026
401.875	11.33863	-73.98433
402.1875	11.22563	-74.15877
402.5	11.11729	-74.41154
402.8125	11.00559	-74.65871
403.125	10.89354	-74.70354
403.4375	10.79442	-75.05238
403.75	10.69265	-75.28584
404.0625	10.5835	-75.4919
404.375	10.48169	-75.77235
404.6875	10.37223	-76.22942
405	10.25357	-76.48502
405.3125	10.13149	-76.73293
405.625	10.00687	-77.10414
405.9375	9.871735	-77.43963
406.25	9.737986	-77.68716
406.5625	9.597782	-77.69204
406.875	9.457404	-77.92543
407.1875	9.331291	-77.96061
407.5	9.201712	-77.90678
407.8125	9.076212	-77.89256
408.125	8.95652	-77.90388
408.4375	8.842477	-77.80197
408.75	8.740363	-77.78343
409.0625	8.636577	-77.68312
409.375	8.532859	-77.59128
409.6875	8.429408	-77.58685
410	8.327776	-77.39484
410.3125	8.249177	-77.43602
410.625	8.158981	-77.34597
410.9375	8.061225	-77.21465
411.25	7.985901	-77.18808
411.5625	7.901411	-77.1278
411.875	7.827026	-76.97775
412.1875	7.750835	-76.82233
412.5	7.682719	-76.65571
412.8125	7.607042	-76.5996
413.125	7.54251	-76.5867
413.4375	7.477208	-76.57651
413.75	7.400742	-76.46017
414.0625	7.342937	-76.42322
414.375	7.278712	-76.4249
414.6875	7.220831	-76.33905
415	7.156058	-76.25604
415.3125	7.10126	-76.21233
415.625	7.03774	-76.17145
415.9375	6.979934	-76.13742
416.25	6.931579	-76.04975
416.5625	6.875978	-76.01658
416.875	6.82611	-76.05196
417.1875	6.769551	-75.88372
417.5	6.721383	-75.92244
417.8125	6.671369	-75.88951
418.125	6.62249	-75.8069
418.4375	6.569585	-75.81763
418.75	6.510672	-75.72462
419.0625	6.455677	-75.86819
419.375	6.409452	-75.67588
419.6875	6.359424	-75.65035
420	6.311439	-75.75011
420.3125	6.261754	-75.63207
420.625	6.224937	-75.55981
420.9375	6.173001	-75.56183
421.25	6.134001	-75.66917
421.5625	6.10045	-75.57002
421.875	6.052985	-75.49467
422.1875	6.018288	-75.44595
422.5	5.969977	-75.40474
422.8125	5.934589	-75.46434
423.125	5.896946	-75.27948
423.4375	5.854438	-75.39908
423.75	5.814953	-75.43905
424.0625	5.779113	-75.31404
424.375	5.744406	-75.20539
424.6875	5.70713	-75.2988
425	5.672756	-75.17593
425.3125	5.638746	-75.09721
425.625	5.615265	-75.0795
425.9375	5.581396	-75.0817
426.25	5.553245	-75.02824
426.5625	5.526237	-75.0942
426.875	5.491796	-75.20068
427.1875	5.474559	-75.18004
427.5	5.430513	-75.19842
427.8125	5.408483	-75.35861
428.125	5.376634	-75.11327
428.4375	5.346705	-75.28545
428.75	5.32689	-75.14368
429.0625	5.285315	-75.24924
429.375	5.254176	-75.22478
429.6875	5.219545	-75.39693
430	5.201449	-75.34286
430.3125	5.170643	-75.33882
430.625	5.146413	-75.33002
430.9375	5.116553	-75.37347
431.25	5.080501	-75.32894
431.5625	5.065832	-75.44176
431.875	5.05143	-75.40131
432.1875	5.012821	-75.38692
432.5	5.006249	-75.51545
432.8125	4.968475	-75.25398
433.125	4.949814	-75.37679
433.4375	4.925315	-75.31554
433.75	4.909311	-75.28368
434.0625	4.896861	-75.45152
434.375	4.873053	-75.55399
434.6875	4.86459	-75.59679
435	4.835446	-75.70863
435.3125	4.815369	-75.72612
435.625	4.797204	-75.83427
435.9375	4.771359	-75.9581
436.25	4.748613	-75.83938
436.5625	4.722604	-76.0136
436.875	4.707323	-75.98746
437.1875	4.684883	-76.06607
437.5	4.663387	-76.20746
437.8125	4.638054	-76.19402
438.125	4.612892	-76.18507
438.4375	4.604543	-76.22002
438.75	4.578251	-76.31034
439.0625	4.559819	-76.47475
439.375	4.534487	-76.43613
439.6875	4.524924	-76.56538
440	4.497233	-76.5211
440.3125	4.47571	-76.7272
440.625	4.45195	-76.8151
440.9375	4.433565	-76.98335
441.25	4.40208	-76.99783
441.5625	4.390501	-77.07864
441.875	4.35444	-77.16402
442.1875	4.316843	-77.3382
442.5	4.302975	-77.23569
442.8125	4.275012	-77.37867
443.125	4.242807	-77.39451
443.4375	4.22423	-77.42924
443.75	4.193523	-77.63866
444.0625	4.161632	-77.54647
444.375	4.133866	-77.75991
444.6875	4.118077	-77.66394
445	4.082703	-77.68834
445.3125	4.046041	-77.86301
445.625	4.029116	-77.73801
445.9375	4.00488	-77.89507
446.25	3.97105	-77.89648
446.5625	3.938952	-77.803
446.875	3.919286	-77.81683
447.1875	3.899394	-77.85744
447.5	3.865944	-77.95272
447.8125	3.842597	-77.84599
448.125	3.815511	-77.91821
448.4375	3.791413	-78.04897
448.75	3.776633	-77.74301
449.0625	3.751415	-77.91254
449.375	3.719982	-77.94935
449.6875	3.697055	-77.85089
450	3.679614	-77.85957
450.3125	3.652485	-78.00613
450.625	3.633765	-77.97639
450.9375	3.614039	-77.95893
451.25	3.594538	-77.91121
451.5625	3.578451	-77.8327
451.875	3.559369	-77.8398
452.1875	3.534891	-77.84774
452.5	3.514165	-77.9032
452.8125	3.505669	-77.78168
453.125	3.483378	-77.69598
453.4375	3.475537	-77.73491
453.75	3.4551	-77.71972
454.0625	3.432641	-77.76059
454.375	3.430471	-77.76891
454.6875	3.405543	-77.66812
455	3.390969	-77.71484
455.3125	3.380352	-77.78534
455.625	3.375349	-77.61681
455.9375	3.340614	-77.69741
456.25	3.325	-77.47448
456.5625	3.322683	-77.48077
456.875	3.315115	-77.60883
457.1875	3.292359	-77.50361
457.5	3.278442	-77.57825
457.8125	3.270163	-77.54709
458.125	3.267267	-77.4137
458.4375	3.252126	-77.47276
458.75	3.239841	-77.62909
459.0625	3.225546	-77.50191
459.375	3.224228	-77.44399
459.6875	3.19931	-77.53835
460	3.194807	-77.7049
460.3125	3.198728	-77.52353
460.625	3.171121	-77.50028
460.9375	3.168872	-77.53987
461.25	3.15559	-77.51174
461.5625	3.149094	-77.44975
461.875	3.142847	-77.59508
462.1875	3.136369	-77.48986
462.5	3.133708	-77.4429
462.8125	3.119668	-77.31702
463.125	3.109387	-77.32207
463.4375	3.108754	-77.3941
463.75	3.102892	-77.46642
464.0625	3.103309	-77.51304
464.375	3.086839	-77.33093
464.6875	3.095376	-77.51723
465	3.088614	-77.32687
465.3125	3.091702	-77.46169
465.625	3.088057	-77.48324
465.9375	3.090292	-77.47711
466.25	3.086166	-77.6755
466.5625	3.081922	-77.68962
466.875	3.069421	-77.72864
467.1875	3.063463	-77.76686
467.5	3.053884	-77.80841
467.8125	3.043042	-77.88017
468.125	3.029515	-77.98692
468.4375	3.031862	-77.90727
468.75	3.012994	-78.06851
469.0625	3.007585	-78.10108
469.375	2.997532	-78.09624
469.6875	2.995152	-77.85906
470	2.981584	-78.09467
470.3125	2.967226	-78.02087
470.625	2.973188	-78.10394
470.9375	2.960915	-78.14563
471.25	2.950095	-78.20779
471.5625	2.948468	-78.14231
471.875	2.930321	-78.17336
472.1875	2.917241	-78.19495
472.5	2.909132	-78.22784
472.8125	2.906413	-78.18294
473.125	2.881433	-78.3265
473.4375	2.881147	-78.36488
473.75	2.869787	-78.26098
474.0625	2.868922	-78.26411
474.375	2.848714	-78.27329
474.6875	2.839339	-78.17193
475	2.834813	-78.25032
475.3125	2.819759	-78.2859
475.625	2.825282	-78.21262
475.9375	2.803793	-78.33002
476.25	2.81656	-78.3658
476.5625	2.808784	-78.23328
476.875	2.795809	-78.12343
477.1875	2.795323	-78.31959
477.5	2.785149	-78.16769
477.8125	2.78374	-78.16371
478.125	2.773766	-78.21881
478.4375	2.791487	-78.34517
478.75	2.766151	-78.16306
479.0625	2.763004	-78.28871
479.375	2.750034	-78.08332
479.6875	2.754038	-78.21601
480	2.748343	-78.10117
480.3125	2.739396	-78.25819
480.625	2.742627	-78.25362
480.9375	2.742199	-78.11842
481.25	2.725097	-78.08171
481.5625	2.730944	-78.01714
481.875	2.736857	-77.90229
482.1875	2.73623	-77.99834
482.5	2.730057	-77.98134
482.8125	2.736212	-77.98569
483.125	2.740251	-78.10085
483.4375	2.726995	-78.06607
483.75	2.727132	-77.93643
484.0625	2.731853	-77.97573
484.375	2.729576	-77.99014
484.6875	2.72468	-77.96196
485	2.7307	-77.90685
485.3125	2.727739	-77.96439
485.625	2.726892	-77.82755
485.9375	2.738134	-77.78093
486.25	2.733628	-77.81832
486.5625	2.747934	-77.92483
486.875	2.749134	-77.75098
487.1875	2.751309	-77.91045
487.5	2.756474	-77.89306
487.8125	2.76334	-77.83463
488.125	2.774078	-77.73791
488.4375	2.770754	-77.95832
488.75	2.787993	-77.80598
489.0625	2.791497	-77.99014
489.375	2.800807	-77.95327
489.6875	2.79965	-77.87534
490	2.797594	-77.99057
490.3125	2.79423	-77.99095
490.625	2.818347	-78.05148
490.9375	2.813719	-77.97683
491.25	2.824397	-77.93652
491.5625	2.82508	-78.02757
491.875	2.820496	-78.1051
492.1875	2.829495	-78.08253
492.5	2.837893	-78.22697
492.8125	2.839163	-78.00109
493.125	2.844877	-78.29316
493.4375	2.851782	-78.14628
493.75	2.853966	-78.17361
494.0625	2.861502	-78.28133
494.375	2.871963	-78.17702
494.6875	2.867286	-78.37215
495	2.87695	-78.33522
495.3125	2.87769	-78.39257
495.625	2.881019	-78.48958
495.9375	2.913025	-78.59201
496.25	2.891573	-78.51144
496.5625	2.900906	-78.79099
496.875	2.900044	-78.72182
497.1875	2.908137	-78.88962
497.5	2.914812	-79.00335
497.8125	2.907844	-78.97052
498.125	2.906214	-79.15073
498.4375	2.912845	-79.16463
498.75	2.900825	-79.03699
499.0625	2.909083	-79.31741
499.375	2.893853	-79.50371
499.6875	2.893391	-79.55464
500	2.855069	-79.60239
500.3125	2.873353	-79.61805
500.625	2.856726	-79.52876
500.9375	2.83497	-79.75065
501.25	2.819067	-79.55719
501.5625	2.81146	-79.71595
501.875	2.8051	-79.62975
502.1875	2.781726	-79.69834
502.5	2.783627	-79.69447
502.8125	2.776694	-79.50225
503.125	2.75679	-79.37307
503.4375	2.759261	-79.40582
503.75	2.761109	-79.1619
504.0625	2.752672	-79.26954
504.375	2.752666	-79.20315
504.6875	2.761488	-78.87184
505	2.76115	-79.11765
505.3125	2.775891	-79.04144
505.625	2.76734	-78.68452
505.9375	2.790707	-78.83591
506.25	2.781639	-78.93134
506.5625	2.788128	-78.46926
506.875	2.806866	-78.65281
507.1875	2.809968	-78.50304
507.5	2.802214	-78.53154
507.8125	2.82908	-78.39525
508.125	2.839681	-78.46735
508.4375	2.853652	-78.48646
508.75	2.86131	-78.22135
509.0625	2.871761	-78.44993
509.375	2.869854	-78.39427
509.6875	2.894213	-78.16165
510	2.897551	-78.35617
510.3125	2.917419	-78.41665
510.625	2.910691	-78.07448
510.9375	2.934873	-78.24564
511.25	2.938106	-78.09093
511.5625	2.949732	-78.09907
511.875	2.973077	-78.13189
512.1875	2.976068	-78.10637
512.5	2.982769	-77.98733
512.8125	3.006706	-77.99919
513.125	3.015365	-77.92152
513.4375	3.038583	-77.98695
513.75	3.043553	-77.83724
514.0625	3.060699	-78.02625
514.375	3.084684	-77.77273
514.6875	3.098449	-77.76276
515	3.12363	-77.81349
515.3125	3.140396	-77.8197
515.625	3.15431	-77.78655
515.9375	3.181553	-77.79453
516.25	3.207884	-77.74027
516.5625	3.220958	-77.69617
516.875	3.236035	-77.77172
517.1875	3.2629	-77.79896
517.5	3.29505	-77.58534
517.8125	3.308795	-77.65174
518.125	3.356037	-77.71683
518.4375	3.372862	-77.9409
518.75	3.409138	-77.85526
519.0625	3.41664	-77.79397
519.375	3.468682	-77.84493
519.6875	3.49444	-78.0302
520	3.525811	-78.07901
520.3125	3.558816	-78.12553
520.625	3.597759	-78.2694
520.9375	3.630762	-78.4399
521.25	3.667176	-78.56546
521.5625	3.681997	-78.77793
521.875	3.721539	-79.03944
522.1875	3.737822	-79.2642
522.5	3.754775	-79.62243
522.8125	3.754363	-79.85793
523.125	3.775567	-80.37945
523.4375	3.761508	-80.45889
523.75	3.757528	-80.80241
524.0625	3.727772	-80.90487
524.375	3.735346	-81.11128
524.6875	3.703358	-81.15123
525	3.684876	-81.27498
525.3125	3.678921	-81.43206
525.625	3.667551	-81.22815
525.9375	3.670317	-81.36794
526.25	3.656424	-81.43062
526.5625	3.648684	-81.35143
526.875	3.653829	-81.45895
527.1875	3.656926	-81.58363
527.5	3.643945	-81.47655
527.8125	3.652466	-81.51419
528.125	3.644448	-81.6851
528.4375	3.644664	-81.71781
528.75	3.648749	-81.51069
529.0625	3.656107	-81.60698
529.375	3.659401	-81.56864
529.6875	3.664127	-81.61519
530	3.664728	-81.5974
530.3125	3.673779	-81.58424
530.625	3.688043	-81.56573
530.9375	3.685526	-81.70975
531.25	3.700822	-81.74057
531.5625	3.715711	-81.62914
531.875	3.712947	-81.61793
532.1875	3.716965	-81.67992
532.5	3.722838	-81.66944
532.8125	3.731712	-81.71579
533.125	3.748566	-81.61639
533.4375	3.759899	-81.71798
533.75	3.773576	-81.85012
534.0625	3.785248	-81.85323
534.375	3.801782	-81.72476
534.6875	3.820894	-81.8227
535	3.821375	-81.91738
535.3125	3.840247	-81.98915
535.625	3.850775	-81.84259
535.9375	3.861613	-82.09863
536.25	3.874856	-82.06309
536.5625	3.879338	-82.1142
536.875	3.898612	-82.0957
537.1875	3.897615	-82.35193
537.5	3.909029	-82.16685
537.8125	3.904158	-82.32998
538.125	3.919862	-82.45177
538.4375	3.950505	-82.20253
538.75	3.933043	-82.17181
539.0625	3.965621	-82.42735
539.375	3.970164	-82.54245
539.6875	3.980432	-82.56956
540	3.998333	-82.42722
540.3125	4.012469	-82.48956
540.625	4.018642	-82.6508
540.9375	4.034911	-82.72678
541.25	4.055042	-82.6174
541.5625	4.061505	-82.77524
541.875	4.076023	-82.88418
542.1875	4.085007	-82.84375
542.5	4.092929	-82.98533
542.8125	4.126754	-82.94696
543.125	4.13607	-82.99273
543.4375	4.144668	-82.99147
543.75	4.165026	-83.05406
544.0625	4.175716	-83.19052
544.375	4.195434	-83.3217
544.6875	4.204183	-83.23576
545	4.231049	-83.53855
545.3125	4.245324	-83.54453
545.625	4.25074	-83.65285
545.9375	4.265848	-83.78403
546.25	4.275711	-83.88882
546.5625	4.291301	-83.95616
546.875	4.288758	-84.14165
547.1875	4.296575	-84.18013
547.5	4.311995	-84.30974
547.8125	4.318357	-84.53996
548.125	4.317697	-84.53481
548.4375	4.315252	-84.59291
548.75	4.314217	-84.77114
549.0625	4.331179	-84.74937
549.375	4.331763	-85.0126
549.6875	4.334395	-84.94536
550	4.328231	-85.05518
550.3125	4.34503	-85.18046
550.625	4.331839	-85.34135
550.9375	4.334751	-85.29198
551.25	4.343318	-85.41418
551.5625	4.327682	-85.4733
551.875	4.339778	-85.59237
552.1875	4.334157	-85.61051
552.5	4.3248	-85.54701
552.8125	4.346884	-85.74252
553.125	4.320189	-85.63934
553.4375	4.332295	-85.88171
553.75	4.31832	-85.79211
554.0625	4.325239	-85.80443
554.375	4.322188	-85.9268
554.6875	4.323029	-86.03352
555	4.313876	-86.01416
555.3125	4.316859	-85.95894
555.625	4.312346	-85.97151
555.9375	4.294032	-86.03136
556.25	4.291286	-86.07623
556.5625	4.284394	-85.91108
556.875	4.290829	-86.02407
557.1875	4.275089	-86.07085
557.5	4.280429	-86.12631
557.8125	4.280274	-85.83361
558.125	4.272941	-85.88936
558.4375	4.274035	-85.87222
558.75	4.267446	-85.67258
559.0625	4.282625	-85.68554
559.375	4.273786	-85.7156
559.6875	4.288995	-85.51026
560	4.291935	-85.32829
560.3125	4.296005	-85.36828
560.625	4.317463	-85.18945
560.9375	4.293594	-85.20796
561.25	4.327254	-85.22362
561.5625	4.313355	-84.97034
561.875	4.357985	-84.86814
562.1875	4.350736	-84.83205
562.5	4.388367	-84.6544
562.8125	4.377555	-84.7713
563.125	4.399168	-84.63394
563.4375	4.440255	-84.45525
563.75	4.446934	-84.56197
564.0625	4.461509	-84.41284
564.375	4.484311	-84.24113
564.6875	4.497166	-84.32744
565	4.51616	-84.29911
565.3125	4.546885	-84.07532
565.625	4.567147	-84.23262
565.9375	4.587694	-84.0257
566.25	4.610433	-84.02801
566.5625	4.633532	-83.98783
566.875	4.654942	-83.99446
567.1875	4.68028	-83.95298
567.5	4.705219	-84.02231
567.8125	4.731179	-83.91135
568.125	4.765697	-83.87758
568.4375	4.773063	-83.83826
568.75	4.807453	-84.0286
569.0625	4.818002	-83.82409
569.375	4.860408	-83.83001
569.6875	4.883324	-83.79502
570	4.90189	-83.8547
570.3125	4.924766	-83.91288
570.625	4.949578	-83.78949
570.9375	4.980406	-83.83672
571.25	5.006905	-83.87177
571.5625	5.028162	-83.85826
571.875	5.042988	-84.01295
572.1875	5.087986	-83.92472
572.5	5.094093	-83.94305
572.8125	5.124293	-83.76851
573.125	5.157824	-83.91788
573.4375	5.175695	-83.96191
573.75	5.201454	-83.83469
574.0625	5.229864	-83.94958
574.375	5.267862	-83.94654
574.6875	5.290301	-83.89196
575	5.31547	-84.02444
575.3125	5.341877	-84.02524
575.625	5.380728	-83.96799
575.9375	5.401561	-84.05135
576.25	5.438447	-84.02885
576.5625	5.471786	-83.89534
576.875	5.501194	-84.07592
577.1875	5.526005	-84.14928
577.5	5.554977	-84.13557
577.8125	5.582922	-84.12298
578.125	5.618034	-84.2757
578.4375	5.650664	-84.27041
578.75	5.686736	-84.27143
579.0625	5.715403	-84.26012
579.375	5.762818	-84.30125
579.6875	5.777213	-84.4487
580	5.816472	-84.42465
580.3125	5.856327	-84.47691
580.625	5.887063	-84.52184
580.9375	5.918205	-84.55434
581.25	5.95514	-84.56086
581.5625	6.006396	-84.80172
581.875	6.03356	-84.71613
582.1875	6.067651	-84.87364
582.5	6.105394	-84.78702
582.8125	6.143053	-85.03907
583.125	6.177825	-84.98058
583.4375	6.225133	-84.96304
583.75	6.267066	-85.0674
584.0625	6.29988	-85.32987
584.375	6.343162	-85.30017
584.6875	6.385224	-85.43244
585	6.434117	-85.66605
585.3125	6.472253	-85.61425
585.625	6.50791	-85.75353
585.9375	6.562547	-85.83601
586.25	6.593922	-85.98079
586.5625	6.644054	-86.13293
586.875	6.68364	-86.12656
587.1875	6.731899	-86.34208
587.5	6.78728	-86.36278
587.8125	6.833053	-86.50674
588.125	6.882813	-86.66139
588.4375	6.93165	-86.67053
588.75	6.988425	-86.98238
589.0625	7.041401	-87.08862
589.375	7.101386	-87.193
589.6875	7.166544	-87.41537
590	7.228932	-87.57969
590.3125	7.301026	-87.75539
590.625	7.3597	-87.83191
590.9375	7.429783	-88.11455
591.25	7.510902	-88.3091
591.5625	7.582088	-88.60243
591.875	7.664834	-88.80013
592.1875	7.745918	-89.17529
592.5	7.844934	-89.30419
592.8125	7.935045	-89.73515
593.125	8.032848	-90.185
593.4375	8.130692	-90.4518
593.75	8.252716	-90.88985
594.0625	8.366713	-91.42236
594.375	8.500918	-91.88046
594.6875	8.631848	-92.52314
595	8.781384	-93.26774
595.3125	8.931714	-93.91283
595.625	9.097303	-94.7109
595.9375	9.273452	-95.85788
596.25	9.476502	-97.03916
596.5625	9.680277	-98.20988
596.875	9.909309	-99.79086
597.1875	10.1597	-101.7593
597.5	10.4078	-103.9167
597.8125	10.68453	-106.6553
598.125	10.97443	-109.8619
598.4375	11.24516	-114.0271
598.75	11.49414	-119.0315
599.0625	11.67919	-125.0045
599.375	11.74974	-132.6743
599.6875	11.6041	-141.6842
600	11.07055	-152.2364
600.3125	9.994531	-163.5745
600.625	8.214053	-174.0828
600.9375	5.744575	178.4643
601.25	2.725855	176.5422
601.5625	-0.5693539	-178.1593
601.875	-3.413581	-162.8848
602.1875	-4.744583	-140.5909
602.5	-4.535512	-120.6299
602.8125	-3.558162	-108.2267
603.125	-2.463904	-100.0004
603.4375	-1.62134	-95.32188
603.75	-0.8255541	-92.16473
604.0625	-0.2313064	-89.73155
604.375	0.3318618	-88.05723
604.6875	0.7554042	-86.83199
605	1.166146	-85.58131
605.3125	1.500919	-84.72661
605.625	1.821514	-83.91354
605.9375	2.103038	-83.48694
606.25	2.372669	-82.85334
606.5625	2.625041	-82.34645
606.875	2.835142	-82.02695
607.1875	3.064379	-81.56206
607.5	3.245662	-81.39645
607.8125	3.436118	-81.20502
608.125	3.621921	-80.99477
608.4375	3.769668	-80.76333
608.75	3.934804	-80.92802
609.0625	4.061691	-80.71439
609.375	4.205015	-80.64757
609.6875	4.335645	-80.60037
610	4.454158	-80.68621
610.3125	4.562247	-80.72291
610.625	4.685323	-80.69832
610.9375	4.792469	-80.78266
611.25	4.890852	-80.68353
611.5625	4.97975	-80.77537
611.875	5.078361	-80.78255
612.1875	5.170804	-80.84771
612.5	5.239291	-81.16348
612.8125	5.328072	-80.94772
613.125	5.397892	-81.16844
613.4375	5.465554	-81.21896
613.75	5.543742	-81.12625
614.0625	5.614605	-81.25764
614.375	5.684773	-81.26718
614.6875	5.744681	-81.43409
615	5.799448	-81.41203
615.3125	5.864541	-81.65179
615.625	5.922222	-81.46391
615.9375	5.980478	-81.51227
616.25	6.035678	-81.5686
616.5625	6.091659	-81.69408
616.875	6.140974	-81.77845
617.1875	6.20864	-81.87973
617.5	6.2602	-81.87399
617.8125	6.307753	-82.02086
618.125	6.356261	-82.19174
618.4375	6.400692	-81.90652
618.75	6.463959	-82.19218
619.0625	6.501982	-82.21377
619.375	6.553233	-82.24363
619.6875	6.593573	-82.44439
620	6.63982	-82.3596
620.3125	6.687314	-82.49724
620.625	6.727302	-82.32526
620.9375	6.771768	-82.52519
621.25	6.815439	-82.52526
621.5625	6.861867	-82.63109
621.875	6.887105	-82.74835
622.1875	6.941995	-82.93015
622.5	6.971282	-82.76564
622.8125	7.02627	-82.84374
623.125	7.061739	-82.94443
623.4375	7.096342	-83.05009
623.75	7.134367	-83.02
624.0625	7.175999	-83.04243
624.375	7.215725	-83.05091
624.6875	7.255579	-83.2436
625	7.303927	-83.23014
625.3125	7.328806	-83.36242
625.625	7.365289	-83.24468
625.9375	7.399645	-83.33376
626.25	7.441635	-83.34312
626.5625	7.470971	-83.5481
626.875	7.51159	-83.55944
627.1875	7.544927	-83.58289
627.5	7.575245	-83.60596
627.8125	7.604565	-83.57852
628.125	7.637201	-83.63057
628.4375	7.680357	-83.60381
628.75	7.699773	-83.77184
629.0625	7.739791	-83.6879
629.375	7.776797	-83.69949
629.6875	7.811202	-83.6392
630	7.85187	-83.71468
630.3125	7.885509	-83.72012
630.625	7.929088	-83.76907
630.9375	7.966049	-83.62993
631.25	8.009376	-83.67345
631.5625	8.053655	-83.59563
631.875	8.086227	-83.67479
632.1875	8.14345	-83.54102
632.5	8.184993	-83.73452
632.8125	8.235691	-83.73341
633.125	8.282445	-83.69554
633.4375	8.329373	-83.79807
633.75	8.375308	-83.87658
634.0625	8.424166	-84.00929
634.375	8.459827	-84.05045
634.6875	8.513062	-84.11444
635	8.544353	-84.29976
635.3125	8.582989	-84.49409
635.625	8.626428	-84.55789
635.9375	8.659376	-84.6484
636.25	8.6861	-84.78217
636.5625	8.728611	-84.97322
636.875	8.762566	-85.0506
637.1875	8.781422	-85.06959
637.5	8.816918	-85.09994
637.8125	8.846901	-85.19379
638.125	8.876978	-85.33318
638.4375	8.905591	-85.42935
638.75	8.936428	-85.46861
639.0625	8.966683	-85.51622
639.375	8.98939	-85.58846
639.6875	9.021607	-85.6496
640	9.04681	-85.68793
640.3125	9.081277	-85.73702
640.625	9.11746	-85.82359
640.9375	9.14284	-85.76637
641.25	9.169452	-85.87395
641.5625	9.200572	-85.97442
641.875	9.235428	-85.93832
642.1875	9.257713	-85.92359
642.5	9.294058	-86.08754
642.8125	9.32057	-85.9873
643.125	9.357845	-86.05665
643.4375	9.388232	-86.07569
643.75	9.417173	-86.22038
644.0625	9.453246	-86.12209
644.375	9.485374	-86.12363
644.6875	9.527284	-86.20589
645	9.553271	-86.25916
645.3125	9.586176	-86.18333
645.625	9.632371	-86.21531
645.9375	9.655189	-86.29138
646.25	9.698395	-86.34203
646.5625	9.721239	-86.39214
646.875	9.766571	-86.44389
647.1875	9.802079	-86.57996
647.5	9.836714	-86.45898
647.8125	9.868678	-86.4666
648.125	9.911184	-86.51669
648.4375	9.946791	-86.49452
648.75	9.987757	-86.52163
649.0625	10.01915	-86.74684
649.375	10.05417	-86.5927
649.6875	10.09721	-86.67142
650	10.13647	-86.65678
650.3125	10.17068	-86.7394
650.625	10.2142	-86.76809
650.9375	10.24729	-86.79083
651.25	10.28822	-86.82918
651.5625	10.33356	-86.93526
651.875	10.36835	-86.94019
652.1875	10.40436	-87.01113
652.5	10.44285	-87.101
652.8125	10.48383	-87.22249
653.125	10.51399	-87.20424
653.4375	10.56226	-87.2699
653.75	10.59652	-87.42026
654.0625	10.6324	-87.35235
654.375	10.66708	-87.46184
654.6875	10.70645	-87.60003
655	10.74334	-87.62852
655.3125	10.78607	-87.53918
655.625	10.8192	-87.75229
655.9375	10.8542	-87.77712
656.25	10.89932	-87.77773
656.5625	10.93286	-87.93331
656.875	10.96712	-88.03423
657.1875	11.00632	-88.05493
657.5	11.0421	-88.07358
657.8125	11.07991	-88.09948
658.125	11.11546	-88.11007
658.4375	11.14792	-88.35661
658.75	11.18517	-88.43221
659.0625	11.22084	-88.4306
659.375	11.26575	-88.38416
659.6875	11.29903	-88.39936
660	11.33903	-88.37305
660.3125	11.3851	-88.37579
660.625	11.42072	-88.5584
660.9375	11.4649	-88.55521
661.25	11.50095	-88.59446
661.5625	11.54552	-88.62577
661.875	11.58102	-88.65773
662.1875	11.63442	-88.772
662.5	11.67398	-88.96517
662.8125	11.71717	-88.91221
663.125	11.76318	-89.03858
663.4375	11.79941	-89.15475
663.75	11.84385	-89.2419
664.0625	11.88054	-89.24371
664.375	11.92098	-89.43686
664.6875	11.95707	-89.47581
665	11.994	-89.47344
665.3125	12.02945	-89.44497
665.625	12.07088	-89.73563
665.9375	12.10016	-89.76353
666.25	12.13594	-89.73442
666.5625	12.174	-89.85612
666.875	12.21726	-89.86528
667.1875	12.25445	-90.09293
667.5	12.29491	-90.08453
667.8125	12.32898	-90.14014
668.125	12.37208	-90.08522
668.4375	12.40798	-90.08984
668.75	12.45367	-90.21633
669.0625	12.49084	-90.24686
669.375	12.53515	-90.35315
669.6875	12.57431	-90.37326
670	12.61489	-90.41711
670.3125	12.6551	-90.40728
670.625	12.70008	-90.57279
670.9375	12.74095	-90.64503
671.25	12.78084	-90.61355
671.5625	12.82307	-90.66726
671.875	12.8656	-90.76379
672.1875	12.90763	-90.635
672.5	12.9514	-90.75654
672.8125	12.99864	-90.83404
673.125	13.03802	-91.00955
673.4375	13.08243	-91.06063
673.75	13.12741	-91.18809
674.0625	13.17087	-91.07567
674.375	13.22206	-91.17263
674.6875	13.26269	-91.28465
675	13.30586	-91.36471
675.3125	13.35118	-91.33906
675.625	13.39633	-91.45828
675.9375	13.44361	-91.60188
676.25	13.49043	-91.56083
676.5625	13.53631	-91.65166
676.875	13.5785	-91.74664
677.1875	13.62617	-91.75425
677.5	13.67	-91.78097
677.8125	13.72226	-91.99989
678.125	13.76656	-91.91395
678.4375	13.81669	-92.06797
678.75	13.86141	-92.15038
679.0625	13.91179	-92.17818
679.375	13.95675	-92.36691
679.6875	14.00745	-92.39923
680	14.05317	-92.50556
680.3125	14.09561	-92.72851
680.625	14.14618	-92.63403
680.9375	14.19109	-92.78314
681.25	14.23951	-92.84661
681.5625	14.28919	-92.90662
681.875	14.33575	-93.0275
682.1875	14.38501	-92.9538
682.5	14.42919	-93.18331
682.8125	14.47657	-93.2246
683.125	14.52391	-93.29128
683.4375	14.56804	-93.47223
683.75	14.61767	-93.63554
684.0625	14.66596	-93.6544
684.375	14.71282	-93.72375
684.6875	14.75635	-93.7168
685	14.81076	-93.87464
685.3125	14.85641	-93.99335
685.625	14.90025	-93.97893
685.9375	14.95251	-94.06716
686.25	14.99938	-94.2626
686.5625	15.05137	-94.30344
686.875	15.0959	-94.37041
687.1875	15.14915	-94.47378
687.5	15.19382	-94.70689
687.8125	15.24511	-94.62349
688.125	15.2919	-94.70112
688.4375	15.34125	-94.76667
688.75	15.39551	-94.9715
689.0625	15.44593	-94.91451
689.375	15.49267	-94.96223
689.6875	15.54687	-95.18716
690	15.6015	-95.25314
690.3125	15.64902	-95.24756
690.625	15.70208	-95.41645
690.9375	15.75046	-95.54216
691.25	15.80305	-95.61539
691.5625	15.8513	-95.7105
691.875	15.90544	-95.67694
692.1875	15.9557	-95.88328
692.5	16.00571	-96.06724
692.8125	16.06167	-96.0318
693.125	16.10872	-95.9998
693.4375	16.16225	-96.28812
693.75	16.21222	-96.44393
694.0625	16.26579	-96.30946
694.375	16.32041	-96.44164
694.6875	16.37061	-96.52567
695	16.42208	-96.4239
695.3125	16.47528	-96.75731
695.625	16.53033	-96.755
695.9375	16.58774	-96.74241
696.25	16.64395	-96.63728
696.5625	16.69695	-96.7808
696.875	16.75394	-96.91782
697.1875	16.81409	-97.07231
697.5	16.86875	-97.03078
697.8125	16.92983	-97.11703
698.125	16.98545	-97.238
698.4375	17.04838	-97.26725
698.75	17.10931	-97.39004
699.0625	17.16896	-97.37355
699.375	17.22924	-97.55714
699.6875	17.28783	-97.62798
700	17.35239	-97.70245
700.3125	17.41473	-97.74787
700.625	17.47887	-97.68398
700.9375	17.54094	-97.86291
701.25	17.60773	-98.02865
701.5625	17.66972	-97.92491
701.875	17.73874	-98.10271
702.1875	17.80477	-98.18721
702.5	17.86775	-98.23012
702.8125	17.93863	-98.31572
703.125	18.00529	-98.39691
703.4375	18.07612	-98.3787
703.75	18.14753	-98.59021
704.0625	18.21411	-98.61158
704.375	18.28409	-98.70277
704.6875	18.35562	-98.80598
705	18.42975	-98.90451
705.3125	18.49929	-98.99735
705.625	18.57068	-99.04509
705.9375	18.64346	-99.24593
706.25	18.71953	-99.21701
706.5625	18.79397	-99.33455
706.875	18.86911	-99.50765
707.1875	18.94397	-99.65056
707.5	19.01863	-99.64909
707.8125	19.0987	-99.87287
708.125	19.17558	-99.90585
708.4375	19.25639	-100.0312
708.75	19.33289	-100.0754
709.0625	19.41205	-100.2055
709.375	19.49195	-100.3539
709.6875	19.57373	-100.5034
710	19.65343	-100.6182
710.3125	19.7358	-100.7122
710.625	19.8212	-100.7132
710.9375	19.8979	-100.9354
711.25	19.98484	-101.0816
711.5625	20.06555	-101.2221
711.875	20.15181	-101.5127
712.1875	20.23266	-101.5678
712.5	20.32001	-101.7067
712.8125	20.40139	-101.8679
713.125	20.48803	-101.9302
713.4375	20.57528	-102.0796
713.75	20.65774	-102.3913
714.0625	20.74657	-102.4334
714.375	20.83164	-102.6204
714.6875	20.9229	-102.7307
715	21.00675	-102.9185
715.3125	21.09726	-102.9561
715.625	21.18791	-103.2153
715.9375	21.27733	-103.2695
716.25	21.36788	-103.405
716.5625	21.4606	-103.4735
716.875	21.555	-103.8396
717.1875	21.65051	-103.6578
717.5	21.74858	-103.9358
717.8125	21.84456	-103.8971
718.125	21.94324	-104.1059
718.4375	22.04635	-104.2307
718.75	22.15078	-104.3233
719.0625	22.2577	-104.4938
719.375	22.36539	-104.5121
719.6875	22.47636	-104.6334
720	22.59082	-104.8364
720.3125	22.70881	-104.9025
720.625	22.82894	-105.0352
720.9375	22.95245	-105.1275
721.25	23.07741	-105.31
721.5625	23.20707	-105.4484
721.875	23.33862	-105.445
722.1875	23.47389	-105.6914
722.5	23.61207	-105.8783
722.8125	23.75301	-106.0415
723.125	23.89756	-106.3378
723.4375	24.04408	-106.5384
723.75	24.19048	-106.846
724.0625	24.34445	-107.0612
724.375	24.49804	-107.2586
724.6875	24.65186	-107.5909
725	24.81086	-107.8389
725.3125	24.97083	-108.2584
725.625	25.13313	-108.587
725.9375	25.29789	-109.0971
726.25	25.46517	-109.2833
726.5625	25.63244	-109.7327
726.875	25.80416	-110.2021
727.1875	25.97711	-110.7742
727.5	26.15024	-111.0266
727.8125	26.32715	-111.5549
728.125	26.50678	-112.0516
728.4375	26.68677	-112.5522
728.75	26.87122	-113.1207
729.0625	27.05613	-113.8411
729.375	27.24519	-114.416
729.6875	27.43345	-115.0845
730	27.6269	-115.7056
730.3125	27.8216	-116.4581
730.625	28.01845	-117.2268
730.9375	28.21705	-117.8429
731.25	28.41927	-118.6753
731.5625	28.6239	-119.6414
731.875	28.82982	-120.5395
732.1875	29.03769	-121.4412
732.5	29.24743	-122.3112
732.8125	29.45865	-123.4202
733.125	29.67077	-124.3196
733.4375	29.88406	-125.6646
733.75	30.09851	-126.7599
734.0625	30.3118	-127.9265
734.375	30.52721	-129.2541
734.6875	30.74068	-130.6965
735	30.95298	-132.1749
735.3125	31.16451	-133.5293
735.625	31.37325	-135.1817
735.9375	31.5804	-136.8051
736.25	31.7836	-138.4016
736.5625	31.98292	-140.1807
736.875	32.17703	-142.0481
737.1875	32.36672	-143.7832
737.5	32.54984	-145.9028
737.8125	32.72544	-147.9742
738.125	32.89418	-150.0464
738.4375	33.05469	-152.1723
738.75	33.2059	-154.4264
739.0625	33.34753	-156.7812
739.375	33.47861	-159.0381
739.6875	33.59845	-161.4588
740	33.70778	-163.9723
740.3125	33.80428	-166.4494
740.625	33.88818	-169.0748
740.9375	33.9586	-171.5915
741.25	34.01613	-174.2265
741.5625	34.0579	-176.9718
741.875	34.08578	-179.6122
742.1875	34.09806	177.6297
742.5	34.09448	174.9884
742.8125	34.07536	172.3242
743.125	34.03908	169.5157
743.4375	33.9874	166.7326
743.75	33.91856	164.1127
744.0625	33.83408	161.3951
744.375	33.73383	158.624
744.6875	33.61664	155.9863
745	33.48404	153.4586
745.3125	33.33639	150.98
745.625	33.17318	148.5297
745.9375	32.99555	145.9814
746.25	32.80444	143.6894
746.5625	32.59913	141.4152
746.875	32.38092	139.1703
747.1875	32.15144	137.2348
747.5	31.91103	135.1687
747.8125	31.66057	133.2272
748.125	31.40286	131.4946
748.4375	31.13606	129.7847
748.75	30.8647	128.1994
749.0625	30.58775	126.8997
749.375	30.30629	125.4306
749.6875	30.02449	124.1312
750	29.73992	122.9021
750.3125	29.45723	121.7402
750.625	29.17481	120.8864
750.9375	28.89574	120.0776
751.25	28.61969	119.1731
751.5625	28.34957	118.648
751.875	28.08447	118.0008
752.1875	27.8257	117.4037
752.5	27.57546	117.0747
752.8125	27.32989	116.6895
753.125	27.09631	116.1286
753.4375	26.8672	115.8396
753.75	26.64982	115.6545
754.0625	26.43799	115.4887
754.375	26.23489	115.3351
754.6875	26.03896	115.0931
755	25.85061	114.9573
755.3125	25.66812	114.7967
755.625	25.49361	114.7239
755.9375	25.32743	114.6151
756.25	25.16402	114.5835
756.5625	25.00863	114.3765
756.875	24.858	114.2861
757.1875	24.7137	114.1661
757.5	24.57339	114.0744
757.8125	24.4389	114.1709
758.125	24.30876	114.0107
758.4375	24.18204	113.8779
758.75	24.05864	113.9882
759.0625	23.94417	113.7801
759.375	23.82679	113.6321
759.6875	23.7127	113.6217
760	23.60186	113.586
760.3125	23.49685	113.2786
760.625	23.39143	113.1807
760.9375	23.28975	113.0124
761.25	23.19095	113.1177
761.5625	23.09079	112.7088
761.875	22.99381	112.6799
762.1875	22.8981	112.5509
762.5	22.8018	112.2468
762.8125	22.70615	112.1192
763.125	22.60994	111.9895
763.4375	22.51354	111.8162
763.75	22.42046	111.4492
764.0625	22.32593	111.351
764.375	22.23162	111.1058
764.6875	22.13597	110.8538
765	22.04231	110.7311
765.3125	21.94591	110.4491
765.625	21.84818	110.0948
765.9375	21.75128	109.9611
766.25	21.65173	109.6905
766.5625	21.55151	109.3723
766.875	21.44592	109.1838
767.1875	21.33708	108.9942
767.5	21.22649	108.682
767.8125	21.11129	108.388
768.125	20.99059	108.1211
768.4375	20.86852	107.9402
768.75	20.74074	107.8193
769.0625	20.61079	107.5621
769.375	20.47859	107.5278
769.6875	20.34616	107.3788
770	20.21172	107.2673
770.3125	20.07696	107.2606
770.625	19.94142	107.288
770.9375	19.80511	107.3178
771.25	19.67457	107.3552
771.5625	19.54112	107.5081
771.875	19.41229	107.6203
772.1875	19.28056	107.761
772.5	19.15458	107.9727
772.8125	19.02375	108.1767
773.125	18.89671	108.33
773.4375	18.76737	108.7408
773.75	18.63745	108.8781
774.0625	18.50479	109.2773
774.375	18.37597	109.524
774.6875	18.23499	109.9322
775	18.1003	110.3304
775.3125	17.95816	111.0582
775.625	17.81896	111.6089
775.9375	17.67761	112.4312
776.25	17.54078	113.3508
776.5625	17.41055	114.2794
776.875	17.3009	115.4653
777.1875	17.21539	117.0182
777.5	17.16034	118.5778
777.8125	17.15372	120.2688
778.125	17.19534	122.051
778.4375	17.29197	123.5816
778.75	17.43695	125.087
779.0625	17.62741	126.2288
779.375	17.83966	126.9513
779.6875	18.06715	127.6413
780	18.30725	128.0121
780.3125	18.53366	127.8218
780.625	18.73764	127.3017
780.9375	18.92099	126.7259
781.25	19.0769	125.9765
781.5625	19.19821	125.0019
781.875	19.28939	124.0156
782.1875	19.35862	123.1465
782.5	19.39774	122.0066
782.8125	19.42039	121.0894
783.125	19.41961	120.3403
783.4375	19.4083	119.2678
783.75	19.38205	118.5342
784.0625	19.34521	117.9358
784.375	19.29863	117.2763
784.6875	19.24842	116.6675
785	19.19417	116.0748
785.3125	19.1342	115.5809
785.625	19.07355	115.2232
785.9375	19.01858	114.8321
786.25	18.95238	114.4839
786.5625	18.90045	114.1175
786.875	18.83957	113.8971
787.1875	18.78609	113.5554
787.5	18.72806	113.3656
787.8125	18.68016	113.208
788.125	18.63194	112.9995
788.4375	18.58435	112.6866
788.75	18.53774	112.5923
789.0625	18.49622	112.6612
789.375	18.45223	112.4085
789.6875	18.41595	112.1502
790	18.38016	112.1331
790.3125	18.34271	111.9816
790.625	18.30799	111.8615
790.9375	18.27589	111.5335
791.25	18.24262	111.4744
791.5625	18.21081	111.3648
791.875	18.17907	111.046
792.1875	18.14642	111.0094
792.5	18.11857	110.7932
792.8125	18.08571	110.6107
793.125	18.05405	110.3024
793.4375	18.02183	110.2564
793.75	17.98347	109.9715
794.0625	17.95212	109.668
794.375	17.91398	109.552
794.6875	17.87851	109.3813
795	17.83884	109.0939
795.3125	17.80215	108.9282
795.625	17.76405	108.8097
795.9375	17.72427	108.5241
796.25	17.68462	108.4247
796.5625	17.64548	108.1739
796.875	17.60606	107.943
797.1875	17.56198	107.7819
797.5	17.51904	107.6138
797.8125	17.47215	107.3977
798.125	17.42507	107.2573
798.4375	17.37687	107.0656
798.75	17.32743	106.9671
799.0625	17.27728	106.8401
799.375	17.22842	106.6408
799.6875	17.17886	106.6172
800	17.13181	106.6332
800.3125	17.08613	106.3649
800.625	17.03909	106.2676
800.9375	16.99003	106.1919
801.25	16.94706	106.1108
801.5625	16.89906	106.0561
801.875	16.85397	105.9539
802.1875	16.8069	105.981
802.5	16.75968	105.8992
802.8125	16.71327	105.9333
803.125	16.67281	105.81
803.4375	16.62678	105.7917
803.75	16.58733	105.7784
804.0625	16.54588	105.8258
804.375	16.50437	105.9811
804.6875	16.46917	105.7133
805	16.43401	105.7958
805.3125	16.40058	105.7847
805.625	16.3725	105.8163
805.9375	16.33507	105.8455
806.25	16.30532	105.8388
806.5625	16.27665	105.888
806.875	16.24859	105.7299
807.1875	16.21762	105.9141
807.5	16.18818	105.8011
807.8125	16.16211	105.8183
808.125	16.13297	105.7596
808.4375	16.10694	105.723
808.75	16.08469	105.6985
809.0625	16.06197	105.698
809.375	16.03486	105.7467
809.6875	16.01323	105.7796
810	15.98929	105.7294
810.3125	15.96359	105.6334
810.625	15.93985	105.5273
810.9375	15.91511	105.6184
811.25	15.88868	105.5306
811.5625	15.87217	105.5329
811.875	15.84495	105.546
812.1875	15.8208	105.4527
812.5	15.80138	105.5298
812.8125	15.78174	105.5192
813.125	15.75811	105.4755
813.4375	15.73824	105.2811
813.75	15.7199	105.3808
814.0625	15.69939	105.2595
814.375	15.67769	105.2696
814.6875	15.65873	105.2922
815	15.63628	105.1616
815.3125	15.62146	105.0785
815.625	15.59666	104.9362
815.9375	15.57294	104.9836
816.25	15.56337	105.0004
816.5625	15.53551	104.961
816.875	15.51779	105.034
817.1875	15.49413	104.8902
817.5	15.47702	104.8599
817.8125	15.45569	104.8928
818.125	15.43438	104.7662
818.4375	15.41964	104.6501
818.75	15.39707	104.7014
819.0625	15.37784	104.5934
819.375	15.36783	104.5321
819.6875	15.34311	104.5778
820	15.32672	104.6166
820.3125	15.31145	104.3069
820.625	15.29061	104.3801
820.9375	15.27464	104.4561
821.25	15.25496	104.2423
821.5625	15.2443	104.2156
821.875	15.23022	104.0972
822.1875	15.21366	104.0861
822.5	15.19718	104.1479
822.8125	15.1776	104.0526
823.125	15.16437	103.9217
823.4375	15.14955	103.937
823.75	15.12692	103.7035
824.0625	15.11355	103.6892
824.375	15.09352	103.6757
824.6875	15.07782	103.6197
825	15.06112	103.5565
825.3125	15.04196	103.5391
825.625	15.01889	103.4289
825.9375	15.00144	103.3136
826.25	14.9836	103.261
826.5625	14.96331	103.0202
826.875	14.94207	103.1654
827.1875	14.92323	103.0984
827.5	14.90575	102.9964
827.8125	14.88855	102.871
828.125	14.86953	102.9362
828.4375	14.84805	102.7967
828.75	14.83018	102.6845
829.0625	14.80844	102.7884
829.375	14.78535	102.6453
829.6875	14.76763	102.6204
830	14.7465	102.4006
830.3125	14.7266	102.4337
830.625	14.7029	102.4368
830.9375	14.68913	102.413
831.25	14.66728	102.4275
831.5625	14.64437	102.2541
831.875	14.62534	102.1765
832.1875	14.60878	102.246
832.5	14.58605	102.134
832.8125	14.5674	102.0273
833.125	14.55075	102.1266
833.4375	14.5283	101.8783
833.75	14.50772	102.008
834.0625	14.49364	101.9402
834.375	14.4731	101.8962
834.6875	14.45097	101.703
835	14.4313	101.7842
835.3125	14.41418	101.9384
835.625	14.39215	101.7648
835.9375	14.37997	101.9142
836.25	14.36681	101.6333
836.5625	14.34281	101.7725
836.875	14.33055	101.6572
837.1875	14.31445	101.564
837.5	14.29359	101.6141
837.8125	14.27757	101.5561
838.125	14.2608	101.5392
838.4375	14.2393	101.6012
838.75	14.22977	101.4301
839.0625	14.2071	101.5239
839.375	14.19711	101.4045
839.6875	14.17902	101.4784
840	14.16987	101.4093
840.3125	14.15198	101.5438
840.625	14.14263	101.4837
840.9375	14.12365	101.3354
841.25	14.11498	101.4234
841.5625	14.09738	101.325
841.875	14.08269	101.4386
842.1875	14.07053	101.2826
842.5	14.05575	101.3642
842.8125	14.04057	101.2552
843.125	14.02738	101.3126
843.4375	14.02004	101.2393
843.75	14.0051	101.2613
844.0625	13.99656	101.265
844.375	13.98394	101.3218
844.6875	13.97811	101.1572
845	13.96998	101.2878
845.3125	13.96017	101.2888
845.625	13.95976	101.2058
845.9375	13.94722	101.028
846.25	13.93979	101.021
846.5625	13.93084	101.1274
846.875	13.91793	101.0036
847.1875	13.90196	100.8293
847.5	13.88964	100.966
847.8125	13.8792	100.9501
848.125	13.86753	100.7774
848.4375	13.85671	100.929
848.75	13.8537	100.8391
849.0625	13.84267	100.7913
849.375	13.83127	100.7471
849.6875	13.82817	100.8434
850	13.82534	100.7693
850.3125	13.81869	100.7161
850.625	13.80981	100.4851
850.9375	13.80758	100.4956
851.25	13.79993	100.5789
851.5625	13.79459	100.5159
851.875	13.78616	100.5182
852.1875	13.78211	100.4118
852.5	13.77487	100.1819
852.8125	13.76456	100.1484
853.125	13.76077	100.015
853.4375	13.74664	100.1386
853.75	13.73993	99.99171
854.0625	13.73206	99.92822
854.375	13.72243	100.0611
854.6875	13.71803	99.94501
855	13.71519	99.64259
855.3125	13.6986	99.69926
855.625	13.69595	99.58407
855.9375	13.68122	99.64059
856.25	13.66842	99.54461
856.5625	13.65647	99.39565
856.875	13.63926	99.33881
857.1875	13.62336	99.16695
857.5	13.61789	99.21133
857.8125	13.59326	99.02526
858.125	13.57936	99.061
858.4375	13.56527	98.97523
858.75	13.54245	98.9817
859.0625	13.53669	98.81322
859.375	13.51081	98.78566
859.6875	13.50472	98.84276
860	13.48718	98.81489
860.3125	13.47091	98.68058
860.625	13.45973	98.75441
860.9375	13.44697	98.72564
861.25	13.42773	98.57823
861.5625	13.41769	98.54051
861.875	13.39947	98.68972
862.1875	13.38615	98.59727
862.5	13.38035	98.51836
862.8125	13.37225	98.6171
863.125	13.36079	98.67954
863.4375	13.3444	98.5616
863.75	13.336	98.45776
864.0625	13.32492	98.62635
864.375	13.31663	98.55552
864.6875	13.30513	98.39821
865	13.29634	98.35417
865.3125	13.28922	98.33626
865.625	13.27922	98.4601
865.9375	13.2683	98.61481
866.25	13.2722	98.38033
866.5625	13.26426	98.45829
866.875	13.25931	98.4731
867.1875	13.26159	98.4845
867.5	13.25377	98.40403
867.8125	13.25841	98.42102
868.125	13.24794	98.48785
868.4375	13.24709	98.32401
868.75	13.24749	98.37173
869.0625	13.23671	98.44796
869.375	13.23897	98.25931
869.6875	13.23167	98.16922
870	13.23309	98.3293
870.3125	13.2293	98.35709
870.625	13.22844	98.19223
870.9375	13.22841	98.14296
871.25	13.227	98.25779
871.5625	13.23006	98.10641
871.875	13.23061	98.13754
872.1875	13.23038	97.98249
872.5	13.23022	97.98286
872.8125	13.2361	98.04074
873.125	13.24291	97.86313
873.4375	13.24034	97.72246
873.75	13.24525	97.71339
874.0625	13.25393	97.57122
874.375	13.25311	97.50351
874.6875	13.25995	97.40639
875	13.25313	97.39248
875.3125	13.2652	97.22034
875.625	13.26604	97.13858
875.9375	13.26981	96.91944
876.25	13.27037	96.78032
876.5625	13.2641	96.73256
876.875	13.26832	96.56166
877.1875	13.26431	96.38211
877.5	13.26368	96.29586
877.8125	13.2609	96.17929
878.125	13.25326	95.93935
878.4375	13.2493	95.80866
878.75	13.2437	95.71752
879.0625	13.23498	95.6703
879.375	13.22436	95.46764
879.6875	13.22132	95.24233
880	13.21871	94.95399
880.3125	13.19173	94.66447
880.625	13.18094	94.5519
880.9375	13.1651	94.24696
881.25	13.14357	94.20589
881.5625	13.11858	93.95046
881.875	13.09781	93.78638
882.1875	13.07126	93.45187
882.5	13.03505	93.3812
882.8125	13.00708	93.37415
883.125	12.98016	93.12534
883.4375	12.93693	93.06762
883.75	12.91253	93.0096
884.0625	12.87952	93.048
884.375	12.84715	92.85898
884.6875	12.81508	92.82629
885	12.78132	92.83044
885.3125	12.74689	92.74019
885.625	12.71501	92.63003
885.9375	12.68665	92.56255
886.25	12.65071	92.65379
886.5625	12.61943	92.67575
886.875	12.60298	92.75671
887.1875	12.56849	92.72556
887.5	12.53688	92.81786
887.8125	12.509	92.80161
888.125	12.47988	92.84768
888.4375	12.46593	92.81183
888.75	12.4323	92.83308
889.0625	12.40725	93.18498
889.375	12.38955	93.03909
889.6875	12.37488	93.15219
890	12.34772	93.2871
890.3125	12.33315	93.39989
890.625	12.32094	93.41219
890.9375	12.29819	93.57247
891.25	12.28657	93.73582
891.5625	12.2866	93.82362
891.875	12.27217	93.77808
892.1875	12.263	93.72653
892.5	12.25664	93.82567
892.8125	12.24838	93.90709
893.125	12.23806	94.16326
893.4375	12.23302	94.05553
893.75	12.21756	94.24142
894.0625	12.20847	94.21472
894.375	12.20827	94.25395
894.6875	12.19999	94.19877
895	12.19278	94.3871
895.3125	12.19769	94.35207
895.625	12.19157	94.51655
895.9375	12.19322	94.46198
896.25	12.1939	94.58823
896.5625	12.18499	94.46741
896.875	12.1864	94.62757
897.1875	12.18569	94.57529
897.5	12.17494	94.56443
897.8125	12.1729	94.75621
898.125	12.17393	94.54711
898.4375	12.1724	94.56775
898.75	12.16724	94.75644
899.0625	12.16919	94.76675
899.375	12.16106	94.78072
899.6875	12.16224	94.68008
900	12.15508	94.76789
900.3125	12.1654	94.89553
900.625	12.15511	94.78429
900.9375	12.15729	94.8802
901.25	12.16833	94.78136
901.5625	12.16059	94.98132
901.875	12.16325	94.8339
902.1875	12.16208	94.67468
902.5	12.15397	94.88583
902.8125	12.16636	94.85708
903.125	12.1549	94.69093
903.4375	12.15167	94.97545
903.75	12.14374	94.96119
904.0625	12.14645	94.95886
904.375	12.14174	94.83295
904.6875	12.14611	94.91862
905	12.13795	95.03966
905.3125	12.13919	94.9967
905.625	12.13947	94.99704
905.9375	12.15361	95.06838
906.25	12.15855	95.01792
906.5625	12.16932	95.1167
906.875	12.18096	95.16668
907.1875	12.18593	95.19628
907.5	12.20306	95.29126
907.8125	12.22418	95.14648
908.125	12.23267	94.84566
908.4375	12.23855	94.90437
908.75	12.24154	94.5996
909.0625	12.24907	94.63331
909.375	12.24724	94.44968
909.6875	12.23824	94.41897
910	12.2317	94.3834
910.3125	12.22553	94.13042
910.625	12.21324	94.09991
910.9375	12.19781	94.18306
911.25	12.18111	93.92667
911.5625	12.16518	94.08379
911.875	12.16011	94.17858
912.1875	12.14985	93.95187
912.5	12.14072	94.08551
912.8125	12.13205	93.99245
913.125	12.12693	94.22047
913.4375	12.12227	94.16785
913.75	12.11802	94.15156
914.0625	12.11511	94.20609
914.375	12.10984	94.24712
914.6875	12.11087	94.30264
915	12.11538	94.27969
915.3125	12.11692	94.31664
915.625	12.12174	94.42915
915.9375	12.12177	94.33597
916.25	12.11401	94.32148
916.5625	12.13131	94.30321
916.875	12.12681	94.36192
917.1875	12.1344	94.33685
917.5	12.13525	94.20485
917.8125	12.14765	94.35365
918.125	12.1504	94.18242
918.4375	12.15246	94.1834
918.75	12.15601	94.31165
919.0625	12.16444	94.13205
919.375	12.16306	94.0925
919.6875	12.16431	94.16094
920	12.17008	94.20397
920.3125	12.16269	93.87967
920.625	12.17386	94.1689
920.9375	12.17271	93.91261
921.25	12.16391	93.92061
921.5625	12.16239	93.76508
921.875	12.17345	93.8456
922.1875	12.16069	93.80449
922.5	12.16565	93.82146
922.8125	12.1705	93.69344
923.125	12.16483	93.65292
923.4375	12.1704	93.6704
923.75	12.16824	93.63001
924.0625	12.163	93.61852
924.375	12.16267	93.57859
924.6875	12.1682	93.63441
925	12.16456	93.48213
925.3125	12.16873	93.38321
925.625	12.16818	93.31266
925.9375	12.15769	93.41272
926.25	12.16245	93.34462
926.5625	12.15552	93.30994
926.875	12.15134	93.20322
927.1875	12.15271	93.22273
927.5	12.14557	93.13819
927.8125	12.14645	93.25386
928.125	12.14198	93.11002
928.4375	12.14324	93.17723
928.75	12.1447	93.02564
929.0625	12.13099	93.02369
929.375	12.12522	93.075
929.6875	12.12579	92.96977
930	12.12416	93.00028
930.3125	12.12353	92.91833
930.625	12.11858	92.90897
930.9375	12.11416	92.87856
931.25	12.11777	92.88504
931.5625	12.1111	92.97703
931.875	12.10886	92.88031
932.1875	12.11477	92.80931
932.5	12.10374	92.88863
932.8125	12.10451	92.77602
933.125	12.10636	92.7935
933.4375	12.10298	92.86779
933.75	12.10159	92.88168
934.0625	12.10042	92.85783
934.375	12.09647	92.94327
934.6875	12.09646	92.75157
935	12.0942	92.73855
935.3125	12.09817	92.71079
935.625	12.10118	92.91667
935.9375	12.1034	92.69983
936.25	12.10211	92.79641
936.5625	12.10139	92.60343
936.875	12.10391	92.67322
937.1875	12.09934	92.69464
937.5	12.10569	92.88059
937.8125	12.10538	92.70022
938.125	12.09959	92.65842
938.4375	12.11085	92.8534
938.75	12.10104	92.59608
939.0625	12.10573	92.8687
939.375	12.1071	92.62055
939.6875	12.11048	92.5888
940	12.11575	92.73655
940.3125	12.11913	92.64646
940.625	12.11652	92.7234
940.9375	12.1227	92.66138
941.25	12.12478	92.66042
941.5625	12.12536	92.72943
941.875	12.13185	92.69799
942.1875	12.12856	92.59675
942.5	12.13647	92.47715
942.8125	12.13778	92.61517
943.125	12.14294	92.5647
943.4375	12.14243	92.71462
943.75	12.15285	92.57561
944.0625	12.15668	92.52425
944.375	12.15938	92.56239
944.6875	12.16823	92.67189
945	12.17379	92.58584
945.3125	12.16912	92.5695
945.625	12.1713	92.38964
945.9375	12.1742	92.33327
946.25	12.17088	92.33959
946.5625	12.18165	92.48636
946.875	12.18103	92.37105
947.1875	12.18184	92.47429
947.5	12.1873	92.43576
947.8125	12.19029	92.28676
948.125	12.19147	92.50268
948.4375	12.1989	92.41927
948.75	12.19843	92.4866
949.0625	12.21298	92.4234
949.375	12.20744	92.15672
949.6875	12.21079	92.3585
950	12.22126	92.2743
950.3125	12.22382	92.35406
950.625	12.22217	92.19901
950.9375	12.23058	92.23703
951.25	12.23498	92.21636
951.5625	12.23927	92.29202
951.875	12.2432	92.3179
952.1875	12.24563	92.18365
952.5	12.25508	92.18155
952.8125	12.25784	92.07408
953.125	12.25436	92.16141
953.4375	12.26717	92.17918
953.75	12.26913	92.17734
954.0625	12.26812	91.8969
954.375	12.27022	92.06471
954.6875	12.27183	92.05034
955	12.28291	91.91903
955.3125	12.28721	92.0763
955.625	12.29441	91.87558
955.9375	12.28948	92.00658
956.25	12.29542	91.92984
956.5625	12.30359	91.84467
956.875	12.30653	91.9898
957.1875	12.30755	91.86231
957.5	12.30493	91.87724
957.8125	12.30608	91.80696
958.125	12.30968	91.65151
958.4375	12.30805	91.67761
958.75	12.31253	91.59039
959.0625	12.31203	91.85324
959.375	12.31269	91.76832
959.6875	12.32061	91.68163
960	12.31449	91.72278
960.3125	12.31997	91.73884
960.625	12.3279	91.72798
960.9375	12.32685	91.70448
961.25	12.33127	91.66524
961.5625	12.33846	91.84627
961.875	12.34087	91.71209
962.1875	12.35071	91.88539
962.5	12.35541	92.10581
962.8125	12.3705	91.77529
963.125	12.38534	91.82861
963.4375	12.39838	91.74518
963.75	12.40577	91.78954
964.0625	12.41185	91.73882
964.375	12.42869	91.65961
964.6875	12.44009	91.70348
965	12.45043	91.67552
965.3125	12.45482	91.41715
965.625	12.46916	91.63362
965.9375	12.47085	91.50134
966.25	12.48646	91.57577
966.5625	12.49599	91.32915
966.875	12.48863	91.43095
967.1875	12.49941	91.36639
967.5	12.51266	91.5045
967.8125	12.51146	91.18159
968.125	12.52115	91.30368
968.4375	12.53445	91.12991
968.75	12.53024	91.13743
969.0625	12.53737	91.17213
969.375	12.54278	90.97194
969.6875	12.54356	91.19376
970	12.55054	90.94837
970.3125	12.55792	90.88781
970.625	12.55745	90.97539
970.9375	12.56014	90.74965
971.25	12.56856	90.80074
971.5625	12.57315	90.67155
971.875	12.58082	90.79588
972.1875	12.59244	90.57306
972.5	12.58905	90.67688
972.8125	12.59636	90.71539
973.125	12.60359	90.73054
973.4375	12.60414	90.59403
973.75	12.6191	90.39094
974.0625	12.61556	90.44753
974.375	12.61741	90.53011
974.6875	12.61828	90.37981
975	12.6208	90.45028
975.3125	12.63318	90.37074
975.625	12.63292	90.34932
975.9375	12.64299	90.27859
976.25	12.64843	90.35365
976.5625	12.65435	90.09305
976.875	12.65844	90.15571
977.1875	12.65648	90.06381
977.5	12.66051	90.13017
977.8125	12.66873	89.91906
978.125	12.66639	89.92747
978.4375	12.67434	89.97742
978.75	12.68093	89.95278
979.0625	12.67885	89.82298
979.375	12.68218	89.72381
979.6875	12.69307	89.78778
980	12.69864	89.72533
980.3125	12.69412	89.64102
980.625	12.70086	89.73117
980.9375	12.6967	89.6745
981.25	12.68996	89.38733
981.5625	12.69547	89.38557
981.875	12.6914	89.45536
982.1875	12.69349	89.35052
982.5	12.6886	89.22758
982.8125	12.69474	89.25964
983.125	12.684	89.20192
983.4375	12.68173	89.20537
983.75	12.67362	89.21802
984.0625	12.67406	89.02643
984.375	12.66364	89.13587
984.6875	12.66329	89.22593
985	12.66167	89.17519
985.3125	12.65067	89.09241
985.625	12.6507	89.01461
985.9375	12.6387	89.0473
986.25	12.63333	89.06381
986.5625	12.63074	89.097
986.875	12.62761	89.28159
987.1875	12.61886	89.27776
987.5	12.61764	89.28627
987.8125	12.62459	89.36668
988.125	12.62201	89.51244
988.4375	12.62434	89.43376
988.75	12.6317	89.35048
989.0625	12.62576	89.45514
989.375	12.63015	89.51945
989.6875	12.6371	89.64435
990	12.63786	89.6049
990.3125	12.64914	89.66164
990.625	12.65525	89.81756
990.9375	12.66051	89.71695
991.25	12.66377	89.77421
991.5625	12.67201	89.90858
991.875	12.69183	89.91061
992.1875	12.68291	89.91373
992.5	12.69585	89.90901
992.8125	12.70618	89.87487
993.125	12.72046	89.92704
993.4375	12.71758	90.05929
993.75	12.72572	90.02375
994.0625	12.73714	89.95755
994.375	12.74515	90.17917
994.6875	12.75244	90.0769
995	12.76228	90.0611
995.3125	12.76064	90.09044
995.625	12.76815	90.15876
995.9375	12.77837	90.14478
996.25	12.78311	90.15759
996.5625	12.79866	90.22789
996.875	12.80258	90.34126
997.1875	12.80748	90.28322
997.5	12.81854	90.30063
997.8125	12.82872	90.33807
998.125	12.83699	90.63541
998.4375	12.84831	90.44682
998.75	12.84894	90.3549
999.0625	12.8653	90.50561
999.375	12.87509	90.59477
999.6875	12.8832	90.39856
1000	12.87021	90.55692
1000.3125	12.90612	90.65123
1000.625	12.91885	90.63001
1000.9375	12.93346	90.66734
1001.25	12.93661	90.54636
1001.5625	12.95323	90.66558
1001.875	12.96349	90.76922
1002.1875	12.9739	90.83163
1002.5	12.98729	90.91899
1002.8125	12.9979	90.72053
1003.125	13.00912	90.89072
1003.4375	13.01774	90.7674
1003.75	13.02212	90.66064
1004.0625	13.03502	90.8539
1004.375	13.04341	90.82169
1004.6875	13.05616	90.66262
1005	13.06473	90.75331
1005.3125	13.07722	90.81448
1005.625	13.09308	90.92567
1005.9375	13.09976	90.92314
1006.25	13.109	90.76218
1006.5625	13.11848	91.04377
1006.875	13.12883	90.75332
1007.1875	13.13153	90.82145
1007.5	13.15831	91.04498
1007.8125	13.15566	90.96263
1008.125	13.16691	91.01343
1008.4375	13.18108	91.01891
1008.75	13.19263	91.10897
1009.0625	13.19954	91.15001
1009.375	13.20991	90.86839
1009.6875	13.21943	91.14927
1010	13.22232	91.29934
1010.3125	13.2447	91.26038
1010.625	13.257	91.19006
1010.9375	13.26633	91.50627
1011.25	13.27723	91.4373
1011.5625	13.2987	91.37232
1011.875	13.30937	91.46939
1012.1875	13.31768	91.37827
1012.5	13.33043	91.57627
1012.8125	13.345	91.6032
1013.125	13.36292	91.84654
1013.4375	13.37947	91.70745
1013.75	13.39272	91.72015
1014.0625	13.40662	91.84926
1014.375	13.42599	91.99708
1014.6875	13.44026	92.05536
1015	13.45815	91.92921
1015.3125	13.47556	91.99249
1015.625	13.49839	92.16017
1015.9375	13.51705	92.14849
1016.25	13.5381	92.37984
1016.5625	13.56175	92.13492
1016.875	13.58413	92.2523
1017.1875	13.60745	92.34703
1017.5	13.63094	92.40173
1017.8125	13.65424	92.43243
1018.125	13.67723	92.47912
1018.4375	13.70137	92.36551
1018.75	13.73024	92.49078
1019.0625	13.75046	92.63491
1019.375	13.77692	92.56618
1019.6875	13.80646	92.56982
1020	13.82682	92.44192
1020.3125	13.84607	92.603
1020.625	13.86884	92.4024
1020.9375	13.89484	92.56961
1021.25	13.91928	92.3362
1021.5625	13.93843	92.4628
1021.875	13.96026	92.49367
1022.1875	13.9831	92.42265
1022.5	14.00164	92.38092
1022.8125	14.02835	92.31079
1023.125	14.04648	92.23962
1023.4375	14.0667	92.3794
1023.75	14.09123	92.32407
1024.0625	14.10999	92.19458
1024.375	14.13378	92.27354
1024.6875	14.15561	92.2325
1025	14.1783	92.13081
1025.3125	14.19514	92.13444
1025.625	14.22332	92.06915
1025.9375	14.23531	92.08967
1026.25	14.26196	92.11711
1026.5625	14.27904	91.93619
1026.875	14.30668	91.96709
1027.1875	14.32515	91.90855
1027.5	14.34276	92.10873
1027.8125	14.36513	91.90842
1028.125	14.3832	91.97549
1028.4375	14.40828	91.92412
1028.75	14.42715	91.86107
1029.0625	14.44083	91.69176
1029.375	14.47161	91.7381
1029.6875	14.4802	91.62537
1030	14.49573	91.7547
1030.3125	14.52754	91.70493
1030.625	14.54233	91.79478
1030.9375	14.56486	91.60831
1031.25	14.58666	91.62523
1031.5625	14.60404	91.43122
1031.875	14.6207	91.3988
1032.1875	14.62827	91.54462
1032.5	14.64434	91.2561
1032.8125	14.66323	91.54252
1033.125	14.68471	91.2365
1033.4375	14.70044	91.30698
1033.75	14.71132	91.40806
1034.0625	14.73626	91.23747
1034.375	14.75328	91.38264
1034.6875	14.7746	91.35644
1035	14.78952	91.2674
1035.3125	14.81249	91.40422
1035.625	14.83263	91.17068
1035.9375	14.85182	91.31088
1036.25	14.87289	91.29253
1036.5625	14.89494	91.31689
1036.875	14.91094	91.30386
1037.1875	14.93453	91.42078
1037.5	14.95574	91.29204
1037.8125	14.98006	91.20195
1038.125	14.99609	91.14739
1038.4375	15.02013	91.18988
1038.75	15.03693	91.24464
1039.0625	15.06259	91.31116
1039.375	15.09063	91.22807
1039.6875	15.11992	91.41875
1040	15.1377	91.25873
1040.3125	15.16598	91.33222
1040.625	15.19345	91.17229
1040.9375	15.21685	91.21521
1041.25	15.24461	91.18478
1041.5625	15.26874	91.12498
1041.875	15.29573	91.10825
1042.1875	15.31794	91.05003
1042.5	15.34698	91.10172
1042.8125	15.37085	91.02572
1043.125	15.39637	90.90898
1043.4375	15.42094	90.99957
1043.75	15.44011	90.83959
1044.0625	15.46207	90.93264
1044.375	15.49184	90.94427
1044.6875	15.51547	90.74984
1045	15.53738	90.81595
1045.3125	15.56714	90.6127
1045.625	15.58816	90.64644
1045.9375	15.60999	90.66837
1046.25	15.6341	90.632
1046.5625	15.6621	90.51544
1046.875	15.67763	90.49735
1047.1875	15.70076	90.50588
1047.5	15.7257	90.36174
1047.8125	15.74842	90.32082
1048.125	15.77477	90.27335
1048.4375	15.79869	90.39428
1048.75	15.82164	90.21408
1049.0625	15.84303	90.17993
1049.375	15.86934	90.03096
1049.6875	15.89085	89.96661
1050	15.91591	90.13405
1050.3125	15.94507	90.16224
1050.625	15.96654	90.02869
1050.9375	15.99146	90.05479
1051.25	16.01937	90.01154
1051.5625	16.03819	89.77159
1051.875	16.0617	89.80842
1052.1875	16.0875	89.76981
1052.5	16.10723	89.73569
1052.8125	16.13264	89.84835
1053.125	16.15511	89.66325
1053.4375	16.17618	89.54153
1053.75	16.20191	89.60641
1054.0625	16.22557	89.36198
1054.375	16.24931	89.49764
1054.6875	16.2711	89.4892
1055	16.29328	89.33235
1055.3125	16.32108	89.29797
1055.625	16.34605	89.12167
1055.9375	16.36697	89.38693
1056.25	16.39316	89.17909
1056.5625	16.42108	89.32254
1056.875	16.444	89.08399
1057.1875	16.47258	89.15398
1057.5	16.49223	89.13788
1057.8125	16.51087	88.95628
1058.125	16.53872	88.92039
1058.4375	16.55849	88.95817
1058.75	16.58465	88.95078
1059.0625	16.60951	89.009
1059.375	16.63908	88.69115
1059.6875	16.65797	89.04403
1060	16.6842	88.88352
1060.3125	16.71153	88.68392
1060.625	16.73802	88.7112
1060.9375	16.76367	88.56789
1061.25	16.78728	88.48214
1061.5625	16.81385	88.70703
1061.875	16.83614	88.76953
1062.1875	16.86269	88.57285
1062.5	16.8922	88.51994
1062.8125	16.91804	88.53395
1063.125	16.94489	88.40928
1063.4375	16.9728	88.37772
1063.75	17.00491	88.39563
1064.0625	17.03106	88.43038
1064.375	17.05872	88.22467
1064.6875	17.09171	88.34827
1065	17.12276	88.40063
1065.3125	17.14683	88.07043
1065.625	17.17696	88.18229
1065.9375	17.20766	88.13374
1066.25	17.23777	88.10712
1066.5625	17.25996	87.91918
1066.875	17.29113	87.95837
1067.1875	17.32002	87.81221
1067.5	17.35046	87.91998
1067.8125	17.37807	87.71574
1068.125	17.39939	87.77964
1068.4375	17.42876	87.80263
1068.75	17.45953	87.6702
1069.0625	17.48572	87.75993
1069.375	17.51236	87.36566
1069.6875	17.54374	87.45979
1070	17.5722	87.34954
1070.3125	17.60104	87.24506
1070.625	17.62535	87.45824
1070.9375	17.65797	87.30048
1071.25	17.68448	87.12905
1071.5625	17.70868	87.1561
1071.875	17.73891	87.16248
1072.1875	17.76769	87.12983
1072.5	17.79037	86.93853
1072.8125	17.81573	86.92358
1073.125	17.84114	86.84066
1073.4375	17.87043	86.8287
1073.75	17.89798	87.04889
1074.0625	17.92225	86.90612
1074.375	17.95035	86.76678
1074.6875	17.97853	86.80888
1075	18.00554	86.71605
1075.3125	18.03336	86.4419
1075.625	18.06091	86.71015
1075.9375	18.08799	86.53963
1076.25	18.11389	86.41106
1076.5625	18.14003	86.45869
1076.875	18.17485	86.60397
1077.1875	18.19878	86.36081
1077.5	18.22688	86.37633
1077.8125	18.25553	86.40042
1078.125	18.29123	86.29103
1078.4375	18.32114	86.32155
1078.75	18.35074	86.29218
1079.0625	18.38351	86.2057
1079.375	18.41635	86.24198
1079.6875	18.44909	86.29972
1080	18.48351	86.25932
1080.3125	18.51619	86.31618
1080.625	18.55055	86.29919
1080.9375	18.57982	86.10697
1081.25	18.61331	86.16961
1081.5625	18.64945	86.09947
1081.875	18.67863	86.03913
1082.1875	18.71776	85.99319
1082.5	18.75142	86.07254
1082.8125	18.78739	85.96822
1083.125	18.82239	85.87031
1083.4375	18.85679	85.87735
1083.75	18.89487	85.86332
1084.0625	18.9294	85.77378
1084.375	18.96774	85.64207
1084.6875	19.00161	85.74851
1085	19.03294	85.79987
1085.3125	19.07221	85.54188
1085.625	19.10661	85.70233
1085.9375	19.13989	85.60155
1086.25	19.1757	85.56956
1086.5625	19.21509	85.59859
1086.875	19.24984	85.47205
1087.1875	19.28266	85.25585
1087.5	19.32079	85.39368
1087.8125	19.36076	85.27747
1088.125	19.39615	85.37598
1088.4375	19.43314	85.29847
1088.75	19.46838	85.20647
1089.0625	19.50628	85.19945
1089.375	19.54252	85.16348
1089.6875	19.57587	85.1371
1090	19.61541	85.14642
1090.3125	19.65246	84.98283
1090.625	19.68881	85.00971
1090.9375	19.72455	85.0864
1091.25	19.76192	85.05878
1091.5625	19.80304	84.69694
1091.875	19.84064	84.78707
1092.1875	19.87906	84.88169
1092.5	19.9204	84.83732
1092.8125	19.95966	84.68958
1093.125	20.00084	84.70953
1093.4375	20.04027	84.91504
1093.75	20.08267	84.65788
1094.0625	20.12488	84.7444
1094.375	20.16596	84.6794
1094.6875	20.21055	84.85219
1095	20.25374	84.91224
1095.3125	20.29958	84.79304
1095.625	20.34365	84.50595
1095.9375	20.39062	84.64929
1096.25	20.43623	84.59238
1096.5625	20.48369	84.73487
1096.875	20.5319	84.72219
1097.1875	20.57923	84.57329
1097.5	20.62984	84.50383
1097.8125	20.68236	84.35434
1098.125	20.73039	84.47962
1098.4375	20.78097	84.48798
1098.75	20.83653	84.61315
1099.0625	20.88505	84.35548
1099.375	20.93863	84.51993
1099.6875	20.99278	84.37625
1100	21.04658	84.31244
1100.3125	21.09959	84.27474
1100.625	21.15296	84.2616
1100.9375	21.20879	84.28754
1101.25	21.26154	84.19797
1101.5625	21.31643	84.02669
1101.875	21.37331	84.0397
1102.1875	21.42719	83.86417
1102.5	21.48082	83.85181
1102.8125	21.53567	83.81957
1103.125	21.59328	83.66982
1103.4375	21.64386	83.731
1103.75	21.69975	83.50995
1104.0625	21.75623	83.57095
1104.375	21.81351	83.72099
1104.6875	21.86843	83.39124
1105	21.92612	83.52496
1105.3125	21.9827	83.38037
1105.625	22.03786	83.38708
1105.9375	22.09395	83.35578
1106.25	22.15293	83.04935
1106.5625	22.2113	83.11982
1106.875	22.26972	83.05882
1107.1875	22.33534	82.96112
1107.5	22.39543	83.02756
1107.8125	22.45876	82.87512
1108.125	22.52438	83.03657
1108.4375	22.5876	82.94437
1108.75	22.65505	82.82909
1109.0625	22.72071	82.76833
1109.375	22.78824	82.80601
1109.6875	22.85888	82.69996
1110	22.92869	82.50962
1110.3125	22.99956	82.50031
1110.625	23.07344	82.54508
1110.9375	23.14359	82.42343
1111.25	23.22054	82.36125
1111.5625	23.29882	82.27732
1111.875	23.37224	82.33057
1112.1875	23.45298	82.22313
1112.5	23.53221	82.02901
1112.8125	23.61246	81.8612
1113.125	23.69309	81.81157
1113.4375	23.77714	81.52463
1113.75	23.86187	81.34458
1114.0625	23.94525	81.34099
1114.375	24.03207	81.22103
1114.6875	24.1189	80.86709
1115	24.20567	80.92883
1115.3125	24.29507	80.9444
1115.625	24.3843	80.62023
1115.9375	24.47234	80.306
1116.25	24.56157	80.05315
1116.5625	24.65382	79.80644
1116.875	24.74608	79.61812
1117.1875	24.83884	79.5982
1117.5	24.92987	79.24197
1117.8125	25.02321	78.99164
1118.125	25.11459	78.63543
1118.4375	25.20694	78.47855
1118.75	25.30066	78.13995
1119.0625	25.39297	77.81618
1119.375	25.48389	77.62292
1119.6875	25.57776	77.00747
1120	25.66759	76.80508
1120.3125	25.75957	76.38001
1120.625	25.85007	76.06717
1120.9375	25.93892	75.82448
1121.25	26.02746	75.26863
1121.5625	26.11512	74.84982
1121.875	26.20091	74.61858
1122.1875	26.28448	74.12135
1122.5	26.36954	73.60979
1122.8125	26.45206	73.15792
1123.125	26.53132	72.78516
1123.4375	26.612	72.46189
1123.75	26.68945	71.87214
1124.0625	26.76523	71.42986
1124.375	26.84025	71.03609
1124.6875	26.9123	70.48796
1125	26.98358	69.9678
1125.3125	27.05225	69.54106
1125.625	27.11896	69.09209
1125.9375	27.18547	68.64109
1126.25	27.251	68.23996
1126.5625	27.31477	67.74321
1126.875	27.37761	67.2985
1127.1875	27.43878	66.83227
1127.5	27.50058	66.61678
1127.8125	27.56069	65.99014
1128.125	27.6216	65.69611
1128.4375	27.68045	65.15911
1128.75	27.74267	64.92616
1129.0625	27.80164	64.50902
1129.375	27.86355	64.20544
1129.6875	27.92473	63.7079
1130	27.98888	63.31478
1130.3125	28.05434	63.11712
1130.625	28.12054	62.75769
1130.9375	28.18811	62.29711
1131.25	28.25863	62.15865
1131.5625	28.32909	61.81671
1131.875	28.40328	61.57655
1132.1875	28.48129	61.21513
1132.5	28.56041	60.9375
1132.8125	28.6412	60.70263
1133.125	28.72478	60.29559
1133.4375	28.81071	60.00288
1133.75	28.89828	59.81681
1134.0625	28.99019	59.4104
1134.375	29.08389	59.03123
1134.6875	29.17879	58.80289
1135	29.27711	58.53943
1135.3125	29.37851	58.22551
1135.625	29.47964	57.77209
1135.9375	29.58508	57.2639
1136.25	29.69346	56.99569
1136.5625	29.80212	56.4402
1136.875	29.91319	56.31814
1137.1875	30.02791	55.8335
1137.5	30.1423	54.96679
1137.8125	30.25896	54.8208
1138.125	30.37794	54.3693
1138.4375	30.49874	53.79936
1138.75	30.62078	53.34635
1139.0625	30.74478	52.59312
1139.375	30.86996	52.05947
1139.6875	30.99699	51.35746
1140	31.12523	50.82335
1140.3125	31.25418	50.36363
1140.625	31.38611	49.727
1140.9375	31.51766	48.93067
1141.25	31.6506	48.36513
1141.5625	31.78481	47.63783
1141.875	31.92	46.9075
1142.1875	32.05575	45.82144
1142.5	32.19291	45.19196
1142.8125	32.32961	44.35004
1143.125	32.46772	43.44971
1143.4375	32.60585	42.57489
1143.75	32.74419	41.73959
1144.0625	32.88283	40.54189
1144.375	33.02073	39.65267
1144.6875	33.15989	38.50055
1145	33.29702	37.67636
1145.3125	33.43473	36.67188
1145.625	33.57135	35.38191
1145.9375	33.70646	34.22251
1146.25	33.84137	32.85011
1146.5625	33.97472	31.77774
1146.875	34.1071	30.46073
1147.1875	34.23651	29.26748
1147.5	34.3643	27.74435
1147.8125	34.48923	26.50697
1148.125	34.61189	25.0548
1148.4375	34.73186	23.35953
1148.75	34.84813	21.98342
1149.0625	34.96047	20.26363
1149.375	35.07005	18.69578
1149.6875	35.17394	16.85416
1150	35.27333	15.22028
1150.3125	35.36771	13.48468
1150.625	35.45576	11.47637
1150.9375	35.537	9.798204
1151.25	35.61184	7.927206
1151.5625	35.67851	6.068837
1151.875	35.73826	4.014675
1152.1875	35.78891	2.100178
1152.5	35.83049	0.05521001
1152.8125	35.86287	-2.215715
1153.125	35.88386	-4.150593
1153.4375	35.89353	-6.224317
1153.75	35.89232	-8.613117
1154.0625	35.87828	-10.51895
1154.375	35.85135	-13.0307
1154.6875	35.81092	-15.17154
1155	35.75669	-17.34769
1155.3125	35.68818	-19.64249
1155.625	35.60644	-21.78314
1155.9375	35.50822	-23.99907
1156.25	35.39611	-26.24301
1156.5625	35.26863	-28.31999
1156.875	35.12696	-30.53045
1157.1875	34.97019	-32.46064
1157.5	34.80066	-34.42589
1157.8125	34.61812	-36.31215
1158.125	34.42398	-38.10717
1158.4375	34.2187	-39.75808
1158.75	34.00455	-41.27634
1159.0625	33.78082	-42.8448
1159.375	33.5518	-44.47977
1159.6875	33.3187	-45.70428
1160	33.08255	-46.92407
1160.3125	32.84571	-48.11014
1160.625	32.60847	-49.18699
1160.9375	32.37416	-49.9958
1161.25	32.14323	-50.81147
1161.5625	31.91647	-51.92636
1161.875	31.69571	-52.26577
1162.1875	31.48155	-52.9143
1162.5	31.2742	-53.66292
1162.8125	31.07133	-53.93114
1163.125	30.87777	-54.75983
1163.4375	30.68884	-55.05626
1163.75	30.50635	-55.35609
1164.0625	30.33181	-55.75806
1164.375	30.1628	-56.26324
1164.6875	29.99875	-56.33136
1165	29.8416	-56.92241
1165.3125	29.69091	-57.10801
1165.625	29.54185	-57.44097
1165.9375	29.39705	-57.91056
1166.25	29.25564	-58.06881
1166.5625	29.11797	-58.42805
1166.875	28.9833	-58.63797
1167.1875	28.85246	-58.89399
1167.5	28.72387	-59.12276
1167.8125	28.59871	-59.65065
1168.125	28.47559	-59.77193
1168.4375	28.35289	-60.01086
1168.75	28.23194	-60.51696
1169.0625	28.11293	-60.63206
1169.375	27.99555	-61.02406
1169.6875	27.87936	-61.21608
1170	27.76464	-61.32272
1170.3125	27.65507	-61.64487
1170.625	27.54373	-61.96665
1170.9375	27.436	-62.33763
1171.25	27.3284	-62.44653
1171.5625	27.22145	-62.71614
1171.875	27.11537	-62.85266
1172.1875	27.0094	-63.12654
1172.5	26.90533	-63.43732
1172.8125	26.79996	-63.5557
1173.125	26.69671	-63.91495
1173.4375	26.59487	-64.06027
1173.75	26.49286	-64.2352
1174.0625	26.39393	-64.47923
1174.375	26.29443	-64.66698
1174.6875	26.19532	-64.89862
1175	26.09861	-65.08125
1175.3125	26.00143	-65.40119
1175.625	25.9057	-65.57207
1175.9375	25.81021	-65.86833
1176.25	25.71544	-65.66124
1176.5625	25.62237	-65.92014
1176.875	25.52976	-66.08752
1177.1875	25.43833	-66.21513
1177.5	25.34786	-66.58555
1177.8125	25.25705	-66.63977
1178.125	25.16729	-66.75888
1178.4375	25.0799	-66.9835
1178.75	24.99004	-67.06997
1179.0625	24.90334	-67.44209
1179.375	24.81754	-67.42486
1179.6875	24.7335	-67.53974
1180	24.64854	-67.6523
1180.3125	24.56611	-67.75201
1180.625	24.4833	-67.78542
1180.9375	24.40336	-67.91712
1181.25	24.32255	-68.00907
1181.5625	24.24499	-68.33027
1181.875	24.16702	-68.33574
1182.1875	24.08592	-68.52602
1182.5	24.01116	-68.47512
1182.8125	23.93868	-68.48198
1183.125	23.86004	-68.75844
1183.4375	23.78655	-68.78315
1183.75	23.712	-68.9332
1184.0625	23.64097	-69.06255
1184.375	23.56814	-69.02934
1184.6875	23.49545	-69.37099
1185	23.4237	-69.33444
1185.3125	23.35457	-69.47236
1185.625	23.28357	-69.55502
1185.9375	23.21131	-69.89604
1186.25	23.1416	-69.78771
1186.5625	23.07195	-70.04528
1186.875	23.00093	-69.99866
1187.1875	22.93088	-69.96331
1187.5	22.86557	-70.30827
1187.8125	22.79591	-70.37977
1188.125	22.72548	-70.52776
1188.4375	22.65731	-70.51411
1188.75	22.58789	-70.36916
1189.0625	22.51901	-70.67715
1189.375	22.45152	-70.79762
1189.6875	22.38571	-70.92518
1190	22.31894	-70.94139
1190.3125	22.25171	-71.04156
1190.625	22.18316	-70.99298
1190.9375	22.12003	-71.06374
1191.25	22.05089	-71.24453
1191.5625	21.98304	-71.24065
1191.875	21.9131	-71.60752
1192.1875	21.84959	-71.50298
1192.5	21.78069	-71.63423
1192.8125	21.7132	-71.60583
1193.125	21.64803	-71.4885
1193.4375	21.58059	-71.42181
1193.75	21.51575	-71.51006
1194.0625	21.44878	-71.67332
1194.375	21.38045	-71.86095
1194.6875	21.31744	-71.6657
1195	21.2503	-71.76769
1195.3125	21.18297	-71.97742
1195.625	21.11793	-72.17883
1195.9375	21.05003	-71.89252
1196.25	20.98532	-71.93863
1196.5625	20.9196	-71.95024
1196.875	20.85465	-72.04057
1197.1875	20.78851	-71.87245
1197.5	20.72529	-72.01662
1197.8125	20.66286	-71.99531
1198.125	20.60311	-71.8484
1198.4375	20.54201	-71.89445
1198.75	20.47577	-72.07411
1199.0625	20.41398	-71.75085
1199.375	20.35965	-71.83984
1199.6875	20.29712	-72.01051
1200	20.24146	-71.82027
1200.3125	20.18155	-71.61472
1200.625	20.12684	-71.65781
1200.9375	20.06792	-71.3458
1201.25	20.01203	-71.68167
1201.5625	19.95978	-71.69003
1201.875	19.90679	-71.39983
1202.1875	19.84883	-71.64375
1202.5	19.79382	-71.46828
1202.8125	19.7418	-71.46115
1203.125	19.68185	-71.1737
1203.4375	19.63009	-71.09557
1203.75	19.57521	-70.98093
1204.0625	19.52476	-71.01266
1204.375	19.47057	-70.85705
1204.6875	19.41593	-70.8525
1205	19.36434	-70.65903
1205.3125	19.31569	-70.73494
1205.625	19.26386	-70.7524
1205.9375	19.2117	-70.38111
1206.25	19.16829	-70.33204
1206.5625	19.12018	-70.27047
1206.875	19.07552	-70.17412
1207.1875	19.03274	-69.98185
1207.5	18.98418	-69.81771
1207.8125	18.94259	-69.77138
1208.125	18.90253	-69.83815
1208.4375	18.86335	-69.36378
1208.75	18.82147	-69.57224
1209.0625	18.77716	-69.1748
1209.375	18.73695	-68.94505
1209.6875	18.70039	-68.94238
1210	18.66199	-68.88483
1210.3125	18.62689	-68.6538
1210.625	18.59002	-68.4094
1210.9375	18.55957	-68.45458
1211.25	18.52496	-68.34012
1211.5625	18.49301	-68.00674
1211.875	18.45885	-67.88224
1212.1875	18.42711	-67.72339
1212.5	18.39495	-67.70314
1212.8125	18.36848	-67.37074
1213.125	18.3405	-67.46317
1213.4375	18.31625	-67.00932
1213.75	18.28985	-67.03387
1214.0625	18.26189	-66.64368
1214.375	18.2411	-66.36603
1214.6875	18.21933	-66.44586
1215	18.19434	-66.11552
1215.3125	18.1709	-66.04429
1215.625	18.15363	-65.86877
1215.9375	18.13967	-65.72523
1216.25	18.12091	-65.48396
1216.5625	18.10493	-65.30669
1216.875	18.09713	-65.0254
1217.1875	18.08488	-64.7935
1217.5	18.07276	-64.79729
1217.8125	18.06709	-64.45641
1218.125	18.05552	-64.28033
1218.4375	18.04731	-64.14865
1218.75	18.04775	-63.78376
1219.0625	18.04281	-63.76534
1219.375	18.04487	-63.49517
1219.6875	18.04792	-63.36496
1220	18.05287	-63.3196
1220.3125	18.0565	-63.00479
1220.625	18.06341	-63.16601
1220.9375	18.06852	-62.65277
1221.25	18.08051	-62.65082
1221.5625	18.09413	-62.37252
1221.875	18.10941	-62.28275
1222.1875	18.12263	-62.14428
1222.5	18.14405	-61.75011
1222.8125	18.16631	-62.01224
1223.125	18.18643	-61.69201
1223.4375	18.20823	-61.44292
1223.75	18.23535	-61.46289
1224.0625	18.26659	-61.38601
1224.375	18.29131	-61.49001
1224.6875	18.31779	-61.38648
1225	18.3543	-61.50602
1225.3125	18.38467	-61.48926
1225.625	18.41652	-61.33795
1225.9375	18.45252	-61.42688
1226.25	18.48579	-61.36636
1226.5625	18.52283	-61.48938
1226.875	18.55503	-61.74094
1227.1875	18.59414	-61.69572
1227.5	18.62882	-61.83049
1227.8125	18.66846	-61.85949
1228.125	18.70634	-62.01883
1228.4375	18.74095	-62.24747
1228.75	18.77445	-62.3553
1229.0625	18.81168	-62.45491
1229.375	18.84639	-62.73555
1229.6875	18.87847	-63.04478
1230	18.91034	-63.26029
1230.3125	18.94	-63.82241
1230.625	18.96592	-63.79603
1230.9375	18.99165	-63.98774
1231.25	19.01417	-64.49241
1231.5625	19.03888	-64.85516
1231.875	19.0632	-65.10506
1232.1875	19.08012	-65.2006
1232.5	19.10782	-65.78651
1232.8125	19.12027	-66.16299
1233.125	19.13311	-66.63309
1233.4375	19.13392	-67.06366
1233.75	19.13937	-67.25084
1234.0625	19.13945	-67.43057
1234.375	19.13876	-68.04915
1234.6875	19.13992	-68.59232
1235	19.13601	-68.91907
1235.3125	19.12965	-69.26778
1235.625	19.11912	-69.63552
1235.9375	19.11123	-70.19883
1236.25	19.1029	-70.51073
1236.5625	19.08352	-70.66094
1236.875	19.07139	-71.03702
1237.1875	19.05155	-71.48985
1237.5	19.03539	-71.82327
1237.8125	19.01642	-72.28034
1238.125	18.99457	-72.39661
1238.4375	18.97406	-72.96085
1238.75	18.95199	-73.0926
1239.0625	18.92636	-73.45218
1239.375	18.9011	-74.03248
1239.6875	18.87388	-74.10518
1240	18.84266	-74.29166
1240.3125	18.818	-74.69898
1240.625	18.79008	-74.84505
1240.9375	18.75692	-75.40588
1241.25	18.7261	-75.59106
1241.5625	18.69465	-76.10814
1241.875	18.66349	-76.20503
1242.1875	18.63466	-76.26895
1242.5	18.59549	-76.76308
1242.8125	18.56298	-76.93539
1243.125	18.5282	-77.12385
1243.4375	18.49009	-77.31316
1243.75	18.45726	-77.60349
1244.0625	18.4215	-77.94071
1244.375	18.38521	-78.09883
1244.6875	18.35039	-78.57087
1245	18.31853	-78.49431
1245.3125	18.28505	-78.78013
1245.625	18.24516	-78.99197
1245.9375	18.21026	-79.10933
1246.25	18.18238	-79.15848
1246.5625	18.14931	-79.55391
1246.875	18.11707	-79.61623
1247.1875	18.08266	-79.75797
1247.5	18.05322	-80.04082
1247.8125	18.02618	-80.42152
1248.125	17.98537	-80.41911
1248.4375	17.96148	-80.38745
1248.75	17.92467	-80.74412
1249.0625	17.89451	-80.94135
1249.375	17.86484	-81.13387
1249.6875	17.82882	-81.23663
1250	17.79432	-81.02713
1250.3125	17.77167	-81.99924
1250.625	17.73393	-81.88258
1250.9375	17.7025	-81.78115
1251.25	17.66832	-82.18587
1251.5625	17.63593	-82.36497
1251.875	17.59951	-82.43593
1252.1875	17.57237	-82.58482
1252.5	17.53404	-82.60081
1252.8125	17.50255	-82.72021
1253.125	17.47111	-82.65906
1253.4375	17.44213	-82.91329
1253.75	17.41179	-83.13547
1254.0625	17.37929	-83.36303
1254.375	17.34409	-83.47113
1254.6875	17.31836	-83.33053
1255	17.2872	-83.35764
1255.3125	17.25228	-83.7577
1255.625	17.2242	-83.73957
1255.9375	17.19488	-83.87999
1256.25	17.16154	-84.04954
1256.5625	17.13696	-84.30194
1256.875	17.10538	-84.05903
1257.1875	17.07851	-84.19769
1257.5	17.04576	-84.37928
1257.8125	17.0227	-84.59856
1258.125	16.9948	-84.64502
1258.4375	16.96521	-84.69817
1258.75	16.93773	-84.96618
1259.0625	16.91104	-85.00427
1259.375	16.87758	-84.9719
1259.6875	16.85192	-85.04387
1260	16.82318	-85.30145
1260.3125	16.80106	-85.17608
1260.625	16.77195	-85.2399
1260.9375	16.74849	-85.24761
1261.25	16.71939	-85.54044
1261.5625	16.69971	-85.52892
1261.875	16.67658	-85.37929
1262.1875	16.65489	-85.77024
1262.5	16.6325	-85.80901
1262.8125	16.61235	-85.94372
1263.125	16.5927	-85.82439
1263.4375	16.57236	-85.93872
1263.75	16.55149	-86.04507
1264.0625	16.52817	-86.18382
1264.375	16.51446	-86.33778
1264.6875	16.49112	-86.36957
1265	16.46921	-86.45734
1265.3125	16.45255	-86.60154
1265.625	16.43217	-86.92995
1265.9375	16.4151	-86.82692
1266.25	16.39652	-87.14925
1266.5625	16.37202	-87.04406
1266.875	16.35606	-87.08311
1267.1875	16.33593	-87.48706
1267.5	16.31535	-87.50679
1267.8125	16.3019	-87.63384
1268.125	16.28041	-87.61427
1268.4375	16.26103	-87.62465
1268.75	16.23814	-88.0235
1269.0625	16.21928	-88.18041
1269.375	16.20182	-88.23667
1269.6875	16.18487	-88.26143
1270	16.16683	-88.45417
1270.3125	16.14328	-88.38387
1270.625	16.12894	-88.84628
1270.9375	16.11037	-88.74933
1271.25	16.08905	-88.86097
1271.5625	16.07034	-89.03385
1271.875	16.05077	-89.37071
1272.1875	16.03182	-89.65099
1272.5	16.01054	-89.9417
1272.8125	15.99035	-89.76286
1273.125	15.96744	-90.10524
1273.4375	15.94419	-90.44183
1273.75	15.92014	-90.3051
1274.0625	15.88986	-90.89645
1274.375	15.86323	-91.04929
1274.6875	15.82565	-91.15801
1275	15.79082	-91.52816
1275.3125	15.75014	-91.78229
1275.625	15.70284	-92.03233
1275.9375	15.65555	-92.12829
1276.25	15.60235	-92.53323
1276.5625	15.54179	-92.36343
1276.875	15.47638	-92.83714
1277.1875	15.4095	-92.87077
1277.5	15.33473	-92.84164
1277.8125	15.26237	-92.92249
1278.125	15.18796	-92.90511
1278.4375	15.11799	-92.68171
1278.75	15.05576	-92.59932
1279.0625	15.00173	-92.42978
1279.375	14.95361	-92.06746
1279.6875	14.92149	-91.83042
1280	14.89609	-91.80597
1280.3125	14.87366	-91.75529
1280.625	14.86055	-91.36629
1280.9375	14.84237	-91.18943
1281.25	14.8477	-91.10667
1281.5625	14.83257	-90.86115
1281.875	14.8274	-90.93302
1282.1875	14.82447	-90.78768
1282.5	14.80901	-90.81372
1282.8125	14.80376	-90.78487
1283.125	14.78676	-90.82183
1283.4375	14.78306	-90.93899
1283.75	14.77007	-90.95874
1284.0625	14.7577	-90.8159
1284.375	14.74693	-90.71024
1284.6875	14.73722	-90.80315
1285	14.72257	-90.95294
1285.3125	14.70117	-90.84604
1285.625	14.69262	-90.62395
1285.9375	14.6882	-90.85702
1286.25	14.67243	-90.81963
1286.5625	14.66101	-90.7367
1286.875	14.64631	-90.69319
1287.1875	14.63638	-90.57999
1287.5	14.62915	-90.82542
1287.8125	14.62087	-90.89394
1288.125	14.60543	-90.67539
1288.4375	14.60029	-90.99183
1288.75	14.58642	-90.65016
1289.0625	14.57866	-90.80806
1289.375	14.57172	-90.63601
1289.6875	14.56132	-90.78506
1290	14.55534	-90.76762
1290.3125	14.54855	-90.71528
1290.625	14.54344	-90.44479
1290.9375	14.53853	-90.55871
1291.25	14.53677	-90.5535
1291.5625	14.54276	-90.55623
1291.875	14.54015	-90.60358
1292.1875	14.53811	-90.44297
1292.5	14.54493	-90.60158
1292.8125	14.54453	-90.53252
1293.125	14.55114	-90.68632
1293.4375	14.55626	-90.3492
1293.75	14.5579	-90.59832
1294.0625	14.56077	-90.66325
1294.375	14.56986	-90.68561
1294.6875	14.57673	-90.6459
1295	14.58636	-90.77937
1295.3125	14.59031	-90.85972
1295.625	14.6009	-90.87296
1295.9375	14.6084	-91.17731
1296.25	14.61404	-91.08208
1296.5625	14.62799	-91.23514
1296.875	14.63986	-91.06644
1297.1875	14.63983	-91.50195
1297.5	14.6473	-91.69231
1297.8125	14.65881	-91.63531
1298.125	14.66496	-91.68071
1298.4375	14.67542	-91.82845
1298.75	14.67165	-91.94544
1299.0625	14.68048	-92.10529
1299.375	14.68099	-92.18748
1299.6875	14.68654	-92.50323
1300	14.68873	-92.57915
1300.3125	14.69397	-92.6851
1300.625	14.69204	-92.91035
1300.9375	14.69271	-92.91978
1301.25	14.69469	-93.15799
1301.5625	14.68827	-93.40204
1301.875	14.70327	-93.54241
1302.1875	14.69366	-93.64977
1302.5	14.68931	-93.67412
1302.8125	14.68754	-94.10699
1303.125	14.68957	-94.10951
1303.4375	14.6868	-94.32438
1303.75	14.68734	-94.65929
1304.0625	14.68437	-94.69801
1304.375	14.67924	-94.85271
1304.6875	14.67339	-95.00665
1305	14.6717	-94.95503
1305.3125	14.66442	-95.18227
1305.625	14.66521	-95.45464
1305.9375	14.6682	-95.78001
1306.25	14.66623	-95.7011
1306.5625	14.66205	-96.01055
1306.875	14.65747	-96.20747
1307.1875	14.65583	-96.23679
1307.5	14.65445	-96.36227
1307.8125	14.65936	-96.71017
1308.125	14.64638	-96.85214
1308.4375	14.64579	-97.03027
1308.75	14.64149	-97.11726
1309.0625	14.64246	-97.41534
1309.375	14.64558	-97.59774
1309.6875	14.63991	-97.51582
1310	14.64005	-97.81158
1310.3125	14.63504	-97.76955
1310.625	14.63356	-98.13867
1310.9375	14.635	-98.45128
1311.25	14.63403	-98.48126
1311.5625	14.62688	-98.63224
1311.875	14.62437	-98.99497
1312.1875	14.6247	-98.82969
1312.5	14.62327	-99.17163
1312.8125	14.62213	-99.30894
1313.125	14.63063	-99.58802
1313.4375	14.62242	-99.64491
1313.75	14.61997	-99.64794
1314.0625	14.62473	-100.1784
1314.375	14.62867	-100.2017
1314.6875	14.62214	-100.3342
1315	14.62527	-100.411
1315.3125	14.62692	-100.7385
1315.625	14.6295	-101.1209
1315.9375	14.63568	-101.0485
1316.25	14.63438	-101.3089
1316.5625	14.64602	-101.6178
1316.875	14.64073	-101.7465
1317.1875	14.64808	-102.0284
1317.5	14.64777	-102.4132
1317.8125	14.64584	-102.4847
1318.125	14.64891	-102.8686
1318.4375	14.64653	-102.9027
1318.75	14.65804	-103.3644
1319.0625	14.65935	-103.4424
1319.375	14.65742	-103.7461
1319.6875	14.65806	-104.1693
1320	14.65404	-104.0195
1320.3125	14.65884	-104.6292
1320.625	14.65838	-104.8699
1320.9375	14.66505	-104.6359
1321.25	14.66122	-105.0605
1321.5625	14.66913	-105.4389
1321.875	14.66072	-105.7989
1322.1875	14.66334	-105.8234
1322.5	14.67515	-106.5007
1322.8125	14.66865	-106.55
1323.125	14.6649	-106.9854
1323.4375	14.67075	-107.2234
1323.75	14.6765	-107.2297
1324.0625	14.67449	-107.4963
1324.375	14.67268	-107.8337
1324.6875	14.66724	-108.0756
1325	14.67627	-108.7488
1325.3125	14.67446	-108.9805
1325.625	14.66891	-109.1882
1325.9375	14.6675	-109.4472
1326.25	14.66346	-109.8536
1326.5625	14.66488	-110.3964
1326.875	14.66545	-110.5156
1327.1875	14.65732	-110.4177
1327.5	14.65795	-111.01
1327.8125	14.66037	-111.6281
1328.125	14.65029	-111.7205
1328.4375	14.65071	-112.5365
1328.75	14.64109	-112.5996
1329.0625	14.63856	-113.0514
1329.375	14.62957	-113.3913
1329.6875	14.62243	-113.4332
1330	14.61421	-113.8904
1330.3125	14.61139	-114.3687
1330.625	14.60457	-114.7588
1330.9375	14.5962	-115.1033
1331.25	14.58424	-115.4687
1331.5625	14.57086	-115.8997
1331.875	14.56847	-116.2432
1332.1875	14.56086	-116.3497
1332.5	14.55224	-116.8584
1332.8125	14.54561	-117.4597
1333.125	14.54119	-117.6315
1333.4375	14.53647	-117.8593
1333.75	14.52613	-118.4546
1334.0625	14.51952	-118.6996
1334.375	14.50373	-118.9925
1334.6875	14.50117	-119.5723
1335	14.48886	-119.9074
1335.3125	14.48208	-120.1484
1335.625	14.48014	-120.2057
1335.9375	14.46946	-120.5654
1336.25	14.46649	-121.1744
1336.5625	14.46304	-121.5408
1336.875	14.45227	-121.9614
1337.1875	14.44506	-122.0898
1337.5	14.44532	-122.5119
1337.8125	14.44302	-123.3231
1338.125	14.44299	-123.4806
1338.4375	14.4477	-123.8465
1338.75	14.43772	-124.1939
1339.0625	14.44217	-124.653
1339.375	14.45549	-124.6214
1339.6875	14.46685	-125.301
1340	14.47021	-125.7614
1340.3125	14.47174	-126.1674
1340.625	14.48764	-126.4244
1340.9375	14.50859	-127.0916
1341.25	14.52872	-127.4301
1341.5625	14.5474	-127.9453
1341.875	14.57412	-128.1549
1342.1875	14.58956	-128.5236
1342.5	14.62046	-129.2281
1342.8125	14.64605	-129.9082
1343.125	14.67504	-130.3844
1343.4375	14.70656	-130.9466
1343.75	14.736	-131.7109
1344.0625	14.76679	-132.3373
1344.375	14.80251	-132.7853
1344.6875	14.83855	-133.6137
1345	14.87284	-134.2924
1345.3125	14.90944	-135.1804
1345.625	14.9479	-136.0031
1345.9375	14.98922	-136.897
1346.25	15.01976	-137.5419
1346.5625	15.05812	-138.5787
1346.875	15.09735	-139.4373
1347.1875	15.12474	-140.5569
1347.5	15.15695	-141.3722
1347.8125	15.18709	-142.5895
1348.125	15.21352	-143.765
1348.4375	15.24828	-144.8119
1348.75	15.26796	-145.9747
1349.0625	15.2907	-147.3063
1349.375	15.31258	-148.563
1349.6875	15.32611	-150.0694
1350	15.33303	-151.0381
1350.3125	15.34759	-152.7048
1350.625	15.36008	-153.9579
1350.9375	15.36051	-155.3961
1351.25	15.36014	-156.8587
1351.5625	15.35424	-158.4384
1351.875	15.34421	-159.9982
1352.1875	15.332	-161.8145
1352.5	15.31732	-163.4709
1352.8125	15.28757	-165.1714
1353.125	15.26004	-167.0295
1353.4375	15.23522	-168.5581
1353.75	15.19344	-170.4444
1354.0625	15.14359	-172.585
1354.375	15.0863	-174.1548
1354.6875	15.03066	-176.4662
1355	14.9723	-178.3029
1355.3125	14.90069	179.6414
1355.625	14.81542	177.3721
1355.9375	14.73262	175.2873
1356.25	14.64457	173.0925
1356.5625	14.53937	170.585
1356.875	14.42946	168.4711
1357.1875	14.31709	166.1614
1357.5	14.18281	163.7777
1357.8125	14.05145	161.5435
1358.125	13.9157	158.8264
1358.4375	13.76164	156.1597
1358.75	13.59595	153.3302
1359.0625	13.42767	150.8029
1359.375	13.24158	148.0923
1359.6875	13.04595	145.2199
1360	12.83391	142.4858
1360.3125	12.62369	139.8041
1360.625	12.39867	136.6102
1360.9375	12.15557	133.9527
1361.25	11.89423	131.2109
1361.5625	11.62164	127.7088
1361.875	11.356	125.0864
1362.1875	11.07607	121.777
1362.5	10.77736	118.7243
1362.8125	10.47494	115.5159
1363.125	10.15688	112.5129
1363.4375	9.838002	109.6774
1363.75	9.518084	106.4387
1364.0625	9.187715	103.19
1364.375	8.868629	100.1081
1364.6875	8.553059	96.66376
1365	8.232774	93.4376
1365.3125	7.926198	89.95953
1365.625	7.611763	86.73982
1365.9375	7.307603	83.31841
1366.25	7.014821	79.53853
1366.5625	6.729774	76.02261
1366.875	6.476087	72.53316
1367.1875	6.205115	68.50599
1367.5	5.949161	64.743
1367.8125	5.711503	61.09929
1368.125	5.501649	57.16826
1368.4375	5.294275	52.36305
1368.75	5.098538	48.71879
1369.0625	4.931113	44.8476
1369.375	4.781328	40.44888
1369.6875	4.635028	36.26294
1370	4.507759	32.37026
1370.3125	4.370847	27.86901
1370.625	4.281041	23.91055
1370.9375	4.168169	19.82588
1371.25	4.106538	15.68202
1371.5625	4.008625	12.19611
1371.875	3.938206	8.325051
1372.1875	3.866605	4.355435
1372.5	3.813328	0.7183957
1372.8125	3.770042	-2.402796
1373.125	3.713033	-5.760885
1373.4375	3.698212	-8.616599
1373.75	3.650833	-11.64975
1374.0625	3.62415	-14.49308
1374.375	3.620657	-17.10913
1374.6875	3.604084	-19.57429
1375	3.610008	-21.85732
1375.3125	3.6053	-23.75982
1375.625	3.619269	-26.36607
1375.9375	3.653203	-27.76879
1376.25	3.659842	-29.93169
1376.5625	3.716802	-31.24715
1376.875	3.747521	-32.94561
1377.1875	3.835546	-34.12168
1377.5	3.876169	-35.67098
1377.8125	4.017101	-37.03004
1378.125	4.095188	-38.17476
1378.4375	4.176545	-38.91195
1378.75	4.319798	-39.7567
1379.0625	4.474698	-40.77308
1379.375	4.575592	-41.85449
1379.6875	4.729924	-42.89547
1380	4.896375	-43.90079
1380.3125	5.060332	-44.78345
1380.625	5.185441	-45.62431
1380.9375	5.396817	-46.50899
1381.25	5.544887	-47.47316
1381.5625	5.723068	-48.51794
1381.875	5.900948	-49.35089
1382.1875	6.076989	-50.11637
1382.5	6.23805	-51.44053
1382.8125	6.422822	-52.53798
1383.125	6.594834	-53.59627
1383.4375	6.761431	-54.50212
1383.75	6.936295	-55.73338
1384.0625	7.118838	-57.03045
1384.375	7.282924	-57.99843
1384.6875	7.461843	-58.98269
1385	7.61822	-60.35357
1385.3125	7.795527	-61.3174
1385.625	7.957754	-62.59376
1385.9375	8.121836	-63.82067
1386.25	8.29853	-65.07222
1386.5625	8.475168	-66.23906
1386.875	8.646889	-67.73553
1387.1875	8.813328	-68.9947
1387.5	9.007633	-70.33391
1387.8125	9.190432	-71.66246
1388.125	9.371049	-73.12584
1388.4375	9.566417	-74.86995
1388.75	9.76121	-76.31664
1389.0625	9.948421	-77.83833
1389.375	10.1384	-79.51633
1389.6875	10.35568	-81.65516
1390	10.55577	-83.46206
1390.3125	10.75367	-85.39303
1390.625	10.95186	-87.63288
1390.9375	11.15228	-89.94085
1391.25	11.36624	-92.23338
1391.5625	11.56712	-94.36372
1391.875	11.7818	-97.27054
1392.1875	11.98435	-100.424
1392.5	12.18955	-103.0144
1392.8125	12.38301	-106.6407
1393.125	12.58379	-109.9531
1393.4375	12.76949	-113.4168
1393.75	12.94278	-117.7349
1394.0625	13.11665	-121.433
1394.375	13.27336	-125.943
1394.6875	13.40018	-130.5942
1395	13.51003	-135.8431
1395.3125	13.60027	-140.8069
1395.625	13.65418	-146.6007
1395.9375	13.67775	-152.6995
1396.25	13.63953	-158.9751
1396.5625	13.55487	-165.7319
1396.875	13.41766	-172.6664
1397.1875	13.19755	-179.9701
1397.5	12.89517	172.6615
1397.8125	12.528	165.0591
1398.125	12.08899	157.3522
1398.4375	11.56691	149.7402
1398.75	11.00576	141.905
1399.0625	10.38189	134.7205
1399.375	9.732234	127.3102
1399.6875	9.078686	120.3382
1400	8.408908	113.318
1400.3125	7.745585	106.5384
1400.625	7.120377	100.1443
1400.9375	6.500346	93.78845
1401.25	5.949802	87.85736
1401.5625	5.460463	81.76524
1401.875	5.0388	75.97638
1402.1875	4.658567	70.20846
1402.5	4.360661	64.61708
1402.8125	4.061838	58.51742
1403.125	3.827318	53.39673
1403.4375	3.6209	48.313
1403.75	3.482171	43.4204
1404.0625	3.338778	38.07162
1404.375	3.229405	33.56806
1404.6875	3.213564	29.93985
1405	3.203814	25.78049
1405.3125	3.194571	21.7013
1405.625	3.197076	18.45832
1405.9375	3.222482	14.7938
1406.25	3.260884	11.26058
1406.5625	3.326869	8.703515
1406.875	3.358049	5.76609
1407.1875	3.41928	3.235668
1407.5	3.482335	0.6385857
1407.8125	3.524522	-2.142812
1408.125	3.576502	-4.48355
1408.4375	3.645377	-6.102863
1408.75	3.704113	-8.27936
1409.0625	3.75089	-10.58951
1409.375	3.789068	-12.02238
1409.6875	3.853055	-13.42762
1410	3.91082	-15.36048
1410.3125	3.965709	-16.50957
1410.625	4.034357	-17.90567
1410.9375	4.077997	-19.4101
1411.25	4.147572	-20.95584
1411.5625	4.178555	-21.47698
1411.875	4.237811	-22.88379
1412.1875	4.299383	-23.55418
1412.5	4.345653	-24.86839
1412.8125	4.38797	-25.53884
1413.125	4.454963	-26.48332
1413.4375	4.497698	-27.19279
1413.75	4.544983	-27.89685
1414.0625	4.57937	-28.67752
1414.375	4.62321	-29.5831
1414.6875	4.698287	-30.18164
1415	4.727698	-30.73933
1415.3125	4.794016	-31.30406
1415.625	4.836586	-31.68883
1415.9375	4.905339	-32.096
1416.25	4.96156	-32.85771
1416.5625	5.011619	-33.35478
1416.875	5.088905	-33.80119
1417.1875	5.128606	-34.01759
1417.5	5.200864	-34.95366
1417.8125	5.271715	-35.00019
1418.125	5.327324	-35.9199
1418.4375	5.407734	-36.11296
1418.75	5.465959	-36.20543
1419.0625	5.553415	-36.94753
1419.375	5.582262	-37.0922
1419.6875	5.677529	-37.695
1420	5.727802	-38.4085
1420.3125	5.784369	-38.60927
1420.625	5.850687	-39.01644
1420.9375	5.888936	-39.33451
1421.25	5.972278	-39.95278
1421.5625	6.032189	-40.68927
1421.875	6.070462	-40.73166
1422.1875	6.102348	-41.28698
1422.5	6.157568	-41.55539
1422.8125	6.220622	-42.20966
1423.125	6.254677	-42.35711
1423.4375	6.2843	-43.02062
1423.75	6.332991	-43.29581
1424.0625	6.361492	-43.75782
1424.375	6.417668	-44.15588
1424.6875	6.466269	-44.57479
1425	6.502826	-44.73585
1425.3125	6.524793	-45.10949
1425.625	6.590685	-45.40932
1425.9375	6.607283	-45.68681
1426.25	6.652405	-46.23334
1426.5625	6.703732	-46.40831
1426.875	6.750741	-47.04873
1427.1875	6.777484	-46.88107
1427.5	6.790543	-47.77066
1427.8125	6.835329	-47.94971
1428.125	6.858682	-48.58091
1428.4375	6.885608	-48.80542
1428.75	6.905808	-49.39685
1429.0625	6.938671	-49.56144
1429.375	6.964807	-49.85528
1429.6875	6.981383	-50.28231
1430	7.020393	-50.36761
1430.3125	7.040805	-50.93702
1430.625	7.037816	-50.98041
1430.9375	7.069441	-51.11521
1431.25	7.084047	-51.48041
1431.5625	7.111144	-51.29954
1431.875	7.146212	-52.07002
1432.1875	7.156258	-52.41269
1432.5	7.194439	-52.53367
1432.8125	7.193428	-52.88828
1433.125	7.214559	-53.10777
1433.4375	7.237723	-53.36839
1433.75	7.268876	-53.69148
1434.0625	7.27007	-53.65722
1434.375	7.290358	-54.22231
1434.6875	7.329149	-54.20478
1435	7.344991	-54.53038
1435.3125	7.344349	-55.01415
1435.625	7.381375	-55.12297
1435.9375	7.399277	-54.9921
1436.25	7.400877	-55.29541
1436.5625	7.408832	-55.54585
1436.875	7.434897	-56.09358
1437.1875	7.44719	-56.03976
1437.5	7.470155	-56.13906
1437.8125	7.480295	-56.44812
1438.125	7.484445	-56.55125
1438.4375	7.516148	-56.79579
1438.75	7.514463	-56.95882
1439.0625	7.523643	-57.45369
1439.375	7.53364	-57.41008
1439.6875	7.553816	-57.5225
1440	7.561817	-57.32652
1440.3125	7.571836	-57.80593
1440.625	7.593619	-57.73344
1440.9375	7.617745	-58.05965
1441.25	7.64425	-57.9777
1441.5625	7.66149	-58.14956
1441.875	7.676272	-58.26711
1442.1875	7.68738	-58.33417
1442.5	7.714076	-58.85065
1442.8125	7.728813	-58.87798
1443.125	7.756433	-58.94571
1443.4375	7.783898	-59.22902
1443.75	7.805164	-59.69987
1444.0625	7.82204	-59.26218
1444.375	7.846206	-59.53274
1444.6875	7.861466	-59.76874
1445	7.893529	-59.64408
1445.3125	7.897036	-60.04243
1445.625	7.931827	-59.97457
1445.9375	7.95215	-60.30815
1446.25	7.980421	-60.47234
1446.5625	8.01666	-60.31215
1446.875	8.038928	-60.43612
1447.1875	8.060836	-60.70057
1447.5	8.079108	-60.87
1447.8125	8.110748	-61.01945
1448.125	8.136443	-60.99502
1448.4375	8.175385	-61.25905
1448.75	8.198572	-61.32277
1449.0625	8.234246	-61.71457
1449.375	8.253023	-61.85263
1449.6875	8.285603	-61.84821
1450	8.311703	-62.00988
1450.3125	8.331591	-62.46867
1450.625	8.356038	-62.35151
1450.9375	8.39789	-62.66677
1451.25	8.430764	-62.60004
1451.5625	8.461061	-62.83968
1451.875	8.491881	-63.2569
1452.1875	8.522601	-63.76707
1452.5	8.553739	-63.63987
1452.8125	8.582312	-63.46705
1453.125	8.641698	-63.9544
1453.4375	8.655239	-64.4466
1453.75	8.699453	-64.60104
1454.0625	8.719637	-64.7551
1454.375	8.750637	-64.78357
1454.6875	8.768988	-65.26006
1455	8.819041	-65.39565
1455.3125	8.84701	-65.90191
1455.625	8.869319	-66.10847
1455.9375	8.89031	-66.54662
1456.25	8.930155	-66.79214
1456.5625	8.938046	-66.84122
1456.875	8.967978	-67.42783
1457.1875	8.996035	-67.62421
1457.5	9.019629	-68.08683
1457.8125	9.041278	-68.46862
1458.125	9.042377	-69.08421
1458.4375	9.070709	-69.10553
1458.75	9.086433	-69.8526
1459.0625	9.104653	-70.05038
1459.375	9.107141	-70.25395
1459.6875	9.110052	-70.70559
1460	9.12494	-71.09206
1460.3125	9.125262	-71.40889
1460.625	9.142159	-72.06124
1460.9375	9.139429	-72.11877
1461.25	9.138577	-72.26565
1461.5625	9.125255	-72.6906
1461.875	9.134235	-73.26832
1462.1875	9.12532	-73.6537
1462.5	9.103564	-73.89234
1462.8125	9.096662	-74.47634
1463.125	9.089691	-74.64236
1463.4375	9.076594	-75.0228
1463.75	9.061255	-75.23411
1464.0625	9.054131	-75.43455
1464.375	9.026859	-76.05976
1464.6875	9.012839	-76.27225
1465	8.980261	-76.74635
1465.3125	8.988516	-76.68116
1465.625	8.950544	-76.86401
1465.9375	8.943778	-76.923
1466.25	8.913599	-77.25042
1466.5625	8.925261	-77.75079
1466.875	8.894197	-77.63327
1467.1875	8.871631	-77.78231
1467.5	8.864067	-78.02935
1467.8125	8.854223	-78.5332
1468.125	8.819044	-78.57318
1468.4375	8.834137	-78.88992
1468.75	8.803891	-78.73931
1469.0625	8.791149	-78.74125
1469.375	8.807574	-78.92235
1469.6875	8.787476	-79.12308
1470	8.778243	-79.44872
1470.3125	8.806056	-79.68094
1470.625	8.773072	-80.08575
1470.9375	8.777376	-80.04469
1471.25	8.776845	-79.82149
1471.5625	8.775752	-80.24243
1471.875	8.76284	-80.60608
1472.1875	8.778719	-80.75462
1472.5	8.774418	-80.62231
1472.8125	8.776814	-81.31654
1473.125	8.771456	-81.20438
1473.4375	8.784519	-81.66313
1473.75	8.77335	-81.68114
1474.0625	8.783428	-81.66712
1474.375	8.781379	-82.31212
1474.6875	8.780306	-82.57867
1475	8.775943	-83.06454
1475.3125	8.773561	-83.19681
1475.625	8.776237	-83.41293
1475.9375	8.782612	-84.03016
1476.25	8.786559	-84.28125
1476.5625	8.766806	-84.48816
1476.875	8.756138	-84.75114
1477.1875	8.746914	-85.47839
1477.5	8.745245	-85.79087
1477.8125	8.723508	-86.08704
1478.125	8.706128	-86.54807
1478.4375	8.692914	-86.90303
1478.75	8.665216	-87.15335
1479.0625	8.643662	-87.80334
1479.375	8.592065	-88.08883
1479.6875	8.599408	-88.50613
1480	8.547839	-89.00014
1480.3125	8.502968	-89.22537
1480.625	8.476903	-89.67007
1480.9375	8.416323	-90.1136
1481.25	8.369837	-90.17445
1481.5625	8.31025	-91.33011
1481.875	8.267306	-91.13529
1482.1875	8.196857	-91.48076
1482.5	8.123771	-92.35439
1482.8125	8.071707	-92.47044
1483.125	8.003143	-92.55784
1483.4375	7.930326	-92.89029
1483.75	7.845781	-93.33916
1484.0625	7.766631	-93.57319
1484.375	7.678311	-93.67996
1484.6875	7.582488	-94.20602
1485	7.5179	-94.26418
1485.3125	7.415128	-94.30353
1485.625	7.321045	-94.21129
1485.9375	7.219007	-94.36472
1486.25	7.118797	-94.67451
1486.5625	7.013581	-94.62898
1486.875	6.903703	-94.80028
1487.1875	6.812161	-94.6061
1487.5	6.710839	-94.50523
1487.8125	6.577595	-94.26144
1488.125	6.500678	-94.1752
1488.4375	6.388104	-94.02898
1488.75	6.294754	-93.70882
1489.0625	6.197901	-93.26301
1489.375	6.106663	-92.84895
1489.6875	6.011828	-92.61259
1490	5.928853	-92.10773
1490.3125	5.825262	-91.7302
1490.625	5.758062	-91.01197
1490.9375	5.702412	-90.65269
1491.25	5.601336	-90.22664
1491.5625	5.552829	-89.56883
1491.875	5.494439	-89.03873
1492.1875	5.428894	-88.25119
1492.5	5.382704	-87.91828
1492.8125	5.34506	-87.20959
1493.125	5.310523	-86.11868
1493.4375	5.273423	-85.92243
1493.75	5.256321	-85.35799
1494.0625	5.244386	-84.32201
1494.375	5.228306	-83.67905
1494.6875	5.242594	-83.36926
1495	5.228894	-82.38755
1495.3125	5.245766	-81.77032
1495.625	5.257106	-81.15968
1495.9375	5.275265	-80.67212
1496.25	5.282052	-80.00057
1496.5625	5.30774	-79.38342
1496.875	5.334047	-78.63404
1497.1875	5.391221	-78.17032
1497.5	5.416383	-77.66987
1497.8125	5.444417	-77.03367
1498.125	5.490913	-76.95917
1498.4375	5.560769	-76.28712
1498.75	5.608702	-75.95135
1499.0625	5.672655	-75.1497
1499.375	5.731653	-75.04899
1499.6875	5.795447	-74.61007
1500	5.880749	-74.81338
1500.3125	5.960183	-73.52261
1500.625	6.007382	-73.59825
1500.9375	6.085773	-73.52557
1501.25	6.139943	-73.46808
1501.5625	6.226864	-72.59483
1501.875	6.280279	-72.75397
1502.1875	6.346383	-72.47076
1502.5	6.432078	-72.24191
1502.8125	6.502766	-72.46504
1503.125	6.569829	-72.36274
1503.4375	6.655275	-72.10386
1503.75	6.703773	-72.22857
1504.0625	6.78725	-72.22311
1504.375	6.833197	-72.27122
1504.6875	6.922197	-72.14964
1505	6.964736	-72.36482
1505.3125	7.022325	-72.3924
1505.625	7.092736	-72.51783
1505.9375	7.155768	-72.51044
1506.25	7.20773	-72.7065
1506.5625	7.263341	-72.92587
1506.875	7.339039	-73.01485
1507.1875	7.382131	-73.07505
1507.5	7.432894	-73.64129
1507.8125	7.471641	-73.23094
1508.125	7.499623	-74.0732
1508.4375	7.568262	-74.50155
1508.75	7.589089	-74.30772
1509.0625	7.621817	-74.33978
1509.375	7.673676	-74.66817
1509.6875	7.710925	-74.92712
1510	7.727433	-74.84853
1510.3125	7.759351	-75.33447
1510.625	7.791166	-75.75924
1510.9375	7.784065	-75.9163
1511.25	7.826521	-76.2086
1511.5625	7.846551	-76.5389
1511.875	7.849527	-76.71296
1512.1875	7.861745	-76.8781
1512.5	7.894567	-77.2687
1512.8125	7.896125	-77.64086
1513.125	7.895218	-77.86241
1513.4375	7.892447	-77.70683
1513.75	7.894847	-78.10548
1514.0625	7.893682	-78.0793
1514.375	7.894333	-78.52193
1514.6875	7.89508	-78.61863
1515	7.88724	-78.50787
1515.3125	7.874014	-79.05106
1515.625	7.856434	-79.24082
1515.9375	7.856678	-78.9303
1516.25	7.843136	-78.81691
1516.5625	7.844038	-79.16192
1516.875	7.818625	-79.22263
1517.1875	7.828209	-79.00585
1517.5	7.82771	-79.25985
1517.8125	7.802663	-79.08036
1518.125	7.810543	-79.19611
1518.4375	7.833323	-78.7013
1518.75	7.826062	-78.48858
1519.0625	7.825608	-78.98741
1519.375	7.843438	-78.7486
1519.6875	7.870224	-78.36275
1520	7.900294	-78.5779
1520.3125	7.918566	-78.49344
1520.625	7.942784	-78.45493
1520.9375	7.97775	-78.63166
1521.25	8.007187	-78.11584
1521.5625	8.035212	-77.98811
1521.875	8.076869	-78.08971
1522.1875	8.125442	-78.35086
1522.5	8.186714	-78.21063
1522.8125	8.21647	-78.30313
1523.125	8.269234	-78.41398
1523.4375	8.31656	-78.46407
1523.75	8.355509	-78.25391
1524.0625	8.42468	-78.68436
1524.375	8.471189	-78.75159
1524.6875	8.514702	-78.86287
1525	8.552858	-79.08471
1525.3125	8.606043	-78.96187
1525.625	8.66685	-79.56177
1525.9375	8.721905	-79.57645
1526.25	8.759925	-79.89196
1526.5625	8.79792	-80.08712
1526.875	8.854815	-80.28016
1527.1875	8.900822	-80.87975
1527.5	8.947915	-81.42112
1527.8125	8.984879	-81.37379
1528.125	9.028537	-81.99115
1528.4375	9.082698	-82.2435
1528.75	9.107713	-82.47868
1529.0625	9.115904	-83.25921
1529.375	9.177121	-83.8225
1529.6875	9.196773	-83.93231
1530	9.230003	-84.63707
1530.3125	9.251091	-84.88191
1530.625	9.274343	-85.37309
1530.9375	9.296247	-86.00348
1531.25	9.320315	-86.55872
1531.5625	9.323767	-87.19816
1531.875	9.33593	-87.7625
1532.1875	9.339528	-88.19471
1532.5	9.340405	-88.59407
1532.8125	9.34873	-89.17117
1533.125	9.338026	-89.77843
1533.4375	9.338052	-89.86817
1533.75	9.330666	-90.75011
1534.0625	9.31568	-91.43475
1534.375	9.298681	-92.01752
1534.6875	9.280085	-92.27802
1535	9.253042	-93.49372
1535.3125	9.226483	-93.64612
1535.625	9.194304	-94.23441
1535.9375	9.180091	-94.81656
1536.25	9.12911	-95.48624
1536.5625	9.084636	-96.01212
1536.875	9.043454	-96.47894
1537.1875	8.98086	-97.3823
1537.5	8.92595	-97.63579
1537.8125	8.872924	-98.37299
1538.125	8.80844	-99.02158
1538.4375	8.735148	-99.26088
1538.75	8.669007	-99.74788
1539.0625	8.591896	-100.2083
1539.375	8.506926	-100.5555
1539.6875	8.421444	-101.1554
1540	8.332573	-101.6002
1540.3125	8.226511	-102.0985
1540.625	8.136864	-102.4674
1540.9375	8.035652	-102.7416
1541.25	7.916153	-102.5875
1541.5625	7.812933	-103.1831
1541.875	7.717214	-102.9269
1542.1875	7.58983	-103.0794
1542.5	7.49684	-103.4076
1542.8125	7.393287	-103.2109
1543.125	7.294127	-103.1882
1543.4375	7.178142	-103.5526
1543.75	7.083323	-103.1596
1544.0625	6.989409	-103.1121
1544.375	6.865921	-102.5745
1544.6875	6.777205	-102.5324
1545	6.705304	-102.7352
1545.3125	6.615708	-102.0831
1545.625	6.51537	-101.8634
1545.9375	6.427317	-101.6713
1546.25	6.340222	-101.6941
1546.5625	6.276562	-101.0524
1546.875	6.21079	-100.9759
1547.1875	6.163186	-100.4983
1547.5	6.058314	-99.97131
1547.8125	6.014986	-99.53168
1548.125	5.96232	-99.2257
1548.4375	5.919703	-98.78202
1548.75	5.853359	-98.66774
1549.0625	5.799219	-98.00802
1549.375	5.75209	-97.90439
1549.6875	5.717935	-97.60927
1550	5.694755	-96.72587
1550.3125	5.659971	-96.38268
1550.625	5.614238	-96.15189
1550.9375	5.571013	-96.00423
1551.25	5.554906	-95.36366
1551.5625	5.514708	-95.03555
1551.875	5.499489	-94.67766
1552.1875	5.463419	-94.35223
1552.5	5.445514	-94.21652
1552.8125	5.436157	-93.52417
1553.125	5.413312	-93.24794
1553.4375	5.396271	-92.72646
1553.75	5.409473	-92.451
1554.0625	5.375788	-91.91895
1554.375	5.369367	-91.2734
1554.6875	5.342841	-91.37482
1555	5.330438	-90.8386
1555.3125	5.338881	-90.57351
1555.625	5.319197	-89.82581
1555.9375	5.337229	-89.42539
1556.25	5.319424	-89.18977
1556.5625	5.341458	-88.53494
1556.875	5.342505	-88.40371
1557.1875	5.355278	-87.47985
1557.5	5.373916	-86.93861
1557.8125	5.398603	-87.1422
1558.125	5.392576	-86.43256
1558.4375	5.421262	-86.22379
1558.75	5.480576	-85.90831
1559.0625	5.468771	-85.29975
1559.375	5.50701	-84.98557
1559.6875	5.554334	-84.4892
1560	5.576547	-84.43442
1560.3125	5.613633	-84.44312
1560.625	5.653701	-84.26702
1560.9375	5.686183	-83.45947
1561.25	5.710986	-83.55362
1561.5625	5.757355	-83.15115
1561.875	5.772436	-83.04757
1562.1875	5.819979	-82.62133
1562.5	5.872357	-82.67798
1562.8125	5.897726	-82.7439
1563.125	5.95098	-82.42314
1563.4375	5.973948	-82.42631
1563.75	6.01684	-82.22746
1564.0625	6.038981	-81.67406
1564.375	6.102744	-81.95779
1564.6875	6.122074	-81.73494
1565	6.156977	-81.5608
1565.3125	6.192432	-81.63203
1565.625	6.218763	-81.91189
1565.9375	6.252051	-81.49516
1566.25	6.288925	-81.10012
1566.5625	6.300766	-81.02686
1566.875	6.345561	-81.2789
1567.1875	6.373934	-81.433
1567.5	6.383663	-81.08894
1567.8125	6.443042	-81.32291
1568.125	6.470094	-81.62719
1568.4375	6.504185	-81.24156
1568.75	6.518036	-81.4511
1569.0625	6.549231	-81.44505
1569.375	6.589386	-81.39242
1569.6875	6.583771	-81.36729
1570	6.642615	-81.52296
1570.3125	6.646817	-81.47305
1570.625	6.671073	-81.26826
1570.9375	6.70786	-81.22057
1571.25	6.719898	-81.00991
1571.5625	6.722836	-81.31153
1571.875	6.76661	-81.13838
1572.1875	6.788875	-81.21967
1572.5	6.798544	-81.30747
1572.8125	6.832637	-81.36019
1573.125	6.854028	-81.42324
1573.4375	6.883446	-81.09006
1573.75	6.895924	-81.08868
1574.0625	6.927	-81.2499
1574.375	6.937537	-81.33321
1574.6875	6.961411	-81.31019
1575	6.963069	-81.13831
1575.3125	7.003136	-81.38343
1575.625	7.043838	-81.52606
1575.9375	7.044692	-81.53625
1576.25	7.07443	-81.50932
1576.5625	7.08015	-81.55862
1576.875	7.123003	-81.4308
1577.1875	7.138062	-81.44022
1577.5	7.157137	-81.65071
1577.8125	7.174907	-81.47932
1578.125	7.176859	-81.93583
1578.4375	7.179241	-81.6864
1578.75	7.220854	-81.83053
1579.0625	7.230726	-82.00297
1579.375	7.241965	-81.63419
1579.6875	7.255576	-82.26143
1580	7.288487	-82.22141
1580.3125	7.291649	-82.42324
1580.625	7.302401	-82.1492
1580.9375	7.321715	-82.08566
1581.25	7.35245	-82.45784
1581.5625	7.35858	-82.01302
1581.875	7.365808	-82.46865
1582.1875	7.385327	-82.20042
1582.5	7.401991	-82.34328
1582.8125	7.428911	-82.72021
1583.125	7.447802	-82.32147
1583.4375	7.443347	-82.00907
1583.75	7.473419	-82.62376
1584.0625	7.498556	-82.76868
1584.375	7.49943	-82.93422
1584.6875	7.48153	-82.98433
1585	7.517014	-83.07481
1585.3125	7.531744	-82.72925
1585.625	7.569913	-82.9222
1585.9375	7.532595	-83.08915
1586.25	7.558427	-83.28812
1586.5625	7.585254	-82.98697
1586.875	7.578851	-83.1946
1587.1875	7.596619	-83.21535
1587.5	7.623483	-83.26501
1587.8125	7.626852	-83.12017
1588.125	7.626438	-83.51099
1588.4375	7.645819	-83.36146
1588.75	7.697997	-83.69215
1589.0625	7.672638	-83.66589
1589.375	7.686042	-83.86389
1589.6875	7.692307	-84.16026
1590	7.694418	-83.91959
1590.3125	7.700766	-84.2164
1590.625	7.70926	-84.03761
1590.9375	7.737574	-84.30711
1591.25	7.72964	-84.3877
1591.5625	7.75464	-84.1599
1591.875	7.747872	-84.08202
1592.1875	7.754496	-84.14263
1592.5	7.765214	-84.531
1592.8125	7.749038	-84.51598
1593.125	7.762676	-84.63672
1593.4375	7.767663	-84.54916
1593.75	7.79458	-84.46973
1594.0625	7.788432	-84.61978
1594.375	7.791088	-85.05708
1594.6875	7.800691	-84.5945
1595	7.807138	-84.82528
1595.3125	7.807614	-84.96227
1595.625	7.805199	-84.88766
1595.9375	7.832947	-85.03731
1596.25	7.820194	-85.26939
1596.5625	7.839546	-85.23339
1596.875	7.828545	-85.32595
1597.1875	7.830482	-85.00936
1597.5	7.828564	-85.24154
1597.8125	7.852848	-85.33945
1598.125	7.847273	-85.04914
1598.4375	7.854466	-85.68997
1598.75	7.86646	-85.21688
1599.0625	7.878733	-85.46095
1599.375	7.862318	-85.15231
1599.6875	7.88805	-85.55885
1600	7.89264	-85.64605
1600.3125	7.891126	-85.55566
1600.625	7.902855	-85.74708
1600.9375	7.908934	-85.78072
1601.25	7.912718	-85.67136
1601.5625	7.915206	-85.64339
1601.875	7.924075	-85.89883
1602.1875	7.920004	-85.80978
1602.5	7.905219	-85.59412
1602.8125	7.91939	-85.81528
1603.125	7.929149	-86.11275
1603.4375	7.927435	-86.19807
1603.75	7.943991	-86.41131
1604.0625	7.951834	-86.21981
1604.375	7.954439	-86.3805
1604.6875	7.972829	-86.26839
1605	7.978642	-86.21672
1605.3125	7.965539	-86.3643
1605.625	7.978616	-86.36111
1605.9375	7.983377	-86.90463
1606.25	7.984685	-86.24547
1606.5625	8.002074	-86.7464
1606.875	8.004331	-86.81462
1607.1875	7.982727	-87.07871
1607.5	7.98188	-87.28581
1607.8125	8.01016	-86.88586
1608.125	8.002811	-86.97056
1608.4375	8.009597	-87.31136
1608.75	7.992057	-87.05291
1609.0625	7.988533	-87.27345
1609.375	7.997208	-87.35139
1609.6875	7.986645	-87.66178
1610	7.980754	-87.83868
1610.3125	7.973931	-87.66805
1610.625	7.952367	-88.00129
1610.9375	7.929189	-88.09657
1611.25	7.91257	-88.02082
1611.5625	7.901943	-88.34
1611.875	7.88002	-88.53048
1612.1875	7.848106	-88.30145
1612.5	7.822903	-88.3164
1612.8125	7.790256	-88.65706
1613.125	7.743807	-88.74863
1613.4375	7.732758	-88.69441
1613.75	7.681847	-88.21687
1614.0625	7.651599	-88.48106
1614.375	7.591906	-88.12302
1614.6875	7.571128	-87.88932
1615	7.553061	-87.80756
1615.3125	7.48888	-87.74195
1615.625	7.465647	-87.25951
1615.9375	7.452188	-86.85339
1616.25	7.426382	-86.58227
1616.5625	7.43798	-86.30439
1616.875	7.434061	-85.80686
1617.1875	7.447199	-85.47402
1617.5	7.479458	-85.2718
1617.8125	7.490629	-85.19791
1618.125	7.512064	-84.43855
1618.4375	7.556171	-84.44324
1618.75	7.580387	-84.13286
1619.0625	7.618113	-84.39863
1619.375	7.633681	-84.0152
1619.6875	7.670114	-83.94261
1620	7.720331	-83.88973
1620.3125	7.744471	-83.53099
1620.625	7.760718	-83.79832
1620.9375	7.780071	-83.76057
1621.25	7.803013	-83.83193
1621.5625	7.854847	-83.36198
1621.875	7.85664	-83.4119
1622.1875	7.872412	-83.4759
1622.5	7.917233	-83.6198
1622.8125	7.940178	-83.48854
1623.125	7.965556	-83.48586
1623.4375	7.982687	-83.52953
1623.75	8.014571	-83.27102
1624.0625	8.020445	-83.70499
1624.375	8.042472	-83.61833
1624.6875	8.046725	-83.38839
1625	8.057414	-83.80948
1625.3125	8.091443	-83.52024
1625.625	8.102912	-83.41476
1625.9375	8.12992	-83.35153
1626.25	8.14026	-83.29507
1626.5625	8.155647	-83.33549
1626.875	8.167747	-83.60962
1627.1875	8.179646	-83.54637
1627.5	8.20009	-83.50233
1627.8125	8.225028	-83.20683
1628.125	8.244172	-83.29807
1628.4375	8.264071	-83.31213
1628.75	8.275594	-83.17249
1629.0625	8.294291	-83.33534
1629.375	8.312505	-83.48847
1629.6875	8.324912	-83.42744
1630	8.341011	-83.01276
1630.3125	8.360682	-83.18657
1630.625	8.363117	-83.26077
1630.9375	8.400517	-83.33405
1631.25	8.404828	-83.50445
1631.5625	8.427679	-83.04575
1631.875	8.423873	-83.07977
1632.1875	8.451698	-83.35207
1632.5	8.468782	-83.85467
1632.8125	8.477067	-83.59239
1633.125	8.488714	-83.63985
1633.4375	8.512627	-83.15019
1633.75	8.532202	-83.74924
1634.0625	8.557917	-83.35059
1634.375	8.557261	-83.5727
1634.6875	8.584452	-83.77541
1635	8.583344	-83.37527
1635.3125	8.599549	-83.56542
1635.625	8.620938	-83.59844
1635.9375	8.642385	-83.51762
1636.25	8.64502	-83.64496
1636.5625	8.670324	-83.9026
1636.875	8.682527	-83.49656
1637.1875	8.692694	-83.62871
1637.5	8.694628	-83.46589
1637.8125	8.705834	-83.48745
1638.125	8.749455	-84.26334
1638.4375	8.742426	-84.12109
1638.75	8.766329	-83.84626
1639.0625	8.773082	-83.73351
1639.375	8.778246	-84.48925
1639.6875	8.79058	-84.01847
1640	8.808146	-83.87038
1640.3125	8.823597	-84.08286
1640.625	8.852139	-83.8601
1640.9375	8.845063	-83.96615
1641.25	8.86187	-83.7802
1641.5625	8.875812	-83.92246
1641.875	8.890651	-83.97333
1642.1875	8.886891	-84.33249
1642.5	8.920533	-84.34081
1642.8125	8.91754	-84.42616
1643.125	8.930846	-84.03761
1643.4375	8.956304	-84.51318
1643.75	8.95342	-83.92326
1644.0625	8.982933	-84.62055
1644.375	8.961651	-84.42411
1644.6875	8.97822	-84.24207
1645	8.991701	-84.40655
1645.3125	8.99341	-84.6253
1645.625	9.01675	-84.3746
1645.9375	9.024605	-84.03037
1646.25	9.035031	-84.57455
1646.5625	9.0397	-84.2429
1646.875	9.045204	-84.31772
1647.1875	9.069944	-84.36564
1647.5	9.059574	-84.49914
1647.8125	9.079939	-84.48298
1648.125	9.089139	-84.20314
1648.4375	9.10807	-84.82993
1648.75	9.11662	-84.06741
1649.0625	9.122351	-84.34016
1649.375	9.1422	-83.95962
1649.6875	9.152232	-84.36378
1650	9.174339	-84.48694
1650.3125	9.171447	-84.84026
1650.625	9.193849	-84.61364
1650.9375	9.202559	-84.40019
1651.25	9.215458	-84.39299
1651.5625	9.226501	-84.35907
1651.875	9.242591	-83.82634
1652.1875	9.265608	-84.05087
1652.5	9.267098	-84.33756
1652.8125	9.299661	-84.34047
1653.125	9.316325	-84.49272
1653.4375	9.323914	-84.43088
1653.75	9.342752	-84.60787
1654.0625	9.367573	-84.40372
1654.375	9.377148	-84.28804
1654.6875	9.405648	-84.58553
1655	9.407335	-84.32126
1655.3125	9.434468	-84.55832
1655.625	9.452771	-84.72282
1655.9375	9.455564	-84.68749
1656.25	9.480156	-84.50626
1656.5625	9.503452	-84.69608
1656.875	9.527929	-84.65039
1657.1875	9.543588	-84.58527
1657.5	9.565796	-84.60586
1657.8125	9.581906	-84.52163
1658.125	9.597253	-84.64931
1658.4375	9.616526	-84.11897
1658.75	9.617764	-84.72873
1659.0625	9.638937	-84.6491
1659.375	9.667876	-84.59389
1659.6875	9.706627	-84.77381
1660	9.711825	-84.70133
1660.3125	9.729188	-84.6872
1660.625	9.744653	-85.24264
1660.9375	9.759597	-84.59165
1661.25	9.799487	-84.82024
1661.5625	9.810398	-84.91037
1661.875	9.827294	-85.02761
1662.1875	9.845542	-84.95798
1662.5	9.865568	-85.41951
1662.8125	9.870317	-85.15597
1663.125	9.916249	-85.0682
1663.4375	9.933512	-85.12915
1663.75	9.944684	-85.32588
1664.0625	9.968184	-84.91433
1664.375	9.993205	-85.37708
1664.6875	10.02236	-85.45042
1665	10.02636	-85.43672
1665.3125	10.05848	-85.26068
1665.625	10.0772	-85.45777
1665.9375	10.09419	-85.56329
1666.25	10.11064	-86.04085
1666.5625	10.14248	-85.92317
1666.875	10.15849	-85.67185
1667.1875	10.19119	-85.77646
1667.5	10.1976	-85.80445
1667.8125	10.21981	-86.04857
1668.125	10.2347	-85.95686
1668.4375	10.25841	-86.53761
1668.75	10.27614	-86.0615
1669.0625	10.29477	-86.42171
1669.375	10.32146	-86.6758
1669.6875	10.35212	-86.63419
1670	10.35713	-86.91017
1670.3125	10.37171	-86.73256
1670.625	10.39437	-86.85907
1670.9375	10.40461	-86.76769
1671.25	10.41805	-87.17101
1671.5625	10.43812	-87.18137
1671.875	10.45624	-87.40648
1672.1875	10.46721	-87.50993
1672.5	10.50433	-87.45295
1672.8125	10.50337	-87.79019
1673.125	10.51538	-88.34887
1673.4375	10.53089	-88.23427
1673.75	10.53099	-88.1623
1674.0625	10.55853	-88.24465
1674.375	10.56193	-88.35888
1674.6875	10.57919	-88.75221
1675	10.58037	-88.70761
1675.3125	10.587	-88.78458
1675.625	10.59595	-89.17365
1675.9375	10.60702	-89.09194
1676.25	10.60546	-89.22826
1676.5625	10.62292	-89.29574
1676.875	10.61367	-89.73634
1677.1875	10.60991	-89.85046
1677.5	10.63066	-89.72583
1677.8125	10.63734	-89.85027
1678.125	10.65083	-89.82933
1678.4375	10.64711	-89.94063
1678.75	10.631	-90.17003
1679.0625	10.64058	-90.19543
1679.375	10.64005	-90.56512
1679.6875	10.64136	-90.17165
1680	10.65899	-90.87625
1680.3125	10.64018	-90.31385
1680.625	10.65058	-90.6645
1680.9375	10.64041	-90.97722
1681.25	10.62954	-90.90738
1681.5625	10.62585	-90.77044
1681.875	10.62817	-90.9764
1682.1875	10.64594	-91.47845
1682.5	10.63442	-91.3258
1682.8125	10.6411	-91.14138
1683.125	10.62272	-91.14156
1683.4375	10.64444	-91.1516
1683.75	10.63446	-91.19565
1684.0625	10.62705	-91.23439
1684.375	10.63632	-91.47382
1684.6875	10.64088	-91.34779
1685	10.63932	-91.50154
1685.3125	10.62819	-91.91021
1685.625	10.62455	-91.8314
1685.9375	10.62571	-91.45538
1686.25	10.64075	-91.30048
1686.5625	10.63874	-91.32358
1686.875	10.64452	-91.42155
1687.1875	10.62624	-91.39363
1687.5	10.63916	-91.78384
1687.8125	10.64835	-91.28798
1688.125	10.65885	-91.3473
1688.4375	10.66022	-91.65836
1688.75	10.65315	-91.40413
1689.0625	10.66429	-91.42059
1689.375	10.66726	-91.35625
1689.6875	10.67742	-91.54037
1690	10.6789	-91.81046
1690.3125	10.68293	-91.61692
1690.625	10.68723	-91.34365
1690.9375	10.68482	-91.57536
1691.25	10.69542	-91.55363
1691.5625	10.71036	-91.54111
1691.875	10.7078	-91.45669
1692.1875	10.72503	-91.68314
1692.5	10.7302	-91.55862
1692.8125	10.74019	-91.46952
1693.125	10.73349	-91.39652
1693.4375	10.75765	-92.01513
1693.75	10.76612	-91.5702
1694.0625	10.76943	-91.46887
1694.375	10.77788	-91.63126
1694.6875	10.78271	-91.72558
1695	10.79086	-91.34622
1695.3125	10.80777	-92.2299
1695.625	10.82132	-91.43191
1695.9375	10.83429	-91.64384
1696.25	10.82859	-91.3934
1696.5625	10.8305	-91.49318
1696.875	10.83714	-91.39754
1697.1875	10.84488	-91.5552
1697.5	10.85036	-91.85847
1697.8125	10.86637	-91.63575
1698.125	10.87617	-91.85506
1698.4375	10.89151	-91.75718
1698.75	10.89678	-91.5042
1699.0625	10.89537	-91.61128
1699.375	10.90651	-91.66893
1699.6875	10.90943	-91.7408
1700	10.93451	-91.86963
1700.3125	10.95542	-91.47971
1700.625	10.94869	-91.58917
1700.9375	10.95613	-91.22342
1701.25	10.9825	-91.43342
1701.5625	10.97844	-91.30453
1701.875	10.99465	-91.90974
1702.1875	11.00211	-91.49514
1702.5	11.00777	-91.69028
1702.8125	11.0141	-91.49188
1703.125	11.01402	-91.70608
1703.4375	11.03732	-91.71897
1703.75	11.04741	-91.38702
1704.0625	11.06218	-91.4523
1704.375	11.06132	-91.73416
1704.6875	11.0887	-91.60677
1705	11.09341	-91.69817
1705.3125	11.106	-91.64822
1705.625	11.10188	-91.51324
1705.9375	11.12245	-91.68058
1706.25	11.13163	-91.89754
1706.5625	11.12805	-91.35566
1706.875	11.1354	-91.59646
1707.1875	11.15545	-91.64101
1707.5	11.15334	-91.52185
1707.8125	11.17384	-91.92722
1708.125	11.18386	-91.7586
1708.4375	11.19895	-92.09022
1708.75	11.19834	-91.50379
1709.0625	11.21402	-91.50951
1709.375	11.20687	-91.58505
1709.6875	11.21649	-91.88548
1710	11.23853	-91.93457
1710.3125	11.25032	-91.40687
1710.625	11.2585	-91.69051
1710.9375	11.27139	-91.60037
1711.25	11.27811	-91.71022
1711.5625	11.29339	-91.47645
1711.875	11.29792	-92.01511
1712.1875	11.28639	-91.78356
1712.5	11.30189	-91.70837
1712.8125	11.32512	-91.44068
1713.125	11.33748	-91.72454
1713.4375	11.33263	-91.63767
1713.75	11.3462	-91.58816
1714.0625	11.36462	-91.56789
1714.375	11.36435	-91.7042
1714.6875	11.35996	-91.59928
1715	11.37937	-91.47505
1715.3125	11.38845	-91.34089
1715.625	11.39498	-91.43392
1715.9375	11.40874	-91.29614
1716.25	11.4079	-91.12331
1716.5625	11.4248	-91.32973
1716.875	11.42459	-91.50951
1717.1875	11.43385	-91.27937
1717.5	11.44228	-91.0891
1717.8125	11.45391	-91.08353
1718.125	11.47188	-90.82128
1718.4375	11.47009	-91.13627
1718.75	11.47846	-90.89027
1719.0625	11.48453	-90.54359
1719.375	11.5074	-90.88955
1719.6875	11.51822	-90.16032
1720	11.54159	-90.67321
1720.3125	11.54642	-90.77246
1720.625	11.55896	-90.62527
1720.9375	11.56735	-90.53477
1721.25	11.58771	-90.19273
1721.5625	11.60882	-89.88802
1721.875	11.61238	-90.05235
1722.1875	11.63196	-90.05104
1722.5	11.65971	-89.93407
1722.8125	11.67671	-89.74469
1723.125	11.67924	-89.58366
1723.4375	11.71123	-90.02044
1723.75	11.7428	-89.52501
1724.0625	11.76488	-89.83292
1724.375	11.77821	-89.50787
1724.6875	11.79644	-89.353
1725	11.81709	-89.45766
1725.3125	11.85072	-89.54463
1725.625	11.86937	-89.08706
1725.9375	11.89236	-89.16512
1726.25	11.91644	-88.99773
1726.5625	11.94676	-89.20161
1726.875	11.97322	-89.09873
1727.1875	11.99721	-88.95412
1727.5	12.02097	-89.26541
1727.8125	12.05602	-88.94064
1728.125	12.0908	-89.01443
1728.4375	12.1015	-88.94941
1728.75	12.13321	-88.53443
1729.0625	12.1602	-89.07356
1729.375	12.18402	-88.62576
1729.6875	12.20679	-88.5192
1730	12.24074	-88.32221
1730.3125	12.27194	-88.86378
1730.625	12.29001	-88.69569
1730.9375	12.32427	-88.31199
1731.25	12.35564	-88.48923
1731.5625	12.37533	-88.3302
1731.875	12.4066	-88.91043
1732.1875	12.4329	-88.42961
1732.5	12.46038	-88.40481
1732.8125	12.48711	-87.94258
1733.125	12.51782	-88.27213
1733.4375	12.54422	-88.21968
1733.75	12.57649	-88.58984
1734.0625	12.59669	-88.39577
1734.375	12.61923	-88.38887
1734.6875	12.6599	-88.56657
1735	12.6869	-88.40473
1735.3125	12.70594	-88.42796
1735.625	12.73776	-88.52455
1735.9375	12.77043	-88.491
1736.25	12.80802	-88.2955
1736.5625	12.82957	-88.29465
1736.875	12.86324	-88.28656
1737.1875	12.89198	-88.69669
1737.5	12.92813	-88.29996
1737.8125	12.94783	-88.21686
1738.125	12.98838	-88.47364
1738.4375	13.01714	-88.21617
1738.75	13.04906	-88.19376
1739.0625	13.08036	-88.02916
1739.375	13.10893	-87.93959
1739.6875	13.15397	-88.03337
1740	13.19219	-88.07069
1740.3125	13.21125	-88.4011
1740.625	13.25167	-88.45726
1740.9375	13.2858	-88.63853
1741.25	13.32105	-88.59014
1741.5625	13.35305	-88.64359
1741.875	13.3863	-88.66395
1742.1875	13.41281	-88.40604
1742.5	13.44937	-88.62789
1742.8125	13.48812	-88.72835
1743.125	13.52345	-88.64863
1743.4375	13.54772	-88.63511
1743.75	13.58413	-89.14221
1744.0625	13.61483	-89.13821
1744.375	13.65019	-88.918
1744.6875	13.69218	-89.11803
1745	13.70837	-89.30302
1745.3125	13.74926	-89.05238
1745.625	13.78054	-89.61832
1745.9375	13.81555	-89.35535
1746.25	13.8362	-89.58517
1746.5625	13.86634	-89.20836
1746.875	13.89192	-89.60958
1747.1875	13.92561	-89.88783
1747.5	13.95039	-90.10242
1747.8125	13.98187	-90.39341
1748.125	14.01074	-90.18073
1748.4375	14.03674	-89.96909
1748.75	14.05298	-90.11777
1749.0625	14.08401	-90.3122
1749.375	14.10945	-90.41553
1749.6875	14.13054	-90.30998
1750	14.15312	-90.47854
1750.3125	14.17511	-90.864
1750.625	14.20503	-90.66346
1750.9375	14.22619	-90.46955
1751.25	14.25881	-90.83107
1751.5625	14.27081	-90.66121
1751.875	14.28662	-90.90617
1752.1875	14.31042	-91.24428
1752.5	14.33442	-91.17664
1752.8125	14.36058	-91.05545
1753.125	14.38274	-90.84068
1753.4375	14.40592	-91.40084
1753.75	14.41978	-91.31357
1754.0625	14.44723	-91.41299
1754.375	14.46341	-91.21819
1754.6875	14.48619	-91.29021
1755	14.51327	-91.53991
1755.3125	14.53209	-91.80863
1755.625	14.56275	-91.54762
1755.9375	14.58175	-91.56525
1756.25	14.6112	-91.89903
1756.5625	14.62632	-91.50325
1756.875	14.65235	-91.30816
1757.1875	14.68447	-91.61489
1757.5	14.71328	-91.51555
1757.8125	14.74085	-91.61285
1758.125	14.77052	-91.59949
1758.4375	14.79669	-92.04699
1758.75	14.82346	-91.95705
1759.0625	14.84381	-92.07175
1759.375	14.8832	-91.73698
1759.6875	14.9138	-92.216
1760	14.94401	-92.16367
1760.3125	14.97115	-92.30161
1760.625	15.00157	-92.21258
1760.9375	15.03136	-91.99355
1761.25	15.06204	-91.81395
1761.5625	15.0927	-92.47232
1761.875	15.12129	-92.41507
1762.1875	15.15798	-92.39645
1762.5	15.17493	-92.13684
1762.8125	15.20359	-92.82232
1763.125	15.24883	-92.69584
1763.4375	15.27552	-92.4247
1763.75	15.30163	-92.7231
1764.0625	15.33104	-93.04327
1764.375	15.36177	-92.82406
1764.6875	15.38515	-92.78049
1765	15.41423	-92.84773
1765.3125	15.451	-93.00733
1765.625	15.47911	-93.0027
1765.9375	15.50581	-93.11275
1766.25	15.53245	-93.55514
1766.5625	15.56297	-93.36031
1766.875	15.60034	-93.50741
1767.1875	15.63488	-93.7311
1767.5	15.65358	-93.13845
1767.8125	15.68826	-93.60645
1768.125	15.71036	-93.6096
1768.4375	15.73904	-93.79249
1768.75	15.76496	-94.47301
1769.0625	15.79324	-94.18458
1769.375	15.81981	-94.31914
1769.6875	15.84359	-94.38963
1770	15.8728	-94.34772
1770.3125	15.8959	-94.38306
1770.625	15.91924	-94.72748
1770.9375	15.94889	-94.75284
1771.25	15.9651	-94.92223
1771.5625	15.98456	-95.04573
1771.875	16.01228	-95.1403
1772.1875	16.03662	-95.23451
1772.5	16.04861	-95.54527
1772.8125	16.07368	-95.47526
1773.125	16.0888	-95.14187
1773.4375	16.10678	-95.79428
1773.75	16.12399	-95.3503
1774.0625	16.13923	-95.58783
1774.375	16.15765	-95.50446
1774.6875	16.17329	-95.72928
1775	16.18914	-95.74902
1775.3125	16.21118	-95.90921
1775.625	16.23268	-95.99052
1775.9375	16.24679	-95.37661
1776.25	16.26131	-95.76707
1776.5625	16.28035	-95.91447
1776.875	16.30467	-95.93249
1777.1875	16.32238	-95.68307
1777.5	16.33997	-95.71054
1777.8125	16.36436	-95.58795
1778.125	16.38995	-95.52548
1778.4375	16.42224	-95.79984
1778.75	16.44943	-95.21841
1779.0625	16.46886	-95.25104
1779.375	16.51193	-95.07315
1779.6875	16.54431	-95.30609
1780	16.57768	-95.20506
1780.3125	16.61667	-94.92923
1780.625	16.65101	-94.7187
1780.9375	16.70376	-94.85623
1781.25	16.7455	-94.70294
1781.5625	16.79221	-94.45612
1781.875	16.83453	-94.67776
1782.1875	16.88753	-94.63414
1782.5	16.93792	-94.63737
1782.8125	16.98878	-94.74389
1783.125	17.03646	-94.87581
1783.4375	17.08456	-94.37892
1783.75	17.1349	-94.61066
1784.0625	17.17848	-94.77821
1784.375	17.22828	-94.74696
1784.6875	17.27373	-94.19862
1785	17.33015	-94.73714
1785.3125	17.37772	-94.68835
1785.625	17.41982	-95.36568
1785.9375	17.47259	-95.14905
1786.25	17.5149	-95.05466
1786.5625	17.56587	-95.05569
1786.875	17.60764	-95.2469
1787.1875	17.65387	-95.53216
1787.5	17.70677	-95.2245
1787.8125	17.7496	-95.53004
1788.125	17.79793	-95.27666
1788.4375	17.84783	-95.27524
1788.75	17.88375	-95.49306
1789.0625	17.93894	-95.52099
1789.375	17.98342	-95.36886
1789.6875	18.03605	-95.66741
1790	18.08074	-96.0461
1790.3125	18.12957	-96.12583
1790.625	18.17151	-96.28925
1790.9375	18.21936	-96.4644
1791.25	18.27197	-95.93501
1791.5625	18.31606	-96.52839
1791.875	18.36826	-96.32407
1792.1875	18.42097	-96.8299
1792.5	18.45925	-97.09357
1792.8125	18.50957	-96.72065
1793.125	18.56207	-96.8903
1793.4375	18.61108	-96.67882
1793.75	18.66238	-96.51352
1794.0625	18.71354	-96.86368
1794.375	18.75863	-97.13123
1794.6875	18.80653	-97.32723
1795	18.85645	-97.44633
1795.3125	18.9152	-97.49002
1795.625	18.95421	-97.72277
1795.9375	19.01164	-97.18214
1796.25	19.05804	-97.83301
1796.5625	19.10649	-98.05286
1796.875	19.15813	-98.11864
1797.1875	19.20302	-98.2856
1797.5	19.25487	-98.37898
1797.8125	19.30305	-98.34285
1798.125	19.35904	-98.37401
1798.4375	19.40591	-98.93225
1798.75	19.4553	-98.67786
1799.0625	19.50722	-98.87087
1799.375	19.55565	-99.21539
1799.6875	19.60546	-99.45132
1800	19.65527	-99.53178
1800.3125	19.70707	-99.56264
1800.625	19.75473	-99.58131
1800.9375	19.80403	-99.8336
1801.25	19.85556	-99.8548
1801.5625	19.90715	-100.0721
1801.875	19.95951	-100.2981
1802.1875	20.005	-100.5957
1802.5	20.05933	-100.6386
1802.8125	20.11027	-100.5108
1803.125	20.16189	-100.7678
1803.4375	20.21522	-101.0592
1803.75	20.26649	-101.0469
1804.0625	20.31561	-101.4081
1804.375	20.36704	-101.7987
1804.6875	20.4245	-101.7971
1805	20.47408	-101.6645
1805.3125	20.52432	-102.0383
1805.625	20.57772	-102.3266
1805.9375	20.6315	-101.8511
1806.25	20.68439	-102.6638
1806.5625	20.73732	-102.8204
1806.875	20.78951	-102.972
1807.1875	20.84324	-102.9179
1807.5	20.8966	-103.2771
1807.8125	20.95245	-103.3544
1808.125	21.0031	-103.4871
1808.4375	21.05323	-104.0703
1808.75	21.11044	-104.2115
1809.0625	21.16064	-103.8103
1809.375	21.21371	-103.8967
1809.6875	21.26816	-104.6914
1810	21.32642	-104.6019
1810.3125	21.37474	-104.4986
1810.625	21.42881	-105.0737
1810.9375	21.48629	-105.7135
1811.25	21.53765	-105.4161
1811.5625	21.58739	-105.7708
1811.875	21.64699	-105.5017
1812.1875	21.69872	-106.1649
1812.5	21.75613	-106.125
1812.8125	21.81055	-106.2815
1813.125	21.86225	-106.6899
1813.4375	21.91834	-106.6496
1813.75	21.97283	-107.0985
1814.0625	22.02608	-107.4389
1814.375	22.08052	-107.6634
1814.6875	22.13328	-107.7157
1815	22.18789	-107.6597
1815.3125	22.24382	-108.5234
1815.625	22.3012	-108.4523
1815.9375	22.35501	-108.516
1816.25	22.41103	-108.9988
1816.5625	22.46225	-109.3084
1816.875	22.51982	-109.0843
1817.1875	22.57465	-109.6679
1817.5	22.63033	-109.9455
1817.8125	22.68773	-109.8812
1818.125	22.74422	-110.3427
1818.4375	22.79823	-110.5409
1818.75	22.85174	-110.8449
1819.0625	22.9094	-110.813
1819.375	22.96624	-111.0667
1819.6875	23.02319	-111.3824
1820	23.0801	-111.4431
1820.3125	23.13929	-112.1525
1820.625	23.19331	-111.967
1820.9375	23.25123	-112.3855
1821.25	23.30775	-113.1138
1821.5625	23.36535	-112.7074
1821.875	23.42035	-113.3311
1822.1875	23.4799	-113.6399
1822.5	23.53969	-114.0815
1822.8125	23.59874	-114.0945
1823.125	23.65238	-114.1891
1823.4375	23.7103	-114.9528
1823.75	23.7698	-114.7446
1824.0625	23.83109	-114.9809
1824.375	23.88954	-115.4337
1824.6875	23.94829	-116.1095
1825	24.00459	-116.4963
1825.3125	24.06523	-116.1603
1825.625	24.12527	-116.7631
1825.9375	24.18227	-117.2141
1826.25	24.24557	-117.1443
1826.5625	24.30338	-117.5063
1826.875	24.36229	-117.7478
1827.1875	24.42424	-118.2147
1827.5	24.48509	-118.31
1827.8125	24.546	-119.0306
1828.125	24.60557	-119.5848
1828.4375	24.66958	-119.639
1828.75	24.7261	-119.9758
1829.0625	24.79317	-120.1919
1829.375	24.85559	-120.526
1829.6875	24.91592	-121.2131
1830	24.97869	-121.149
1830.3125	25.04076	-121.5202
1830.625	25.10316	-122.1221
1830.9375	25.168	-122.4693
1831.25	25.22969	-122.5655
1831.5625	25.2963	-123.1624
1831.875	25.36217	-123.3715
1832.1875	25.42392	-123.8862
1832.5	25.48911	-124.0032
1832.8125	25.55603	-124.6153
1833.125	25.62211	-125.0067
1833.4375	25.6874	-125.1575
1833.75	25.75486	-125.6137
1834.0625	25.82164	-126.0155
1834.375	25.88827	-126.1713
1834.6875	25.95607	-127.1297
1835	26.02629	-127.4465
1835.3125	26.09088	-127.6286
1835.625	26.16174	-128.3363
1835.9375	26.23174	-128.6009
1836.25	26.29758	-129.2325
1836.5625	26.37009	-129.1684
1836.875	26.44014	-129.7417
1837.1875	26.51104	-130.4941
1837.5	26.57902	-131.0105
1837.8125	26.64756	-131.422
1838.125	26.71685	-132.2983
1838.4375	26.78693	-132.7078
1838.75	26.85781	-132.9397
1839.0625	26.92652	-133.3449
1839.375	26.99847	-134.3627
1839.6875	27.06747	-134.7677
1840	27.13503	-134.9508
1840.3125	27.2017	-135.7411
1840.625	27.27432	-136.5404
1840.9375	27.34274	-137.0854
1841.25	27.41166	-137.1941
1841.5625	27.47795	-137.8174
1841.875	27.54515	-139.1563
1842.1875	27.61093	-139.193
1842.5	27.67776	-139.6457
1842.8125	27.74329	-141.0428
1843.125	27.80907	-141.399
1843.4375	27.87297	-141.7985
1843.75	27.93623	-142.6715
1844.0625	28.0015	-143.2954
1844.375	28.06246	-144.3098
1844.6875	28.12335	-144.9731
1845	28.18266	-145.646
1845.3125	28.24409	-146.1618
1845.625	28.30235	-147.1472
1845.9375	28.35877	-147.998
1846.25	28.41444	-148.4804
1846.5625	28.4697	-149.3059
1846.875	28.52414	-150.186
1847.1875	28.57624	-150.7817
1847.5	28.62565	-151.6479
1847.8125	28.67456	-152.3256
1848.125	28.72211	-153.6779
1848.4375	28.7695	-153.9462
1848.75	28.81346	-155.09
1849.0625	28.85425	-155.6811
1849.375	28.89462	-156.5667
1849.6875	28.93261	-158.0353
1850	28.96968	-158.4362
1850.3125	29.00234	-159.2268
1850.625	29.03515	-160.0358
1850.9375	29.06535	-160.7957
1851.25	29.09399	-161.8257
1851.5625	29.12106	-162.9113
1851.875	29.14234	-163.6674
1852.1875	29.16414	-164.6063
1852.5	29.18509	-165.3733
1852.8125	29.20004	-166.7894
1853.125	29.21318	-167.4313
1853.4375	29.22885	-168.1694
1853.75	29.24069	-168.7639
1854.0625	29.24699	-170.1389
1854.375	29.24939	-170.9174
1854.6875	29.2548	-171.9403
1855	29.25737	-172.87
1855.3125	29.25628	-173.3222
1855.625	29.25206	-174.4463
1855.9375	29.2463	-175.5904
1856.25	29.23978	-176.1895
1856.5625	29.22894	-176.8461
1856.875	29.21726	-178.0858
1857.1875	29.20387	-178.7531
1857.5	29.1883	179.848
1857.8125	29.17099	179.6341
1858.125	29.15243	178.5688
1858.4375	29.13023	177.9287
1858.75	29.10876	176.5538
1859.0625	29.08727	175.7526
1859.375	29.0587	174.5527
1859.6875	29.0345	173.7845
1860	29.00636	173.708
1860.3125	28.97559	172.692
1860.625	28.94657	171.8594
1860.9375	28.91552	170.9923
1861.25	28.88361	170.1242
1861.5625	28.85063	169.5244
1861.875	28.81618	168.4121
1862.1875	28.78168	167.9987
1862.5	28.74615	167.1962
1862.8125	28.71231	166.2739
1863.125	28.67547	165.4985
1863.4375	28.63681	164.9344
1863.75	28.59893	164.1127
1864.0625	28.55851	163.2486
1864.375	28.51952	162.2017
1864.6875	28.47722	161.8408
1865	28.43799	161.2932
1865.3125	28.39485	160.0614
1865.625	28.35392	159.9658
1865.9375	28.30791	158.8148
1866.25	28.26218	158.0154
1866.5625	28.21818	157.5959
1866.875	28.17251	156.5661
1867.1875	28.12621	155.5961
1867.5	28.0781	155.2945
1867.8125	28.03004	154.8248
1868.125	27.98006	153.8275
1868.4375	27.93055	152.9875
1868.75	27.87748	152.4102
1869.0625	27.82386	151.7856
1869.375	27.76868	151.1824
1869.6875	27.71305	150.6559
1870	27.654	150.1251
1870.3125	27.59505	149.3549
1870.625	27.53698	148.8205
1870.9375	27.47509	148.0481
1871.25	27.41343	147.5865
1871.5625	27.34872	146.4113
1871.875	27.28307	145.7775
1872.1875	27.21695	145.8094
1872.5	27.14735	144.7446
1872.8125	27.08175	144.4647
1873.125	27.01245	143.9267
1873.4375	26.9441	143.2935
1873.75	26.86819	142.3888
1874.0625	26.80015	142.1837
1874.375	26.728	141.7165
1874.6875	26.65487	141.4453
1875	26.5851	140.5744
1875.3125	26.51598	140.1726
1875.625	26.44396	139.9837
1875.9375	26.37264	139.5936
1876.25	26.30329	139.1544
1876.5625	26.23292	138.5682
1876.875	26.16435	138.3145
1877.1875	26.09779	137.8037
1877.5	26.03077	137.8334
1877.8125	25.96758	137.7038
1878.125	25.90133	137.3754
1878.4375	25.84177	136.5889
1878.75	25.77807	135.9898
1879.0625	25.72015	135.9723
1879.375	25.66447	135.9074
1879.6875	25.60795	135.1331
1880	25.55464	135.3675
1880.3125	25.50105	135.0077
1880.625	25.45327	134.6949
1880.9375	25.40149	134.435
1881.25	25.3543	133.857
1881.5625	25.31039	133.764
1881.875	25.26923	133.7024
1882.1875	25.2307	133.6197
1882.5	25.19313	133.1532
1882.8125	25.15608	132.914
1883.125	25.12356	132.4243
1883.4375	25.08978	131.9973
1883.75	25.0621	132.3552
1884.0625	25.03279	131.6619
1884.375	25.00515	131.3615
1884.6875	24.98203	131.1991
1885	24.95709	130.7347
1885.3125	24.93735	130.2313
1885.625	24.91666	130.0156
1885.9375	24.89612	129.7043
1886.25	24.87791	129.3511
1886.5625	24.86325	129.0247
1886.875	24.84486	128.6405
1887.1875	24.82757	128.129
1887.5	24.8116	127.7665
1887.8125	24.79388	127.6833
1888.125	24.77493	126.7768
1888.4375	24.76175	126.3361
1888.75	24.74273	126.0067
1889.0625	24.72772	125.5445
1889.375	24.7062	124.8638
1889.6875	24.68502	124.3855
1890	24.66317	123.9057
1890.3125	24.64064	123.367
1890.625	24.61661	122.6738
1890.9375	24.59252	122.3513
1891.25	24.56614	121.6271
1891.5625	24.53917	121.215
1891.875	24.50538	120.2711
1892.1875	24.47204	119.2389
1892.5	24.43674	118.9922
1892.8125	24.39966	118.3674
1893.125	24.35985	117.796
1893.4375	24.31815	117.1527
1893.75	24.27009	116.4887
1894.0625	24.22575	116.053
1894.375	24.175	115.1297
1894.6875	24.12088	114.8125
1895	24.0621	113.8218
1895.3125	24.01025	113.2408
1895.625	23.94848	112.2835
1895.9375	23.88387	111.9371
1896.25	23.81809	110.9997
1896.5625	23.74882	110.5034
1896.875	23.67488	109.5447
1897.1875	23.59973	109.1847
1897.5	23.52086	108.4445
1897.8125	23.43949	108.0459
1898.125	23.35599	106.8442
1898.4375	23.27017	106.3656
1898.75	23.18102	105.9362
1899.0625	23.08576	105.4352
1899.375	22.98755	104.8144
1899.6875	22.89408	103.9821
1900	22.79252	103.1598
1900.3125	22.68938	102.6683
1900.625	22.58519	102.1386
1900.9375	22.47309	101.871
1901.25	22.36441	101.2116
1901.5625	22.24998	100.8322
1901.875	22.13155	100.0653
1902.1875	22.01546	99.3989
1902.5	21.89429	99.47704
1902.8125	21.76954	98.74322
1903.125	21.64552	98.41959
1903.4375	21.51686	98.08592
1903.75	21.38791	97.84542
1904.0625	21.26668	97.94092
1904.375	21.13265	97.4599
1904.6875	21.0023	96.63023
1905	20.86999	96.72076
1905.3125	20.73995	96.23234
1905.625	20.60898	96.13985
1905.9375	20.48515	96.07476
1906.25	20.345	95.74848
1906.5625	20.21608	95.06942
1906.875	20.08273	95.69625
1907.1875	19.95488	95.47635
1907.5	19.82155	95.63623
1907.8125	19.69593	95.15828
1908.125	19.56693	95.34728
1908.4375	19.43952	95.09755
1908.75	19.30825	95.72396
1909.0625	19.18659	95.34806
1909.375	19.05877	95.60651
1909.6875	18.93808	95.44839
1910	18.81557	95.85745
1910.3125	18.69706	95.78555
1910.625	18.58998	96.29007
1910.9375	18.47338	96.16947
1911.25	18.36479	96.49751
1911.5625	18.2538	96.77246
1911.875	18.15478	96.59953
1912.1875	18.05098	97.01109
1912.5	17.96206	97.16982
1912.8125	17.85932	97.58988
1913.125	17.7681	97.78742
1913.4375	17.67784	98.10281
1913.75	17.59402	98.24841
1914.0625	17.50799	98.59412
1914.375	17.43671	99.09512
1914.6875	17.35884	99.4368
1915	17.27694	99.60036
1915.3125	17.20945	100.6556
1915.625	17.15046	99.97939
1915.9375	17.08564	100.5226
1916.25	17.02892	100.7587
1916.5625	16.96515	101.0446
1916.875	16.91546	101.5623
1917.1875	16.86964	101.8498
1917.5	16.80964	101.8606
1917.8125	16.76797	102.0279
1918.125	16.71804	102.4969
1918.4375	16.66866	103.0019
1918.75	16.63009	102.9523
1919.0625	16.59006	103.4821
1919.375	16.54387	102.9853
1919.6875	16.50684	103.6132
1920	16.47579	103.2986
1920.3125	16.43848	104.1035
1920.625	16.40276	104.1682
1920.9375	16.35962	104.3258
1921.25	16.33249	105.0775
1921.5625	16.29857	104.277
1921.875	16.26541	104.8353
1922.1875	16.23536	105.0325
1922.5	16.20387	105.5149
1922.8125	16.17791	105.3966
1923.125	16.15195	105.6539
1923.4375	16.12756	106.2117
1923.75	16.10189	105.9755
1924.0625	16.07402	106.2872
1924.375	16.05356	106.3074
1924.6875	16.02863	106.4062
1925	16.00988	106.2809
1925.3125	15.98207	106.3469
1925.625	15.94903	107.0499
1925.9375	15.92822	106.8274
1926.25	15.90685	106.7064
1926.5625	15.89157	106.7313
1926.875	15.8589	107.0186
1927.1875	15.84151	107.0076
1927.5	15.81745	107.0152
1927.8125	15.79952	107.4761
1928.125	15.77586	107.6657
1928.4375	15.76265	107.8877
1928.75	15.72633	108.1021
1929.0625	15.70919	107.8478
1929.375	15.69662	107.8481
1929.6875	15.66649	108.4233
1930	15.66283	108.1017
1930.3125	15.63371	108.5306
1930.625	15.61641	108.3279
1930.9375	15.61309	108.6681
1931.25	15.58466	108.6949
1931.5625	15.57478	108.6654
1931.875	15.56448	108.8231
1932.1875	15.5428	108.6001
1932.5	15.52766	108.7818
1932.8125	15.51615	108.7209
1933.125	15.50686	109.2858
1933.4375	15.48865	109.3438
1933.75	15.47676	109.4804
1934.0625	15.46149	109.5303
1934.375	15.44472	109.1253
1934.6875	15.44104	109.2089
1935	15.42728	109.8402
1935.3125	15.4187	109.7555
1935.625	15.39908	109.3266
1935.9375	15.39865	109.7943
1936.25	15.3796	109.5536
1936.5625	15.36704	109.556
1936.875	15.36144	109.7333
1937.1875	15.35587	109.7177
1937.5	15.35166	109.8795
1937.8125	15.33115	110.0155
1938.125	15.32119	110.0775
1938.4375	15.32477	110.358
1938.75	15.32189	109.8944
1939.0625	15.31844	109.8786
1939.375	15.30663	110.5268
1939.6875	15.30871	109.9198
1940	15.30162	110.1613
1940.3125	15.29559	110.1657
1940.625	15.28116	110.1935
1940.9375	15.28024	110.4777
1941.25	15.28994	110.5564
1941.5625	15.27547	110.1199
1941.875	15.26434	109.8095
1942.1875	15.24992	110.208
1942.5	15.25989	110.1249
1942.8125	15.25161	110.2971
1943.125	15.24497	110.0667
1943.4375	15.23948	110.6161
1943.75	15.24563	110.6017
1944.0625	15.23129	109.8066
1944.375	15.23301	110.1154
1944.6875	15.2346	110.3083
1945	15.2309	110.0062
1945.3125	15.2262	110.3456
1945.625	15.21966	110.0535
1945.9375	15.22762	110.1605
1946.25	15.22711	109.9734
1946.5625	15.21682	110.0712
1946.875	15.21234	110.0386
1947.1875	15.20153	110.0737
1947.5	15.20881	109.6256
1947.8125	15.21827	110.0373
1948.125	15.21201	109.7631
1948.4375	15.20299	109.5625
1948.75	15.19143	108.7793
1949.0625	15.19093	109.3384
1949.375	15.18219	109.0474
1949.6875	15.17878	108.9585
1950	15.16753	108.7021
1950.3125	15.16174	108.8842
1950.625	15.15894	108.6585
1950.9375	15.14593	108.9102
1951.25	15.14683	108.2387
1951.5625	15.13292	108.7319
1951.875	15.12367	109.1352
1952.1875	15.10832	107.9734
1952.5	15.0963	108.2572
1952.8125	15.08279	108.1605
1953.125	15.08063	108.6594
1953.4375	15.06869	107.8989
1953.75	15.0499	108.0399
1954.0625	15.03459	107.5766
1954.375	15.02869	107.7495
1954.6875	15.01908	107.275
1955	15.00673	107.5912
1955.3125	14.99639	107.4809
1955.625	14.98134	107.3395
1955.9375	14.96486	106.6647
1956.25	14.96151	106.9008
1956.5625	14.94944	106.8579
1956.875	14.92812	106.3324
1957.1875	14.92476	106.8502
1957.5	14.91317	106.8297
1957.8125	14.8996	106.7655
1958.125	14.89174	106.3389
1958.4375	14.87545	106.2757
1958.75	14.86344	105.8905
1959.0625	14.85344	105.7214
1959.375	14.84014	106.2136
1959.6875	14.82671	105.7092
1960	14.82199	105.8573
1960.3125	14.80113	106.2108
1960.625	14.78665	105.7304
1960.9375	14.76968	105.2532
1961.25	14.76317	105.0069
1961.5625	14.74739	105.2032
1961.875	14.73224	104.804
1962.1875	14.71758	104.6025
1962.5	14.69834	104.6417
1962.8125	14.68977	104.9458
1963.125	14.68211	104.6305
1963.4375	14.66655	104.387
1963.75	14.64598	103.655
1964.0625	14.62574	104.0266
1964.375	14.60345	103.8233
1964.6875	14.59223	103.9138
1965	14.57445	103.2811
1965.3125	14.55137	103.273
1965.625	14.53592	103.3157
1965.9375	14.51888	103.0244
1966.25	14.48875	103.4141
1966.5625	14.47848	102.8239
1966.875	14.46264	103.028
1967.1875	14.44109	102.7377
1967.5	14.41394	102.3667
1967.8125	14.38467	102.3632
1968.125	14.3733	102.1966
1968.4375	14.35419	102.1191
1968.75	14.32889	102.327
1969.0625	14.30039	101.9962
1969.375	14.28071	101.8782
1969.6875	14.26725	101.5471
1970	14.24554	101.6621
1970.3125	14.20509	101.7964
1970.625	14.1824	101.416
1970.9375	14.16425	101.2958
1971.25	14.14916	100.7296
1971.5625	14.11108	100.2979
1971.875	14.09331	100.838
1972.1875	14.07041	100.7567
1972.5	14.0318	100.0475
1972.8125	14.01997	100.678
1973.125	13.99626	100.7867
1973.4375	13.96206	100.0121
1973.75	13.93258	99.61095
1974.0625	13.90658	100.27
1974.375	13.87549	99.51087
1974.6875	13.86027	99.89938
1975	13.82717	99.40015
1975.3125	13.79902	99.77925
1975.625	13.77283	99.37532
1975.9375	13.74427	98.91557
1976.25	13.71183	98.93108
1976.5625	13.68244	98.58853
1976.875	13.65634	98.86524
1977.1875	13.62543	98.74265
1977.5	13.60135	98.83386
1977.8125	13.56394	98.86398
1978.125	13.54261	98.8606
1978.4375	13.50756	98.63711
1978.75	13.48017	98.92574
1979.0625	13.45758	98.9555
1979.375	13.42827	98.18774
1979.6875	13.41168	98.25896
1980	13.39597	98.42358
1980.3125	13.36549	98.3223
1980.625	13.32418	98.73389
1980.9375	13.3203	97.93046
1981.25	13.28195	97.89758
1981.5625	13.25505	98.33045
1981.875	13.23578	97.88673
1982.1875	13.21845	97.88194
1982.5	13.18418	97.43269
1982.8125	13.16044	98.04872
1983.125	13.13384	97.83747
1983.4375	13.12216	97.78555
1983.75	13.10288	97.32713
1984.0625	13.06576	98.00094
1984.375	13.05562	97.81529
1984.6875	13.03492	97.56915
1985	13.00444	97.40662
1985.3125	12.97691	97.4557
1985.625	12.9615	97.55404
1985.9375	12.94937	97.1626
1986.25	12.92269	96.8893
1986.5625	12.90069	97.84866
1986.875	12.87708	97.16117
1987.1875	12.85859	96.55285
1987.5	12.83362	96.77045
1987.8125	12.82853	96.81373
1988.125	12.80997	96.65392
1988.4375	12.80281	97.07667
1988.75	12.77075	96.50297
1989.0625	12.75853	96.71176
1989.375	12.73705	96.54045
1989.6875	12.72975	96.27789
1990	12.71464	97.02483
1990.3125	12.69175	96.53177
1990.625	12.67771	96.03829
1990.9375	12.65656	96.16272
1991.25	12.6393	95.97809
1991.5625	12.62329	96.21181
1991.875	12.6119	96.06235
1992.1875	12.58899	95.45406
1992.5	12.576	95.64553
1992.8125	12.55566	95.8718
1993.125	12.54395	95.63917
1993.4375	12.51939	95.4864
1993.75	12.50606	95.85797
1994.0625	12.50339	95.10719
1994.375	12.4654	95.22173
1994.6875	12.44086	94.98937
1995	12.4273	94.81587
1995.3125	12.41684	94.94749
1995.625	12.39522	95.14674
1995.9375	12.37384	94.56586
1996.25	12.33851	94.38356
1996.5625	12.33022	93.89456
1996.875	12.3145	94.26884
1997.1875	12.27571	93.95179
1997.5	12.25016	93.64774
1997.8125	12.21731	93.7238
1998.125	12.20237	93.79865
1998.4375	12.16302	93.25104
1998.75	12.14435	93.7501
1999.0625	12.10941	92.76553
1999.375	12.08646	93.78316
1999.6875	12.06066	93.31931
2000	12.0481	94.54737
